"Organism","Element ID","Element Description","Promoter","Transgenesis","Stage","Expression","Tissues","Genome Assembly","Element Coordinates"
"Mouse","mm1.0","reference","Hsp68","random","e11.5","negative","","mm10","chr1:52079537-52080137"
"Mouse","mm10.0","reference","Hsp68","random","e11.5","positive","Heart","mm10","chr4:89426411-89429101"
"Mouse","mm100.0","reference","Hsp68","random","e11.5","positive","Heart","mm10","chr9:67040668-67043521"
"Mouse","mm1000.0","reference","Hsp68","random","e11.5","negative","","mm10","chr1:168416030-168418436"
"Mouse","mm1001.0","reference","Hsp68","random","e11.5","positive","Forebrain, Midbrain","mm10","chr13:97891622-97893963"
"Mouse","mm1002.0","reference","Hsp68","random","e11.5","negative","","mm10","chr12:80735848-80737703"
"Mouse","mm1003.0","reference","Hsp68","random","e11.5","positive","Branchial arch, Hindbrain, Trigeminal V (ganglion, cranial)","mm10","chr10:120646046-120649455"
"Mouse","mm1004.0","reference","Hsp68","random","e11.5","negative","","mm10","chr2:128210736-128212570"
"Mouse","mm1007.0","reference","Hsp68","random","e11.5","negative","","mm10","chr18:83115007-83117713"
"Mouse","mm1009.0","reference","Hsp68","random","e11.5","negative","","mm10","chr16:43546624-43548558"
"Mouse","mm101.0","reference","Hsp68","random","e11.5","positive","Heart, Blood vessels, Liver","mm10","chr11:32245273-32246411"
"Mouse","mm1010.0","reference","Hsp68","random","e11.5","positive","Limb, Neural tube, Dorsal root ganglion","mm10","chr3:51738854-51739856"
"Mouse","mm1015.0","reference","Hsp68","random","e11.5","negative","","mm10","chr5:34326151-34327556"
"Mouse","mm1016.0","reference","Hsp68","random","e11.5","negative","","mm10","chr7:98813655-98816987"
"Mouse","mm1017.0","reference","Hsp68","random","e11.5","positive","Heart","mm10","chr1:74815064-74818307"
"Mouse","mm1018.0","reference","Hsp68","random","e11.5","positive","Heart","mm10","chr3:142427888-142431989"
"Mouse","mm1019.0","reference","Hsp68","random","e11.5","negative","","mm10","chr6:51169199-51173799"
"Mouse","mm102.0","reference","Hsp68","random","e11.5","positive","Branchial arch, Facial mesenchyme, Heart, Other","mm10","chr11:46201358-46203264"
"Mouse","mm1025.0","reference","Hsp68","random","e11.5","negative","","mm10","chr11:7054211-7057797"
"Mouse","mm103.0","reference","Hsp68","random","e11.5","positive","Heart","mm10","chr12:12179100-12179918"
"Mouse","mm1035.0","reference","Hsp68","random","e11.5","negative","","mm10","chr7:46343578-46345787"
"Mouse","mm1036.0","reference","Hsp68","random","e11.5","positive","Limb, Tail","mm10","chr1:75784368-75787445"
"Mouse","mm1038.0","reference","Hsp68","random","e11.5","negative","","mm10","chr1:75888309-75891319"
"Mouse","mm104.0","reference","Hsp68","random","e11.5","positive","Heart, Liver, Melanocytes","mm10","chr15:66824304-66827162"
"Mouse","mm104.1","3bp GATA mutation","Hsp68","random","e11.5","allelic","","mm10","chr15:66824304-66827162"
"Mouse","mm1042.0","reference","Hsp68","random","e11.5","positive","Limb","mm10","chr1:75800898-75805337"
"Mouse","mm1043.0","reference","Hsp68","random","e11.5","negative","","mm10","chr1:75666729-75670098"
"Mouse","mm1044.0","reference","Hsp68","random","e11.5","negative","","mm10","chr1:75797145-75799864"
"Mouse","mm1045.0","reference","Hsp68","random","e11.5","positive","Branchial arch, Facial mesenchyme, Midbrain, Other","mm10","chr1:75660753-75663254"
"Mouse","mm1046.0","reference","Hsp68","random","e11.5","positive","Branchial arch, Limb","mm10","chr1:75882677-75886487"
"Mouse","mm1047.0","reference","Hsp68","random","e11.5","positive","Limb","mm10","chr2:133335883-133341047"
"Mouse","mm1048.0","reference","Hsp68","random","e11.5","positive","Limb","mm10","chr2:133564093-133568696"
"Mouse","mm1049.0","reference","Hsp68","random","e11.5","positive","Limb","mm10","chr2:133665060-133668429"
"Mouse","mm105.0","reference","Hsp68","random","e11.5","negative","","mm10","chr15:67142033-67143633"
"Mouse","mm1050.0","reference","Hsp68","random","e11.5","positive","Branchial arch, Limb","mm10","chr2:134212579-134217083"
"Mouse","mm1051.0","reference","Hsp68","random","e11.5","negative","","mm10","chr18:54481598-54484940"
"Mouse","mm1052.0","reference","Hsp68","random","e11.5","positive","Branchial arch, Heart","mm10","chr3:79989329-79992698"
"Mouse","mm1053.0","reference","Hsp68","random","e11.5","negative","","mm10","chr1:186587515-186590973"
"Mouse","mm1054.0","reference","Hsp68","random","e11.5","positive","Heart","mm10","chr5:36710975-36715366"
"Mouse","mm1055.0","reference","Hsp68","random","e11.5","negative","","mm10","chr3:101711747-101715355"
"Mouse","mm1056.0","reference","Hsp68","random","e11.5","negative","","mm10","chr12:39394961-39398384"
"Mouse","mm1058.0","reference","Hsp68","random","e11.5","negative","","mm10","chr11:65417248-65420867"
"Mouse","mm106.0","reference","Hsp68","random","e11.5","positive","Heart, Somite","mm10","chr15:77036642-77038764"
"Mouse","mm1061.0","reference","Hsp68","random","e11.5","positive","Branchial arch, Nose, Limb","mm10","chr18:55624020-55627654"
"Mouse","mm1062.0","reference","Hsp68","random","e11.5","negative","","mm10","chr6:91615054-91618521"
"Mouse","mm1063.0","reference","Hsp68","random","e11.5","positive","Branchial arch, Limb","mm10","chr1:92789106-92792922"
"Mouse","mm1064.0","reference","Hsp68","random","e11.5","positive","Limb","mm10","chr2:169609093-169612595"
"Mouse","mm1065.0","reference","Hsp68","random","e11.5","negative","","mm10","chr18:76709225-76713731"
"Mouse","mm1066.0","reference","Hsp68","random","e11.5","negative","","mm10","chr6:51005009-51008668"
"Mouse","mm107.0","reference","Hsp68","random","e11.5","positive","Heart","mm10","chr16:92427457-92430131"
"Mouse","mm1071.0","reference","Hsp68","random","e11.5","negative","","mm10","chr4:52089413-52092529"
"Mouse","mm1073.0","reference","Hsp68","random","e11.5","negative","","mm10","chr2:114086051-114090201"
"Mouse","mm1074.0","reference","Hsp68","random","e11.5","negative","","mm10","chr8:39455231-39458313"
"Mouse","mm1076.0","reference","Hsp68","random","e11.5","negative","","mm10","chr3:149497336-149500398"
"Mouse","mm1077.0","reference","Hsp68","random","e11.5","negative","","mm10","chr13:72322716-72325741"
"Mouse","mm1079.0","reference","Hsp68","random","e11.5","negative","","mm10","chr1:128743462-128746887"
"Mouse","mm108.0","reference","Hsp68","random","e11.5","positive","Nose, Heart, Liver","mm10","chr17:7268497-7269968"
"Mouse","mm1082.0","reference","Hsp68","random","e11.5","negative","","mm10","chr1:186598967-186601967"
"Mouse","mm1083.0","reference","Hsp68","random","e11.5","negative","","mm10","chr9:18658959-18662653"
"Mouse","mm1087.0","reference","Hsp68","random","e11.5","positive","Limb, Forebrain, Midbrain, Hindbrain, Neural tube","mm10","chr4:154471428-154474118"
"Mouse","mm1088.0","reference","Hsp68","random","e11.5","positive","Branchial arch, Limb, Forebrain","mm10","chr4:154771105-154772345"
"Mouse","mm1089.0","reference","Hsp68","random","e11.5","negative","","mm10","chr4:154786741-154788702"
"Mouse","mm109.0","reference","Hsp68","random","e11.5","positive","Heart","mm10","chr18:56896920-56898991"
"Mouse","mm1090.0","reference","Hsp68","random","e11.5","positive","Branchial arch, Facial mesenchyme, Nose, Limb","mm10","chr4:154801901-154803150"
"Mouse","mm1092.0","reference","Hsp68","random","e11.5","positive","Melanocytes","mm10","chr1:78059403-78061507"
"Mouse","mm1094.0","reference","Hsp68","random","e11.5","negative","","mm10","chr1:78187095-78188220"
"Mouse","mm1095.0","reference","Hsp68","random","e11.5","positive","Cranial nerve, Trigeminal V (ganglion, cranial)","mm10","chr16:26025208-26026483"
"Mouse","mm1096.0","reference","Hsp68","random","e11.5","negative","","mm10","chr19:37701697-37704431"
"Mouse","mm1097.0","reference","Hsp68","random","e11.5","positive","Nose, Limb","mm10","chr16:26040841-26042843"
"Mouse","mm1097.0","reference","Hsp68","random","e14.5","positive","Facial mesenchyme, Nose, Limb, Genital tubercle, Other","mm10","chr16:26040841-26042843"
"Mouse","mm1098.0","reference","Hsp68","random","e11.5","positive","Midbrain, Hindbrain, Somite","mm10","chr19:47301206-47302240"
"Mouse","mm1099.0","reference","Hsp68","random","e11.5","positive","Heart, Other","mm10","chr2:114807683-114808819"
"Mouse","mm11.0","reference","Hsp68","random","e11.5","negative","","mm10","chr14:61005070-61005254"
"Mouse","mm1100.0","reference","Hsp68","random","e11.5","negative","","mm10","chr2:114853009-114854502"
"Mouse","mm1101.0","reference","Hsp68","random","e11.5","negative","","mm10","chr2:113595386-113596088"
"Mouse","mm1102.0","reference","Hsp68","random","e11.5","positive","Forebrain, Midbrain, Hindbrain, Neural tube","mm10","chr11:103840623-103842229"
"Mouse","mm1103.0","reference","Hsp68","random","e11.5","positive","Branchial arch, Limb, Eye","mm10","chr11:16558869-16559788"
"Mouse","mm1105.0","reference","Hsp68","random","e11.5","positive","Branchial arch, Nose, Limb","mm10","chr17:83913105-83914232"
"Mouse","mm1106.0","reference","Hsp68","random","e11.5","negative","","mm10","chr17:83938285-83939785"
"Mouse","mm1107.0","reference","Hsp68","random","e11.5","negative","","mm10","chr17:83989991-83991543"
"Mouse","mm1107.0","reference","Hsp68","random","e14.5","negative","","mm10","chr17:83989991-83991543"
"Mouse","mm1108.0","reference","Hsp68","random","e11.5","positive","Branchial arch","mm10","chr17:84182448-84183800"
"Mouse","mm1109.0","reference","Hsp68","random","e11.5","positive","Limb","mm10","chr17:84421720-84422938"
"Mouse","mm1109.0","reference","Hsp68","random","e14.5","positive","Branchial arch, Nose, Limb","mm10","chr17:84421720-84422938"
"Mouse","mm111.0","reference","Hsp68","random","e11.5","positive","Cranial nerve","mm10","chr1:187907532-187909056"
"Mouse","mm1110.0","reference","Hsp68","random","e11.5","negative","","mm10","chr14:105478827-105481127"
"Mouse","mm1111.0","reference","Hsp68","random","e11.5","positive","Branchial arch, Forebrain, Midbrain, Hindbrain","mm10","chr14:105482173-105484961"
"Mouse","mm1112.0","reference","Hsp68","random","e11.5","positive","Branchial arch, Limb, Other","mm10","chr14:105571300-105573843"
"Mouse","mm1113.0","reference","Hsp68","random","e11.5","negative","","mm10","chr14:105736207-105737279"
"Mouse","mm1114.0","reference","Hsp68","random","e11.5","positive","Branchial arch","mm10","chr14:105979372-105980837"
"Mouse","mm1115.0","reference","Hsp68","random","e11.5","negative","","mm10","chr2:159480710-159482703"
"Mouse","mm1116.0","reference","Hsp68","random","e14.5","negative","","mm10","chr10:21240528-21242879"
"Mouse","mm1117.0","reference","Hsp68","random","e14.5","positive","Liver","mm10","chr11:24134122-24137934"
"Mouse","mm1119.0","reference","Hsp68","random","e14.5","positive","Heart, Liver","mm10","chr10:17594741-17598068"
"Mouse","mm112.0","reference","Hsp68","random","e11.5","negative","","mm10","chr1:133549313-133550884"
"Mouse","mm1121.0","reference","Hsp68","random","e14.5","negative","","mm10","chr13:63185425-63188847"
"Mouse","mm1122.0","reference","Hsp68","random","e14.5","positive","Forebrain","mm10","chr14:60552728-60556031"
"Mouse","mm1123.0","reference","Hsp68","random","e14.5","positive","Heart, Blood vessels, Liver","mm10","chr15:59678754-59681855"
"Mouse","mm1125.0","reference","Hsp68","random","e14.5","positive","Heart, Liver","mm10","chr19:11726441-11728674"
"Mouse","mm113.0","reference","Hsp68","random","e11.5","positive","Midbrain, Dorsal root ganglion","mm10","chr16:92340504-92342017"
"Mouse","mm1130.0","reference","Hsp68","random","e14.5","positive","Liver","mm10","chr5:103827142-103830437"
"Mouse","mm1142.0","reference","Hsp68","random","e14.5","positive","Limb","mm10","chr1:74961424-74966078"
"Mouse","mm1143.0","reference","Hsp68","random","e14.5","positive","Ear","mm10","chr1:74976716-74979962"
"Mouse","mm1144.0","reference","Hsp68","random","e14.5","negative","","mm10","chr1:75005188-75007089"
"Mouse","mm1145.0","reference","Hsp68","random","e14.5","positive","Limb","mm10","chr1:75012511-75017446"
"Mouse","mm1145.0","reference","Hsp68","random","e17.5","positive","Limb","mm10","chr1:75012511-75017446"
"Mouse","mm1146.0","reference","Hsp68","random","e14.5","positive","Facial mesenchyme, Limb","mm10","chr1:75021662-75026410"
"Mouse","mm1148.0","reference","Hsp68","random","e14.5","negative","","mm10","chr1:74999689-75002451"
"Mouse","mm116.0","reference","Hsp68","random","e11.5","positive","Limb, Other","mm10","chr10:14463667-14464562"
"Mouse","mm1162.0","reference","Hsp68","random","e10.5","positive","Limb, Neural tube","mm10","chr4:154422563-154424977"
"Mouse","mm1164.0","reference","Hsp68","random","e10.5","positive","Heart","mm10","chr15:56720139-56721671"
"Mouse","mm1165.0","reference","Hsp68","random","e11.5","positive","Branchial arch, Facial mesenchyme, Nose","mm10","chr5:38085380-38086670"
"Mouse","mm1166.0","reference","Hsp68","random","e14.5","positive","Nose, Limb, Ear, Forebrain","mm10","chr15:63339938-63341192"
"Mouse","mm1167.0","reference","Hsp68","random","e14.5","positive","Forebrain, Midbrain, Hindbrain, Neural tube","mm10","chr7:130046538-130048438"
"Mouse","mm1168.0","reference","Hsp68","random","e11.5","negative","","mm10","chrX:93067834-93070749"
"Mouse","mm1169.0","reference","Hsp68","random","e11.5","negative","","mm10","chrX:93106930-93109252"
"Mouse","mm1171.0","reference","Hsp68","random","e11.5","negative","","mm10","chr15:43707408-43710976"
"Mouse","mm1174.0","reference","Hsp68","random","e11.5","negative","","mm10","chr4:105427474-105428608"
"Mouse","mm1175.0","reference","Hsp68","random","e11.5","positive","Blood vessels","mm10","chr13:83571867-83572485"
"Mouse","mm1176.0","reference","Hsp68","random","e11.5","positive","Heart","mm10","chr4:105100117-105101229"
"Mouse","mm1177.0","reference","Hsp68","random","e10.5","positive","Limb","mm10","chr5:119610929-119613436"
"Mouse","mm1177.0","reference","Hsp68","random","e11.5","positive","Limb","mm10","chr5:119610929-119613436"
"Mouse","mm1179.0","reference","Hsp68","random","e10.5","positive","Limb","mm10","chr13:15342707-15344218"
"Mouse","mm1179.0","reference","Hsp68","random","e11.5","positive","Limb","mm10","chr13:15342707-15344218"
"Mouse","mm1179.0","reference","Shh","targeted (H11)","e11.5","positive","Limb","mm10","chr13:15342707-15344218"
"Mouse","mm1180.0","reference","Hsp68","random","e11.5","negative","","mm10","chr13:15445436-15446722"
"Mouse","mm1181.0","reference","Hsp68","random","e12.5","positive","Other","mm10","chr11:32245545-32246028"
"Mouse","mm1181.0","reference","Hsp68","random","e8.5","positive","Other","mm10","chr11:32245545-32246028"
"Mouse","mm1182.0","reference","Hsp68","random","e12.5","positive","Other","mm10","chr11:32250809-32251364"
"Mouse","mm1182.0","reference","Hsp68","random","e8.5","positive","Other","mm10","chr11:32250809-32251364"
"Mouse","mm1183.0","reference","Hsp68","random","e12.5","negative","","mm10","chr11:32256073-32256641"
"Mouse","mm1183.0","reference","Hsp68","random","e8.5","negative","","mm10","chr11:32256073-32256641"
"Mouse","mm1184.0","reference","Hsp68","random","e12.5","negative","","mm10","chr11:32265221-32265545"
"Mouse","mm1184.0","reference","Hsp68","random","e8.5","negative","","mm10","chr11:32265221-32265545"
"Mouse","mm1185.0","reference","Hsp68","random","e12.5","negative","","mm10","chr11:32268949-32269339"
"Mouse","mm1185.0","reference","Hsp68","random","e9.5","negative","","mm10","chr11:32268949-32269339"
"Mouse","mm1188.0","reference","Hsp68","random","e11.5","positive","Heart","mm10","chr12:53874311-53876622"
"Mouse","mm1189.0","reference","Hsp68","random","e11.5","positive","Limb","mm10","chr5:29314881-29315667"
"Mouse","mm1189.1","mm1189 with 1 ETF1 site and another motif site deleted","Hsp68","random","e11.5","allelic","","mm10","chr5:29314881-29315667"
"Mouse","mm119.0","reference","Hsp68","random","e11.5","positive","Forebrain, Midbrain, Hindbrain, Neural tube","mm10","chr1:189187276-189188601"
"Mouse","mm1191.0","reference","Hsp68","random","e11.5","positive","Limb","mm10","chr5:24494493-24495998"
"Mouse","mm1193.0","reference","Hsp68","random","e11.5","positive","Forebrain","mm10","chr3:86857660-86859321"
"Mouse","mm1194.0","reference","Hsp68","random","e11.5","negative","","mm10","chr16:97007285-97008844"
"Mouse","mm1196.0","reference","Hsp68","random","e13.5","positive","Forebrain, Cranial nerve","mm10","chr2:22292960-22294671"
"Mouse","mm1197.0","reference","Hsp68","random","e13.5","positive","Forebrain, Hindbrain","mm10","chr1:89750300-89751926"
"Mouse","mm1198.0","reference","Hsp68","random","e13.5","positive","Forebrain, Eye","mm10","chr1:89738642-89740375"
"Mouse","mm1199.0","reference","Hsp68","random","e11.5","positive","Forebrain, Midbrain, Neural tube","mm10","chr6:138419676-138421159"
"Mouse","mm1199.0","reference","Hsp68","random","e13.5","positive","Forebrain, Midbrain","mm10","chr6:138419676-138421159"
"Mouse","mm12.0","reference","Hsp68","random","e11.5","positive","Neural tube","mm10","chr12:99338624-99341271"
"Mouse","mm1200.0","reference","Hsp68","random","e13.5","positive","Forebrain","mm10","chr2:115724850-115726303"
"Mouse","mm1202.0","reference","Hsp68","random","e13.5","positive","Forebrain","mm10","chr12:88800520-88802232"
"Mouse","mm1203.0","reference","Hsp68","random","e13.5","positive","Forebrain, Midbrain","mm10","chr12:88859489-88860938"
"Mouse","mm1204.0","reference","Hsp68","random","e13.5","positive","Forebrain","mm10","chr1:194226282-194227987"
"Mouse","mm1205.0","reference","Hsp68","random","e13.5","positive","Neural tube","mm10","chr2:34106373-34108106"
"Mouse","mm1206.0","reference","Hsp68","random","e12.5","positive","Facial mesenchyme, Forebrain, Midbrain","mm10","chr2:158556162-158557784"
"Mouse","mm1206.0","reference","Hsp68","random","e13.5","positive","Forebrain","mm10","chr2:158556162-158557784"
"Mouse","mm1207.0","reference","Hsp68","random","e12.5","positive","Forebrain, Midbrain","mm10","chr12:26929754-26931358"
"Mouse","mm1207.0","reference","Hsp68","random","e13.5","positive","Forebrain, Midbrain","mm10","chr12:26929754-26931358"
"Mouse","mm1208.0","reference","Hsp68","random","e12.5","positive","Forebrain, Eye","mm10","chr12:26905481-26907096"
"Mouse","mm1208.0","reference","Hsp68","random","e13.5","positive","Forebrain","mm10","chr12:26905481-26907096"
"Mouse","mm1211.0","reference","Hsp68","random","e10.5","positive","Limb, Heart","mm10","chr8:91712437-91716525"
"Mouse","mm1212.0","reference","Hsp68","random","e14.5","positive","Nose, Forebrain","mm10","chr1:118981840-118983271"
"Mouse","mm1213.0","reference","Hsp68","random","e11.5","negative","","mm10","chr1:192822359-192823920"
"Mouse","mm1213.0","reference","Hsp68","random","e14.5","positive","Facial mesenchyme, Other","mm10","chr1:192822359-192823920"
"Mouse","mm1214.0","reference","Hsp68","random","e11.5","positive","Midbrain, Neural tube, Dorsal root ganglion, Somite","mm10","chr15:101982992-101985077"
"Mouse","mm1214.0","reference","Hsp68","random","e14.5","negative","","mm10","chr15:101982992-101985077"
"Mouse","mm1215.0","reference","Hsp68","random","e11.5","positive","Facial mesenchyme, Nose, Limb, Midbrain","mm10","chr5:37892953-37894584"
"Mouse","mm1215.0","reference","Hsp68","random","e14.5","positive","Facial mesenchyme, Nose, Limb","mm10","chr5:37892953-37894584"
"Mouse","mm1216.0","reference","Hsp68","random","e14.5","positive","Facial mesenchyme","mm10","chr2:26494058-26495654"
"Mouse","mm1217.0","reference","Hsp68","random","e14.5","positive","Facial mesenchyme","mm10","chr16:93552791-93554369"
"Mouse","mm1218.0","reference","Hsp68","random","e14.5","positive","Tail","mm10","chr17:84532419-84534038"
"Mouse","mm1219.0","reference","Hsp68","random","e14.5","negative","","mm10","chr19:47658117-47660137"
"Mouse","mm122.0","reference","Hsp68","random","e11.5","positive","Heart","mm10","chr12:69757412-69759262"
"Mouse","mm1223.0","reference","Hsp68","random","e12.5","positive","Forebrain","mm10","chr12:56470061-56472840"
"Mouse","mm1224.0","reference","Hsp68","random","e12.5","positive","Limb, Forebrain","mm10","chr2:73168575-73170734"
"Mouse","mm1225.0","reference","Hsp68","random","e12.5","positive","Limb, Forebrain","mm10","chr1:89671077-89672513"
"Mouse","mm1226.0","reference","Hsp68","random","e12.5","positive","Forebrain","mm10","chr1:168275557-168276614"
"Mouse","mm1227.0","reference","Hsp68","random","e12.5","positive","Nose, Limb, Forebrain","mm10","chr2:34252167-34253681"
"Mouse","mm1228.0","reference","Hsp68","random","e12.5","positive","Forebrain, Midbrain, Neural tube","mm10","chr16:72509916-72511610"
"Mouse","mm123.0","reference","Hsp68","random","e11.5","positive","Nose, Limb, Neural tube, Heart","mm10","chr6:72215186-72218828"
"Mouse","mm1230.0","reference","Hsp68","random","e12.5","negative","","mm10","chr19:15229415-15230993"
"Mouse","mm1232.0","reference","Hsp68","random","e12.5","negative","","mm10","chr2:22619618-22620947"
"Mouse","mm1233.0","reference","Hsp68","random","e12.5","positive","Ear, Forebrain","mm10","chr2:158555782-158558218"
"Mouse","mm1234.0","reference","Hsp68","random","e12.5","positive","Forebrain","mm10","chr8:112266616-112270647"
"Mouse","mm1235.0","reference","Hsp68","random","e12.5","negative","","mm10","chr5:131524696-131525915"
"Mouse","mm1237.0","reference","Hsp68","random","e12.5","positive","Forebrain, Midbrain, Hindbrain","mm10","chr8:90534901-90537199"
"Mouse","mm1239.0","reference","Hsp68","random","e12.5","positive","Forebrain","mm10","chr1:167605992-167607452"
"Mouse","mm1240.0","reference","Hsp68","random","e12.5","positive","Forebrain","mm10","chr13:83748133-83750728"
"Mouse","mm1241.0","reference","Hsp68","random","e12.5","positive","Midbrain, Eye","mm10","chr15:89172814-89173846"
"Mouse","mm1242.0","reference","Hsp68","random","e12.5","positive","Forebrain, Eye","mm10","chr18:76533400-76534646"
"Mouse","mm1244.0","reference","Hsp68","random","e12.5","positive","Forebrain, Midbrain, Hindbrain","mm10","chr10:95238797-95240840"
"Mouse","mm1245.0","reference","Hsp68","random","e12.5","positive","Forebrain","mm10","chr4:13598890-13601073"
"Mouse","mm1247.0","reference","Hsp68","random","e12.5","positive","Forebrain","mm10","chr12:26929754-26931584"
"Mouse","mm1249.0","reference","Hsp68","random","e12.5","positive","Forebrain, Midbrain, Eye","mm10","chr5:112001296-112003216"
"Mouse","mm1250.0","reference","Hsp68","random","e12.5","positive","Nose, Forebrain, Midbrain","mm10","chr1:64087359-64088919"
"Mouse","mm1252.0","reference","Hsp68","random","e12.5","positive","Forebrain, Midbrain, Eye","mm10","chr7:109231462-109232548"
"Mouse","mm1253.0","reference","Hsp68","random","e12.5","positive","Forebrain","mm10","chr13:107765735-107767980"
"Mouse","mm1255.0","reference","Hsp68","random","e12.5","negative","","mm10","chr14:122871554-122872677"
"Mouse","mm1256.0","reference","Hsp68","random","e12.5","positive","Forebrain","mm10","chr12:52137409-52139284"
"Mouse","mm1257.0","reference","Hsp68","random","e12.5","positive","Forebrain, Midbrain","mm10","chr10:91880828-91882672"
"Mouse","mm1260.0","reference","Hsp68","random","e12.5","negative","","mm10","chr3:48803804-48805186"
"Mouse","mm1261.0","reference","Hsp68","random","e12.5","positive","Midbrain","mm10","chr4:107024536-107026405"
"Mouse","mm1262.0","reference","Hsp68","random","e12.5","positive","Forebrain","mm10","chr2:28779588-28780939"
"Mouse","mm1263.0","reference","Hsp68","random","e12.5","positive","Forebrain","mm10","chr5:112050175-112052174"
"Mouse","mm1264.0","reference","Hsp68","random","e12.5","negative","","mm10","chr5:111835757-111837585"
"Mouse","mm1266.0","reference","Hsp68","random","e12.5","positive","Branchial arch, Forebrain, Neural tube","mm10","chr12:107084836-107086086"
"Mouse","mm127.0","reference","Hsp68","random","e11.5","positive","Heart","mm10","chr11:86586196-86587829"
"Mouse","mm1270.0","reference","Hsp68","random","e12.5","positive","Midbrain","mm10","chr4:154408643-154410364"
"Mouse","mm1271.0","reference","Hsp68","random","e12.5","negative","","mm10","chr4:8787574-8789724"
"Mouse","mm1272.0","reference","Hsp68","random","e12.5","positive","Limb, Forebrain, Somite","mm10","chr5:19802714-19804162"
"Mouse","mm1273.0","reference","Hsp68","random","e12.5","positive","Forebrain, Neural tube","mm10","chr7:129842043-129843301"
"Mouse","mm1274.0","reference","Hsp68","random","e12.5","positive","Midbrain","mm10","chr12:12866027-12867696"
"Mouse","mm1275.0","reference","Hsp68","random","e12.5","positive","Tail, Forebrain, Midbrain, Eye","mm10","chr13:94545307-94546953"
"Mouse","mm1276.0","reference","Hsp68","random","e12.5","positive","Branchial arch, Nose, Forebrain, Midbrain, Neural tube, Eye","mm10","chr14:98108431-98109735"
"Mouse","mm1277.0","reference","Hsp68","random","e12.5","negative","","mm10","chr4:82703051-82707161"
"Mouse","mm1278.0","reference","Hsp68","random","e12.5","positive","Nose","mm10","chr13:59147782-59149402"
"Mouse","mm1279.0","reference","Hsp68","random","e12.5","positive","Midbrain","mm10","chr19:58076582-58078404"
"Mouse","mm1280.0","reference","Hsp68","random","e12.5","positive","Forebrain, Midbrain","mm10","chr12:26885346-26887285"
"Mouse","mm1281.0","reference","Hsp68","random","e12.5","positive","Limb, Forebrain, Midbrain","mm10","chr2:63981740-63983686"
"Mouse","mm1282.0","reference","Hsp68","random","e11.5","negative","","mm10","chr5:119795903-119797675"
"Mouse","mm1283.0","reference","Hsp68","random","e11.5","positive","Branchial arch","mm10","chr8:57333128-57334891"
"Mouse","mm1284.0","reference","Hsp68","random","e11.5","positive","Heart","mm10","chr8:57327753-57329581"
"Mouse","mm1285.0","reference","Hsp68","random","e11.5","negative","","mm10","chr11:112449529-112451421"
"Mouse","mm1286.0","reference","Hsp68","random","e11.5","positive","Branchial arch, Facial mesenchyme, Limb, Eye, Melanocytes","mm10","chr15:37197463-37200206"
"Mouse","mm1286.0","reference","Hsp68","random","e14.5","positive","Nose, Ear, Tail, Melanocytes","mm10","chr15:37197463-37200206"
"Mouse","mm1287.0","reference","Hsp68","random","e11.5","negative","","mm10","chr15:37209260-37210873"
"Mouse","mm1288.0","reference","Hsp68","random","e11.5","positive","Heart","mm10","chr14:55003765-55004913"
"Mouse","mm1289.0","reference","Hsp68","random","e11.5","negative","","mm10","chr15:37192250-37193387"
"Mouse","mm129.0","reference","Hsp68","random","e11.5","negative","","mm10","chr4:13831422-13834010"
"Mouse","mm1290.0","reference","Hsp68","random","e11.5","positive","Limb, Hindbrain, Other","mm10","chr11:17449238-17451378"
"Mouse","mm1291.0","reference","Hsp68","random","e14.5","positive","Limb, Forebrain","mm10","chr4:32179865-32181436"
"Mouse","mm1292.0","reference","Hsp68","random","e14.5","positive","Facial mesenchyme, Forebrain","mm10","chr2:160544657-160546657"
"Mouse","mm1293.0","reference","Hsp68","random","e14.5","positive","Facial mesenchyme","mm10","chr5:111890019-111892327"
"Mouse","mm1294.0","reference","Hsp68","random","e11.5","positive","Other","mm10","chr14:46221282-46223519"
"Mouse","mm1294.0","reference","Hsp68","random","e14.5","negative","","mm10","chr14:46221282-46223519"
"Mouse","mm1295.0","reference","Hsp68","random","e11.5","positive","Forebrain","mm10","chr8:126665421-126667756"
"Mouse","mm1296.0","reference","Hsp68","random","e11.5","positive","Limb, Forebrain, Midbrain, Eye","mm10","chr9:23010878-23012755"
"Mouse","mm1297.0","reference","Hsp68","random","e11.5","positive","Other","mm10","chr4:131483172-131485713"
"Mouse","mm1298.0","reference","Hsp68","random","e11.5","positive","Facial mesenchyme, Forebrain, Eye, Heart","mm10","chr2:166426404-166428660"
"Mouse","mm1299.0","reference","Hsp68","random","e11.5","positive","Branchial arch, Forebrain, Midbrain, Hindbrain, Eye","mm10","chr11:96872256-96874454"
"Mouse","mm13.0","reference","Hsp68","random","e11.5","positive","Nose, Limb, Forebrain, Hindbrain","mm10","chr15:13391898-13395636"
"Mouse","mm130.0","reference","Hsp68","random","e11.5","positive","Heart, Liver","mm10","chr9:24887072-24890068"
"Mouse","mm1300.0","reference","Hsp68","random","e11.5","positive","Limb","mm10","chr13:51220265-51222697"
"Mouse","mm1301.0","reference","Hsp68","random","e11.5","negative","","mm10","chr16:44631515-44633626"
"Mouse","mm1302.0","reference","Hsp68","random","e11.5","positive","Facial mesenchyme, Midbrain, Heart","mm10","chr9:102643318-102645182"
"Mouse","mm1302.0","reference","Hsp68","random","e14.5","positive","Facial mesenchyme, Limb","mm10","chr9:102643318-102645182"
"Mouse","mm1303.0","reference","Hsp68","random","e11.5","negative","","mm10","chr10:61532677-61537653"
"Mouse","mm1304.0","reference","Hsp68","random","e11.5","positive","Forebrain","mm10","chr15:75646709-75649708"
"Mouse","mm1305.0","reference","Hsp68","random","e11.5","negative","","mm10","chr9:121301588-121305883"
"Mouse","mm1306.0","reference","Hsp68","random","e11.5","negative","","mm10","chr1:38196744-38201861"
"Mouse","mm1307.0","reference","Hsp68","random","e11.5","positive","Forebrain, Midbrain, Hindbrain","mm10","chr13:34285394-34290493"
"Mouse","mm1308.0","reference","Hsp68","random","e11.5","negative","","mm10","chr4:97647212-97651215"
"Mouse","mm1309.0","reference","Hsp68","random","e11.5","positive","Forebrain","mm10","chr11:117343025-117348116"
"Mouse","mm131.0","reference","Hsp68","random","e11.5","positive","Ear, Heart","mm10","chr5:132229152-132230360"
"Mouse","mm1310.0","reference","Hsp68","random","e11.5","positive","Forebrain, Midbrain","mm10","chr12:12707412-12712118"
"Mouse","mm1311.0","reference","Hsp68","random","e11.5","negative","","mm10","chr4:62611143-62615332"
"Mouse","mm1312.0","reference","Hsp68","random","e11.5","positive","Forebrain, Hindbrain","mm10","chr2:103623986-103627532"
"Mouse","mm1313.0","reference","Hsp68","random","e11.5","positive","Forebrain","mm10","chr2:130489314-130493856"
"Mouse","mm1314.0","reference","Hsp68","random","e11.5","positive","Forebrain, Midbrain, Hindbrain, Trigeminal V (ganglion, cranial)","mm10","chr6:91144563-91149338"
"Mouse","mm1315.0","reference","Hsp68","random","e11.5","positive","Forebrain, Hindbrain, Neural tube","mm10","chr16:23502808-23507356"
"Mouse","mm1316.0","reference","Hsp68","random","e11.5","positive","Forebrain, Midbrain, Hindbrain","mm10","chr6:93818356-93823383"
"Mouse","mm1317.0","reference","Hsp68","random","e11.5","positive","Forebrain, Midbrain, Hindbrain, Neural tube","mm10","chr1:97538497-97542741"
"Mouse","mm1318.0","reference","Hsp68","random","e11.5","negative","","mm10","chr6:50354039-50357303"
"Mouse","mm1319.0","reference","Hsp68","random","e11.5","negative","","mm10","chr18:5185222-5188225"
"Mouse","mm132.0","reference","Hsp68","random","e11.5","positive","Branchial arch, Midbrain, Eye, Heart, Somite","mm10","chr13:46571320-46574349"
"Mouse","mm1320.0","reference","Hsp68","random","e11.5","negative","","mm10","chr7:80118294-80122263"
"Mouse","mm1321.0","reference","Hsp68","random","e11.5","positive","Nose, Heart, Other","mm10","chr6:39541755-39546349"
"Mouse","mm1322.0","reference","Hsp68","random","e11.5","positive","Midbrain","mm10","chr18:65514203-65517793"
"Mouse","mm1323.0","reference","Hsp68","random","e11.5","positive","Other","mm10","chr11:98901653-98906641"
"Mouse","mm1324.0","reference","Hsp68","random","e11.5","positive","Other","mm10","chr2:84517965-84520803"
"Mouse","mm1325.0","reference","Hsp68","random","e11.5","negative","","mm10","chr2:31004939-31008077"
"Mouse","mm1326.0","reference","Hsp68","random","e11.5","positive","Heart","mm10","chr17:30548540-30552550"
"Mouse","mm1327.0","reference","Hsp68","random","e11.5","negative","","mm10","chr3:121735097-121737629"
"Mouse","mm1328.0","reference","Hsp68","random","e11.5","positive","Limb, Forebrain, Midbrain, Other","mm10","chr2:101589988-101594341"
"Mouse","mm1329.0","reference","Hsp68","random","e11.5","positive","Nose, Other","mm10","chr18:34131298-34134370"
"Mouse","mm133.0","reference","Hsp68","random","e11.5","negative","","mm10","chr11:57650678-57652744"
"Mouse","mm1330.0","reference","Hsp68","random","e11.5","positive","Heart, Other","mm10","chr13:68571528-68575350"
"Mouse","mm1331.0","reference","Hsp68","random","e11.5","negative","","mm10","chr18:61348807-61352129"
"Mouse","mm1332.0","reference","Hsp68","random","e11.5","negative","","mm10","chr4:135256966-135260789"
"Mouse","mm1333.0","reference","Hsp68","random","e11.5","positive","Forebrain, Cranial nerve, Dorsal root ganglion","mm10","chr1:39945610-39950472"
"Mouse","mm1334.0","reference","Hsp68","random","e11.5","positive","Forebrain","mm10","chr13:84781785-84785966"
"Mouse","mm1335.0","reference","Hsp68","random","e11.5","positive","Branchial arch, Heart","mm10","chr8:78740521-78744323"
"Mouse","mm1336.0","reference","Hsp68","random","e11.5","positive","Forebrain","mm10","chr8:87151207-87154296"
"Mouse","mm1337.0","reference","Hsp68","random","e11.5","positive","Liver","mm10","chr9:41071639-41074687"
"Mouse","mm1338.0","reference","Hsp68","random","e11.5","positive","Ear","mm10","chr12:5266438-5269568"
"Mouse","mm1339.0","reference","Hsp68","random","e11.5","negative","","mm10","chr16:37812647-37815565"
"Mouse","mm134.0","reference","Hsp68","random","e11.5","positive","Eye, Heart","mm10","chr1:184041270-184042762"
"Mouse","mm1340.0","reference","Hsp68","random","e11.5","positive","Limb, Forebrain, Hindbrain","mm10","chr5:77486940-77489925"
"Mouse","mm1341.0","reference","Hsp68","random","e11.5","positive","Limb, Forebrain, Midbrain, Hindbrain, Blood vessels","mm10","chr14:73233956-73236326"
"Mouse","mm1342.0","reference","Hsp68","random","e11.5","negative","","mm10","chr1:13003747-13006556"
"Mouse","mm1343.0","reference","Hsp68","random","e11.5","positive","Heart","mm10","chr11:54879186-54884157"
"Mouse","mm1344.0","reference","Hsp68","random","e11.5","positive","Heart","mm10","chr4:57536400-57540225"
"Mouse","mm1345.0","reference","Hsp68","random","e11.5","negative","","mm10","chr4:24216914-24220803"
"Mouse","mm1346.0","reference","Hsp68","random","e11.5","positive","Midbrain","mm10","chr2:166019657-166023462"
"Mouse","mm1347.0","reference","Hsp68","random","e11.5","positive","Midbrain","mm10","chrX:99566578-99569308"
"Mouse","mm1348.0","reference","Hsp68","random","e11.5","positive","Other","mm10","chr11:107762173-107764184"
"Mouse","mm1349.0","reference","Hsp68","random","e11.5","negative","","mm10","chr11:77924762-77927516"
"Mouse","mm135.0","reference","Hsp68","random","e11.5","negative","","mm10","chr5:32065704-32067172"
"Mouse","mm1350.0","reference","Hsp68","random","e11.5","negative","","mm10","chr18:39229300-39231539"
"Mouse","mm1351.0","reference","Hsp68","random","e11.5","positive","Facial mesenchyme, Ear","mm10","chr19:53411035-53413469"
"Mouse","mm1352.0","reference","Hsp68","random","e11.5","positive","Heart","mm10","chr16:32852084-32855869"
"Mouse","mm1353.0","reference","Hsp68","random","e11.5","negative","","mm10","chr6:145455166-145459586"
"Mouse","mm1354.0","reference","Hsp68","random","e11.5","negative","","mm10","chr2:33841539-33845598"
"Mouse","mm1355.0","reference","Hsp68","random","e11.5","negative","","mm10","chr1:75405255-75409484"
"Mouse","mm1356.0","reference","Hsp68","random","e11.5","negative","","mm10","chr5:101966725-101970386"
"Mouse","mm1357.0","reference","Hsp68","random","e11.5","negative","","mm10","chr1:31101599-31104444"
"Mouse","mm1358.0","reference","Hsp68","random","e11.5","negative","","mm10","chr1:68779329-68782031"
"Mouse","mm1359.0","reference","Hsp68","random","e11.5","positive","Branchial arch, Heart, Other","mm10","chr12:79968630-79971892"
"Mouse","mm136.0","reference","Hsp68","random","e11.5","positive","Heart, Blood vessels, Other","mm10","chr8:27106327-27108431"
"Mouse","mm1360.0","reference","Hsp68","random","e11.5","negative","","mm10","chr3:122032210-122035024"
"Mouse","mm1361.0","reference","Hsp68","random","e11.5","positive","Limb, Forebrain, Heart, Blood vessels","mm10","chr16:37892144-37895218"
"Mouse","mm1362.0","reference","Hsp68","random","e11.5","negative","","mm10","chr8:11356668-11359383"
"Mouse","mm1363.0","reference","Hsp68","random","e11.5","negative","","mm10","chr1:127754802-127759066"
"Mouse","mm1364.0","reference","Hsp68","random","e11.5","negative","","mm10","chr6:112813562-112816924"
"Mouse","mm1365.0","reference","Hsp68","random","e11.5","negative","","mm10","chr3:63869819-63872427"
"Mouse","mm1366.0","reference","Hsp68","random","e11.5","negative","","mm10","chr5:118665477-118668878"
"Mouse","mm1367.0","reference","Hsp68","random","e11.5","positive","Midbrain, Hindbrain, Other","mm10","chr9:95812717-95815609"
"Mouse","mm1368.0","reference","Hsp68","random","e11.5","positive","Forebrain","mm10","chr2:117427080-117430606"
"Mouse","mm1369.0","reference","Hsp68","random","e11.5","positive","Midbrain, Hindbrain, Other","mm10","chr1:158265467-158268046"
"Mouse","mm1370.0","reference","Hsp68","random","e11.5","positive","Forebrain, Midbrain, Hindbrain","mm10","chr3:76465722-76469421"
"Mouse","mm1371.0","reference","Hsp68","random","e11.5","positive","Hindbrain, Neural tube","mm10","chr9:13697970-13700760"
"Mouse","mm1372.0","reference","Hsp68","random","e11.5","positive","Forebrain","mm10","chr1:75288287-75291172"
"Mouse","mm1375.0","reference","Hsp68","random","e11.5","positive","Hindbrain, Neural tube","mm10","chr2:168693119-168695892"
"Mouse","mm1376.0","reference","Hsp68","random","e11.5","positive","Forebrain, Midbrain, Hindbrain, Neural tube, Eye","mm10","chr13:12502078-12504879"
"Mouse","mm1377.0","reference","Hsp68","random","e11.5","positive","Somite","mm10","chr2:156813201-156816143"
"Mouse","mm1378.0","reference","Hsp68","random","e11.5","negative","","mm10","chr9:21556730-21559920"
"Mouse","mm1379.0","reference","Hsp68","random","e11.5","positive","Limb, Eye, Heart","mm10","chr7:34265155-34269793"
"Mouse","mm1380.0","reference","Hsp68","random","e11.5","negative","","mm10","chr2:45053671-45058470"
"Mouse","mm1381.0","reference","Hsp68","random","e11.5","negative","","mm10","chr19:10659775-10663888"
"Mouse","mm1382.0","reference","Hsp68","random","e11.5","negative","","mm10","chr10:69642709-69646964"
"Mouse","mm1383.0","reference","Hsp68","random","e11.5","negative","","mm10","chr6:50336190-50338926"
"Mouse","mm1384.0","reference","Hsp68","random","e11.5","negative","","mm10","chr11:103049822-103053302"
"Mouse","mm1385.0","reference","Hsp68","random","e11.5","positive","Heart","mm10","chr8:89992683-89995450"
"Mouse","mm1386.0","reference","Hsp68","random","e11.5","negative","","mm10","chr6:114802640-114805326"
"Mouse","mm1387.0","reference","Hsp68","random","e11.5","positive","Forebrain","mm10","chr4:132032113-132036152"
"Mouse","mm1388.0","reference","Hsp68","random","e11.5","positive","Branchial arch, Nose, Forebrain, Midbrain, Hindbrain, Eye, Heart","mm10","chr3:51907571-51910645"
"Mouse","mm1389.0","reference","Hsp68","random","e11.5","negative","","mm10","chr17:4038923-4041381"
"Mouse","mm139.0","reference","Hsp68","random","e11.5","positive","Other","mm10","chr5:74361269-74363561"
"Mouse","mm1390.0","reference","Hsp68","random","e11.5","negative","","mm10","chr18:69546507-69549364"
"Mouse","mm1391.0","reference","Hsp68","random","e11.5","positive","Nose, Forebrain, Heart","mm10","chr2:132426454-132429102"
"Mouse","mm1392.0","reference","Hsp68","random","e11.5","negative","","mm10","chr3:98092572-98095417"
"Mouse","mm1393.0","reference","Hsp68","random","e11.5","positive","Blood vessels","mm10","chr12:79795794-79798372"
"Mouse","mm1394.0","reference","Hsp68","random","e11.5","positive","Facial mesenchyme, Hindbrain, Neural tube","mm10","chr8:116163758-116166268"
"Mouse","mm1395.0","reference","Hsp68","random","e11.5","positive","Forebrain, Neural tube","mm10","chrX:22897289-22900007"
"Mouse","mm1396.0","reference","Hsp68","random","e11.5","negative","","mm10","chr7:6850507-6853396"
"Mouse","mm1397.0","reference","Hsp68","random","e11.5","positive","Forebrain","mm10","chr7:76437642-76440363"
"Mouse","mm1398.0","reference","Hsp68","random","e11.5","negative","","mm10","chr5:99272413-99275239"
"Mouse","mm1399.0","reference","Hsp68","random","e11.5","negative","","mm10","chrX:101985615-101988142"
"Mouse","mm14.0","reference","Hsp68","random","e11.5","positive","Forebrain, Midbrain, Hindbrain","mm10","chr13:59090188-59094158"
"Mouse","mm140.0","reference","Hsp68","random","e11.5","positive","Other","mm10","chr10:20484902-20488767"
"Mouse","mm1400.0","reference","Hsp68","random","e11.5","positive","Tail, Trigeminal V (ganglion, cranial)","mm10","chr15:30511450-30513962"
"Mouse","mm1401.0","reference","Hsp68","random","e11.5","positive","Forebrain, Midbrain","mm10","chr7:135137921-135140618"
"Mouse","mm1402.0","reference","Hsp68","random","e11.5","positive","Heart","mm10","chr2:170836029-170839441"
"Mouse","mm1403.0","reference","Hsp68","random","e11.5","positive","Facial mesenchyme, Forebrain, Midbrain, Hindbrain, Neural tube","mm10","chr13:39876693-39879433"
"Mouse","mm1405.0","reference","Hsp68","random","e11.5","negative","","mm10","chr7:134677970-134680502"
"Mouse","mm1406.0","reference","Hsp68","random","e11.5","positive","Midbrain","mm10","chr9:120601909-120604533"
"Mouse","mm1407.0","reference","Hsp68","random","e11.5","positive","Heart, Somite","mm10","chr7:109706812-109711678"
"Mouse","mm1408.0","reference","Hsp68","random","e11.5","positive","Facial mesenchyme","mm10","chr13:15051771-15054203"
"Mouse","mm1409.0","reference","Hsp68","random","e11.5","negative","","mm10","chr13:15211568-15214241"
"Mouse","mm1410.0","reference","Hsp68","random","e11.5","positive","Forebrain, Hindbrain","mm10","chr13:15394345-15396348"
"Mouse","mm1411.0","reference","Hsp68","random","e11.5","negative","","mm10","chr13:15426016-15427617"
"Mouse","mm1412.0","reference","Hsp68","random","e11.5","negative","","mm10","chr13:15669941-15671197"
"Mouse","mm1414.0","reference","Hsp68","random","e11.5","negative","","mm10","chr13:71733534-71735706"
"Mouse","mm1415.0","reference","Hsp68","random","e11.5","positive","Limb","mm10","chr3:89290190-89293211"
"Mouse","mm1416.0","reference","Hsp68","random","e11.5","positive","Nose, Forebrain, Midbrain","mm10","chr1:12509176-12511893"
"Mouse","mm1417.0","reference","Hsp68","random","e11.5","positive","Limb, Tail","mm10","chr15:102958891-102961092"
"Mouse","mm1418.0","reference","Hsp68","random","e11.5","negative","","mm10","chr15:37134363-37136775"
"Mouse","mm1419.0","reference","Hsp68","random","e11.5","positive","Midbrain, Neural tube, Dorsal root ganglion","mm10","chr15:37233265-37234689"
"Mouse","mm142.0","reference","Hsp68","random","e11.5","negative","","mm10","chr11:95355809-95358196"
"Mouse","mm1420.0","reference","Hsp68","random","e11.5","negative","","mm10","chr15:37719225-37721983"
"Mouse","mm1421.0","reference","Hsp68","random","e12.5","positive","Midbrain","mm10","chr2:38111182-38112669"
"Mouse","mm1422.0","reference","Hsp68","random","e12.5","positive","Nose, Forebrain, Midbrain, Eye","mm10","chr2:37841265-37843738"
"Mouse","mm1423.0","reference","Hsp68","random","e12.5","positive","Midbrain, Heart","mm10","chr2:105685942-105689101"
"Mouse","mm1424.0","reference","Hsp68","random","e11.5","negative","","mm10","chr1:12498904-12502083"
"Mouse","mm1425.0","reference","Hsp68","random","e11.5","negative","","mm10","chr10:97046110-97049224"
"Mouse","mm1426.0","reference","Hsp68","random","e11.5","positive","Limb","mm10","chr10:21620701-21623524"
"Mouse","mm1427.0","reference","Hsp68","random","e12.5","positive","Forebrain, Midbrain","mm10","chr2:36011357-36011956"
"Mouse","mm1428.0","reference","Hsp68","random","e12.5","positive","Forebrain","mm10","chr2:36203132-36203821"
"Mouse","mm1429.0","reference","Hsp68","random","e12.5","positive","Forebrain, Midbrain","mm10","chr12:86071353-86071909"
"Mouse","mm143.0","reference","Hsp68","random","e11.5","positive","Heart","mm10","chr3:104596935-104600599"
"Mouse","mm1430.0","reference","Hsp68","random","e11.5","negative","","mm10","chr5:139406493-139410944"
"Mouse","mm1431.0","reference","Hsp68","random","e11.5","negative","","mm10","chr12:112793503-112798697"
"Mouse","mm1432.0","reference","Hsp68","random","e11.5","negative","","mm10","chr18:76109275-76113141"
"Mouse","mm1433.0","reference","Hsp68","random","e11.5","negative","","mm10","chr10:24632835-24636759"
"Mouse","mm1434.0","reference","Hsp68","random","e11.5","negative","","mm10","chr13:6631980-6636494"
"Mouse","mm1435.0","reference","Hsp68","random","e11.5","positive","Limb, Midbrain, Dorsal root ganglion, Heart","mm10","chr3:90584033-90588912"
"Mouse","mm1436.0","reference","Hsp68","random","e12.5","positive","Midbrain, Eye","mm10","chr2:37818138-37819435"
"Mouse","mm1437.0","reference","Hsp68","random","e12.5","negative","","mm10","chr2:106083394-106084609"
"Mouse","mm1438.0","reference","Hsp68","random","e11.5","negative","","mm10","chr4:53216900-53220568"
"Mouse","mm1439.0","reference","Hsp68","random","e14.5","negative","","mm10","chr1:75038728-75042660"
"Mouse","mm144.0","reference","Hsp68","random","e11.5","positive","Midbrain","mm10","chr5:120135778-120136934"
"Mouse","mm1440.0","reference","Hsp68","random","e11.5","negative","","mm10","chr13:15559106-15560844"
"Mouse","mm1441.0","reference","Hsp68","random","e11.5","negative","","mm10","chr13:15340038-15342570"
"Mouse","mm1442.0","reference","Hsp68","random","e11.5","positive","Limb","mm10","chr13:15549194-15550843"
"Mouse","mm1443.0","reference","Hsp68","random","e11.5","positive","Branchial arch","mm10","chr13:15575906-15578740"
"Mouse","mm1444.0","reference","Hsp68","random","e11.5","positive","Midbrain, Hindbrain","mm10","chr12:86822930-86827112"
"Mouse","mm1445.0","reference","Hsp68","random","e11.5","positive","Forebrain, Midbrain, Hindbrain, Neural tube, Cranial nerve, Dorsal root ganglion, Trigeminal V (ganglion, cranial), Other","mm10","chr1:134060554-134066172"
"Mouse","mm1446.0","reference","Hsp68","random","e11.5","positive","Forebrain, Midbrain, Hindbrain, Neural tube, Eye","mm10","chr14:25107155-25110736"
"Mouse","mm1447.0","reference","Hsp68","random","e11.5","positive","Midbrain, Hindbrain","mm10","chr2:21008806-21012242"
"Mouse","mm1448.0","reference","Hsp68","random","e11.5","negative","","mm10","chr7:111121648-111123424"
"Mouse","mm1449.0","reference","Hsp68","random","e11.5","positive","Forebrain, Midbrain, Hindbrain, Neural tube","mm10","chr15:98967479-98972541"
"Mouse","mm145.0","reference","Hsp68","random","e11.5","positive","Heart, Other","mm10","chr4:120391603-120393946"
"Mouse","mm1450.0","reference","Hsp68","random","e11.5","negative","","mm10","chr19:45057481-45059842"
"Mouse","mm1451.0","reference","Hsp68","random","e11.5","positive","Forebrain, Midbrain, Hindbrain, Neural tube, Cranial nerve","mm10","chr5:112236129-112240520"
"Mouse","mm1452.0","reference","Hsp68","random","e11.5","positive","Midbrain, Hindbrain, Neural tube","mm10","chr3:51787852-51791869"
"Mouse","mm1453.0","reference","Hsp68","random","e11.5","negative","","mm10","chr5:125140066-125142757"
"Mouse","mm1454.0","reference","Hsp68","random","e11.5","positive","Forebrain, Midbrain, Hindbrain, Neural tube, Eye","mm10","chr2:25124845-25128090"
"Mouse","mm1456.0","reference","Hsp68","random","e11.5","positive","Forebrain, Midbrain, Hindbrain, Neural tube","mm10","chr12:109946504-109950294"
"Mouse","mm1457.0","reference","Hsp68","random","e11.5","positive","Limb, Forebrain, Cranial nerve, Dorsal root ganglion","mm10","chr18:38378941-38381638"
"Mouse","mm1458.0","reference","Hsp68","random","e11.5","positive","Forebrain, Midbrain, Hindbrain, Neural tube","mm10","chr8:93916782-93919741"
"Mouse","mm1459.0","reference","Hsp68","random","e11.5","negative","","mm10","chr3:65973873-65976364"
"Mouse","mm146.0","reference","Hsp68","random","e11.5","positive","Heart","mm10","chr11:77422469-77424441"
"Mouse","mm1460.0","reference","Hsp68","random","e11.5","positive","Forebrain, Midbrain, Hindbrain, Neural tube, Eye","mm10","chr1:133185980-133189493"
"Mouse","mm1461.0","reference","Hsp68","random","e11.5","positive","Facial mesenchyme, Nose, Forebrain, Midbrain, Hindbrain, Neural tube","mm10","chr2:154425426-154428462"
"Mouse","mm1462.0","reference","Hsp68","random","e11.5","positive","Limb, Forebrain, Midbrain, Hindbrain, Neural tube, Dorsal root ganglion, Trigeminal V (ganglion, cranial)","mm10","chr11:113783367-113787793"
"Mouse","mm1463.0","reference","Hsp68","random","e11.5","positive","Forebrain","mm10","chr5:21731579-21734432"
"Mouse","mm1464.0","reference","Hsp68","random","e11.5","positive","Limb","mm10","chr8:126825533-126828569"
"Mouse","mm1465.0","reference","Hsp68","random","e11.5","positive","Limb","mm10","chr11:18712145-18713157"
"Mouse","mm1466.0","reference","Hsp68","random","e11.5","negative","","mm10","chr11:18714900-18715612"
"Mouse","mm1466.0","reference","Hsp68","random","e14.5","positive","Eye","mm10","chr11:18714900-18715612"
"Mouse","mm1469.0","reference","Hsp68","random","e11.5","positive","Branchial arch, Forebrain, Midbrain, Hindbrain, Neural tube, Heart","mm10","chr12:80059965-80065110"
"Mouse","mm1470.0","reference","Hsp68","random","e11.5","positive","Hindbrain, Neural tube, Dorsal root ganglion, Trigeminal V (ganglion, cranial)","mm10","chr6:90780495-90784241"
"Mouse","mm1471.0","reference","Hsp68","random","e11.5","positive","Forebrain, Midbrain, Hindbrain, Neural tube","mm10","chr16:35584523-35589773"
"Mouse","mm1472.0","reference","Hsp68","random","e11.5","negative","","mm10","chr11:20654380-20657594"
"Mouse","mm1473.0","reference","Hsp68","random","e11.5","positive","Limb, Eye","mm10","chr9:72639094-72641466"
"Mouse","mm1474.0","reference","Hsp68","random","e11.5","positive","Branchial arch, Limb","mm10","chr6:72710179-72712952"
"Mouse","mm1475.0","reference","Hsp68","random","e11.5","positive","Facial mesenchyme, Limb","mm10","chr9:106354104-106358319"
"Mouse","mm1476.0","reference","Hsp68","random","e11.5","positive","Branchial arch, Facial mesenchyme, Limb, Dorsal root ganglion","mm10","chr2:128712175-128715819"
"Mouse","mm1477.0","reference","Hsp68","random","e11.5","negative","","mm10","chr13:51312386-51316734"
"Mouse","mm1478.0","reference","Hsp68","random","e11.5","positive","Forebrain, Midbrain, Hindbrain, Neural tube","mm10","chr15:91016522-91020048"
"Mouse","mm1479.0","reference","Hsp68","random","e11.5","negative","","mm10","chr17:29354850-29357878"
"Mouse","mm148.0","reference","Hsp68","random","e11.5","positive","Hindbrain, Neural tube","mm10","chr1:67794929-67796464"
"Mouse","mm1480.0","reference","Hsp68","random","e11.5","positive","Forebrain, Midbrain","mm10","chr6:112808528-112813000"
"Mouse","mm1481.0","reference","Hsp68","random","e11.5","positive","Dorsal root ganglion, Other","mm10","chr11:120314873-120317426"
"Mouse","mm1482.0","reference","Hsp68","random","e11.5","negative","","mm10","chr17:37028041-37029979"
"Mouse","mm1483.0","reference","Hsp68","random","e11.5","positive","Limb, Forebrain, Midbrain, Hindbrain, Cranial nerve, Dorsal root ganglion, Trigeminal V (ganglion, cranial)","mm10","chr8:90860971-90863490"
"Mouse","mm1484.0","reference","Hsp68","random","e11.5","positive","Facial mesenchyme, Limb, Eye, Heart","mm10","chr7:123096694-123099867"
"Mouse","mm1485.0","reference","Hsp68","random","e11.5","positive","Limb","mm10","chr14:24261692-24264509"
"Mouse","mm1486.0","reference","Hsp68","random","e11.5","positive","Limb","mm10","chr9:41227902-41230545"
"Mouse","mm1487.0","reference","Hsp68","random","e11.5","negative","","mm10","chr10:59919229-59922102"
"Mouse","mm1488.0","reference","Hsp68","random","e11.5","positive","Midbrain, Hindbrain, Neural tube","mm10","chr17:10333563-10337174"
"Mouse","mm1489.0","reference","Hsp68","random","e11.5","positive","Midbrain, Hindbrain, Neural tube","mm10","chr7:140056813-140059080"
"Mouse","mm149.0","reference","Hsp68","random","e11.5","positive","Branchial arch, Nose, Limb","mm10","chr8:125217043-125219851"
"Mouse","mm1490.0","reference","Hsp68","random","e11.5","positive","Branchial arch, Facial mesenchyme, Nose, Limb, Midbrain, Hindbrain, Neural tube, Somite, Genital tubercle","mm10","chr4:108361018-108364528"
"Mouse","mm1491.0","reference","Hsp68","random","e11.5","negative","","mm10","chr9:41934743-41936889"
"Mouse","mm1492.0","reference","Hsp68","random","e11.5","positive","Facial mesenchyme, Limb","mm10","chr4:154707415-154711162"
"Mouse","mm1493.0","reference","Hsp68","random","e11.5","positive","Limb, Eye","mm10","chr9:41949140-41954525"
"Mouse","mm1494.0","reference","Hsp68","random","e11.5","positive","Nose, Midbrain","mm10","chr4:136754322-136758801"
"Mouse","mm1495.0","reference","Hsp68","random","e11.5","negative","","mm10","chr14:65342605-65345502"
"Mouse","mm1496.0","reference","Hsp68","random","e11.5","positive","Forebrain, Hindbrain","mm10","chr11:94158655-94162177"
"Mouse","mm1497.0","reference","Hsp68","random","e11.5","positive","Limb, Forebrain, Midbrain, Hindbrain, Neural tube, Heart","mm10","chr7:145204877-145207696"
"Mouse","mm1498.0","reference","Hsp68","random","e11.5","positive","Midbrain, Hindbrain","mm10","chr14:19984462-19988065"
"Mouse","mm1499.0","reference","Hsp68","random","e11.5","positive","Forebrain, Midbrain, Hindbrain, Neural tube","mm10","chr17:66478396-66482145"
"Mouse","mm15.0","reference","Hsp68","random","e11.5","positive","Forebrain","mm10","chr18:33552068-33554381"
"Mouse","mm1500.0","reference","Hsp68","random","e11.5","positive","Forebrain, Midbrain, Hindbrain, Neural tube","mm10","chr14:66492741-66497119"
"Mouse","mm1501.0","reference","Hsp68","random","e11.5","negative","","mm10","chr13:84344551-84350110"
"Mouse","mm1502.0","reference","Hsp68","random","e11.5","positive","Midbrain","mm10","chr14:76253890-76257212"
"Mouse","mm1503.0","reference","Hsp68","random","e11.5","positive","Limb, Midbrain, Hindbrain, Cranial nerve, Dorsal root ganglion, Trigeminal V (ganglion, cranial)","mm10","chr14:40955282-40959325"
"Mouse","mm1504.0","reference","Hsp68","random","e11.5","positive","Forebrain, Midbrain, Hindbrain, Neural tube","mm10","chr16:44528746-44534514"
"Mouse","mm1505.0","reference","Hsp68","random","e11.5","positive","Branchial arch, Facial mesenchyme, Limb, Somite","mm10","chr3:101394801-101399299"
"Mouse","mm1506.0","reference","Hsp68","random","e11.5","positive","Limb, Blood vessels","mm10","chr4:139597441-139601336"
"Mouse","mm1507.0","reference","Hsp68","random","e11.5","negative","","mm10","chr8:11584424-11587803"
"Mouse","mm1508.0","reference","Hsp68","random","e11.5","negative","","mm10","chr10:91179718-91183751"
"Mouse","mm1509.0","reference","Hsp68","random","e11.5","positive","Forebrain, Midbrain","mm10","chr9:63058010-63060489"
"Mouse","mm151.0","reference","Hsp68","random","e11.5","positive","Forebrain, Midbrain, Neural tube","mm10","chr8:31942005-31944993"
"Mouse","mm1510.0","reference","Hsp68","random","e11.5","negative","","mm10","chr16:33593467-33596065"
"Mouse","mm1511.0","reference","Hsp68","random","e11.5","negative","","mm10","chr2:70559085-70560255"
"Mouse","mm1512.0","reference","Hsp68","random","e11.5","negative","","mm10","chr12:16854925-16857237"
"Mouse","mm1513.0","reference","Hsp68","random","e11.5","negative","","mm10","chr6:95173859-95175593"
"Mouse","mm1514.0","reference","Hsp68","random","e11.5","positive","Limb","mm10","chr7:82713868-82717092"
"Mouse","mm1515.0","reference","Hsp68","random","e11.5","positive","Hindbrain, Neural tube","mm10","chr2:166215189-166217391"
"Mouse","mm1516.0","reference","Hsp68","random","e11.5","positive","Facial mesenchyme, Midbrain","mm10","chr6:89241345-89243919"
"Mouse","mm1517.0","reference","Hsp68","random","e11.5","negative","","mm10","chr1:182981864-182984314"
"Mouse","mm1518.0","reference","Hsp68","random","e11.5","positive","Limb","mm10","chr9:63958315-63961551"
"Mouse","mm1519.0","reference","Hsp68","random","e11.5","negative","","mm10","chr7:46452307-46455505"
"Mouse","mm152.0","reference","Hsp68","random","e11.5","positive","Heart","mm10","chr18:80330122-80332361"
"Mouse","mm1520.0","reference","Hsp68","random","e11.5","negative","","mm10","chr8:124313443-124316007"
"Mouse","mm1521.0","reference","Hsp68","random","e11.5","negative","","mm10","chr12:111161954-111163777"
"Mouse","mm1522.0","reference","Hsp68","random","e11.5","positive","Midbrain","mm10","chr5:114298723-114301210"
"Mouse","mm1523.0","reference","Hsp68","random","e11.5","negative","","mm10","chr14:100374296-100376562"
"Mouse","mm1524.0","reference","Hsp68","random","e11.5","positive","Midbrain","mm10","chr6:52365164-52368224"
"Mouse","mm1525.0","reference","Hsp68","random","e11.5","positive","Forebrain, Hindbrain","mm10","chr17:28105717-28108643"
"Mouse","mm1526.0","reference","Hsp68","random","e11.5","positive","Midbrain, Hindbrain, Neural tube","mm10","chr11:113307639-113310548"
"Mouse","mm1527.0","reference","Hsp68","random","e12.5","positive","Branchial arch, Limb, Trigeminal V (ganglion, cranial)","mm10","chr4:106864588-106867291"
"Mouse","mm1528.0","reference","Hsp68","random","e12.5","negative","","mm10","chr11:55022514-55024354"
"Mouse","mm1529.0","reference","Hsp68","random","e12.5","positive","Forebrain","mm10","chr3:34411658-34412604"
"Mouse","mm153.0","reference","Hsp68","random","e11.5","negative","","mm10","chr1:154033856-154034855"
"Mouse","mm1530.0","reference","Hsp68","random","e12.5","positive","Ear","mm10","chr11:62965778-62968280"
"Mouse","mm1531.0","reference","Hsp68","random","e12.5","positive","Forebrain, Hindbrain","mm10","chr6:127250137-127252417"
"Mouse","mm1532.0","reference","Hsp68","random","e11.5","positive","Hindbrain, Cranial nerve","mm10","chr4:148859471-148860956"
"Mouse","mm1533.0","reference","Hsp68","random","e11.5","positive","Forebrain, Other","mm10","chr5:125214963-125216753"
"Mouse","mm1534.0","reference","Hsp68","random","e11.5","positive","Limb, Forebrain, Hindbrain, Neural tube","mm10","chr7:93060869-93063626"
"Mouse","mm1535.0","reference","Hsp68","random","e11.5","negative","","mm10","chr18:54610385-54613247"
"Mouse","mm1536.0","reference","Hsp68","random","e11.5","negative","","mm10","chr12:86798248-86799852"
"Mouse","mm1537.0","reference","Hsp68","random","e11.5","positive","Neural tube","mm10","chr3:104540534-104542671"
"Mouse","mm1538.0","reference","Hsp68","random","e11.5","positive","Midbrain","mm10","chr17:62851927-62854939"
"Mouse","mm1539.0","reference","Hsp68","random","e11.5","negative","","mm10","chr7:70329472-70332465"
"Mouse","mm154.0","reference","Hsp68","random","e11.5","positive","Heart","mm10","chr11:11956742-11957741"
"Mouse","mm1540.0","reference","Hsp68","random","e11.5","positive","Hindbrain","mm10","chr8:108243823-108246831"
"Mouse","mm1541.0","reference","Hsp68","random","e11.5","positive","Forebrain, Neural tube","mm10","chr3:5386841-5389926"
"Mouse","mm1542.0","reference","Hsp68","random","e11.5","positive","Forebrain, Midbrain, Hindbrain, Neural tube, Cranial nerve","mm10","chr14:63585329-63587537"
"Mouse","mm1543.0","reference","Hsp68","random","e11.5","negative","","mm10","chr15:77335353-77337280"
"Mouse","mm1544.0","reference","Hsp68","random","e11.5","negative","","mm10","chr16:94723154-94725386"
"Mouse","mm1545.0","reference","Hsp68","random","e11.5","negative","","mm10","chr18:54759740-54761758"
"Mouse","mm1546.0","reference","Hsp68","random","e11.5","positive","Midbrain, Hindbrain, Neural tube, Cranial nerve, Dorsal root ganglion, Trigeminal V (ganglion, cranial)","mm10","chr1:9648223-9650965"
"Mouse","mm1547.0","reference","Hsp68","random","e11.5","negative","","mm10","chr9:50451431-50453445"
"Mouse","mm1548.0","reference","Hsp68","random","e11.5","positive","Forebrain, Other","mm10","chr6:145855046-145857046"
"Mouse","mm1549.0","reference","Hsp68","random","e11.5","positive","Forebrain, Neural tube","mm10","chr3:127705248-127707248"
"Mouse","mm1550.0","reference","Hsp68","random","e11.5","negative","","mm10","chr5:140767048-140769052"
"Mouse","mm1551.0","reference","Hsp68","random","e11.5","negative","","mm10","chr6:144165683-144167703"
"Mouse","mm1552.0","reference","Hsp68","random","e11.5","positive","Forebrain, Midbrain, Hindbrain, Dorsal root ganglion","mm10","chr19:41715402-41718238"
"Mouse","mm1553.0","reference","Hsp68","random","e11.5","positive","Forebrain, Midbrain, Hindbrain, Neural tube","mm10","chr9:86186309-86188376"
"Mouse","mm1554.0","reference","Hsp68","random","e11.5","negative","","mm10","chr9:121359503-121361504"
"Mouse","mm1555.0","reference","Hsp68","random","e11.5","positive","Midbrain, Hindbrain","mm10","chr11:26772020-26774013"
"Mouse","mm1556.0","reference","Hsp68","random","e11.5","positive","Forebrain, Hindbrain","mm10","chr13:76809879-76811879"
"Mouse","mm1557.0","reference","Hsp68","random","e11.5","positive","Forebrain, Midbrain, Neural tube","mm10","chr6:65309702-65311689"
"Mouse","mm1558.0","reference","Hsp68","random","e11.5","positive","Limb, Forebrain, Midbrain, Hindbrain, Neural tube","mm10","chr7:117685707-117687616"
"Mouse","mm1559.0","reference","Hsp68","random","e11.5","negative","","mm10","chr6:5801484-5804011"
"Mouse","mm156.0","reference","Hsp68","random","e11.5","positive","Other","mm10","chr17:12203955-12205747"
"Mouse","mm1560.0","reference","Hsp68","random","e11.5","negative","","mm10","chr4:154593394-154596395"
"Mouse","mm1561.0","reference","Hsp68","random","e11.5","positive","Limb, Forebrain, Eye","mm10","chr2:163188663-163191536"
"Mouse","mm1562.0","reference","Hsp68","random","e11.5","positive","Tail","mm10","chr19:21164417-21167450"
"Mouse","mm1563.0","reference","Hsp68","random","e11.5","negative","","mm10","chr9:32823262-32824682"
"Mouse","mm1564.0","reference","Hsp68","random","e11.5","positive","Branchial arch, Limb","mm10","chr2:60785660-60787563"
"Mouse","mm1565.0","reference","Hsp68","random","e11.5","positive","Forebrain, Midbrain, Hindbrain, Neural tube","mm10","chr13:51919913-51922132"
"Mouse","mm1566.0","reference","Hsp68","random","e11.5","positive","Nose","mm10","chr4:148984734-148987251"
"Mouse","mm1567.0","reference","Hsp68","random","e11.5","positive","Limb, Tail","mm10","chr8:87659116-87661534"
"Mouse","mm1568.0","reference","Hsp68","random","e11.5","negative","","mm10","chr11:104288616-104290675"
"Mouse","mm1569.0","reference","Hsp68","random","e11.5","positive","Other","mm10","chr5:65414975-65416572"
"Mouse","mm1570.0","reference","Hsp68","random","e11.5","positive","Limb","mm10","chr14:49121140-49122633"
"Mouse","mm1571.0","reference","Hsp68","random","e11.5","positive","Limb, Hindbrain, Neural tube","mm10","chr15:95638744-95641449"
"Mouse","mm1572.0","reference","Hsp68","random","e11.5","negative","","mm10","chr3:81782584-81784020"
"Mouse","mm1573.0","reference","Hsp68","random","e11.5","negative","","mm10","chr10:38972079-38974105"
"Mouse","mm1574.0","reference","Hsp68","random","e11.5","positive","Limb","mm10","chr7:136389300-136391216"
"Mouse","mm1575.0","reference","Hsp68","random","e11.5","positive","Tail, Somite","mm10","chr1:59333923-59335433"
"Mouse","mm1576.0","reference","Hsp68","random","e11.5","positive","Limb","mm10","chr5:16778223-16779671"
"Mouse","mm1577.0","reference","Hsp68","random","e11.5","positive","Branchial arch, Hindbrain","mm10","chr3:5348379-5351461"
"Mouse","mm1578.0","reference","Hsp68","random","e11.5","negative","","mm10","chr16:72690693-72694735"
"Mouse","mm1579.0","reference","Hsp68","random","e11.5","negative","","mm10","chr18:15173064-15176000"
"Mouse","mm1580.0","reference","Hsp68","random","e11.5","negative","","mm10","chr13:113913477-113916032"
"Mouse","mm1581.0","reference","Hsp68","random","e11.5","positive","Hindbrain","mm10","chr18:55784854-55787217"
"Mouse","mm1582.0","reference","Hsp68","random","e11.5","negative","","mm10","chr9:107644011-107645376"
"Mouse","mm1583.0","reference","Hsp68","random","e11.5","positive","Midbrain","mm10","chr11:85857229-85860254"
"Mouse","mm1584.0","reference","Hsp68","random","e11.5","positive","Branchial arch, Limb, Neural tube, Eye, Other","mm10","chr15:74155467-74158454"
"Mouse","mm1585.0","reference","Hsp68","random","e11.5","negative","","mm10","chr6:83434774-83436371"
"Mouse","mm1586.0","reference","Hsp68","random","e11.5","positive","Hindbrain, Trigeminal V (ganglion, cranial)","mm10","chr7:48749001-48750980"
"Mouse","mm1587.0","reference","Hsp68","random","e11.5","negative","","mm10","chr15:84259559-84261268"
"Mouse","mm1588.0","reference","Hsp68","random","e11.5","negative","","mm10","chr11:60365089-60367681"
"Mouse","mm1589.0","reference","Hsp68","random","e11.5","negative","","mm10","chr12:107951151-107953994"
"Mouse","mm1590.0","reference","Hsp68","random","e11.5","negative","","mm10","chr7:135888196-135890453"
"Mouse","mm1591.0","reference","Hsp68","random","e11.5","negative","","mm10","chr8:108018634-108020810"
"Mouse","mm1592.0","reference","Hsp68","random","e11.5","negative","","mm10","chr12:108913631-108917155"
"Mouse","mm1593.0","reference","Hsp68","random","e11.5","negative","","mm10","chr11:118083180-118085181"
"Mouse","mm1594.0","reference","Hsp68","random","e11.5","negative","","mm10","chr6:85022961-85025939"
"Mouse","mm1595.0","reference","Hsp68","random","e11.5","negative","","mm10","chr12:73510499-73513049"
"Mouse","mm1596.0","reference","Hsp68","random","e11.5","negative","","mm10","chr7:112867931-112870363"
"Mouse","mm1597.0","reference","Hsp68","random","e11.5","positive","Branchial arch, Facial mesenchyme, Limb, Midbrain, Somite","mm10","chr6:89613039-89615855"
"Mouse","mm1598.0","reference","Hsp68","random","e11.5","positive","Nose, Limb, Forebrain, Midbrain, Hindbrain, Somite, Other","mm10","chr8:26832486-26834858"
"Mouse","mm1599.0","reference","Hsp68","random","e11.5","positive","Limb, Forebrain, Hindbrain, Eye","mm10","chr3:37934422-37937092"
"Mouse","mm16.0","reference","Hsp68","random","e11.5","positive","Forebrain, Midbrain","mm10","chr12:44402523-44405770"
"Mouse","mm160.0","reference","Hsp68","random","e11.5","negative","","mm10","chr2:38535055-38537083"
"Mouse","mm1600.0","reference","Hsp68","random","e11.5","positive","Tail","mm10","chr14:21673440-21675700"
"Mouse","mm1601.0","reference","Hsp68","random","e11.5","positive","Facial mesenchyme","mm10","chr1:61202202-61204582"
"Mouse","mm1602.0","reference","Hsp68","random","e11.5","negative","","mm10","chr7:132203278-132205205"
"Mouse","mm1603.0","reference","Hsp68","random","e11.5","positive","Limb","mm10","chr2:93277888-93280895"
"Mouse","mm1604.0","reference","Hsp68","random","e11.5","positive","Hindbrain, Other","mm10","chr12:105972686-105975121"
"Mouse","mm1605.0","reference","Hsp68","random","e12.5","positive","Facial mesenchyme, Limb, Midbrain, Hindbrain","mm10","chr13:34147928-34150988"
"Mouse","mm1606.0","reference","Hsp68","random","e12.5","positive","Forebrain, Midbrain, Hindbrain, Neural tube","mm10","chr12:111691971-111695499"
"Mouse","mm1607.0","reference","Hsp68","random","e12.5","positive","Limb, Forebrain, Other","mm10","chr5:125392751-125395599"
"Mouse","mm1608.0","reference","Hsp68","random","e12.5","positive","Facial mesenchyme, Forebrain, Midbrain, Hindbrain, Neural tube","mm10","chr9:41734978-41737961"
"Mouse","mm1609.0","reference","Hsp68","random","e12.5","positive","Midbrain","mm10","chr12:27060074-27063099"
"Mouse","mm161.0","reference","Hsp68","random","e11.5","negative","","mm10","chr2:152817376-152818197"
"Mouse","mm1610.0","reference","Hsp68","random","e12.5","positive","Forebrain, Midbrain, Hindbrain","mm10","chr19:21783786-21786142"
"Mouse","mm1611.0","reference","Hsp68","random","e12.5","positive","Midbrain, Hindbrain","mm10","chr12:79923762-79926852"
"Mouse","mm1612.0","reference","Hsp68","random","e12.5","positive","Midbrain, Eye","mm10","chr2:30646231-30648463"
"Mouse","mm1613.0","reference","Hsp68","random","e12.5","positive","Limb, Somite","mm10","chrX:13240831-13243993"
"Mouse","mm1614.0","reference","Hsp68","random","e12.5","positive","Limb, Forebrain, Midbrain","mm10","chr18:35847683-35850399"
"Mouse","mm1615.0","reference","Hsp68","random","e12.5","positive","Facial mesenchyme, Limb","mm10","chr8:84741861-84745040"
"Mouse","mm1616.0","reference","Hsp68","random","e12.5","positive","Limb, Other","mm10","chr3:87149552-87152003"
"Mouse","mm1617.0","reference","Hsp68","random","e12.5","positive","Limb, Somite","mm10","chr9:43252109-43255189"
"Mouse","mm1618.0","reference","Hsp68","random","e12.5","negative","","mm10","chr1:162185511-162188824"
"Mouse","mm1619.0","reference","Hsp68","random","e12.5","positive","Nose, Limb, Ear","mm10","chr5:142999832-143002122"
"Mouse","mm1620.0","reference","Hsp68","random","e12.5","positive","Limb, Ear, Tail","mm10","chr17:46617885-46620197"
"Mouse","mm1621.0","reference","Hsp68","random","e12.5","negative","","mm10","chr10:59963764-59966670"
"Mouse","mm1622.0","reference","Hsp68","random","e12.5","positive","Limb, Midbrain, Somite","mm10","chr11:118238372-118241185"
"Mouse","mm1623.0","reference","Hsp68","random","e12.5","positive","Limb, Ear","mm10","chr18:60669095-60671807"
"Mouse","mm1624.0","reference","Hsp68","random","e12.5","positive","Limb","mm10","chr9:40729777-40732407"
"Mouse","mm1625.0","reference","Hsp68","random","e12.5","negative","","mm10","chr8:107467502-107470017"
"Mouse","mm1626.0","reference","Hsp68","random","e12.5","positive","Facial mesenchyme, Limb, Ear","mm10","chr5:136861070-136864935"
"Mouse","mm1627.0","reference","Hsp68","random","e12.5","positive","Limb","mm10","chr9:118979486-118981788"
"Mouse","mm1628.0","reference","Hsp68","random","e12.5","negative","","mm10","chr4:133089620-133092047"
"Mouse","mm1629.0","reference","Hsp68","random","e12.5","positive","Branchial arch, Limb","mm10","chr16:17809211-17811153"
"Mouse","mm163.0","reference","Hsp68","random","e11.5","negative","","mm10","chr3:60602215-60603664"
"Mouse","mm1630.0","reference","Hsp68","random","e12.5","positive","Midbrain, Hindbrain","mm10","chr1:74110236-74112663"
"Mouse","mm1631.0","reference","Hsp68","random","e12.5","negative","","mm10","chr7:112839907-112841788"
"Mouse","mm1632.0","reference","Hsp68","random","e12.5","positive","Forebrain, Midbrain, Neural tube","mm10","chr18:9215673-9216934"
"Mouse","mm1633.0","reference","Hsp68","random","e12.5","positive","Forebrain","mm10","chr4:11761242-11763766"
"Mouse","mm1635.0","reference","Hsp68","random","e12.5","positive","Limb","mm10","chr15:99419954-99421557"
"Mouse","mm1636.0","reference","Hsp68","random","e12.5","positive","Limb, Midbrain","mm10","chr16:96845600-96847968"
"Mouse","mm1637.0","reference","Hsp68","random","e12.5","positive","Midbrain, Hindbrain, Neural tube","mm10","chr16:44671282-44673116"
"Mouse","mm1638.0","reference","Hsp68","random","e12.5","negative","","mm10","chr6:53623771-53625083"
"Mouse","mm1639.0","reference","Hsp68","random","e12.5","positive","Forebrain, Hindbrain","mm10","chr17:90695380-90697670"
"Mouse","mm164.0","reference","Hsp68","random","e11.5","negative","","mm10","chr3:100482356-100482938"
"Mouse","mm1640.0","reference","Hsp68","random","e12.5","negative","","mm10","chr3:57470121-57471697"
"Mouse","mm1641.0","reference","Hsp68","random","e12.5","positive","Neural tube","mm10","chr19:36896240-36898161"
"Mouse","mm1642.0","reference","Hsp68","random","e12.5","positive","Forebrain, Hindbrain","mm10","chr8:120347326-120349077"
"Mouse","mm1643.0","reference","Hsp68","random","e12.5","positive","Facial mesenchyme, Limb, Forebrain, Midbrain","mm10","chr1:41274476-41276046"
"Mouse","mm1644.0","reference","Hsp68","random","e12.5","positive","Heart, Blood vessels","mm10","chr15:77797760-77801299"
"Mouse","mm1645.0","reference","Hsp68","random","e12.5","positive","Heart","mm10","chr17:26849146-26852797"
"Mouse","mm1646.0","reference","Hsp68","random","e12.5","positive","Facial mesenchyme, Limb, Heart, Somite","mm10","chr2:163362453-163365471"
"Mouse","mm1647.0","reference","Hsp68","random","e12.5","positive","Hindbrain, Dorsal root ganglion, Trigeminal V (ganglion, cranial), Heart","mm10","chr7:130667903-130671018"
"Mouse","mm1648.0","reference","Hsp68","random","e12.5","positive","Heart, Blood vessels","mm10","chr4:135253467-135256150"
"Mouse","mm1649.0","reference","Hsp68","random","e12.5","negative","","mm10","chr7:90145589-90146592"
"Mouse","mm165.0","reference","Hsp68","random","e11.5","positive","Eye, Heart","mm10","chr4:119019153-119020076"
"Mouse","mm1650.0","reference","Hsp68","random","e12.5","positive","Heart","mm10","chr3:79689528-79691127"
"Mouse","mm1651.0","reference","Hsp68","random","e12.5","positive","Midbrain, Heart","mm10","chr8:91966331-91968303"
"Mouse","mm1652.0","reference","Hsp68","random","e12.5","negative","","mm10","chr9:120026606-120028316"
"Mouse","mm1653.0","reference","Hsp68","random","e12.5","positive","Heart","mm10","chr3:126722861-126724972"
"Mouse","mm1654.0","reference","Hsp68","random","e12.5","positive","Heart","mm10","chr19:32106651-32108318"
"Mouse","mm1655.0","reference","Hsp68","random","e12.5","negative","","mm10","chr13:29627108-29628937"
"Mouse","mm1656.0","reference","Hsp68","random","e12.5","negative","","mm10","chr8:71281631-71283979"
"Mouse","mm1657.0","reference","Hsp68","random","e12.5","negative","","mm10","chr1:165104293-165106305"
"Mouse","mm1658.0","reference","Hsp68","random","e12.5","positive","Tail","mm10","chr17:69180624-69182497"
"Mouse","mm1659.0","reference","Hsp68","random","e12.5","negative","","mm10","chr12:12355526-12357482"
"Mouse","mm1660.0","reference","Hsp68","random","e12.5","positive","Forebrain, Midbrain, Hindbrain, Neural tube, Cranial nerve","mm10","chr13:84058231-84061074"
"Mouse","mm1661.0","reference","Hsp68","random","e12.5","positive","Forebrain, Neural tube","mm10","chr9:121311714-121314947"
"Mouse","mm1662.0","reference","Hsp68","random","e12.5","negative","","mm10","chr12:29094890-29097594"
"Mouse","mm1663.0","reference","Hsp68","random","e12.5","positive","Facial mesenchyme, Ear, Forebrain, Heart","mm10","chr10:60813778-60816843"
"Mouse","mm1664.0","reference","Hsp68","random","e12.5","positive","Facial mesenchyme, Limb, Somite","mm10","chr18:35839235-35842928"
"Mouse","mm1665.0","reference","Hsp68","random","e12.5","positive","Limb, Eye, Heart, Somite","mm10","chr8:124642912-124645752"
"Mouse","mm1666.0","reference","Hsp68","random","e12.5","positive","Heart","mm10","chr8:104608437-104612614"
"Mouse","mm1667.0","reference","Hsp68","random","e12.5","negative","","mm10","chr9:119980591-119982776"
"Mouse","mm1668.0","reference","Hsp68","random","e12.5","positive","Heart","mm10","chr4:45506080-45509417"
"Mouse","mm1669.0","reference","Hsp68","random","e12.5","negative","","mm10","chr8:95358674-95361818"
"Mouse","mm1670.0","reference","Hsp68","random","e12.5","negative","","mm10","chr14:120291929-120293510"
"Mouse","mm1671.0","reference","Hsp68","random","e12.5","negative","","mm10","chr6:34716215-34718175"
"Mouse","mm1672.0","reference","Hsp68","random","e12.5","positive","Forebrain, Heart","mm10","chr16:90449316-90451082"
"Mouse","mm1673.0","reference","Hsp68","random","e12.5","positive","Somite","mm10","chr2:157473505-157477397"
"Mouse","mm1674.0","reference","Hsp68","random","e12.5","positive","Nose, Limb, Forebrain, Midbrain, Hindbrain, Eye","mm10","chr8:120423908-120427305"
"Mouse","mm1675.0","reference","Hsp68","random","e12.5","positive","Hindbrain, Neural tube","mm10","chr11:96901713-96904671"
"Mouse","mm1676.0","reference","Hsp68","random","e12.5","negative","","mm10","chr12:86800344-86803636"
"Mouse","mm1677.0","reference","Hsp68","random","e12.5","positive","Limb, Forebrain, Midbrain, Hindbrain, Neural tube, Cranial nerve","mm10","chr1:172015769-172018782"
"Mouse","mm1678.0","reference","Hsp68","random","e12.5","positive","Limb, Forebrain","mm10","chr14:25585162-25588456"
"Mouse","mm1679.0","reference","Hsp68","random","e12.5","positive","Forebrain","mm10","chr15:73020419-73023319"
"Mouse","mm168.0","reference","Hsp68","random","e11.5","negative","","mm10","chr6:120174237-120175208"
"Mouse","mm1680.0","reference","Hsp68","random","e12.5","negative","","mm10","chr1:86502358-86505354"
"Mouse","mm1681.0","reference","Hsp68","random","e11.5","negative","","mm10","chr13:15344489-15348033"
"Mouse","mm1682.0","reference","Hsp68","random","e12.5","negative","","mm10","chr9:64066087-64068760"
"Mouse","mm1683.0","reference","Hsp68","random","e12.5","positive","Heart","mm10","chr7:139466376-139469610"
"Mouse","mm1684.0","reference","Hsp68","random","e12.5","positive","Forebrain, Midbrain, Hindbrain, Neural tube, Trigeminal V (ganglion, cranial), Eye","mm10","chr4:128714414-128717015"
"Mouse","mm1685.0","reference","Hsp68","random","e12.5","negative","","mm10","chr1:74007485-74009995"
"Mouse","mm1686.0","reference","Hsp68","random","e12.5","positive","Midbrain","mm10","chr8:111716205-111718382"
"Mouse","mm1687.0","reference","Hsp68","random","e10.5","positive","Limb","mm10","chr8:56831311-56833826"
"Mouse","mm1687.0","reference","Hsp68","random","e11.5","positive","Limb","mm10","chr8:56831311-56833826"
"Mouse","mm1688.0","reference","Hsp68","random","e10.5","positive","Limb","mm10","chr8:56914551-56916754"
"Mouse","mm1688.0","reference","Hsp68","random","e11.5","positive","Limb, Dorsal root ganglion","mm10","chr8:56914551-56916754"
"Mouse","mm1689.0","reference","Hsp68","random","e10.5","positive","Limb","mm10","chr8:56983040-56984959"
"Mouse","mm1689.0","reference","Hsp68","random","e11.5","positive","Limb","mm10","chr8:56983040-56984959"
"Mouse","mm1689.0","reference","Shh","targeted (H11)","e11.5","positive","Limb","mm10","chr8:56983040-56984959"
"Mouse","mm1689.1","PBX mutated sites","Shh","targeted (H11)","e11.5","allelic","","mm10","chr8:56983040-56984959"
"Mouse","mm1689.2","HAND mutated sites","Shh","targeted (H11)","e11.5","allelic","","mm10","chr8:56983040-56984959"
"Mouse","mm169.0","reference","Hsp68","random","e11.5","positive","Heart, Other","mm10","chr7:80445071-80446500"
"Mouse","mm1690.0","reference","Hsp68","random","e11.5","negative","","mm10","chr8:57009633-57011767"
"Mouse","mm1691.0","reference","Hsp68","random","e12.5","positive","Limb, Midbrain, Somite","mm10","chr17:47520785-47523587"
"Mouse","mm1692.0","reference","Hsp68","random","e12.5","positive","Limb, Forebrain, Midbrain, Hindbrain","mm10","chr10:67001918-67005347"
"Mouse","mm1693.0","reference","Hsp68","random","e12.5","positive","Nose, Heart","mm10","chr2:173086647-173088867"
"Mouse","mm1694.0","reference","Hsp68","random","e12.5","positive","Heart","mm10","chr1:155038829-155041732"
"Mouse","mm1695.0","reference","Hsp68","random","e12.5","positive","Heart","mm10","chr2:4252019-4253937"
"Mouse","mm1696.0","reference","Hsp68","random","e12.5","positive","Midbrain","mm10","chr9:23083132-23084710"
"Mouse","mm1697.0","reference","Hsp68","random","e12.5","positive","Facial mesenchyme","mm10","chr9:117191214-117193679"
"Mouse","mm1698.0","reference","Hsp68","random","e12.5","negative","","mm10","chr6:122491022-122492392"
"Mouse","mm1699.0","reference","Hsp68","random","e12.5","positive","Other","mm10","chr12:79943798-79946235"
"Mouse","mm17.0","reference","Hsp68","random","e11.5","positive","Forebrain","mm10","chr15:99807080-99809694"
"Mouse","mm170.0","reference","Hsp68","random","e11.5","positive","Heart","mm10","chr7:80788938-80790182"
"Mouse","mm1700.0","reference","Hsp68","random","e12.5","negative","","mm10","chr15:81522224-81524281"
"Mouse","mm1701.0","reference","Hsp68","random","e12.5","negative","","mm10","chr9:102423342-102425098"
"Mouse","mm1702.0","reference","Hsp68","random","e12.5","positive","Limb, Forebrain","mm10","chr5:149352159-149354367"
"Mouse","mm1703.0","reference","Hsp68","random","e12.5","negative","","mm10","chr4:97868105-97869916"
"Mouse","mm1704.0","reference","Hsp68","random","e12.5","negative","","mm10","chr7:66965591-66968075"
"Mouse","mm1705.0","reference","Hsp68","random","e12.5","negative","","mm10","chr4:128736655-128738425"
"Mouse","mm1706.0","reference","Hsp68","random","e12.5","negative","","mm10","chr8:107851159-107853215"
"Mouse","mm1707.0","reference","Hsp68","random","e12.5","negative","","mm10","chr8:107489759-107492713"
"Mouse","mm1708.0","reference","Hsp68","random","e12.5","negative","","mm10","chr1:162225285-162226734"
"Mouse","mm1709.0","reference","Hsp68","random","e12.5","negative","","mm10","chr8:122536459-122537850"
"Mouse","mm1710.0","reference","Hsp68","random","e12.5","negative","","mm10","chr9:63609893-63611953"
"Mouse","mm1711.0","reference","Hsp68","random","e12.5","positive","Forebrain, Hindbrain, Neural tube","mm10","chr18:80099932-80102587"
"Mouse","mm1712.0","reference","Hsp68","random","e12.5","negative","","mm10","chr3:87164872-87166189"
"Mouse","mm1713.0","reference","Hsp68","random","e12.5","positive","Heart","mm10","chr6:93172038-93174010"
"Mouse","mm1714.0","reference","Hsp68","random","e12.5","negative","","mm10","chr19:40296912-40299206"
"Mouse","mm1715.0","reference","Hsp68","random","e12.5","negative","","mm10","chr19:5648158-5649637"
"Mouse","mm1716.0","reference","Hsp68","random","e12.5","positive","Heart","mm10","chr15:64233514-64235663"
"Mouse","mm1717.0","reference","Hsp68","random","e12.5","positive","Eye, Heart","mm10","chr2:67627292-67629040"
"Mouse","mm1718.0","reference","Hsp68","random","e12.5","negative","","mm10","chr3:79531054-79532773"
"Mouse","mm1719.0","reference","Hsp68","random","e12.5","positive","Nose","mm10","chr19:3638247-3639522"
"Mouse","mm172.0","reference","Hsp68","random","e11.5","positive","Heart","mm10","chr8:77987319-77989135"
"Mouse","mm172.1","3bp GATA mutation","Hsp68","random","e11.5","allelic","","mm10","chr8:77987319-77989135"
"Mouse","mm1720.0","reference","Hsp68","random","e12.5","negative","","mm10","chr17:84148207-84149720"
"Mouse","mm1721.0","reference","Hsp68","random","e12.5","negative","","mm10","chr10:98966352-98968421"
"Mouse","mm1722.0","reference","Hsp68","random","e12.5","positive","Forebrain, Midbrain, Hindbrain, Neural tube","mm10","chr6:71989333-71992061"
"Mouse","mm1723.0","reference","Hsp68","random","e12.5","negative","","mm10","chr17:6216037-6217273"
"Mouse","mm1724.0","reference","Hsp68","random","e12.5","positive","Heart","mm10","chr11:52877024-52878503"
"Mouse","mm1725.0","reference","Hsp68","random","e12.5","positive","Cranial nerve, Dorsal root ganglion, Trigeminal V (ganglion, cranial)","mm10","chr5:64876784-64878781"
"Mouse","mm1726.0","reference","Hsp68","random","e12.5","negative","","mm10","chr8:108943063-108945086"
"Mouse","mm1727.0","reference","Hsp68","random","e12.5","negative","","mm10","chr2:166000277-166002034"
"Mouse","mm1728.0","reference","Hsp68","random","e12.5","negative","","mm10","chr15:57727942-57729046"
"Mouse","mm1729.0","reference","Hsp68","random","e12.5","negative","","mm10","chr7:70108401-70109840"
"Mouse","mm173.0","reference","Hsp68","random","e11.5","positive","Midbrain, Other","mm10","chr18:78335786-78336542"
"Mouse","mm1730.0","reference","Hsp68","random","e12.5","positive","Forebrain","mm10","chr4:140102870-140105694"
"Mouse","mm1731.0","reference","Hsp68","random","e12.5","positive","Branchial arch, Facial mesenchyme, Forebrain, Midbrain, Hindbrain, Neural tube","mm10","chr5:112663045-112665135"
"Mouse","mm1732.0","reference","Hsp68","random","e12.5","positive","Forebrain","mm10","chr1:137378153-137379482"
"Mouse","mm1733.0","reference","Hsp68","random","e12.5","positive","Midbrain, Hindbrain","mm10","chr17:32179502-32180908"
"Mouse","mm1734.0","reference","Hsp68","random","e12.5","negative","","mm10","chr4:138462827-138464369"
"Mouse","mm1735.0","reference","Hsp68","random","e12.5","negative","","mm10","chr2:116008645-116010002"
"Mouse","mm1736.0","reference","Hsp68","random","e12.5","positive","Branchial arch, Facial mesenchyme, Nose, Limb, Midbrain","mm10","chr6:94647419-94648994"
"Mouse","mm1737.0","reference","Hsp68","random","e12.5","positive","Forebrain","mm10","chr2:45225128-45226724"
"Mouse","mm1738.0","reference","Hsp68","random","e12.5","positive","Forebrain","mm10","chr14:21358859-21360383"
"Mouse","mm1739.0","reference","Hsp68","random","e12.5","negative","","mm10","chr10:92389223-92390741"
"Mouse","mm174.0","reference","Hsp68","random","e11.5","positive","Heart","mm10","chr7:125764048-125765353"
"Mouse","mm1740.0","reference","Hsp68","random","e12.5","negative","","mm10","chr18:56014646-56017286"
"Mouse","mm1741.0","reference","Hsp68","random","e12.5","negative","","mm10","chr2:93034856-93036972"
"Mouse","mm1742.0","reference","Hsp68","random","e12.5","negative","","mm10","chr18:13114886-13117591"
"Mouse","mm1743.0","reference","Hsp68","random","e12.5","negative","","mm10","chr6:52254790-52255363"
"Mouse","mm1744.0","reference","Hsp68","random","e12.5","negative","","mm10","chr1:89366207-89367707"
"Mouse","mm1745.0","reference","Hsp68","random","e12.5","positive","Tail","mm10","chr17:66696025-66698282"
"Mouse","mm1746.0","reference","Hsp68","random","e12.5","negative","","mm10","chr10:126985885-126987504"
"Mouse","mm1747.0","reference","Hsp68","random","e12.5","negative","","mm10","chr15:76952657-76953761"
"Mouse","mm1748.0","reference","Hsp68","random","e12.5","negative","","mm10","chr19:3668536-3670765"
"Mouse","mm1749.0","reference","Hsp68","random","e12.5","positive","Blood vessels","mm10","chr8:125083364-125084920"
"Mouse","mm1750.0","reference","Hsp68","random","e12.5","positive","Limb","mm10","chr6:143498602-143500656"
"Mouse","mm1751.0","reference","Hsp68","random","e12.5","positive","Dorsal root ganglion, Trigeminal V (ganglion, cranial)","mm10","chr8:13622329-13626370"
"Mouse","mm1752.0","reference","Hsp68","random","e12.5","negative","","mm10","chr1:61298087-61299206"
"Mouse","mm1753.0","reference","Hsp68","random","e12.5","positive","Facial mesenchyme, Limb","mm10","chr7:19216979-19219018"
"Mouse","mm1754.0","reference","Hsp68","random","e12.5","positive","Limb","mm10","chr9:55448925-55451061"
"Mouse","mm1755.0","reference","Hsp68","random","e12.5","negative","","mm10","chr9:111761739-111763964"
"Mouse","mm1756.0","reference","Hsp68","random","e12.5","positive","Midbrain","mm10","chr19:59053020-59054871"
"Mouse","mm1757.0","reference","Hsp68","random","e14.5","positive","Limb, Ear, Other","mm10","chr1:75029212-75033694"
"Mouse","mm1757.0","reference","Hsp68","random","e17.5","positive","Limb, Other","mm10","chr1:75029212-75033694"
"Mouse","mm1758.0","reference","Hsp68","random","e11.5","negative","","mm10","chr19:9953271-9956533"
"Mouse","mm1759.0","reference","Hsp68","random","e11.5","positive","Heart, Somite","mm10","chr10:80960012-80964575"
"Mouse","mm1760.0","reference","Hsp68","random","e11.5","positive","Branchial arch, Ear, Heart","mm10","chr5:35670025-35675031"
"Mouse","mm1761.0","reference","Hsp68","random","e11.5","negative","","mm10","chr1:97831086-97835851"
"Mouse","mm1762.0","reference","Hsp68","random","e11.5","negative","","mm10","chr6:91486380-91490943"
"Mouse","mm1763.0","reference","Hsp68","random","e11.5","negative","","mm10","chr7:123108007-123112240"
"Mouse","mm1764.0","reference","Hsp68","random","e11.5","negative","","mm10","chr10:24444079-24449163"
"Mouse","mm1765.0","reference","Hsp68","random","e11.5","positive","Branchial arch, Limb, Tail","mm10","chr1:163355653-163360243"
"Mouse","mm1766.0","reference","Hsp68","random","e11.5","positive","Ear","mm10","chr11:113182045-113186184"
"Mouse","mm1767.0","reference","Hsp68","random","e11.5","negative","","mm10","chr3:98919518-98923938"
"Mouse","mm1768.0","reference","Hsp68","random","e11.5","positive","Heart, Other","mm10","chr10:102998857-103002927"
"Mouse","mm1769.0","reference","Hsp68","random","e11.5","negative","","mm10","chr10:103032362-103037236"
"Mouse","mm1770.0","reference","Hsp68","random","e11.5","positive","Facial mesenchyme, Forebrain","mm10","chr10:103112486-103116795"
"Mouse","mm1771.0","reference","Hsp68","random","e11.5","negative","","mm10","chr13:55759288-55763631"
"Mouse","mm1772.0","reference","Hsp68","random","e11.5","positive","Limb","mm10","chr17:85900469-85904529"
"Mouse","mm1773.0","reference","Hsp68","random","e11.5","positive","Midbrain, Hindbrain, Trigeminal V (ganglion, cranial)","mm10","chr1:19290769-19294144"
"Mouse","mm1774.0","reference","Hsp68","random","e11.5","negative","","mm10","chr1:19765590-19769661"
"Mouse","mm1775.0","reference","Hsp68","random","e11.5","positive","Limb","mm10","chr1:57095048-57099601"
"Mouse","mm1776.0","reference","Hsp68","random","e11.5","negative","","mm10","chr12:104474597-104478957"
"Mouse","mm1777.0","reference","Hsp68","random","e11.5","negative","","mm10","chr13:49464447-49469281"
"Mouse","mm1778.0","reference","Hsp68","random","e14.5","positive","Limb","mm10","chr1:75007305-75007819"
"Mouse","mm1779.0","reference","Hsp68","random","e11.5","negative","","mm10","chr1:163360954-163365719"
"Mouse","mm178.0","reference","Hsp68","random","e11.5","positive","Heart","mm10","chr11:11961860-11962621"
"Mouse","mm1780.0","reference","Hsp68","random","e12.5","negative","","mm10","chr11:78373914-78375457"
"Mouse","mm1781.0","reference","Hsp68","random","e12.5","negative","","mm10","chr11:78376996-78378916"
"Mouse","mm1782.0","reference","Hsp68","random","e12.5","negative","","mm10","chr11:78381616-78383819"
"Mouse","mm1787.0","reference","Hsp68","random","e12.5","positive","Nose, Forebrain, Midbrain, Hindbrain, Cranial nerve, Trigeminal V (ganglion, cranial)","mm10","chr16:22428377-22430701"
"Mouse","mm1788.0","reference","Hsp68","random","e12.5","positive","Nose, Limb, Forebrain, Midbrain, Hindbrain, Neural tube, Eye, Genital tubercle","mm10","chr7:109189231-109192472"
"Mouse","mm1789.0","reference","Hsp68","random","e12.5","positive","Forebrain, Midbrain, Neural tube, Eye","mm10","chr12:53447056-53448505"
"Mouse","mm1790.0","reference","Hsp68","random","e12.5","positive","Neural tube","mm10","chr12:53061113-53063693"
"Mouse","mm1791.0","reference","Hsp68","random","e12.5","negative","","mm10","chr11:45154128-45155044"
"Mouse","mm1792.0","reference","Hsp68","random","e12.5","negative","","mm10","chr19:59646251-59647365"
"Mouse","mm1793.0","reference","Hsp68","random","e12.5","positive","Forebrain, Midbrain","mm10","chr17:47951169-47953139"
"Mouse","mm1794.0","reference","Hsp68","random","e12.5","negative","","mm10","chr6:98146913-98149830"
"Mouse","mm1795.0","reference","Hsp68","random","e12.5","positive","Forebrain, Midbrain","mm10","chr12:25022032-25023219"
"Mouse","mm1796.0","reference","Hsp68","random","e12.5","negative","","mm10","chr12:25033435-25035022"
"Mouse","mm1797.0","reference","Hsp68","random","e12.5","positive","Midbrain","mm10","chr2:38357095-38357733"
"Mouse","mm1798.0","reference","Hsp68","random","e12.5","positive","Midbrain","mm10","chr16:91191551-91192573"
"Mouse","mm1799.0","reference","Hsp68","random","e12.5","negative","","mm10","chr16:91175562-91176523"
"Mouse","mm18.0","reference","Hsp68","random","e11.5","positive","Midbrain, Heart, Liver","mm10","chr18:75501598-75505830"
"Mouse","mm180.0","reference","Hsp68","random","e11.5","positive","Other","mm10","chr13:34827568-34828899"
"Mouse","mm1800.0","reference","Hsp68","random","e12.5","positive","Midbrain, Hindbrain","mm10","chr13:94575123-94577204"
"Mouse","mm1801.0","reference","Hsp68","random","e12.5","positive","Midbrain","mm10","chr14:48417840-48420096"
"Mouse","mm1802.0","reference","Hsp68","random","e12.5","negative","","mm10","chr4:22495976-22496879"
"Mouse","mm1803.0","reference","Hsp68","random","e12.5","negative","","mm10","chr4:22833359-22834224"
"Mouse","mm1804.0","reference","Hsp68","random","e12.5","negative","","mm10","chr4:124465063-124466078"
"Mouse","mm1805.0","reference","Hsp68","random","e12.5","negative","","mm10","chr17:85393530-85394546"
"Mouse","mm1806.0","reference","Hsp68","random","e12.5","negative","","mm10","chr7:69994665-69996300"
"Mouse","mm1807.0","reference","Hsp68","random","e12.5","positive","Midbrain","mm10","chr9:117871638-117872560"
"Mouse","mm1808.0","reference","Hsp68","random","e12.5","negative","","mm10","chr9:118246565-118247770"
"Mouse","mm1809.0","reference","Hsp68","random","e12.5","positive","Forebrain, Midbrain","mm10","chr9:118475906-118477547"
"Mouse","mm181.0","reference","Hsp68","random","e11.5","negative","","mm10","chr14:69522694-69523937"
"Mouse","mm1810.0","reference","Hsp68","random","e12.5","negative","","mm10","chr9:118487141-118488732"
"Mouse","mm1811.0","reference","Hsp68","random","e12.5","positive","Forebrain, Midbrain","mm10","chr3:131159713-131161539"
"Mouse","mm1813.0","reference","Hsp68","random","e12.5","positive","Forebrain","mm10","chr2:38515105-38516080"
"Mouse","mm1814.0","reference","Hsp68","random","e12.5","positive","Nose","mm10","chr2:38823491-38824704"
"Mouse","mm1815.0","reference","Hsp68","random","e12.5","positive","Forebrain","mm10","chr6:85262620-85265828"
"Mouse","mm1816.0","reference","Hsp68","random","e12.5","positive","Forebrain, Midbrain","mm10","chr19:59043046-59044905"
"Mouse","mm1817.0","reference","Hsp68","random","e12.5","positive","Facial mesenchyme, Midbrain, Neural tube","mm10","chr1:168045735-168047264"
"Mouse","mm1818.0","reference","Hsp68","random","e12.5","positive","Forebrain, Midbrain","mm10","chr1:168245201-168247802"
"Mouse","mm1819.0","reference","Hsp68","random","e12.5","positive","Nose, Midbrain","mm10","chr1:168383567-168384732"
"Mouse","mm182.0","reference","Hsp68","random","e11.5","positive","Heart","mm10","chr2:114123392-114123882"
"Mouse","mm1820.0","reference","Hsp68","random","e12.5","negative","","mm10","chr1:168391533-168392943"
"Mouse","mm1821.0","reference","Hsp68","random","e12.5","positive","Midbrain","mm10","chr11:44832278-44834541"
"Mouse","mm1822.0","reference","Hsp68","random","e11.5","negative","","mm10","chr2:174897866-174900550"
"Mouse","mm1823.0","reference","Hsp68","random","e11.5","positive","Branchial arch, Limb, Midbrain, Heart, Somite, Other","mm10","chr1:92784979-92788131"
"Mouse","mm1824.0","reference","Hsp68","random","e11.5","positive","Tail, Dorsal root ganglion, Trigeminal V (ganglion, cranial)","mm10","chr13:15207936-15210467"
"Mouse","mm1825.0","reference","Hsp68","random","e11.5","negative","","mm10","chr13:15551713-15553703"
"Mouse","mm1826.0","reference","Hsp68","random","e11.5","negative","","mm10","chr13:15624169-15625580"
"Mouse","mm1827.0","reference","Hsp68","random","e11.5","positive","Hindbrain","mm10","chr13:15866642-15869682"
"Mouse","mm1828.0","reference","Hsp68","random","e10.5","positive","Genital tubercle","mm10","chr8:57093557-57095637"
"Mouse","mm1828.0","reference","Hsp68","random","e11.5","positive","Limb","mm10","chr8:57093557-57095637"
"Mouse","mm1828.0","reference","Shh","targeted (H11)","e11.5","positive","Limb","mm10","chr8:57093557-57095637"
"Mouse","mm1828.1","PBX mutated sites","Shh","targeted (H11)","e11.5","allelic","","mm10","chr8:57093557-57095637"
"Mouse","mm1829.0","reference","Hsp68","random","e11.5","negative","","mm10","chr8:57110606-57112872"
"Mouse","mm183.0","reference","Hsp68","random","e11.5","positive","Heart","mm10","chr7:143112063-143112968"
"Mouse","mm1830.0","reference","Hsp68","random","e10.5","positive","Neural tube","mm10","chr8:57133303-57135264"
"Mouse","mm1830.0","reference","Hsp68","random","e11.5","positive","Limb","mm10","chr8:57133303-57135264"
"Mouse","mm1831.0","reference","Hsp68","random","e10.5","negative","","mm10","chr8:56961473-56963974"
"Mouse","mm1831.0","reference","Hsp68","random","e11.5","positive","Limb","mm10","chr8:56961473-56963974"
"Mouse","mm1832.0","reference","Hsp68","random","e11.5","positive","Midbrain","mm10","chr8:56706436-56707834"
"Mouse","mm1833.0","reference","Hsp68","random","e11.5","negative","","mm10","chr8:57404702-57405866"
"Mouse","mm1834.0","reference","Hsp68","random","e11.5","negative","","mm10","chr13:15620797-15622322"
"Mouse","mm1837.0","reference","Hsp68","random","e11.5","positive","Limb","mm10","chr3:66572737-66575972"
"Mouse","mm1838.0","reference","Hsp68","random","e11.5","positive","Dorsal root ganglion","mm10","chr3:66514951-66516766"
"Mouse","mm1839.0","reference","Hsp68","random","e11.5","positive","Cranial nerve","mm10","chr3:66478804-66481844"
"Mouse","mm1842.0","reference","Hsp68","random","e11.5","negative","","mm10","chr3:66400179-66402689"
"Mouse","mm1843.0","reference","Hsp68","random","e11.5","positive","Branchial arch","mm10","chr3:66373217-66376355"
"Mouse","mm1845.0","reference","Hsp68","random","e11.5","positive","Limb","mm10","chr3:66535471-66538432"
"Mouse","mm1846.0","reference","Hsp68","random","e11.5","positive","Facial mesenchyme","mm10","chr3:66504602-66507425"
"Mouse","mm1849.0","reference","Hsp68","random","e11.5","positive","Neural tube, Cranial nerve","mm10","chr3:66797249-66799734"
"Mouse","mm1852.0","reference","Hsp68","random","e11.5","positive","Branchial arch","mm10","chr3:66682968-66686134"
"Mouse","mm1853.0","reference","Hsp68","random","e11.5","negative","","mm10","chr3:66650021-66654428"
"Mouse","mm1855.0","reference","Shh","targeted (H11)","e11.5","negative","","mm10","chr13:15047615-15052370"
"Mouse","mm1857.0","reference","Shh","targeted (H11)","e11.5","negative","","mm10","chr13:15061579-15066252"
"Mouse","mm1858.0","reference","Shh","targeted (H11)","e11.5","negative","","mm10","chr13:15070653-15075362"
"Mouse","mm1859.0","reference","Shh","targeted (H11)","e11.5","positive","Branchial arch, Nose, Limb, Genital tubercle, Other","mm10","chr13:15078994-15084181"
"Mouse","mm186.0","reference","Hsp68","random","e11.5","positive","Heart","mm10","chr5:21329158-21331111"
"Mouse","mm1860.0","reference","Shh","targeted (H11)","e11.5","negative","","mm10","chr13:15087467-15092259"
"Mouse","mm1861.0","reference","Shh","targeted (H11)","e11.5","negative","","mm10","chr13:15100726-15105528"
"Mouse","mm1862.0","reference","Shh","targeted (H11)","e11.5","positive","Branchial arch, Forebrain, Midbrain, Hindbrain, Neural tube, Eye","mm10","chr13:15105355-15110659"
"Mouse","mm1863.0","reference","Shh","targeted (H11)","e11.5","negative","","mm10","chr13:15110343-15115980"
"Mouse","mm1864.0","reference","Shh","targeted (H11)","e11.5","negative","","mm10","chr13:15125182-15129892"
"Mouse","mm1865.0","reference","Shh","targeted (H11)","e11.5","negative","","mm10","chr13:15148622-15154081"
"Mouse","mm1866.0","reference","Shh","targeted (H11)","e11.5","negative","","mm10","chr13:15158004-15163338"
"Mouse","mm1868.0","reference","Shh","targeted (H11)","e11.5","negative","","mm10","chr13:15167864-15173558"
"Mouse","mm1869.0","reference","Shh","targeted (H11)","e11.5","negative","","mm10","chr13:15192430-15197683"
"Mouse","mm187.0","reference","Hsp68","random","e11.5","positive","Heart","mm10","chr5:92627753-92628375"
"Mouse","mm1870.0","reference","Shh","targeted (H11)","e11.5","negative","","mm10","chr13:15197305-15202232"
"Mouse","mm1871.0","reference","Shh","targeted (H11)","e11.5","negative","","mm10","chr13:15201990-15207365"
"Mouse","mm1872.0","reference","Shh","targeted (H11)","e11.5","negative","","mm10","chr13:15210733-15215735"
"Mouse","mm1873.0","reference","Shh","targeted (H11)","e11.5","positive","Genital tubercle","mm10","chr13:15219892-15224925"
"Mouse","mm1874.0","reference","Shh","targeted (H11)","e11.5","positive","Somite","mm10","chr13:15224459-15230035"
"Mouse","mm1875.0","reference","Shh","targeted (H11)","e11.5","negative","","mm10","chr13:15229606-15234638"
"Mouse","mm1876.0","reference","Shh","targeted (H11)","e11.5","negative","","mm10","chr13:15239127-15244261"
"Mouse","mm1877.0","reference","Shh","targeted (H11)","e11.5","negative","","mm10","chr13:15260152-15264911"
"Mouse","mm1878.0","reference","Shh","targeted (H11)","e11.5","negative","","mm10","chr13:15273681-15279163"
"Mouse","mm1879.0","reference","Shh","targeted (H11)","e11.5","positive","Forebrain, Midbrain, Hindbrain, Neural tube","mm10","chr13:15278043-15283252"
"Mouse","mm1880.0","reference","Shh","targeted (H11)","e11.5","negative","","mm10","chr13:15302504-15307142"
"Mouse","mm1881.0","reference","Shh","targeted (H11)","e11.5","negative","","mm10","chr13:15306675-15311177"
"Mouse","mm1883.0","reference","Shh","targeted (H11)","e11.5","negative","","mm10","chr13:15319414-15324604"
"Mouse","mm1884.0","reference","Shh","targeted (H11)","e11.5","negative","","mm10","chr13:15324129-15329189"
"Mouse","mm1885.0","reference","Shh","targeted (H11)","e11.5","negative","","mm10","chr13:15328672-15333866"
"Mouse","mm1886.0","reference","Shh","targeted (H11)","e11.5","negative","","mm10","chr13:15338240-15342263"
"Mouse","mm1887.0","reference","Shh","targeted (H11)","e11.5","positive","Limb","mm10","chr13:15342052-15347318"
"Mouse","mm1888.0","reference","Shh","targeted (H11)","e11.5","negative","","mm10","chr13:15351857-15356402"
"Mouse","mm1889.0","reference","Shh","targeted (H11)","e11.5","positive","Limb","mm10","chr13:15354715-15360113"
"Mouse","mm1890.0","reference","Shh","targeted (H11)","e11.5","negative","","mm10","chr13:15358923-15364445"
"Mouse","mm1891.0","reference","Shh","targeted (H11)","e11.5","negative","","mm10","chr13:15368562-15373532"
"Mouse","mm1892.0","reference","Shh","targeted (H11)","e11.5","positive","Ear","mm10","chr13:15377986-15382881"
"Mouse","mm1893.0","reference","Shh","targeted (H11)","e11.5","positive","Forebrain, Hindbrain","mm10","chr13:15391181-15395886"
"Mouse","mm1894.0","reference","Shh","targeted (H11)","e11.5","negative","","mm10","chr13:15404562-15409598"
"Mouse","mm1895.0","reference","Shh","targeted (H11)","e11.5","negative","","mm10","chr13:15413551-15418618"
"Mouse","mm1896.0","reference","Shh","targeted (H11)","e11.5","positive","Nose","mm10","chr13:15418101-15423221"
"Mouse","mm1897.0","reference","Shh","targeted (H11)","e11.5","positive","Branchial arch, Cranial nerve, Heart","mm10","chr13:15422725-15427678"
"Mouse","mm1898.0","reference","Shh","targeted (H11)","e11.5","negative","","mm10","chr13:15432113-15436834"
"Mouse","mm19.0","reference","Hsp68","random","e11.5","negative","","mm10","chr3:88138105-88141063"
"Mouse","mm190.0","reference","Hsp68","random","e11.5","positive","Heart","mm10","chr9:70834536-70835232"
"Mouse","mm1900.0","reference","Shh","targeted (H11)","e11.5","negative","","mm10","chr13:15474478-15479074"
"Mouse","mm1901.0","reference","Shh","targeted (H11)","e11.5","negative","","mm10","chr13:15478780-15483310"
"Mouse","mm1902.0","reference","Shh","targeted (H11)","e11.5","positive","Branchial arch, Forebrain, Midbrain, Hindbrain","mm10","chr13:15483223-15488000"
"Mouse","mm1903.0","reference","Shh","targeted (H11)","e11.5","negative","","mm10","chr13:15487723-15492899"
"Mouse","mm1904.0","reference","Shh","targeted (H11)","e11.5","negative","","mm10","chr13:15492619-15496856"
"Mouse","mm1905.0","reference","Shh","targeted (H11)","e11.5","negative","","mm10","chr13:15496595-15501320"
"Mouse","mm1906.0","reference","Shh","targeted (H11)","e11.5","positive","Branchial arch, Limb, Ear, Midbrain, Hindbrain, Trigeminal V (ganglion, cranial), Eye, Genital tubercle, Other","mm10","chr13:15501067-15505862"
"Mouse","mm1907.0","reference","Shh","targeted (H11)","e11.5","negative","","mm10","chr13:15509942-15514396"
"Mouse","mm1908.0","reference","Shh","targeted (H11)","e11.5","negative","","mm10","chr13:15518449-15523102"
"Mouse","mm1909.0","reference","Shh","targeted (H11)","e11.5","negative","","mm10","chr13:15526758-15531408"
"Mouse","mm191.0","reference","Hsp68","random","e11.5","negative","","mm10","chr15:79323558-79324112"
"Mouse","mm1910.0","reference","Shh","targeted (H11)","e11.5","negative","","mm10","chr13:15522324-15526888"
"Mouse","mm1911.0","reference","Shh","targeted (H11)","e11.5","positive","Branchial arch, Ear","mm10","chr13:15535421-15540093"
"Mouse","mm1912.0","reference","Shh","targeted (H11)","e11.5","positive","Facial mesenchyme, Forebrain","mm10","chr13:15553756-15558617"
"Mouse","mm1913.0","reference","Shh","targeted (H11)","e11.5","negative","","mm10","chr13:15558043-15562839"
"Mouse","mm1914.0","reference","Shh","targeted (H11)","e11.5","negative","","mm10","chr13:15562611-15567243"
"Mouse","mm1915.0","reference","Shh","targeted (H11)","e11.5","positive","Branchial arch, Nose, Midbrain, Heart","mm10","chr13:15566506-15571780"
"Mouse","mm1916.0","reference","Shh","targeted (H11)","e11.5","positive","Branchial arch, Nose, Midbrain, Heart","mm10","chr13:15570849-15575700"
"Mouse","mm1917.0","reference","Shh","targeted (H11)","e11.5","positive","Branchial arch","mm10","chr13:15575347-15580762"
"Mouse","mm1918.0","reference","Shh","targeted (H11)","e11.5","negative","","mm10","chr13:15584406-15589205"
"Mouse","mm1919.0","reference","Shh","targeted (H11)","e11.5","negative","","mm10","chr13:15593361-15597900"
"Mouse","mm192.0","reference","Hsp68","random","e11.5","positive","Heart, Somite","mm10","chr13:41643216-41644683"
"Mouse","mm1920.0","reference","Shh","targeted (H11)","e11.5","negative","","mm10","chr13:15597464-15602664"
"Mouse","mm1921.0","reference","Shh","targeted (H11)","e11.5","negative","","mm10","chr13:15605927-15610515"
"Mouse","mm1922.0","reference","Shh","targeted (H11)","e11.5","negative","","mm10","chr13:15613656-15618756"
"Mouse","mm1923.0","reference","Shh","targeted (H11)","e11.5","positive","Eye","mm10","chr13:15617322-15622705"
"Mouse","mm1924.0","reference","Shh","targeted (H11)","e11.5","negative","","mm10","chr13:15626547-15632244"
"Mouse","mm1925.0","reference","Shh","targeted (H11)","e11.5","negative","","mm10","chr13:15631452-15636454"
"Mouse","mm1926.0","reference","Shh","targeted (H11)","e11.5","negative","","mm10","chr13:15635901-15641216"
"Mouse","mm1927.0","reference","Shh","targeted (H11)","e11.5","negative","","mm10","chr13:15640226-15645431"
"Mouse","mm1928.0","reference","Shh","targeted (H11)","e11.5","negative","","mm10","chr13:15649814-15655007"
"Mouse","mm1929.0","reference","Shh","targeted (H11)","e11.5","negative","","mm10","chr13:15654465-15659246"
"Mouse","mm193.0","reference","Hsp68","random","e11.5","negative","","mm10","chr13:43195920-43197078"
"Mouse","mm1930.0","reference","Shh","targeted (H11)","e11.5","negative","","mm10","chr13:15669504-15674739"
"Mouse","mm1931.0","reference","Shh","targeted (H11)","e11.5","negative","","mm10","chr13:15674186-15678827"
"Mouse","mm1932.0","reference","Shh","targeted (H11)","e11.5","negative","","mm10","chr13:15688509-15693331"
"Mouse","mm1933.0","reference","Shh","targeted (H11)","e11.5","negative","","mm10","chr13:15697375-15702522"
"Mouse","mm1935.0","reference","Shh","targeted (H11)","e11.5","positive","Forebrain, Midbrain, Hindbrain, Neural tube","mm10","chr13:15711742-15716673"
"Mouse","mm1936.0","reference","Shh","targeted (H11)","e11.5","negative","","mm10","chr13:15715884-15720293"
"Mouse","mm1937.0","reference","Shh","targeted (H11)","e11.5","negative","","mm10","chr13:15720117-15724221"
"Mouse","mm1938.0","reference","Shh","targeted (H11)","e11.5","negative","","mm10","chr13:15728019-15732827"
"Mouse","mm1939.0","reference","Shh","targeted (H11)","e11.5","negative","","mm10","chr13:15750111-15754646"
"Mouse","mm194.0","reference","Hsp68","random","e11.5","positive","Midbrain, Heart","mm10","chr2:32127733-32128586"
"Mouse","mm1940.0","reference","Shh","targeted (H11)","e11.5","positive","Hindbrain, Other","mm10","chr13:15754222-15759133"
"Mouse","mm1941.0","reference","Shh","targeted (H11)","e11.5","positive","Ear","mm10","chr13:15762280-15766698"
"Mouse","mm1942.0","reference","Shh","targeted (H11)","e11.5","negative","","mm10","chr13:15038845-15043750"
"Mouse","mm1943.0","reference","Shh","targeted (H11)","e11.5","negative","","mm10","chr13:15043495-15048269"
"Mouse","mm1944.0","reference","Shh","targeted (H11)","e11.5","negative","","mm10","chr13:15021834-15026527"
"Mouse","mm1945.0","reference","Shh","targeted (H11)","e11.5","negative","","mm10","chr13:15026296-15031055"
"Mouse","mm1946.0","reference","Shh","targeted (H11)","e11.5","negative","","mm10","chr13:15012784-15017688"
"Mouse","mm1947.0","reference","Shh","targeted (H11)","e11.5","positive","Hindbrain, Other","mm10","chr13:15008720-15013622"
"Mouse","mm1948.0","reference","Shh","targeted (H11)","e11.5","negative","","mm10","chr13:14996110-15000324"
"Mouse","mm1949.0","reference","Shh","targeted (H11)","e11.5","negative","","mm10","chr13:14999871-15004942"
"Mouse","mm195.0","reference","Hsp68","random","e11.5","negative","","mm10","chr19:46618498-46619735"
"Mouse","mm1950.0","reference","Shh","targeted (H11)","e11.5","negative","","mm10","chr13:14991685-14996430"
"Mouse","mm1951.0","reference","Shh","targeted (H11)","e11.5","negative","","mm10","chr13:14979350-14983691"
"Mouse","mm1952.0","reference","Shh","targeted (H11)","e11.5","negative","","mm10","chr13:14983080-14987969"
"Mouse","mm1953.0","reference","Shh","targeted (H11)","e11.5","negative","","mm10","chr13:14969691-14974824"
"Mouse","mm1954.0","reference","Shh","targeted (H11)","e11.5","negative","","mm10","chr13:14961069-14965845"
"Mouse","mm1955.0","reference","Shh","targeted (H11)","e11.5","negative","","mm10","chr13:14965597-14970349"
"Mouse","mm1956.0","reference","Shh","targeted (H11)","e11.5","negative","","mm10","chr13:14952269-14957098"
"Mouse","mm1957.0","reference","Shh","targeted (H11)","e11.5","negative","","mm10","chr13:14956828-14961783"
"Mouse","mm1958.0","reference","Shh","targeted (H11)","e11.5","negative","","mm10","chr13:14943853-14948768"
"Mouse","mm1959.0","reference","Shh","targeted (H11)","e11.5","negative","","mm10","chr13:14929398-14934479"
"Mouse","mm196.0","reference","Hsp68","random","e11.5","positive","Heart","mm10","chr8:120292016-120294793"
"Mouse","mm1960.0","reference","Shh","targeted (H11)","e11.5","negative","","mm10","chr13:14924224-14929588"
"Mouse","mm1961.0","reference","Shh","targeted (H11)","e11.5","negative","","mm10","chr13:14915082-14920082"
"Mouse","mm1962.0","reference","Shh","targeted (H11)","e11.5","negative","","mm10","chr13:15453662-15459379"
"Mouse","mm1963.0","reference","Shh","targeted (H11)","e11.5","positive","Facial mesenchyme, Nose","mm10","chr13:15441032-15447769"
"Mouse","mm1966.0","reference","Shh","targeted (H11)","e11.5","negative","","mm10","chr13:15096258-15101273"
"Mouse","mm1967.0","reference","Shh","targeted (H11)","e11.5","negative","","mm10","chr13:15115413-15121022"
"Mouse","mm1968.0","reference","Shh","targeted (H11)","e11.5","negative","","mm10","chr13:15153686-15158727"
"Mouse","mm1969.0","reference","Shh","targeted (H11)","e11.5","positive","Ear, Tail, Dorsal root ganglion, Trigeminal V (ganglion, cranial), Genital tubercle","mm10","chr13:15206895-15211138"
"Mouse","mm1970.0","reference","Shh","targeted (H11)","e11.5","negative","","mm10","chr13:15297442-15302870"
"Mouse","mm1971.0","reference","Shh","targeted (H11)","e11.5","negative","","mm10","chr13:15382006-15387356"
"Mouse","mm1972.0","reference","Shh","targeted (H11)","e11.5","negative","","mm10","chr13:15399373-15404811"
"Mouse","mm1973.0","reference","Shh","targeted (H11)","e11.5","negative","","mm10","chr13:15408604-15413747"
"Mouse","mm1974.0","reference","Shh","targeted (H11)","e11.5","negative","","mm10","chr13:15447406-15454911"
"Mouse","mm1975.0","reference","Shh","targeted (H11)","e11.5","negative","","mm10","chr13:15505305-15510317"
"Mouse","mm1976.0","reference","Shh","targeted (H11)","e11.5","negative","","mm10","chr13:15530843-15535806"
"Mouse","mm1977.0","reference","Shh","targeted (H11)","e11.5","positive","Limb, Forebrain","mm10","chr13:15548946-15554257"
"Mouse","mm1978.0","reference","Shh","targeted (H11)","e11.5","negative","","mm10","chr13:15580102-15584812"
"Mouse","mm1979.0","reference","Shh","targeted (H11)","e11.5","negative","","mm10","chr13:15609434-15614048"
"Mouse","mm1980.0","reference","Shh","targeted (H11)","e11.5","negative","","mm10","chr13:15621870-15626949"
"Mouse","mm1981.0","reference","Shh","targeted (H11)","e11.5","negative","","mm10","chr13:15745526-15750531"
"Mouse","mm1982.0","reference","Shh","targeted (H11)","e11.5","negative","","mm10","chr13:15034775-15039500"
"Mouse","mm1983.0","reference","Shh","targeted (H11)","e11.5","negative","","mm10","chr13:14987045-14991762"
"Mouse","mm1984.0","reference","Shh","targeted (H11)","e11.5","negative","","mm10","chr13:14948289-14953105"
"Mouse","mm1985.0","reference","Shh","targeted (H11)","e11.5","negative","","mm10","chr13:14939033-14944070"
"Mouse","mm1986.0","reference","Shh","targeted (H11)","e14.5","positive","Branchial arch","mm10","chr1:72877559-72879442"
"Mouse","mm1988.0","reference","Shh","targeted (H11)","e14.5","positive","Limb, Other","mm10","chr8:72287700-72291415"
"Mouse","mm1989.0","reference","Shh","targeted (H11)","e14.5","positive","Limb","mm10","chr11:113084311-113086270"
"Mouse","mm1990.0","reference","Shh","targeted (H11)","e14.5","positive","Limb","mm10","chr6:136917347-136918839"
"Mouse","mm1991.0","reference","Shh","targeted (H11)","e14.5","positive","Nose, Limb, Ear, Tail","mm10","chr3:113698497-113700076"
"Mouse","mm1992.0","reference","Shh","targeted (H11)","e14.5","negative","","mm10","chr5:134749926-134751400"
"Mouse","mm1993.0","reference","Shh","targeted (H11)","e14.5","positive","Forebrain, Hindbrain","mm10","chr11:112976318-112977794"
"Mouse","mm1994.0","reference","Shh","targeted (H11)","e14.5","negative","","mm10","chr5:134789759-134791387"
"Mouse","mm1995.0","reference","Shh","targeted (H11)","e14.5","positive","Limb","mm10","chr11:94872210-94874162"
"Mouse","mm1996.0","reference","Shh","targeted (H11)","e11.5","negative","","mm10","chr9:58805567-58806744"
"Mouse","mm1997.0","reference","Shh","targeted (H11)","e11.5","positive","Heart","mm10","chr9:58807091-58808718"
"Mouse","mm1998.0","reference","Shh","targeted (H11)","e11.5","negative","","mm10","chr13:117710391-117711535"
"Mouse","mm1999.0","reference","Shh","targeted (H11)","e11.5","positive","Heart","mm10","chr17:14516386-14518294"
"Mouse","mm2.0","reference","Hsp68","random","e11.5","negative","","mm10","chr15:52334873-52335444"
"Mouse","mm20.0","reference","Hsp68","random","e11.5","negative","","mm10","chr6:141294810-141295982"
"Mouse","mm200.0","reference","Hsp68","random","e11.5","positive","Heart","mm10","chr10:80773813-80774999"
"Mouse","mm2000.0","reference","Shh","targeted (H11)","e11.5","negative","","mm10","chr3:66650280-66651384"
"Mouse","mm2002.0","reference","Shh","targeted (H11)","e11.5","negative","","mm10","chr7:96645325-96646277"
"Mouse","mm2003.0","reference","Shh","targeted (H11)","e11.5","positive","Tail, Cranial nerve, Somite","mm10","chr7:96650860-96653624"
"Mouse","mm2004.0","reference","Shh","targeted (H11)","e11.5","negative","","mm10","chr11:119662831-119664888"
"Mouse","mm2005.0","reference","Shh","targeted (H11)","e11.5","negative","","mm10","chr7:115372934-115375715"
"Mouse","mm2006.0","reference","Shh","targeted (H11)","e11.5","negative","","mm10","chr11:119576549-119578239"
"Mouse","mm2007.0","reference","Shh","targeted (H11)","e11.5","positive","Heart","mm10","chr7:136037915-136040176"
"Mouse","mm2008.0","reference","Shh","targeted (H11)","e11.5","negative","","mm10","chr4:41675553-41678471"
"Mouse","mm2009.0","reference","Shh","targeted (H11)","e11.5","negative","","mm10","chr8:46219988-46221292"
"Mouse","mm201.0","reference","Hsp68","random","e11.5","negative","","mm10","chr11:57962142-57963143"
"Mouse","mm2010.0","reference","Shh","targeted (H11)","e11.5","positive","Heart","mm10","chr3:152028522-152029928"
"Mouse","mm2011.0","reference","Shh","targeted (H11)","e11.5","positive","Heart","mm10","chr12:83015854-83017524"
"Mouse","mm2012.0","reference","Shh","targeted (H11)","e11.5","negative","","mm10","chr9:58757819-58760044"
"Mouse","mm2013.0","reference","Shh","targeted (H11)","e11.5","negative","","mm10","chr13:15347122-15352381"
"Mouse","mm2014.0","reference","Shh","targeted (H11)","e11.5","negative","","mm10","chr13:15363636-15368896"
"Mouse","mm2015.0","reference","Shh","targeted (H11)","e11.5","negative","","mm10","chr13:15386757-15391502"
"Mouse","mm2016.0","reference","Shh","targeted (H11)","e11.5","negative","","mm10","chr13:15395296-15400565"
"Mouse","mm2017.0","reference","Shh","targeted (H11)","e11.5","negative","","mm10","chr13:15436340-15441269"
"Mouse","mm2018.0","reference","Shh","targeted (H11)","e11.5","positive","Limb","mm10","chr13:15469957-15475212"
"Mouse","mm2019.0","reference","Shh","targeted (H11)","e11.5","positive","Forebrain, Midbrain, Hindbrain, Neural tube","mm10","chr13:15539214-15545868"
"Mouse","mm2020.0","reference","Shh","targeted (H11)","e11.5","negative","","mm10","chr13:15545387-15548967"
"Mouse","mm2021.0","reference","Shh","targeted (H11)","e11.5","negative","","mm10","chr13:15588566-15593803"
"Mouse","mm2022.0","reference","Shh","targeted (H11)","e11.5","positive","Branchial arch, Nose, Limb, Tail, Forebrain, Midbrain, Hindbrain, Neural tube, Eye","mm10","chr13:15602094-15606909"
"Mouse","mm2023.0","reference","Shh","targeted (H11)","e11.5","negative","","mm10","chr13:15644973-15650317"
"Mouse","mm2024.0","reference","Shh","targeted (H11)","e11.5","positive","Limb, Ear, Other","mm10","chr13:15659071-15664159"
"Mouse","mm2025.0","reference","Shh","targeted (H11)","e11.5","negative","","mm10","chr13:15678608-15683744"
"Mouse","mm2026.0","reference","Shh","targeted (H11)","e11.5","negative","","mm10","chr13:15682724-15688610"
"Mouse","mm2027.0","reference","Shh","targeted (H11)","e11.5","negative","","mm10","chr13:15693175-15698205"
"Mouse","mm2028.0","reference","Shh","targeted (H11)","e11.5","positive","Forebrain","mm10","chr13:15706968-15711848"
"Mouse","mm2029.0","reference","Shh","targeted (H11)","e11.5","negative","","mm10","chr13:15723819-15728392"
"Mouse","mm2030.0","reference","Shh","targeted (H11)","e11.5","negative","","mm10","chr13:15731278-15737044"
"Mouse","mm2031.0","reference","Shh","targeted (H11)","e11.5","negative","","mm10","chr13:15736042-15741399"
"Mouse","mm2032.0","reference","Shh","targeted (H11)","e11.5","negative","","mm10","chr13:15740480-15745547"
"Mouse","mm2033.0","reference","Shh","targeted (H11)","e11.5","negative","","mm10","chr13:15766392-15771539"
"Mouse","mm2034.0","reference","Shh","targeted (H11)","e11.5","negative","","mm10","chr13:15771222-15777144"
"Mouse","mm2035.0","reference","Shh","targeted (H11)","e11.5","negative","","mm10","chr13:15776373-15780982"
"Mouse","mm2036.0","reference","Shh","targeted (H11)","e11.5","negative","","mm10","chr13:15017389-15022260"
"Mouse","mm2037.0","reference","Shh","targeted (H11)","e11.5","negative","","mm10","chr13:15004516-15009237"
"Mouse","mm2038.0","reference","Shh","targeted (H11)","e11.5","negative","","mm10","chr13:14974641-14979583"
"Mouse","mm2039.0","reference","Shh","targeted (H11)","e11.5","negative","","mm10","chr13:14919440-14924679"
"Mouse","mm2040.0","reference","Shh","targeted (H11)","e11.5","negative","","mm10","chr13:14910685-14915702"
"Mouse","mm2041.0","reference","Shh","targeted (H11)","e11.5","negative","","mm10","chr13:14905169-14910775"
"Mouse","mm2042.0","reference","Shh","targeted (H11)","e11.5","negative","","mm10","chr13:14900470-14905478"
"Mouse","mm2043.0","reference","Shh","targeted (H11)","e11.5","negative","","mm10","chr13:14890817-14896301"
"Mouse","mm2044.0","reference","Shh","targeted (H11)","e11.5","negative","","mm10","chr13:14880756-14885995"
"Mouse","mm2045.0","reference","Shh","targeted (H11)","e11.5","positive","Branchial arch, Forebrain","mm10","chr13:14875949-14881117"
"Mouse","mm2046.0","reference","Shh","targeted (H11)","e11.5","negative","","mm10","chr13:14871100-14876130"
"Mouse","mm2047.0","reference","Shh","targeted (H11)","e11.5","negative","","mm10","chr13:14866085-14871470"
"Mouse","mm2048.0","reference","Shh","targeted (H11)","e11.5","negative","","mm10","chr13:14856118-14861127"
"Mouse","mm2049.0","reference","Shh","targeted (H11)","e11.5","negative","","mm10","chr13:14851381-14856455"
"Mouse","mm2050.0","reference","Shh","targeted (H11)","e11.5","negative","","mm10","chr13:14846642-14851716"
"Mouse","mm2051.0","reference","Shh","targeted (H11)","e11.5","negative","","mm10","chr13:14841403-14846862"
"Mouse","mm2052.0","reference","Shh","targeted (H11)","e11.5","negative","","mm10","chr13:14836570-14841844"
"Mouse","mm2053.0","reference","Shh","targeted (H11)","e11.5","negative","","mm10","chr13:14826963-14832204"
"Mouse","mm2054.0","reference","Shh","targeted (H11)","e11.5","negative","","mm10","chr13:14821944-14827358"
"Mouse","mm2055.0","reference","Shh","targeted (H11)","e11.5","negative","","mm10","chr13:14816913-14822151"
"Mouse","mm2056.0","reference","Shh","targeted (H11)","e11.5","negative","","mm10","chr13:14812173-14817313"
"Mouse","mm2057.0","reference","Shh","targeted (H11)","e11.5","negative","","mm10","chr13:14807373-14812494"
"Mouse","mm2058.0","reference","Shh","targeted (H11)","e11.5","negative","","mm10","chr13:14792480-14797926"
"Mouse","mm2059.0","reference","Shh","targeted (H11)","e11.5","positive","Midbrain, Neural tube","mm10","chr13:14787660-14793048"
"Mouse","mm2060.0","reference","Shh","targeted (H11)","e11.5","negative","","mm10","chr13:14777921-14783096"
"Mouse","mm2061.0","reference","Shh","targeted (H11)","e11.5","negative","","mm10","chr13:14758578-14763894"
"Mouse","mm2062.0","reference","Shh","targeted (H11)","e11.5","negative","","mm10","chr13:14733886-14739186"
"Mouse","mm2063.0","reference","Shh","targeted (H11)","e11.5","negative","","mm10","chr13:14728859-14734326"
"Mouse","mm2064.0","reference","Shh","targeted (H11)","e11.5","negative","","mm10","chr13:14723863-14729105"
"Mouse","mm2065.0","reference","Shh","targeted (H11)","e11.5","negative","","mm10","chr13:14719097-14724249"
"Mouse","mm2066.0","reference","Shh","targeted (H11)","e11.5","negative","","mm10","chr13:14714267-14719523"
"Mouse","mm2067.0","reference","Shh","targeted (H11)","e11.5","negative","","mm10","chr13:14709364-14714468"
"Mouse","mm2068.0","reference","Shh","targeted (H11)","e11.5","negative","","mm10","chr13:14704284-14709747"
"Mouse","mm2069.0","reference","Shh","targeted (H11)","e11.5","negative","","mm10","chr13:14699365-14704573"
"Mouse","mm2070.0","reference","Shh","targeted (H11)","e11.5","negative","","mm10","chr13:14689596-14694744"
"Mouse","mm2071.0","reference","Shh","targeted (H11)","e11.5","negative","","mm10","chr13:14684752-14690058"
"Mouse","mm2072.0","reference","Shh","targeted (H11)","e11.5","negative","","mm10","chr13:14679658-14684970"
"Mouse","mm2073.0","reference","Shh","targeted (H11)","e11.5","negative","","mm10","chr13:14674606-14679912"
"Mouse","mm2074.0","reference","Shh","targeted (H11)","e11.5","positive","Facial mesenchyme","mm10","chr13:14669878-14675087"
"Mouse","mm2075.0","reference","Shh","targeted (H11)","e11.5","negative","","mm10","chr13:14664766-14670140"
"Mouse","mm2076.0","reference","Shh","targeted (H11)","e11.5","negative","","mm10","chr13:14660219-14665547"
"Mouse","mm2077.0","reference","Shh","targeted (H11)","e11.5","negative","","mm10","chr13:14655343-14660594"
"Mouse","mm2078.0","reference","Shh","targeted (H11)","e11.5","negative","","mm10","chr13:14640829-14646066"
"Mouse","mm2079.0","reference","Shh","targeted (H11)","e11.5","negative","","mm10","chr13:14635984-14641308"
"Mouse","mm2080.0","reference","Shh","targeted (H11)","e11.5","positive","Limb, Other","mm10","chr13:14626494-14631743"
"Mouse","mm2081.0","reference","Shh","targeted (H11)","e11.5","negative","","mm10","chr13:15082855-15087849"
"Mouse","mm2082.0","reference","Shh","targeted (H11)","e11.5","negative","","mm10","chr13:15120637-15125881"
"Mouse","mm2083.0","reference","Shh","targeted (H11)","e11.5","negative","","mm10","chr13:15172969-15178202"
"Mouse","mm2084.0","reference","Shh","targeted (H11)","e11.5","positive","Tail, Neural tube","mm10","chr13:15177943-15183579"
"Mouse","mm2085.0","reference","Shh","targeted (H11)","e11.5","negative","","mm10","chr13:15182912-15188099"
"Mouse","mm2086.0","reference","Shh","targeted (H11)","e11.5","negative","","mm10","chr13:15187594-15192697"
"Mouse","mm2087.0","reference","Shh","targeted (H11)","e11.5","negative","","mm10","chr13:15243588-15248324"
"Mouse","mm2088.0","reference","Shh","targeted (H11)","e11.5","negative","","mm10","chr13:15264594-15269694"
"Mouse","mm2089.0","reference","Shh","targeted (H11)","e11.5","negative","","mm10","chr13:15292874-15298022"
"Mouse","mm2090.0","reference","Shh","targeted (H11)","e11.5","negative","","mm10","chr13:15314782-15319695"
"Mouse","mm2091.0","reference","Shh","targeted (H11)","e11.5","negative","","mm10","chr9:63703814-63708564"
"Mouse","mm2092.0","reference","Shh","targeted (H11)","e11.5","negative","","mm10","chr9:63743776-63748466"
"Mouse","mm2093.0","reference","Shh","targeted (H11)","e11.5","positive","Forebrain, Hindbrain, Neural tube","mm10","chr9:63752842-63757554"
"Mouse","mm2094.0","reference","Shh","targeted (H11)","e11.5","negative","","mm10","chr9:63788431-63793113"
"Mouse","mm2095.0","reference","Shh","targeted (H11)","e11.5","negative","","mm10","chr9:63881795-63886618"
"Mouse","mm2096.0","reference","Shh","targeted (H11)","e11.5","negative","","mm10","chr9:63903964-63908650"
"Mouse","mm2097.0","reference","Shh","targeted (H11)","e11.5","positive","Limb, Heart, Genital tubercle, Other","mm10","chr9:63912864-63917663"
"Mouse","mm2098.0","reference","Shh","targeted (H11)","e11.5","negative","","mm10","chr9:63681763-63685759"
"Mouse","mm2099.0","reference","Hsp68","random","e11.5","negative","","mm10","chr3:66590716-66594023"
"Mouse","mm21.0","reference","Hsp68","random","e11.5","positive","Midbrain, Heart","mm10","chr8:84728905-84732705"
"Mouse","mm210.0","reference","Hsp68","random","e11.5","positive","Nose","mm10","chr9:62414653-62415677"
"Mouse","mm2100.0","reference","Hsp68","random","e11.5","negative","","mm10","chr3:66465121-66468456"
"Mouse","mm2101.0","reference","Hsp68","random","e11.5","negative","","mm10","chr3:66562316-66565856"
"Mouse","mm2102.0","reference","Hsp68","random","e11.5","negative","","mm10","chr3:66575695-66578731"
"Mouse","mm2103.0","reference","Hsp68","random","e11.5","positive","Midbrain","mm10","chr3:66518263-66521664"
"Mouse","mm2105.0","reference","Hsp68","random","e11.5","negative","","mm10","chr3:66660575-66664037"
"Mouse","mm2106.0","reference","Hsp68","random","e11.5","positive","Heart","mm10","chr3:66655648-66658676"
"Mouse","mm2107.0","reference","Hsp68","random","e11.5","positive","Limb","mm10","chr3:66699740-66703287"
"Mouse","mm2108.0","reference","Hsp68","random","e11.5","positive","Trigeminal V (ganglion, cranial)","mm10","chr3:66542058-66546392"
"Mouse","mm2109.0","reference","Hsp68","random","e11.5","positive","Somite","mm10","chr3:66492941-66496049"
"Mouse","mm211.0","reference","Hsp68","random","e11.5","negative","","mm10","chr9:63108239-63110238"
"Mouse","mm2110.0","reference","Hsp68","random","e11.5","positive","Blood vessels","mm10","chr3:66484145-66487211"
"Mouse","mm2111.0","reference","Hsp68","random","e11.5","positive","Hindbrain","mm10","chr3:66397740-66399681"
"Mouse","mm2112.0","reference","Hsp68","random","e11.5","positive","Forebrain, Hindbrain","mm10","chr3:66324764-66327602"
"Mouse","mm2114.0","reference","Hsp68","random","e11.5","positive","Heart","mm10","chr3:66654695-66657196"
"Mouse","mm2115.0","reference","Hsp68","random","e11.5","negative","","mm10","chr3:66459872-66463718"
"Mouse","mm2116.0","reference","Shh","targeted (H11)","e11.5","negative","","mm10","chr9:63685902-63690544"
"Mouse","mm2117.0","reference","Shh","targeted (H11)","e11.5","negative","","mm10","chr9:63699184-63704179"
"Mouse","mm2118.0","reference","Shh","targeted (H11)","e11.5","positive","Branchial arch","mm10","chr9:63712557-63717205"
"Mouse","mm2119.0","reference","Shh","targeted (H11)","e11.5","positive","Dorsal root ganglion, Blood vessels","mm10","chr9:63717370-63721587"
"Mouse","mm2120.0","reference","Shh","targeted (H11)","e11.5","negative","","mm10","chr9:63730534-63735260"
"Mouse","mm2121.0","reference","Shh","targeted (H11)","e11.5","negative","","mm10","chr9:63739296-63743977"
"Mouse","mm2122.0","reference","Shh","targeted (H11)","e11.5","positive","Tail, Forebrain, Midbrain, Other","mm10","chr9:63748172-63752927"
"Mouse","mm2123.0","reference","Shh","targeted (H11)","e11.5","negative","","mm10","chr9:63774862-63779735"
"Mouse","mm2124.0","reference","Shh","targeted (H11)","e11.5","positive","Hindbrain, Neural tube","mm10","chr9:63779339-63783977"
"Mouse","mm2125.0","reference","Shh","targeted (H11)","e11.5","negative","","mm10","chr9:63783958-63788606"
"Mouse","mm2126.0","reference","Shh","targeted (H11)","e11.5","negative","","mm10","chr9:63797158-63801876"
"Mouse","mm2127.0","reference","Shh","targeted (H11)","e11.5","negative","","mm10","chr9:63806068-63810928"
"Mouse","mm2128.0","reference","Shh","targeted (H11)","e11.5","negative","","mm10","chr9:63814925-63819551"
"Mouse","mm2129.0","reference","Shh","targeted (H11)","e11.5","negative","","mm10","chr9:63837400-63842014"
"Mouse","mm213.0","reference","Hsp68","random","e11.5","positive","Heart, Somite","mm10","chr11:68623475-68624174"
"Mouse","mm2131.0","reference","Shh","targeted (H11)","e11.5","negative","","mm10","chr9:63855116-63859864"
"Mouse","mm2132.0","reference","Shh","targeted (H11)","e11.5","negative","","mm10","chr9:63859563-63864363"
"Mouse","mm2133.0","reference","Shh","targeted (H11)","e11.5","negative","","mm10","chr9:63863970-63868751"
"Mouse","mm2134.0","reference","Shh","targeted (H11)","e11.5","positive","Tail, Forebrain, Midbrain, Hindbrain, Other","mm10","chr9:63894989-63899610"
"Mouse","mm2135.0","reference","Shh","targeted (H11)","e11.5","negative","","mm10","chr9:63899442-63904176"
"Mouse","mm2136.0","reference","Shh","targeted (H11)","e11.5","positive","Heart, Liver","mm10","chr9:63917267-63921874"
"Mouse","mm2137.0","reference","Shh","targeted (H11)","e11.5","negative","","mm10","chr9:63921713-63926376"
"Mouse","mm2138.0","reference","Shh","targeted (H11)","e11.5","negative","","mm10","chr9:63952937-63957814"
"Mouse","mm2139.0","reference","Shh","targeted (H11)","e11.5","positive","Liver","mm10","chr9:63975266-63979878"
"Mouse","mm2140.0","reference","Shh","targeted (H11)","e11.5","positive","Limb, Forebrain, Hindbrain, Other","mm10","chr9:63979540-63984197"
"Mouse","mm2141.0","reference","Shh","targeted (H11)","e11.5","positive","Facial mesenchyme, Ear, Heart, Liver","mm10","chr9:64015375-64019994"
"Mouse","mm2142.0","reference","Shh","targeted (H11)","e11.5","negative","","mm10","chr9:64028639-64033345"
"Mouse","mm2143.0","reference","Shh","targeted (H11)","e11.5","positive","Heart, Liver","mm10","chr9:64041870-64046682"
"Mouse","mm2144.0","reference","Shh","targeted (H11)","e11.5","negative","","mm10","chr9:64046346-64050946"
"Mouse","mm2145.0","reference","Shh","targeted (H11)","e11.5","positive","Heart","mm10","chr9:64059969-64064621"
"Mouse","mm2146.0","reference","Shh","targeted (H11)","e11.5","negative","","mm10","chr9:64073311-64077950"
"Mouse","mm2147.0","reference","Shh","targeted (H11)","e11.5","positive","Heart, Liver","mm10","chr9:64081992-64086609"
"Mouse","mm2148.0","reference","Shh","targeted (H11)","e11.5","negative","","mm10","chr9:64095284-64099903"
"Mouse","mm2149.0","reference","Shh","targeted (H11)","e11.5","positive","Limb","mm10","chr9:63671844-63676586"
"Mouse","mm215.0","reference","Hsp68","random","e11.5","negative","","mm10","chr14:69536074-69537247"
"Mouse","mm2150.0","reference","Shh","targeted (H11)","e11.5","positive","Trigeminal V (ganglion, cranial)","mm10","chr9:63708174-63712899"
"Mouse","mm2151.0","reference","Shh","targeted (H11)","e11.5","negative","","mm10","chr9:63726038-63730799"
"Mouse","mm2152.0","reference","Shh","targeted (H11)","e11.5","positive","Midbrain, Hindbrain, Other","mm10","chr9:63770471-63775163"
"Mouse","mm2153.0","reference","Shh","targeted (H11)","e11.5","positive","Midbrain, Hindbrain","mm10","chr9:63810500-63815346"
"Mouse","mm2155.0","reference","Shh","targeted (H11)","e11.5","positive","Branchial arch, Nose, Limb, Genital tubercle, Other","mm10","chr9:63832775-63837419"
"Mouse","mm2156.0","reference","Shh","targeted (H11)","e11.5","negative","","mm10","chr9:63850750-63855478"
"Mouse","mm2157.0","reference","Shh","targeted (H11)","e11.5","positive","Neural tube","mm10","chr9:63890718-63895319"
"Mouse","mm2158.0","reference","Shh","targeted (H11)","e11.5","positive","Branchial arch, Midbrain, Heart, Genital tubercle","mm10","chr9:63930872-63935476"
"Mouse","mm2159.0","reference","Shh","targeted (H11)","e11.5","negative","","mm10","chr9:63935383-63939998"
"Mouse","mm2160.0","reference","Shh","targeted (H11)","e11.5","positive","Neural tube","mm10","chr9:63961864-63966526"
"Mouse","mm2161.0","reference","Shh","targeted (H11)","e11.5","negative","","mm10","chr9:63993086-63997699"
"Mouse","mm2162.0","reference","Shh","targeted (H11)","e11.5","negative","","mm10","chr9:64024390-64029019"
"Mouse","mm2163.0","reference","Shh","targeted (H11)","e11.5","negative","","mm10","chr9:64050904-64055658"
"Mouse","mm2164.0","reference","Shh","targeted (H11)","e11.5","positive","Limb","mm10","chr13:15129034-15134653"
"Mouse","mm2165.0","reference","Shh","targeted (H11)","e11.5","negative","","mm10","chr13:15133909-15139888"
"Mouse","mm2167.0","reference","Shh","targeted (H11)","e11.5","negative","","mm10","chr13:15143514-15149015"
"Mouse","mm2168.0","reference","Shh","targeted (H11)","e11.5","negative","","mm10","chr13:15162758-15168295"
"Mouse","mm2169.0","reference","Shh","targeted (H11)","e11.5","positive","Heart, Genital tubercle","mm10","chr13:15287840-15293149"
"Mouse","mm2170.0","reference","Shh","targeted (H11)","e11.5","negative","","mm10","chr13:15333243-15338675"
"Mouse","mm2171.0","reference","Shh","targeted (H11)","e11.5","positive","Heart","mm10","chr13:15663623-15670352"
"Mouse","mm2172.0","reference","Shh","targeted (H11)","e11.5","negative","","mm10","chr13:14831797-14836906"
"Mouse","mm2174.0","reference","Shh","targeted (H11)","e11.5","negative","","mm10","chr13:14763420-14768877"
"Mouse","mm2175.0","reference","Shh","targeted (H11)","e11.5","positive","Tail","mm10","chr13:14753429-14758692"
"Mouse","mm2176.0","reference","Shh","targeted (H11)","e11.5","positive","Limb, Tail, Dorsal root ganglion","mm10","chr13:14748411-14753867"
"Mouse","mm2177.0","reference","Shh","targeted (H11)","e11.5","negative","","mm10","chr13:14650658-14655894"
"Mouse","mm2178.0","reference","Shh","targeted (H11)","e11.5","negative","","mm10","chr13:14645607-14651010"
"Mouse","mm218.0","reference","Hsp68","random","e11.5","negative","","mm10","chr18:76221912-76222726"
"Mouse","mm2180.0","reference","Shh","targeted (H11)","e11.5","negative","","mm10","chr9:63846400-63851030"
"Mouse","mm2181.0","reference","Hsp68","random","e11.5","negative","","mm10","chr11:111737867-111738565"
"Mouse","mm2181.0","reference","Hsp68","random","e9.5","negative","","mm10","chr11:111737867-111738565"
"Mouse","mm2183.0","reference","Hsp68","random","e10.5","negative","","mm10","chr8:56883034-56884323"
"Mouse","mm2184.0","reference","Hsp68","random","e10.5","negative","","mm10","chr8:57254176-57256581"
"Mouse","mm2185.0","reference","Hsp68","random","e10.5","positive","Limb, Neural tube, Eye","mm10","chr8:57292957-57294418"
"Mouse","mm2185.0","reference","Hsp68","random","e11.5","positive","Limb, Neural tube, Eye","mm10","chr8:57292957-57294418"
"Mouse","mm2186.0","reference","Hsp68","random","e10.5","negative","","mm10","chr8:57330807-57332981"
"Mouse","mm2187.0","reference","Hsp68","random","e11.5","positive","Midbrain","mm10","chr8:57275519-57277110"
"Mouse","mm2188.0","reference","Hsp68","random","e11.5","negative","","mm10","chr8:57353269-57354301"
"Mouse","mm2189.0","reference","Shh","targeted (H11)","e11.5","negative","","mm10","chr13:15057146-15061793"
"Mouse","mm2190.0","reference","Shh","targeted (H11)","e11.5","negative","","mm10","chr13:15065968-15071035"
"Mouse","mm2191.0","reference","Shh","targeted (H11)","e11.5","negative","","mm10","chr13:15234063-15239360"
"Mouse","mm2192.0","reference","Shh","targeted (H11)","e11.5","positive","Heart","mm10","chr13:15464301-15470736"
"Mouse","mm2195.0","reference","Shh","targeted (H11)","e11.5","negative","","mm10","chr9:63694942-63699605"
"Mouse","mm2196.0","reference","Shh","targeted (H11)","e11.5","negative","","mm10","chr9:63757315-63761805"
"Mouse","mm2197.0","reference","Shh","targeted (H11)","e11.5","negative","","mm10","chr9:63761786-63766393"
"Mouse","mm2198.0","reference","Shh","targeted (H11)","e11.5","negative","","mm10","chr9:63766047-63770563"
"Mouse","mm2199.0","reference","Shh","targeted (H11)","e11.5","negative","","mm10","chr9:63823904-63828577"
"Mouse","mm22.0","reference","Hsp68","random","e11.5","negative","","mm10","chr2:167842377-167845654"
"Mouse","mm2200.0","reference","Shh","targeted (H11)","e11.5","negative","","mm10","chr9:63828487-63832810"
"Mouse","mm2201.0","reference","Shh","targeted (H11)","e11.5","negative","","mm10","chr9:63868347-63873196"
"Mouse","mm2202.0","reference","Shh","targeted (H11)","e11.5","negative","","mm10","chr9:63871909-63877676"
"Mouse","mm2203.0","reference","Shh","targeted (H11)","e11.5","negative","","mm10","chr9:63886100-63890846"
"Mouse","mm2204.0","reference","Shh","targeted (H11)","e11.5","negative","","mm10","chr9:63939716-63944397"
"Mouse","mm2205.0","reference","Shh","targeted (H11)","e11.5","negative","","mm10","chr9:63948361-63953054"
"Mouse","mm2206.0","reference","Shh","targeted (H11)","e11.5","positive","Limb","mm10","chr9:63957462-63962260"
"Mouse","mm2207.0","reference","Shh","targeted (H11)","e11.5","positive","Heart","mm10","chr9:63966230-63971041"
"Mouse","mm2208.0","reference","Shh","targeted (H11)","e11.5","negative","","mm10","chr9:63984181-63988905"
"Mouse","mm2210.0","reference","Shh","targeted (H11)","e11.5","negative","","mm10","chr9:63997627-64002227"
"Mouse","mm2211.0","reference","Shh","targeted (H11)","e11.5","negative","","mm10","chr9:64002121-64006752"
"Mouse","mm2212.0","reference","Shh","targeted (H11)","e11.5","negative","","mm10","chr9:64037387-64042120"
"Mouse","mm2213.0","reference","Shh","targeted (H11)","e11.5","positive","Hindbrain","mm10","chr9:64091080-64095519"
"Mouse","mm2214.0","reference","Shh","targeted (H11)","e11.5","negative","","mm10","chr9:63677006-63679401"
"Mouse","mm2215.0","reference","Shh","targeted (H11)","e11.5","negative","","mm10","chr9:63679272-63681681"
"Mouse","mm2216.0","reference","Shh","targeted (H11)","e11.5","negative","","mm10","chr9:63908631-63913313"
"Mouse","mm2217.0","reference","Shh","targeted (H11)","e11.5","negative","","mm10","chr13:14934167-14939397"
"Mouse","mm2218.0","reference","Hsp68","random","e11.5","negative","","mm10","chr8:72302614-72304055"
"Mouse","mm2219.0","reference","Hsp68","random","e11.5","positive","Somite, Blood vessels","mm10","chr8:72266979-72269534"
"Mouse","mm2220.0","reference","Betaglobin (long)","targeted (H11)","e11.5","negative","","mm10","chr7:142586516-142587503"
"Mouse","mm2221.0","reference","Betaglobin (long)","targeted (H11)","e11.5","positive","Branchial arch, Nose, Limb, Forebrain, Midbrain, Hindbrain, Heart, Somite","mm10","chr17:12790150-12791705"
"Mouse","mm2222.0","reference","Betaglobin (long)","targeted (H11)","e11.5","positive","Somite","mm10","chr6:36784611-36785369"
"Mouse","mm2223.0","reference","Betaglobin (long)","targeted (H11)","e11.5","negative","","mm10","chr9:103758992-103759759"
"Mouse","mm223.0","reference","Hsp68","random","e11.5","negative","","mm10","chr14:25524627-25526558"
"Mouse","mm224.0","reference","Hsp68","random","e11.5","negative","","mm10","chr11:45805321-45806045"
"Mouse","mm2279.0","reference","Shh","targeted (H11)","e11.5","positive","Midbrain, Hindbrain, Neural tube, Cranial nerve, Dorsal root ganglion, Trigeminal V (ganglion, cranial), Heart","mm10","chr1:54616465-54619705"
"Mouse","mm228.0","reference","Hsp68","random","e11.5","positive","Dorsal root ganglion","mm10","chr10:43746142-43746678"
"Mouse","mm2280.0","reference","Shh","targeted (H11)","e12.5","negative","","mm10","chr15:34750123-34753735"
"Mouse","mm2281.0","reference","Shh","targeted (H11)","e11.5","positive","Branchial arch, Facial mesenchyme","mm10","chr17:45601728-45604213"
"Mouse","mm2283.0","reference","Shh","targeted (H11)","e11.5","positive","Somite","mm10","chr18:78484201-78486290"
"Mouse","mm2284.0","reference","Shh","targeted (H11)","e11.5","negative","","mm10","chr15:35701369-35703934"
"Mouse","mm2286.0","reference","Shh","targeted (H11)","e11.5","positive","Limb, Other","mm10","chr5:120101603-120102454"
"Mouse","mm2286.0","reference","Shh","targeted (H11)","e14.5","positive","Limb, Neural tube, Other","mm10","chr5:120101603-120102454"
"Mouse","mm2286.0","reference","Shh","targeted (H11)","e16.5","positive","Limb, Other","mm10","chr5:120101603-120102454"
"Mouse","mm2290.0","reference","Hsp68","random","e9.5","negative","","mm10","chr1:71581277-71581920"
"Mouse","mm2291.0","reference","Shh","targeted (H11)","e11.5","negative","","mm10","chr9:63735007-63739554"
"Mouse","mm2292.0","reference","Shh","targeted (H11)","e11.5","positive","Neural tube","mm10","chr9:63801586-63806456"
"Mouse","mm2293.0","reference","Shh","targeted (H11)","e11.5","negative","","mm10","chr9:63841711-63846363"
"Mouse","mm2294.0","reference","Shh","targeted (H11)","e9.5","negative","","mm10","chr17:8416977-8417336"
"Mouse","mm2295.0","reference","Shh","targeted (H11)","e9.5","positive","Neural tube","mm10","chr17:8447788-8448149"
"Mouse","mm2296.0","reference","Shh","targeted (H11)","e9.5","positive","Other","mm10","chr17:8395859-8397354"
"Mouse","mm2297.0","reference (E14 strain)","Hsp68","random","e9.5","negative","","mm10","chr11:111741611-111742330"
"Mouse","mm2297.1","reference (BL6 strain)","Hsp68","random","e11.5","positive","Other","mm10","chr11:111741611-111742330"
"Mouse","mm2297.1","reference (BL6 strain)","Hsp68","random","e9.5","negative","","mm10","chr11:111741611-111742330"
"Mouse","mm2298.0","reference","Hsp68","random","e11.5","positive","Branchial arch, Nose","mm10","chr11:111743122-111744988"
"Mouse","mm2298.0","reference","Hsp68","random","e9.5","positive","Branchial arch","mm10","chr11:111743122-111744988"
"Mouse","mm2299.0","reference","Hsp68","random","e11.5","positive","Branchial arch, Nose, Limb","mm10","chr11:111565836-111569408"
"Mouse","mm2299.0","reference","Hsp68","random","e9.5","positive","Nose, Other","mm10","chr11:111565836-111569408"
"Mouse","mm23.0","reference","Hsp68","random","e11.5","negative","","mm10","chr4:135205848-135207207"
"Mouse","mm2300.0","reference","Shh","targeted (H11)","e11.5","positive","Tail, Midbrain","mm10","chr4:107733326-107739200"
"Mouse","mm2301.0","reference","Shh","targeted (H11)","e11.5","positive","Forebrain, Midbrain, Hindbrain","mm10","chr6:141495479-141496423"
"Mouse","mm2302.0","reference","Shh","targeted (H11)","e11.5","negative","","mm10","chrX:58019175-58019956"
"Mouse","mm2303.0","reference","Shh","targeted (H11)","e11.5","negative","","mm10","chr19:8660876-8661389"
"Mouse","mm2304.0","reference","Shh","targeted (H11)","e11.5","positive","Neural tube, Blood vessels","mm10","chr4:119042886-119046968"
"Mouse","mm2305.0","reference","Shh","targeted (H11)","e11.5","positive","Forebrain, Midbrain, Hindbrain, Neural tube, Eye","mm10","chrX:58037862-58039216"
"Mouse","mm2306.0","reference","Hsp68","random","e11.5","negative","","mm10","chr13:45240475-45247674"
"Mouse","mm2307.0","reference","Shh","targeted (H11)","e11.5","negative","","mm10","chr9:63863679-63864675"
"Mouse","mm2308.0","reference","Shh","targeted (H11)","e11.5","positive","Midbrain, Neural tube","mm10","chr13:14789979-14790458"
"Mouse","mm2309.0","reference","Shh","targeted (H11)","e11.5","positive","Forebrain, Midbrain, Hindbrain","mm10","chr13:14800505-14801224"
"Mouse","mm2310.0","reference","Shh","targeted (H11)","e11.5","negative","","mm10","chr13:15130314-15130661"
"Mouse","mm2311.0","reference","Shh","targeted (H11)","e11.5","negative","","mm10","chr1:71651291-71654474"
"Mouse","mm2311.0","reference","Shh","targeted (H11)","e9.5","negative","","mm10","chr1:71651291-71654474"
"Mouse","mm2312.0","reference","Shh","targeted (H11)","e9.5","negative","","mm10","chr1:71680954-71684500"
"Mouse","mm2313.0","reference","Shh","targeted (H11)","e9.5","negative","","mm10","chr1:71806700-71808917"
"Mouse","mm2314.0","reference","Shh","targeted (H11)","e9.5","negative","","mm10","chr1:71843879-71845843"
"Mouse","mm2315.0","reference","Shh","targeted (H11)","e9.5","negative","","mm10","chr1:71895042-71898595"
"Mouse","mm2316.0","reference","Shh","targeted (H11)","e9.5","negative","","mm10","chr1:72214121-72215327"
"Mouse","mm2317.0","reference","Shh","targeted (H11)","e11.5","negative","","mm10","chr5:120102435-120103810"
"Mouse","mm2317.0","reference","Shh","targeted (H11)","e14.5","positive","Neural tube","mm10","chr5:120102435-120103810"
"Mouse","mm2318.0","reference","Shh","targeted (H11)","e16.5","positive","Forebrain, Neural tube, Other","mm10","chr5:120101603-120103810"
"Mouse","mm2319.1","partially overlapping donut 4.5kb flanking mm1189 (ZRS)","Hsp68","random","e11.5","allelic","","mm10","chr5:29312901-29318002"
"Mouse","mm2319.2","donut 4.5kb region flanking mm1189 (ZRS)","Hsp68","random","e11.5","allelic","","mm10","chr5:29312901-29318002"
"Mouse","mm2321.0","reference","Shh","targeted (H11)","e11.5","positive","Forebrain","mm10","chrX:93300959-93302702"
"Mouse","mm2321.1","5% mutagenesis","Shh","targeted (H11)","e11.5","allelic","","mm10","chrX:93300959-93302702"
"Mouse","mm2322.0","reference","Shh","targeted (H11)","e11.5","positive","Forebrain","mm10","chrX:93309594-93311455"
"Mouse","mm2322.1","5% mutagenesis 1","Shh","targeted (H11)","e11.5","allelic","","mm10","chrX:93309594-93311455"
"Mouse","mm2322.2","5% mutagenesis 2","Shh","targeted (H11)","e11.5","allelic","","mm10","chrX:93309594-93311455"
"Mouse","mm2323.0","reference","Betaglobin (long)","targeted (H11)","e11.5","positive","Heart","mm10","chr3:66654695-66658676"
"Mouse","mm2340.0","reference","Shh","targeted (H11)","e12.5","positive","Forebrain, Midbrain, Eye","mm10","chr12:84532131-84533051"
"Mouse","mm2341.0","reference","Shh","targeted (H11)","e12.5","positive","Forebrain, Eye","mm10","chr12:84541217-84542203"
"Mouse","mm235.0","reference","Hsp68","random","e11.5","positive","Heart","mm10","chr13:42258105-42259051"
"Mouse","mm236.0","reference","Hsp68","random","e11.5","negative","","mm10","chr8:78001608-78002510"
"Mouse","mm238.0","reference","Hsp68","random","e11.5","negative","","mm10","chr2:32908283-32909524"
"Mouse","mm24.0","reference","Hsp68","random","e11.5","negative","","mm10","chr1:181255937-181259662"
"Mouse","mm241.0","reference","Hsp68","random","e11.5","positive","Branchial arch, Heart","mm10","chr8:121170103-121171137"
"Mouse","mm242.0","reference","Hsp68","random","e11.5","negative","","mm10","chr6:99251429-99252239"
"Mouse","mm243.0","reference","Hsp68","random","e11.5","positive","Heart","mm10","chr17:48436331-48438535"
"Mouse","mm244.0","reference","Hsp68","random","e11.5","positive","Midbrain, Neural tube, Heart","mm10","chr14:63062167-63063066"
"Mouse","mm245.0","reference","Hsp68","random","e11.5","positive","Heart","mm10","chr14:63367793-63369845"
"Mouse","mm247.0","reference","Hsp68","random","e11.5","positive","Other","mm10","chr6:117279209-117280406"
"Mouse","mm25.0","reference","Hsp68","random","e11.5","negative","","mm10","chr8:80501065-80501912"
"Mouse","mm250.0","reference","Hsp68","random","e11.5","negative","","mm10","chr3:98855051-98855630"
"Mouse","mm251.0","reference","Hsp68","random","e11.5","positive","Heart","mm10","chr9:47376512-47377360"
"Mouse","mm252.0","reference","Hsp68","random","e11.5","negative","","mm10","chr17:43329588-43330220"
"Mouse","mm253.0","reference","Hsp68","random","e11.5","positive","Heart","mm10","chr5:38509268-38509899"
"Mouse","mm255.0","reference","Hsp68","random","e11.5","negative","","mm10","chr2:115962485-115963540"
"Mouse","mm256.0","reference","Hsp68","random","e11.5","negative","","mm10","chr6:136467244-136469677"
"Mouse","mm257.0","reference","Hsp68","random","e11.5","positive","Midbrain, Heart, Liver","mm10","chr18:75502363-75503667"
"Mouse","mm26.0","reference","Hsp68","random","e11.5","negative","","mm10","chr17:11085725-11088280"
"Mouse","mm260.0","reference","Hsp68","random","e11.5","positive","Heart","mm10","chr12:85454400-85456289"
"Mouse","mm261.0","reference","Hsp68","random","e11.5","positive","Blood vessels","mm10","chr4:57845561-57847767"
"Mouse","mm263.0","reference","Hsp68","random","e11.5","negative","","mm10","chr7:103858636-103859881"
"Mouse","mm264.0","reference","Hsp68","random","e11.5","positive","Neural tube, Heart","mm10","chr11:87422350-87423713"
"Mouse","mm265.0","reference","Hsp68","random","e11.5","positive","Neural tube, Blood vessels","mm10","chr13:28717646-28719441"
"Mouse","mm268.0","reference","Hsp68","random","e11.5","positive","Other","mm10","chr16:34049640-34050680"
"Mouse","mm269.0","reference","Hsp68","random","e11.5","positive","Eye, Heart, Other","mm10","chr19:21274084-21274843"
"Mouse","mm27.0","reference","Hsp68","random","e11.5","positive","Limb","mm10","chr4:57542381-57546353"
"Mouse","mm270.0","reference","Hsp68","random","e11.5","negative","","mm10","chr2:18046233-18047055"
"Mouse","mm271.0","reference","Hsp68","random","e11.5","positive","Midbrain","mm10","chr2:152399091-152399726"
"Mouse","mm275.0","reference","Hsp68","random","e11.5","negative","","mm10","chr1:90246249-90247693"
"Mouse","mm276.0","reference","Hsp68","random","e11.5","positive","Heart, Other","mm10","chr17:49690781-49691948"
"Mouse","mm279.0","reference","Hsp68","random","e11.5","positive","Facial mesenchyme","mm10","chr4:66894392-66895290"
"Mouse","mm28.0","reference","Hsp68","random","e11.5","positive","Branchial arch, Facial mesenchyme, Nose, Limb, Other","mm10","chr2:4339661-4341457"
"Mouse","mm280.0","reference","Hsp68","random","e11.5","positive","Heart","mm10","chr10:94565716-94566171"
"Mouse","mm281.0","reference","Hsp68","random","e11.5","negative","","mm10","chr2:124920073-124920726"
"Mouse","mm282.0","reference","Hsp68","random","e11.5","positive","Heart","mm10","chr2:59828773-59829361"
"Mouse","mm285.0","reference","Hsp68","random","e11.5","negative","","mm10","chr9:63131588-63133435"
"Mouse","mm286.0","reference","Hsp68","random","e11.5","negative","","mm10","chr2:172430534-172431364"
"Mouse","mm289.0","reference","Hsp68","random","e11.5","negative","","mm10","chr7:16404748-16406411"
"Mouse","mm29.0","reference","Hsp68","random","e11.5","positive","Facial mesenchyme, Nose, Limb, Forebrain, Trigeminal V (ganglion, cranial)","mm10","chr9:61600847-61603666"
"Mouse","mm291.0","reference","Hsp68","random","e11.5","positive","Heart, Liver","mm10","chr18:32541944-32543241"
"Mouse","mm292.0","reference","Hsp68","random","e11.5","positive","Heart","mm10","chr12:52228848-52229426"
"Mouse","mm295.0","reference","Hsp68","random","e11.5","negative","","mm10","chr12:71227292-71228476"
"Mouse","mm296.0","reference","Hsp68","random","e11.5","positive","Midbrain, Heart","mm10","chr12:88983898-88984926"
"Mouse","mm3.0","reference","Hsp68","random","e11.5","positive","Forebrain, Hindbrain, Neural tube","mm10","chr12:111142742-111143613"
"Mouse","mm30.0","reference","Hsp68","random","e11.5","positive","Branchial arch, Facial mesenchyme, Forebrain","mm10","chr2:12065187-12068019"
"Mouse","mm300.0","reference","Hsp68","random","e11.5","negative","","mm10","chr2:145888311-145888756"
"Mouse","mm303.0","reference","Hsp68","random","e11.5","positive","Heart","mm10","chr9:103679109-103679657"
"Mouse","mm304.0","reference","Hsp68","random","e11.5","positive","Heart","mm10","chr18:68058776-68059713"
"Mouse","mm307.0","reference","Hsp68","random","e11.5","negative","","mm10","chr5:115266986-115267561"
"Mouse","mm308.0","reference","Hsp68","random","e11.5","positive","Heart","mm10","chr4:95317529-95318734"
"Mouse","mm31.0","reference","Hsp68","random","e11.5","negative","","mm10","chr15:37052172-37055034"
"Mouse","mm311.0","reference","Hsp68","random","e11.5","positive","Midbrain","mm10","chr3:145964099-145964929"
"Mouse","mm313.0","reference","Hsp68","random","e11.5","positive","Heart","mm10","chr10:96708320-96708857"
"Mouse","mm315.0","reference","Hsp68","random","e11.5","negative","","mm10","chr1:90288936-90290388"
"Mouse","mm316.0","reference","Hsp68","random","e11.5","negative","","mm10","chr4:141536761-141537859"
"Mouse","mm318.0","reference","Hsp68","random","e11.5","positive","Heart","mm10","chr4:155234679-155236167"
"Mouse","mm320.0","reference","Hsp68","random","e11.5","negative","","mm10","chr2:30654266-30656448"
"Mouse","mm321.0","reference","Hsp68","random","e11.5","positive","Facial mesenchyme, Limb, Eye, Heart","mm10","chr16:18554170-18557637"
"Mouse","mm323.0","reference","Hsp68","random","e11.5","positive","Forebrain","mm10","chr8:121667959-121670941"
"Mouse","mm324.0","reference","Hsp68","random","e11.5","positive","Nose","mm10","chr19:47908462-47910596"
"Mouse","mm325.0","reference","Hsp68","random","e11.5","positive","Forebrain, Midbrain, Hindbrain, Neural tube, Eye","mm10","chr15:85505932-85509606"
"Mouse","mm329.0","reference","Hsp68","random","e11.5","positive","Limb, Other","mm10","chr5:113151955-113154228"
"Mouse","mm33.0","reference","Hsp68","random","e11.5","negative","","mm10","chr18:82887633-82890860"
"Mouse","mm330.0","reference","Hsp68","random","e11.5","negative","","mm10","chr4:107602052-107604613"
"Mouse","mm334.0","reference","Hsp68","random","e11.5","negative","","mm10","chr4:133116596-133118424"
"Mouse","mm335.0","reference","Hsp68","random","e11.5","negative","","mm10","chr8:121283051-121284421"
"Mouse","mm336.0","reference","Hsp68","random","e11.5","negative","","mm10","chr12:86810602-86813301"
"Mouse","mm337.0","reference","Hsp68","random","e11.5","positive","Somite","mm10","chr2:28524363-28526946"
"Mouse","mm338.0","reference","Hsp68","random","e11.5","negative","","mm10","chr8:121665200-121666118"
"Mouse","mm339.0","reference","Hsp68","random","e11.5","negative","","mm10","chr11:116319003-116319995"
"Mouse","mm34.0","reference","Hsp68","random","e11.5","positive","Branchial arch","mm10","chr5:78283386-78285474"
"Mouse","mm340.0","reference","Hsp68","random","e11.5","positive","Ear","mm10","chr14:34194121-34196050"
"Mouse","mm342.0","reference","Hsp68","random","e11.5","negative","","mm10","chr9:106382998-106385663"
"Mouse","mm343.0","reference","Hsp68","random","e11.5","negative","","mm10","chr2:166352869-166354821"
"Mouse","mm346.0","reference","Hsp68","random","e11.5","negative","","mm10","chr2:153560294-153561940"
"Mouse","mm36.0","reference","Hsp68","random","e11.5","positive","Neural tube","mm10","chr18:61608406-61611100"
"Mouse","mm362.0","reference","Hsp68","random","e11.5","negative","","mm10","chr9:106416955-106418793"
"Mouse","mm366.0","reference","Hsp68","random","e11.5","negative","","mm10","chr3:52401129-52402130"
"Mouse","mm368.0","reference","Hsp68","random","e11.5","negative","","mm10","chr2:167569881-167571241"
"Mouse","mm370.0","reference","Hsp68","random","e11.5","negative","","mm10","chr5:119821983-119824240"
"Mouse","mm371.0","reference","Hsp68","random","e11.5","negative","","mm10","chr4:89388208-89393783"
"Mouse","mm372.0","reference","Hsp68","random","e11.5","negative","","mm10","chr4:89393251-89400067"
"Mouse","mm373.0","reference","Hsp68","random","e11.5","negative","","mm10","chr4:89399831-89406701"
"Mouse","mm374.0","reference","Hsp68","random","e11.5","negative","","mm10","chr4:89405812-89410925"
"Mouse","mm375.0","reference","Hsp68","random","e11.5","negative","","mm10","chr4:89410605-89417157"
"Mouse","mm376.0","reference","Hsp68","random","e11.5","negative","","mm10","chr4:89416711-89421138"
"Mouse","mm377.0","reference","Hsp68","random","e11.5","negative","","mm10","chr4:89425337-89432294"
"Mouse","mm378.0","reference","Hsp68","random","e11.5","negative","","mm10","chr4:89431716-89439478"
"Mouse","mm379.0","reference","Hsp68","random","e11.5","negative","","mm10","chr4:89439184-89446556"
"Mouse","mm38.0","reference","Hsp68","random","e11.5","positive","Facial mesenchyme, Hindbrain, Neural tube","mm10","chr2:174856553-174860580"
"Mouse","mm380.0","reference","Hsp68","random","e11.5","negative","","mm10","chr4:89446082-89452900"
"Mouse","mm381.0","reference","Hsp68","random","e11.5","negative","","mm10","chr4:89452132-89455541"
"Mouse","mm382.0","reference","Hsp68","random","e11.5","negative","","mm10","chr16:15054454-15055590"
"Mouse","mm383.0","reference","Hsp68","random","e11.5","positive","Branchial arch, Facial mesenchyme, Nose, Other","mm10","chr16:15194413-15196116"
"Mouse","mm384.0","reference","Hsp68","random","e11.5","positive","Branchial arch, Facial mesenchyme, Nose, Limb, Neural tube","mm10","chr14:45943843-45945127"
"Mouse","mm385.0","reference","Hsp68","random","e11.5","negative","","mm10","chr14:46223997-46224959"
"Mouse","mm386.0","reference","Hsp68","random","e11.5","negative","","mm10","chr14:46247450-46249125"
"Mouse","mm387.0","reference","Hsp68","random","e11.5","positive","Branchial arch, Facial mesenchyme, Nose","mm10","chr14:46610674-46611777"
"Mouse","mm389.0","reference","Hsp68","random","e11.5","positive","Ear","mm10","chr5:20493778-20494889"
"Mouse","mm39.0","reference","Hsp68","random","e11.5","positive","Nose","mm10","chr5:93131077-93135726"
"Mouse","mm390.0","reference","Hsp68","random","e11.5","negative","","mm10","chr5:20950025-20950986"
"Mouse","mm391.0","reference","Hsp68","random","e11.5","negative","","mm10","chr5:21495903-21497355"
"Mouse","mm394.0","reference","Hsp68","random","e11.5","positive","Midbrain, Eye","mm10","chr5:24730558-24731843"
"Mouse","mm397.0","reference","Hsp68","random","e11.5","positive","Limb, Blood vessels","mm10","chr5:92997270-92998294"
"Mouse","mm398.0","reference","Hsp68","random","e11.5","positive","Limb","mm10","chr6:4483466-4485322"
"Mouse","mm399.0","reference","Hsp68","random","e11.5","negative","","mm10","chr6:4488997-4490635"
"Mouse","mm4.0","reference","Hsp68","random","e11.5","positive","Heart","mm10","chr3:137783222-137786437"
"Mouse","mm40.0","reference","Hsp68","random","e11.5","positive","Branchial arch, Heart","mm10","chr8:103077240-103078991"
"Mouse","mm400.0","reference","Hsp68","random","e11.5","positive","Branchial arch, Facial mesenchyme, Nose, Limb","mm10","chr6:4553540-4555066"
"Mouse","mm401.0","reference","Hsp68","random","e11.5","negative","","mm10","chr6:50810704-50811821"
"Mouse","mm402.0","reference","Hsp68","random","e11.5","positive","Branchial arch, Forebrain, Midbrain, Hindbrain, Neural tube, Other","mm10","chr6:50821121-50823589"
"Mouse","mm403.0","reference","Hsp68","random","e11.5","positive","Branchial arch","mm10","chr6:50924552-50926237"
"Mouse","mm404.0","reference","Hsp68","random","e11.5","positive","Branchial arch","mm10","chr6:50956959-50958238"
"Mouse","mm405.0","reference","Hsp68","random","e11.5","positive","Branchial arch, Facial mesenchyme, Trigeminal V (ganglion, cranial), Other","mm10","chr6:50981071-50982328"
"Mouse","mm406.0","reference","Hsp68","random","e11.5","positive","Facial mesenchyme, Limb","mm10","chr6:50983970-50984810"
"Mouse","mm407.0","reference","Hsp68","random","e11.5","positive","Limb","mm10","chr6:51051776-51053273"
"Mouse","mm408.0","reference","Hsp68","random","e11.5","negative","","mm10","chr6:51104237-51105195"
"Mouse","mm409.0","reference","Hsp68","random","e11.5","negative","","mm10","chr6:51172427-51173470"
"Mouse","mm41.0","reference","Hsp68","random","e11.5","positive","Branchial arch","mm10","chr13:3741069-3744542"
"Mouse","mm410.0","reference","Hsp68","random","e11.5","negative","","mm10","chr6:51333778-51334476"
"Mouse","mm411.0","reference","Hsp68","random","e11.5","negative","","mm10","chr6:51361847-51362696"
"Mouse","mm412.0","reference","Hsp68","random","e11.5","positive","Neural tube","mm10","chr6:51857239-51858614"
"Mouse","mm413.0","reference","Hsp68","random","e11.5","negative","","mm10","chr14:21853194-21853682"
"Mouse","mm414.0","reference","Hsp68","random","e11.5","positive","Branchial arch, Limb, Forebrain, Midbrain, Eye","mm10","chr14:22113217-22115951"
"Mouse","mm415.0","reference","Hsp68","random","e11.5","negative","","mm10","chr14:23486016-23486602"
"Mouse","mm416.0","reference","Hsp68","random","e11.5","negative","","mm10","chr14:23493827-23494811"
"Mouse","mm417.0","reference","Hsp68","random","e11.5","positive","Branchial arch","mm10","chr14:23520146-23521596"
"Mouse","mm418.0","reference","Hsp68","random","e11.5","positive","Other","mm10","chr2:4297327-4301453"
"Mouse","mm419.0","reference","Hsp68","random","e11.5","positive","Forebrain","mm10","chr2:4348338-4349350"
"Mouse","mm420.0","reference","Hsp68","random","e11.5","positive","Branchial arch","mm10","chr2:4361912-4362689"
"Mouse","mm422.0","reference","Hsp68","random","e11.5","positive","Limb, Forebrain","mm10","chr2:4556147-4557875"
"Mouse","mm423.0","reference","Hsp68","random","e11.5","positive","Branchial arch, Facial mesenchyme, Nose, Limb","mm10","chr2:4587587-4588762"
"Mouse","mm424.0","reference","Hsp68","random","e11.5","negative","","mm10","chr2:4882644-4883760"
"Mouse","mm425.0","reference","Hsp68","random","e11.5","positive","Neural tube","mm10","chr5:37818652-37819644"
"Mouse","mm426.0","reference","Hsp68","random","e11.5","positive","Branchial arch, Facial mesenchyme, Nose, Limb, Ear, Midbrain, Hindbrain, Eye, Somite, Genital tubercle","mm10","chr5:37826575-37829229"
"Mouse","mm427.0","reference","Hsp68","random","e11.5","positive","Facial mesenchyme, Nose","mm10","chr5:37901106-37902489"
"Mouse","mm428.0","reference","Hsp68","random","e11.5","positive","Branchial arch, Facial mesenchyme, Limb, Genital tubercle","mm10","chr5:37917742-37918591"
"Mouse","mm429.0","reference","Hsp68","random","e11.5","positive","Branchial arch, Facial mesenchyme, Limb, Genital tubercle","mm10","chr5:37967625-37969196"
"Mouse","mm43.0","reference","Hsp68","random","e11.5","positive","Branchial arch, Facial mesenchyme, Limb","mm10","chr5:20079136-20082788"
"Mouse","mm430.0","reference","Hsp68","random","e11.5","negative","","mm10","chr1:192789595-192791084"
"Mouse","mm430.0","reference","Hsp68","random","e14.5","negative","","mm10","chr1:192789595-192791084"
"Mouse","mm433.0","reference","Hsp68","random","e11.5","negative","","mm10","chr1:192851643-192852457"
"Mouse","mm434.0","reference","Hsp68","random","e11.5","negative","","mm10","chr3:121953542-121954388"
"Mouse","mm435.0","reference","Hsp68","random","e11.5","positive","Facial mesenchyme, Nose, Forebrain","mm10","chr3:122047472-122049247"
"Mouse","mm436.0","reference","Hsp68","random","e11.5","negative","","mm10","chr3:122292915-122294267"
"Mouse","mm436.0","reference","Hsp68","random","e13.5","negative","","mm10","chr3:122292915-122294267"
"Mouse","mm438.0","reference","Hsp68","random","e11.5","negative","","mm10","chr11:88180551-88181652"
"Mouse","mm439.0","reference","Hsp68","random","e11.5","positive","Midbrain, Hindbrain, Neural tube, Eye","mm10","chr11:88274083-88276075"
"Mouse","mm440.0","reference","Hsp68","random","e11.5","negative","","mm10","chr11:88527850-88529476"
"Mouse","mm441.0","reference","Hsp68","random","e11.5","negative","","mm10","chr11:88554793-88555816"
"Mouse","mm445.0","reference","Hsp68","random","e11.5","positive","Facial mesenchyme, Limb, Eye","mm10","chr19:58371922-58373059"
"Mouse","mm447.0","reference","Hsp68","random","e11.5","positive","Midbrain","mm10","chr19:59267130-59268278"
"Mouse","mm448.0","reference","Hsp68","random","e11.5","positive","Facial mesenchyme, Nose, Limb","mm10","chr19:59423214-59425570"
"Mouse","mm449.0","reference","Hsp68","random","e11.5","positive","Limb, Forebrain","mm10","chr19:60015446-60016837"
"Mouse","mm45.0","reference","Hsp68","random","e11.5","positive","Limb, Forebrain","mm10","chr13:111952900-111955569"
"Mouse","mm450.0","reference","Hsp68","random","e11.5","negative","","mm10","chr6:143297276-143298460"
"Mouse","mm451.0","reference","Hsp68","random","e11.5","positive","Limb, Neural tube","mm10","chr6:143437343-143439026"
"Mouse","mm456.0","reference","Hsp68","random","e11.5","negative","","mm10","chr6:144944646-144946014"
"Mouse","mm457.0","reference","Hsp68","random","e11.5","positive","Neural tube","mm10","chr15:62902694-62903900"
"Mouse","mm458.0","reference","Hsp68","random","e11.5","positive","Branchial arch, Limb, Other","mm10","chr15:63193937-63194787"
"Mouse","mm46.0","reference","Hsp68","random","e11.5","negative","","mm10","chr10:24493266-24494942"
"Mouse","mm463.0","reference","Hsp68","random","e11.5","positive","Branchial arch","mm10","chr13:118515842-118517025"
"Mouse","mm466.0","reference","Hsp68","random","e11.5","positive","Branchial arch, Nose, Limb, Tail, Hindbrain","mm10","chr16:15084592-15085708"
"Mouse","mm466.0","reference","Hsp68","random","e13.5","positive","Nose, Limb, Tail","mm10","chr16:15084592-15085708"
"Mouse","mm467.0","reference","Hsp68","random","e11.5","positive","Limb","mm10","chr16:15294470-15296046"
"Mouse","mm468.0","reference","Hsp68","random","e11.5","negative","","mm10","chr4:89421046-89425353"
"Mouse","mm469.0","reference","Hsp68","random","e11.5","negative","","mm10","chr4:89455335-89460083"
"Mouse","mm47.0","reference","Hsp68","random","e11.5","positive","Branchial arch, Limb, Somite, Liver","mm10","chr7:142568916-142573912"
"Mouse","mm471.0","reference","Hsp68","random","e11.5","negative","","mm10","chr6:89034676-89036253"
"Mouse","mm472.0","reference","Hsp68","random","e11.5","negative","","mm10","chr3:51778044-51779171"
"Mouse","mm474.0","reference","Hsp68","random","e11.5","positive","Neural tube","mm10","chr3:88238232-88239375"
"Mouse","mm48.0","reference","Hsp68","random","e11.5","positive","Limb","mm10","chr6:52442621-52444529"
"Mouse","mm482.0","reference","Hsp68","random","e11.5","negative","","mm10","chr10:8968318-8968915"
"Mouse","mm484.0","reference","Hsp68","random","e11.5","negative","","mm10","chr4:140010918-140012273"
"Mouse","mm485.0","reference","Hsp68","random","e11.5","positive","Hindbrain","mm10","chr7:75909983-75910682"
"Mouse","mm489.0","reference","Hsp68","random","e11.5","positive","Branchial arch, Midbrain, Eye","mm10","chr1:59340862-59342046"
"Mouse","mm49.0","reference","Hsp68","random","e11.5","positive","Midbrain","mm10","chr5:5007240-5009906"
"Mouse","mm491.0","reference","Hsp68","random","e11.5","positive","Eye","mm10","chr12:102697627-102698772"
"Mouse","mm492.0","reference","Hsp68","random","e11.5","positive","Midbrain","mm10","chr3:28491069-28491909"
"Mouse","mm495.0","reference","Hsp68","random","e11.5","negative","","mm10","chr8:126536388-126537692"
"Mouse","mm497.0","reference","Hsp68","random","e11.5","negative","","mm10","chr12:51503958-51505351"
"Mouse","mm5.0","reference","Hsp68","random","e11.5","positive","Forebrain","mm10","chr13:105537278-105539272"
"Mouse","mm50.0","reference","Hsp68","random","e11.5","positive","Nose, Limb, Heart, Somite, Other","mm10","chr7:142551568-142554813"
"Mouse","mm502.0","reference","Hsp68","random","e11.5","negative","","mm10","chr17:63117691-63118770"
"Mouse","mm503.0","reference","Hsp68","random","e11.5","positive","Neural tube, Eye","mm10","chr11:98496959-98498735"
"Mouse","mm505.0","reference","Hsp68","random","e11.5","positive","Forebrain, Hindbrain","mm10","chr1:132332670-132334462"
"Mouse","mm506.0","reference","Hsp68","random","e11.5","negative","","mm10","chr12:54532609-54534941"
"Mouse","mm51.0","reference","Hsp68","random","e11.5","positive","Forebrain, Midbrain, Hindbrain","mm10","chr11:54056665-54059415"
"Mouse","mm510.0","reference","Hsp68","random","e11.5","positive","Hindbrain, Neural tube","mm10","chr4:32530396-32532759"
"Mouse","mm515.0","reference","Hsp68","random","e11.5","positive","Limb, Forebrain, Hindbrain, Neural tube","mm10","chr2:75422202-75424576"
"Mouse","mm517.0","reference","Hsp68","random","e11.5","negative","","mm10","chr9:49961402-49962403"
"Mouse","mm52.0","reference","Hsp68","random","e11.5","positive","Other","mm10","chr10:86294230-86297417"
"Mouse","mm524.0","reference","Hsp68","random","e11.5","negative","","mm10","chr18:38143982-38145288"
"Mouse","mm529.0","reference","Hsp68","random","e11.5","positive","Branchial arch, Other","mm10","chr12:84175691-84176743"
"Mouse","mm54.0","reference","Hsp68","random","e11.5","negative","","mm10","chr9:46118253-46121546"
"Mouse","mm547.0","reference","Hsp68","random","e11.5","negative","","mm10","chr7:132807589-132808550"
"Mouse","mm55.0","reference","Hsp68","random","e11.5","positive","Forebrain","mm10","chr2:71418481-71422071"
"Mouse","mm551.0","reference","Hsp68","random","e11.5","positive","Tail, Midbrain, Hindbrain","mm10","chr3:9346755-9348294"
"Mouse","mm554.0","reference","Hsp68","random","e11.5","positive","Midbrain","mm10","chr3:40119575-40120620"
"Mouse","mm557.0","reference","Hsp68","random","e11.5","negative","","mm10","chr18:76160386-76161964"
"Mouse","mm558.0","reference","Hsp68","random","e11.5","negative","","mm10","chr1:86487174-86488752"
"Mouse","mm56.0","reference","Hsp68","random","e11.5","positive","Forebrain","mm10","chr4:82915377-82918271"
"Mouse","mm560.0","reference","Hsp68","random","e11.5","negative","","mm10","chr10:122912068-122914080"
"Mouse","mm561.0","reference","Hsp68","random","e11.5","positive","Hindbrain","mm10","chr2:26132283-26133723"
"Mouse","mm562.0","reference","Hsp68","random","e11.5","negative","","mm10","chr1:135199049-135199949"
"Mouse","mm567.0","reference","Hsp68","random","e11.5","positive","Heart","mm10","chr7:19319411-19320266"
"Mouse","mm568.0","reference","Hsp68","random","e11.5","positive","Branchial arch, Forebrain, Hindbrain, Neural tube","mm10","chr11:94880929-94883811"
"Mouse","mm569.0","reference","Hsp68","random","e11.5","positive","Branchial arch, Forebrain, Hindbrain, Neural tube, Genital tubercle","mm10","chr10:120551962-120553597"
"Mouse","mm57.0","reference","Hsp68","random","e11.5","positive","Branchial arch, Limb, Tail, Eye","mm10","chr11:26489088-26491730"
"Mouse","mm570.0","reference","Hsp68","random","e11.5","positive","Other","mm10","chr15:79949939-79952465"
"Mouse","mm571.0","reference","Hsp68","random","e11.5","negative","","mm10","chr1:74097954-74100043"
"Mouse","mm573.0","reference","Hsp68","random","e11.5","positive","Blood vessels","mm10","chr1:133491869-133494057"
"Mouse","mm576.0","reference","Hsp68","random","e11.5","positive","Hindbrain, Other","mm10","chr3:97941911-97942885"
"Mouse","mm577.0","reference","Hsp68","random","e11.5","positive","Branchial arch, Limb, Forebrain, Midbrain, Hindbrain, Heart, Somite","mm10","chr9:37053339-37055278"
"Mouse","mm578.0","reference","Hsp68","random","e11.5","negative","","mm10","chr11:114829428-114830877"
"Mouse","mm580.0","reference","Hsp68","random","e11.5","positive","Limb","mm10","chr6:121087146-121088146"
"Mouse","mm582.0","reference","Hsp68","random","e11.5","negative","","mm10","chr8:25465343-25466614"
"Mouse","mm586.0","reference","Hsp68","random","e11.5","negative","","mm10","chr4:119238785-119240193"
"Mouse","mm588.0","reference","Hsp68","random","e11.5","negative","","mm10","chr8:119798044-119799107"
"Mouse","mm59.0","reference","Hsp68","random","e11.5","negative","","mm10","chr2:155050094-155052094"
"Mouse","mm591.0","reference","Hsp68","random","e11.5","positive","Other","mm10","chr17:45885692-45887728"
"Mouse","mm594.0","reference","Hsp68","random","e11.5","positive","Forebrain, Midbrain, Hindbrain, Blood vessels","mm10","chr5:111508634-111510489"
"Mouse","mm595.0","reference","Hsp68","random","e11.5","positive","Facial mesenchyme, Limb","mm10","chr8:25439932-25441453"
"Mouse","mm596.0","reference","Hsp68","random","e11.5","negative","","mm10","chr2:129038134-129040038"
"Mouse","mm599.0","reference","Hsp68","random","e11.5","positive","Other","mm10","chr16:21310392-21311695"
"Mouse","mm6.0","reference","Hsp68","random","e11.5","negative","","mm10","chr12:104939330-104940068"
"Mouse","mm60.0","reference","Hsp68","random","e11.5","positive","Branchial arch","mm10","chr6:98112394-98114829"
"Mouse","mm603.0","reference","Hsp68","random","e11.5","negative","","mm10","chr7:143153813-143155330"
"Mouse","mm605.0","reference","Hsp68","random","e11.5","positive","Facial mesenchyme, Trigeminal V (ganglion, cranial)","mm10","chr13:118850477-118851390"
"Mouse","mm605.0","reference","Hsp68","random","e14.5","negative","","mm10","chr13:118850477-118851390"
"Mouse","mm606.0","reference","Hsp68","random","e11.5","negative","","mm10","chr13:118893850-118894760"
"Mouse","mm607.0","reference","Hsp68","random","e11.5","positive","Neural tube","mm10","chr7:129743445-129744988"
"Mouse","mm608.0","reference","Hsp68","random","e11.5","negative","","mm10","chr7:130059552-130061335"
"Mouse","mm61.0","reference","Hsp68","random","e11.5","negative","","mm10","chr8:99550511-99551513"
"Mouse","mm610.0","reference","Hsp68","random","e11.5","positive","Branchial arch, Facial mesenchyme, Limb, Other","mm10","chr8:25342691-25344335"
"Mouse","mm610.0","reference","Hsp68","random","e14.5","positive","Facial mesenchyme, Ear","mm10","chr8:25342691-25344335"
"Mouse","mm612.0","reference","Hsp68","random","e11.5","positive","Branchial arch, Nose, Limb, Forebrain, Midbrain, Hindbrain, Eye","mm10","chr8:25543015-25545762"
"Mouse","mm613.0","reference","Hsp68","random","e11.5","positive","Branchial arch, Ear","mm10","chr1:56286332-56287543"
"Mouse","mm617.0","reference","Hsp68","random","e11.5","negative","","mm10","chr1:192784317-192784989"
"Mouse","mm618.0","reference","Hsp68","random","e11.5","negative","","mm10","chr1:192806328-192807093"
"Mouse","mm619.0","reference","Hsp68","random","e11.5","negative","","mm10","chr5:110898214-110898771"
"Mouse","mm62.0","reference","Hsp68","random","e11.5","positive","Hindbrain, Neural tube, Dorsal root ganglion","mm10","chr11:62983407-62986950"
"Mouse","mm621.0","reference","Hsp68","random","e11.5","positive","Branchial arch","mm10","chr5:111577309-111578296"
"Mouse","mm622.0","reference","Hsp68","random","e11.5","positive","Branchial arch","mm10","chr5:111601266-111602739"
"Mouse","mm625.0","reference","Hsp68","random","e11.5","negative","","mm10","chr13:48716454-48718010"
"Mouse","mm627.0","reference","Hsp68","random","e11.5","positive","Limb","mm10","chr11:111563101-111564002"
"Mouse","mm628.0","reference","Hsp68","random","e11.5","positive","Branchial arch","mm10","chr11:111568526-111569439"
"Mouse","mm628.0","reference","Hsp68","random","e9.5","positive","Facial mesenchyme","mm10","chr11:111568526-111569439"
"Mouse","mm629.0","reference","Hsp68","random","e11.5","negative","","mm10","chr11:111627115-111628109"
"Mouse","mm630.0","reference","Hsp68","random","e11.5","negative","","mm10","chr11:111647331-111648996"
"Mouse","mm631.0","reference","Hsp68","random","e11.5","negative","","mm10","chr11:111666055-111667477"
"Mouse","mm632.0","reference","Hsp68","random","e11.5","negative","","mm10","chr11:111781025-111781954"
"Mouse","mm633.0","reference","Hsp68","random","e11.5","negative","","mm10","chr11:111961105-111962964"
"Mouse","mm634.0","reference","Hsp68","random","e11.5","positive","Branchial arch, Limb","mm10","chr11:112411868-112413667"
"Mouse","mm635.0","reference","Hsp68","random","e11.5","positive","Branchial arch","mm10","chr11:112780251-112781037"
"Mouse","mm636.0","reference","Hsp68","random","e11.5","positive","Branchial arch, Nose, Limb","mm10","chr11:113013633-113014961"
"Mouse","mm637.0","reference","Hsp68","random","e11.5","negative","","mm10","chr11:113045851-113046515"
"Mouse","mm639.0","reference","Hsp68","random","e11.5","negative","","mm10","chr3:35102311-35103771"
"Mouse","mm64.0","reference","Hsp68","random","e11.5","positive","Heart","mm10","chr19:53715573-53717446"
"Mouse","mm640.0","reference","Hsp68","random","e11.5","negative","","mm10","chr3:35340408-35342017"
"Mouse","mm641.0","reference","Hsp68","random","e11.5","positive","Midbrain","mm10","chr15:61157639-61158731"
"Mouse","mm642.0","reference","Hsp68","random","e11.5","positive","Branchial arch, Facial mesenchyme, Nose, Limb, Ear, Forebrain, Midbrain, Dorsal root ganglion, Eye, Heart","mm10","chr15:60852996-60854283"
"Mouse","mm643.0","reference","Hsp68","random","e11.5","negative","","mm10","chr15:63674837-63676249"
"Mouse","mm645.0","reference","Hsp68","random","e11.5","positive","Midbrain, Hindbrain","mm10","chr2:160244496-160245157"
"Mouse","mm646.0","reference","Hsp68","random","e11.5","positive","Branchial arch, Facial mesenchyme, Nose, Limb, Forebrain, Somite","mm10","chr1:192798097-192800700"
"Mouse","mm65.0","reference","Hsp68","random","e11.5","negative","","mm10","chr10:59442760-59444330"
"Mouse","mm652.0","reference","Hsp68","random","e11.5","positive","Cranial nerve, Dorsal root ganglion, Heart","mm10","chr13:15664358-15665305"
"Mouse","mm653.0","reference","Hsp68","random","e11.5","negative","","mm10","chr13:16011023-16012852"
"Mouse","mm657.0","reference","Hsp68","random","e11.5","positive","Branchial arch","mm10","chr17:44722114-44723786"
"Mouse","mm659.0","reference","Hsp68","random","e11.5","negative","","mm10","chr8:89002204-89004697"
"Mouse","mm663.0","reference","Hsp68","random","e11.5","negative","","mm10","chr1:11026041-11028544"
"Mouse","mm664.0","reference","Hsp68","random","e11.5","negative","","mm10","chr1:12614812-12617318"
"Mouse","mm665.0","reference","Hsp68","random","e11.5","negative","","mm10","chr1:33989736-33992236"
"Mouse","mm666.0","reference","Hsp68","random","e11.5","negative","","mm10","chr1:84548810-84551346"
"Mouse","mm667.0","reference","Hsp68","random","e11.5","positive","Limb, Heart","mm10","chr2:57341949-57344452"
"Mouse","mm668.0","reference","Hsp68","random","e11.5","negative","","mm10","chr2:65992128-65994630"
"Mouse","mm669.0","reference","Hsp68","random","e11.5","negative","","mm10","chr2:115867988-115870501"
"Mouse","mm67.0","reference","Hsp68","random","e11.5","positive","Heart","mm10","chr11:65208859-65210457"
"Mouse","mm670.0","reference","Hsp68","random","e11.5","negative","","mm10","chr2:125491399-125493910"
"Mouse","mm671.0","reference","Hsp68","random","e11.5","positive","Limb","mm10","chr2:137852331-137854841"
"Mouse","mm673.0","reference","Hsp68","random","e11.5","positive","Limb, Neural tube","mm10","chr2:166440624-166443127"
"Mouse","mm675.0","reference","Hsp68","random","e11.5","negative","","mm10","chr3:70311304-70313815"
"Mouse","mm677.0","reference","Hsp68","random","e11.5","negative","","mm10","chr4:89468922-89471433"
"Mouse","mm678.0","reference","Hsp68","random","e11.5","positive","Limb","mm10","chr5:99367893-99370402"
"Mouse","mm68.0","reference","Hsp68","random","e11.5","positive","Heart","mm10","chr13:73298278-73300313"
"Mouse","mm680.0","reference","Hsp68","random","e11.5","positive","Limb","mm10","chr5:102373255-102375760"
"Mouse","mm681.0","reference","Hsp68","random","e11.5","negative","","mm10","chr6:99886863-99889368"
"Mouse","mm682.0","reference","Hsp68","random","e11.5","negative","","mm10","chr6:101279933-101282506"
"Mouse","mm683.0","reference","Hsp68","random","e11.5","positive","Forebrain, Midbrain, Hindbrain, Eye","mm10","chr7:51770962-51773461"
"Mouse","mm684.0","reference","Hsp68","random","e11.5","negative","","mm10","chr7:51968458-51970959"
"Mouse","mm686.0","reference","Hsp68","random","e11.5","positive","Branchial arch, Facial mesenchyme, Limb, Forebrain","mm10","chr7:108796607-108799111"
"Mouse","mm687.0","reference","Hsp68","random","e11.5","positive","Limb","mm10","chr7:124038358-124040863"
"Mouse","mm688.0","reference","Hsp68","random","e11.5","negative","","mm10","chr8:8102246-8104746"
"Mouse","mm69.0","reference","Hsp68","random","e11.5","positive","Heart, Liver","mm10","chr9:64044784-64046949"
"Mouse","mm690.0","reference","Hsp68","random","e11.5","negative","","mm10","chr9:68794561-68797064"
"Mouse","mm693.0","reference","Hsp68","random","e11.5","positive","Nose, Limb, Forebrain, Midbrain","mm10","chr10:36483585-36486087"
"Mouse","mm694.0","reference","Hsp68","random","e11.5","positive","Branchial arch, Facial mesenchyme, Nose, Limb, Tail, Other","mm10","chr10:87868238-87870738"
"Mouse","mm696.0","reference","Hsp68","random","e11.5","negative","","mm10","chr10:98683082-98685585"
"Mouse","mm697.0","reference","Hsp68","random","e11.5","negative","","mm10","chr10:122768032-122770536"
"Mouse","mm698.0","reference","Hsp68","random","e11.5","negative","","mm10","chr11:25099107-25101616"
"Mouse","mm7.0","reference","Hsp68","random","e11.5","positive","Forebrain","mm10","chr14:61004741-61005741"
"Mouse","mm70.0","reference","Hsp68","random","e11.5","positive","Heart","mm10","chr8:33903825-33907069"
"Mouse","mm701.0","reference","Hsp68","random","e11.5","negative","","mm10","chr12:53663102-53665611"
"Mouse","mm702.0","reference","Hsp68","random","e11.5","positive","Midbrain, Hindbrain, Cranial nerve","mm10","chr13:63625948-63628451"
"Mouse","mm703.0","reference","Hsp68","random","e11.5","positive","Limb","mm10","chr15:35532221-35534804"
"Mouse","mm708.0","reference","Hsp68","random","e11.5","positive","Limb","mm10","chr18:68909329-68911841"
"Mouse","mm71.0","reference","Hsp68","random","e11.5","positive","Heart","mm10","chr8:95426512-95428314"
"Mouse","mm711.0","reference","Hsp68","random","e11.5","negative","","mm10","chr1:54904983-54908576"
"Mouse","mm712.0","reference","Hsp68","random","e11.5","positive","Limb, Somite","mm10","chr1:162074031-162077556"
"Mouse","mm713.0","reference","Hsp68","random","e11.5","positive","Limb, Forebrain, Midbrain, Hindbrain, Neural tube, Dorsal root ganglion","mm10","chr1:162830457-162833965"
"Mouse","mm716.0","reference","Hsp68","random","e11.5","positive","Limb, Trigeminal V (ganglion, cranial)","mm10","chr2:33875330-33878835"
"Mouse","mm717.0","reference","Hsp68","random","e11.5","positive","Branchial arch, Limb","mm10","chr2:59597936-59601445"
"Mouse","mm718.0","reference","Hsp68","random","e11.5","positive","Other","mm10","chr4:5796829-5800336"
"Mouse","mm72.0","reference","Hsp68","random","e11.5","positive","Heart, Somite","mm10","chr3:152303123-152305848"
"Mouse","mm720.0","reference","Hsp68","random","e11.5","positive","Hindbrain, Cranial nerve, Dorsal root ganglion, Trigeminal V (ganglion, cranial), Somite","mm10","chr4:32301906-32305410"
"Mouse","mm723.0","reference","Hsp68","random","e11.5","negative","","mm10","chr5:115488392-115491906"
"Mouse","mm725.0","reference","Hsp68","random","e11.5","positive","Dorsal root ganglion, Heart","mm10","chr7:110162809-110166318"
"Mouse","mm727.0","reference","Hsp68","random","e11.5","negative","","mm10","chr7:68127364-68130866"
"Mouse","mm729.0","reference","Hsp68","random","e11.5","positive","Branchial arch, Facial mesenchyme, Limb, Other","mm10","chr7:83811919-83815428"
"Mouse","mm73.0","reference","Hsp68","random","e11.5","positive","Heart","mm10","chr15:63065705-63067611"
"Mouse","mm734.0","reference","Hsp68","random","e11.5","positive","Limb, Dorsal root ganglion, Other","mm10","chr9:41889013-41892513"
"Mouse","mm736.0","reference","Hsp68","random","e11.5","negative","","mm10","chr9:109892967-109896468"
"Mouse","mm74.0","reference","Hsp68","random","e11.5","positive","Heart","mm10","chr10:56979111-56981816"
"Mouse","mm743.0","reference","Hsp68","random","e11.5","negative","","mm10","chr13:21973105-21976607"
"Mouse","mm745.0","reference","Hsp68","random","e11.5","positive","Nose, Limb, Forebrain, Midbrain, Hindbrain, Neural tube, Somite","mm10","chr13:60145681-60149195"
"Mouse","mm75.0","reference","Hsp68","random","e11.5","positive","Heart","mm10","chr2:172861966-172864167"
"Mouse","mm751.0","reference","Hsp68","random","e11.5","positive","Branchial arch, Facial mesenchyme, Limb, Forebrain","mm10","chr17:47988298-47991797"
"Mouse","mm755.0","reference","Hsp68","random","e11.5","positive","Facial mesenchyme, Limb, Hindbrain","mm10","chr17:29462413-29466116"
"Mouse","mm757.0","reference","Hsp68","random","e11.5","positive","Limb, Midbrain, Hindbrain, Neural tube","mm10","chr1:166047480-166050879"
"Mouse","mm758.0","reference","Hsp68","random","e11.5","negative","","mm10","chr10:79839865-79842369"
"Mouse","mm759.0","reference","Hsp68","random","e11.5","negative","","mm10","chr8:77722985-77723939"
"Mouse","mm76.0","reference","Hsp68","random","e11.5","positive","Heart, Somite","mm10","chr18:33291254-33294218"
"Mouse","mm760.0","reference","Hsp68","random","e11.5","negative","","mm10","chr8:77707194-77708229"
"Mouse","mm761.0","reference","Hsp68","random","e11.5","positive","Facial mesenchyme, Heart","mm10","chr8:77671737-77672642"
"Mouse","mm762.0","reference","Hsp68","random","e11.5","positive","Heart","mm10","chr10:31228892-31229864"
"Mouse","mm763.0","reference","Hsp68","random","e11.5","positive","Heart","mm10","chr10:31053081-31054085"
"Mouse","mm764.0","reference","Hsp68","random","e11.5","positive","Somite","mm10","chr10:31034051-31035576"
"Mouse","mm765.0","reference","Hsp68","random","e11.5","negative","","mm10","chr10:31272657-31273675"
"Mouse","mm766.0","reference","Hsp68","random","e11.5","positive","Heart","mm10","chr10:30997659-30998999"
"Mouse","mm767.0","reference","Hsp68","random","e11.5","negative","","mm10","chr10:31027822-31028728"
"Mouse","mm768.0","reference","Hsp68","random","e11.5","positive","Heart","mm10","chr16:92344469-92345647"
"Mouse","mm769.0","reference","Hsp68","random","e11.5","positive","Midbrain","mm10","chr16:92340538-92342015"
"Mouse","mm77.0","reference","Hsp68","random","e11.5","positive","Heart","mm10","chr5:122092222-122094768"
"Mouse","mm770.0","reference","Hsp68","random","e11.5","positive","Heart","mm10","chr5:77129884-77130993"
"Mouse","mm771.0","reference","Hsp68","random","e11.5","positive","Heart","mm10","chr14:54996894-54997224"
"Mouse","mm774.0","reference","Hsp68","random","e11.5","positive","Forebrain, Midbrain, Hindbrain","mm10","chr4:65237235-65239737"
"Mouse","mm774.0","reference","Hsp68","random","e14.5","positive","Forebrain","mm10","chr4:65237235-65239737"
"Mouse","mm777.0","reference","Hsp68","random","e11.5","positive","Forebrain","mm10","chr2:65662394-65664905"
"Mouse","mm777.0","reference","Hsp68","random","e14.5","positive","Forebrain","mm10","chr2:65662394-65664905"
"Mouse","mm777.0","reference","Hsp68","random","e17.5","negative","","mm10","chr2:65662394-65664905"
"Mouse","mm78.0","reference","Hsp68","random","e11.5","positive","Facial mesenchyme, Midbrain, Heart","mm10","chr12:83072399-83074413"
"Mouse","mm780.0","reference","Hsp68","random","e11.5","positive","Eye","mm10","chr11:117865410-117867678"
"Mouse","mm782.0","reference","Hsp68","random","e11.5","positive","Forebrain, Midbrain, Hindbrain, Neural tube","mm10","chr10:52741812-52745154"
"Mouse","mm786.0","reference","Hsp68","random","e11.5","negative","","mm10","chr9:54335032-54337557"
"Mouse","mm79.0","reference","Hsp68","random","e11.5","positive","Heart","mm10","chr7:112297825-112299420"
"Mouse","mm790.0","reference","Hsp68","random","e11.5","positive","Forebrain, Midbrain, Hindbrain, Neural tube","mm10","chr1:127554365-127556879"
"Mouse","mm794.0","reference","Hsp68","random","e11.5","negative","","mm10","chr14:24649772-24652271"
"Mouse","mm795.0","reference","Hsp68","random","e11.5","positive","Forebrain","mm10","chr12:71532268-71534767"
"Mouse","mm799.0","reference","Hsp68","random","e11.5","positive","Forebrain, Midbrain","mm10","chr12:109507924-109510969"
"Mouse","mm8.0","reference","Hsp68","random","e11.5","negative","","mm10","chr4:140218147-140219643"
"Mouse","mm80.0","reference","Hsp68","random","e11.5","positive","Blood vessels","mm10","chr4:132075516-132079227"
"Mouse","mm801.0","reference","Hsp68","random","e11.5","negative","","mm10","chr6:3509886-3514285"
"Mouse","mm81.0","reference","Hsp68","random","e11.5","positive","Heart","mm10","chr17:29433665-29435358"
"Mouse","mm813.0","reference","Hsp68","random","e11.5","negative","","mm10","chr13:46632291-46635792"
"Mouse","mm814.0","reference","Hsp68","random","e11.5","positive","Forebrain, Neural tube","mm10","chr4:54611226-54614736"
"Mouse","mm815.0","reference","Hsp68","random","e11.5","positive","Forebrain, Midbrain","mm10","chr12:91677577-91681083"
"Mouse","mm817.0","reference","Hsp68","random","e11.5","positive","Forebrain, Midbrain, Neural tube","mm10","chr16:91139145-91142270"
"Mouse","mm817.0","reference","Hsp68","random","e14.5","positive","Limb, Forebrain, Neural tube, Eye","mm10","chr16:91139145-91142270"
"Mouse","mm817.1","reference 2","Shh","targeted (H11)","e11.5","positive","Forebrain, Midbrain","mm10","chr16:91139145-91142270"
"Mouse","mm817.1","reference 2","Shh","targeted (H11)","e16.5","positive","Forebrain","mm10","chr16:91139145-91142270"
"Mouse","mm82.0","reference","Hsp68","random","e11.5","positive","Heart","mm10","chr17:73022167-73024151"
"Mouse","mm824.0","reference","Hsp68","random","e11.5","negative","","mm10","chr17:26863573-26866666"
"Mouse","mm829.0","reference","Hsp68","random","e11.5","positive","Heart","mm10","chr14:99008599-99012639"
"Mouse","mm832.0","reference","Hsp68","random","e11.5","positive","Branchial arch, Nose, Ear","mm10","chr5:12505541-12509076"
"Mouse","mm84.0","reference","Hsp68","random","e11.5","positive","Branchial arch, Limb, Heart, Other","mm10","chr15:83638832-83640718"
"Mouse","mm843.0","reference","Hsp68","random","e11.5","negative","","mm10","chr17:26811609-26815536"
"Mouse","mm844.0","reference","Hsp68","random","e11.5","negative","","mm10","chr8:57347180-57351134"
"Mouse","mm845.0","reference","Hsp68","random","e11.5","negative","","mm10","chr9:47278515-47282714"
"Mouse","mm847.0","reference","Hsp68","random","e11.5","negative","","mm10","chr8:57359264-57363080"
"Mouse","mm849.0","reference","Hsp68","random","e11.5","positive","Branchial arch, Heart","mm10","chr11:57927594-57931336"
"Mouse","mm85.0","reference","Hsp68","random","e11.5","positive","Heart","mm10","chr11:65648910-65651643"
"Mouse","mm86.0","reference","Hsp68","random","e11.5","positive","Heart","mm10","chr3:20144423-20146014"
"Mouse","mm87.0","reference","Hsp68","random","e11.5","positive","Limb, Heart, Other","mm10","chr10:45228615-45231786"
"Mouse","mm871.0","reference","Hsp68","random","e11.5","positive","Nose, Forebrain, Midbrain, Hindbrain","mm10","chr8:90738606-90742411"
"Mouse","mm876.0","reference","Hsp68","random","e11.5","positive","Facial mesenchyme, Forebrain, Midbrain, Hindbrain, Cranial nerve","mm10","chr11:96883321-96887851"
"Mouse","mm878.0","reference","Hsp68","random","e11.5","positive","Forebrain","mm10","chr6:94753098-94757438"
"Mouse","mm879.0","reference","Hsp68","random","e11.5","positive","Branchial arch, Limb, Cranial nerve, Dorsal root ganglion, Trigeminal V (ganglion, cranial)","mm10","chr18:60904549-60907218"
"Mouse","mm879.0","reference","Hsp68","random","e14.5","positive","Other","mm10","chr18:60904549-60907218"
"Mouse","mm88.0","reference","Hsp68","random","e11.5","negative","","mm10","chr1:58952908-58956413"
"Mouse","mm881.0","reference","Hsp68","random","e11.5","positive","Facial mesenchyme, Forebrain","mm10","chr13:77546465-77549737"
"Mouse","mm888.0","reference","Hsp68","random","e11.5","positive","Branchial arch","mm10","chr3:99259781-99263564"
"Mouse","mm89.0","reference","Hsp68","random","e11.5","positive","Heart, Blood vessels","mm10","chr17:12789720-12793070"
"Mouse","mm890.0","reference","Hsp68","random","e11.5","negative","","mm10","chr3:99232931-99236556"
"Mouse","mm897.0","reference","Hsp68","random","e11.5","negative","","mm10","chr7:115595838-115599190"
"Mouse","mm898.0","reference","Hsp68","random","e11.5","positive","Branchial arch, Limb","mm10","chr9:88048577-88050946"
"Mouse","mm9.0","reference","Hsp68","random","e11.5","positive","Eye","mm10","chr8:46770573-46772246"
"Mouse","mm90.0","reference","Hsp68","random","e11.5","positive","Heart","mm10","chr17:35719853-35721783"
"Mouse","mm901.0","reference","Hsp68","random","e11.5","positive","Branchial arch","mm10","chr1:91962928-91965956"
"Mouse","mm907.0","reference","Hsp68","random","e11.5","negative","","mm10","chr8:14071983-14074029"
"Mouse","mm91.0","reference","Hsp68","random","e11.5","positive","Branchial arch","mm10","chr15:84217541-84220713"
"Mouse","mm911.0","reference","Hsp68","random","e11.5","negative","","mm10","chr5:121925612-121927679"
"Mouse","mm912.0","reference","Hsp68","random","e11.5","negative","","mm10","chr1:5021604-5024300"
"Mouse","mm915.0","reference","Hsp68","random","e11.5","negative","","mm10","chr2:160451308-160452587"
"Mouse","mm916.0","reference","Hsp68","random","e11.5","positive","Other","mm10","chr19:58419231-58420469"
"Mouse","mm917.0","reference","Hsp68","random","e11.5","positive","Limb, Dorsal root ganglion","mm10","chr13:118735524-118737409"
"Mouse","mm918.0","reference","Hsp68","random","e11.5","negative","","mm10","chr13:118805895-118807124"
"Mouse","mm919.0","reference","Hsp68","random","e11.5","positive","Facial mesenchyme, Limb","mm10","chr8:25440190-25442103"
"Mouse","mm92.0","reference","Hsp68","random","e11.5","positive","Heart","mm10","chr2:173034798-173036838"
"Mouse","mm920.0","reference","Hsp68","random","e11.5","negative","","mm10","chr5:111255889-111257844"
"Mouse","mm921.0","reference","Hsp68","random","e11.5","positive","Facial mesenchyme, Other","mm10","chr5:111675077-111676405"
"Mouse","mm921.0","reference","Hsp68","random","e14.5","positive","Facial mesenchyme, Nose, Limb, Tail, Dorsal root ganglion","mm10","chr5:111675077-111676405"
"Mouse","mm922.0","reference","Hsp68","random","e11.5","positive","Branchial arch, Midbrain, Hindbrain","mm10","chr13:48779628-48781302"
"Mouse","mm923.0","reference","Hsp68","random","e11.5","negative","","mm10","chr2:160515698-160517266"
"Mouse","mm924.0","reference","Hsp68","random","e11.5","positive","Branchial arch, Facial mesenchyme, Limb","mm10","chr17:44617720-44619641"
"Mouse","mm924.0","reference","Hsp68","random","e14.5","positive","Facial mesenchyme, Nose, Ear, Eye, Genital tubercle, Melanocytes, Other","mm10","chr17:44617720-44619641"
"Mouse","mm925.0","reference","Hsp68","random","e14.5","positive","Limb, Ear","mm10","chr7:130059020-130061584"
"Mouse","mm926.0","reference","Hsp68","random","e11.5","negative","","mm10","chr11:113164281-113165930"
"Mouse","mm928.0","reference","Hsp68","random","e11.5","negative","","mm10","chr5:38065059-38066694"
"Mouse","mm929.0","reference","Hsp68","random","e11.5","negative","","mm10","chr3:127913728-127915301"
"Mouse","mm93.0","reference","Hsp68","random","e11.5","negative","","mm10","chr3:102062054-102063651"
"Mouse","mm930.0","reference","Hsp68","random","e11.5","negative","","mm10","chr3:128518773-128521313"
"Mouse","mm932.0","reference","Hsp68","random","e11.5","negative","","mm10","chr14:23400710-23402957"
"Mouse","mm933.0","reference","Hsp68","random","e11.5","positive","Nose, Cranial nerve, Dorsal root ganglion","mm10","chr13:115686621-115688040"
"Mouse","mm935.0","reference","Hsp68","random","e11.5","positive","Branchial arch","mm10","chr1:193449333-193450185"
"Mouse","mm936.0","reference","Hsp68","random","e11.5","negative","","mm10","chr15:63726350-63727334"
"Mouse","mm938.0","reference","Hsp68","random","e11.5","positive","Limb, Tail, Eye, Other","mm10","chr7:130425767-130427321"
"Mouse","mm939.0","reference","Hsp68","random","e11.5","negative","","mm10","chr13:48565958-48567062"
"Mouse","mm94.0","reference","Hsp68","random","e11.5","positive","Limb, Other","mm10","chr6:122392608-122396323"
"Mouse","mm940.0","reference","Hsp68","random","e13.5","negative","","mm10","chr2:137073362-137074905"
"Mouse","mm941.0","reference","Hsp68","random","e13.5","positive","Forebrain, Other","mm10","chr15:101980638-101981489"
"Mouse","mm942.0","reference","Hsp68","random","e13.5","positive","Other","mm10","chr11:88303986-88304949"
"Mouse","mm943.0","reference","Hsp68","random","e13.5","positive","Nose","mm10","chr4:139851947-139853416"
"Mouse","mm946.0","reference","Hsp68","random","e13.5","negative","","mm10","chr13:40461286-40462856"
"Mouse","mm948.0","reference","Hsp68","random","e13.5","positive","Other","mm10","chr7:130319472-130321964"
"Mouse","mm95.0","reference","Hsp68","random","e11.5","negative","","mm10","chr11:32250452-32252343"
"Mouse","mm950.0","reference","Hsp68","random","e13.5","positive","Other","mm10","chr3:66972937-66974406"
"Mouse","mm958.0","reference","Hsp68","random","e13.5","negative","","mm10","chr4:24966179-24967088"
"Mouse","mm962.0","reference","Hsp68","random","e13.5","positive","Nose","mm10","chr10:120551813-120553581"
"Mouse","mm963.0","reference","Hsp68","random","e12.5","positive","Other","mm10","chr17:25175099-25176131"
"Mouse","mm964.0","reference","Hsp68","random","e13.5","negative","","mm10","chr13:116304244-116305081"
"Mouse","mm965.0","reference","Hsp68","random","e13.5","negative","","mm10","chr5:110978567-110980476"
"Mouse","mm966.0","reference","Hsp68","random","e13.5","positive","Facial mesenchyme, Nose, Limb, Other","mm10","chr12:9337648-9339494"
"Mouse","mm967.0","reference","Hsp68","random","e13.5","negative","","mm10","chr7:73557466-73558712"
"Mouse","mm969.0","reference","Hsp68","random","e13.5","negative","","mm10","chr1:89579978-89581888"
"Mouse","mm97.0","reference","Hsp68","random","e11.5","negative","","mm10","chr3:100437201-100440090"
"Mouse","mm970.0","reference","Hsp68","random","e13.5","negative","","mm10","chr2:93045211-93046594"
"Mouse","mm971.0","reference","Hsp68","random","e11.5","positive","Forebrain, Hindbrain, Neural tube","mm10","chr1:133180670-133184217"
"Mouse","mm974.0","reference","Hsp68","random","e11.5","negative","","mm10","chr13:47855168-47856711"
"Mouse","mm976.0","reference","Hsp68","random","e11.5","positive","Forebrain, Midbrain","mm10","chr9:120618446-120621528"
"Mouse","mm979.0","reference","Hsp68","random","e11.5","positive","Hindbrain, Dorsal root ganglion, Trigeminal V (ganglion, cranial)","mm10","chr13:37310966-37313808"
"Mouse","mm981.0","reference","Hsp68","random","e11.5","positive","Forebrain, Hindbrain","mm10","chr11:77906010-77907725"
"Mouse","mm984.0","reference","Hsp68","random","e11.5","positive","Midbrain, Hindbrain","mm10","chr8:89270668-89273482"
"Mouse","mm985.0","reference","Hsp68","random","e11.5","positive","Midbrain","mm10","chr8:8488054-8491336"
"Mouse","mm988.0","reference","Hsp68","random","e11.5","positive","Forebrain, Hindbrain, Neural tube","mm10","chr16:30872665-30875316"
"Mouse","mm99.0","reference","Hsp68","random","e11.5","positive","Heart","mm10","chr8:120370902-120372676"
"Mouse","mm991.0","reference","Hsp68","random","e11.5","negative","","mm10","chr7:91261751-91263630"
"Mouse","mm992.0","reference","Hsp68","random","e11.5","negative","","mm10","chr8:32292795-32294130"
"Mouse","mm993.0","reference","Hsp68","random","e11.5","negative","","mm10","chr4:97745131-97746737"
"Mouse","mm995.0","reference","Hsp68","random","e11.5","negative","","mm10","chr5:131823878-131826427"
"Mouse","mm996.0","reference","Hsp68","random","e11.5","positive","Midbrain, Hindbrain, Neural tube","mm10","chr3:35403698-35406710"
"Mouse","mm997.0","reference","Hsp68","random","e11.5","positive","Forebrain","mm10","chr1:63993296-63996572"
"Mouse","mm998.0","reference","Hsp68","random","e11.5","positive","Forebrain","mm10","chr11:114335579-114337612"
"Mouse","mm999.0","reference","Hsp68","random","e11.5","positive","Facial mesenchyme, Forebrain, Midbrain, Hindbrain, Cranial nerve","mm10","chr11:96885203-96888165"