ERROR: Unable to locate a modulefile for 'anaconda3/2022.05'
ERROR: Unable to locate a modulefile for 'profile/deeplrn'
Loading cuda/11.8.0-none-none
  ERROR: Conflicting cuda is loaded
03/13/2026 16:57:53 - WARNING - graph_enc.src.model.run_mlm - Process rank: 0, device: cuda:0, n_gpu: 1distributed training: True, 16-bits training: False
03/13/2026 16:57:53 - INFO - graph_enc.src.model.run_mlm - Training/evaluation parameters TrainingArguments(
_n_gpu=1,
adafactor=False,
adam_beta1=0.9,
adam_beta2=0.98,
adam_epsilon=1e-06,
auto_find_batch_size=False,
bf16=False,
bf16_full_eval=False,
data_seed=None,
dataloader_drop_last=False,
dataloader_num_workers=0,
dataloader_pin_memory=True,
ddp_backend=None,
ddp_bucket_cap_mb=None,
ddp_find_unused_parameters=False,
ddp_timeout=1800,
debug=[],
deepspeed=None,
disable_tqdm=False,
do_eval=True,
do_predict=False,
do_train=True,
eval_accumulation_steps=None,
eval_delay=0,
eval_steps=None,
evaluation_strategy=epoch,
fp16=False,
fp16_backend=auto,
fp16_full_eval=False,
fp16_opt_level=O1,
fsdp=[],
fsdp_config={'fsdp_min_num_params': 0, 'xla': False, 'xla_fsdp_grad_ckpt': False},
fsdp_min_num_params=0,
fsdp_transformer_layer_cls_to_wrap=None,
full_determinism=False,
gradient_accumulation_steps=1,
gradient_checkpointing=False,
greater_is_better=None,
group_by_length=False,
half_precision_backend=auto,
hub_model_id=None,
hub_private_repo=False,
hub_strategy=every_save,
hub_token=<HUB_TOKEN>,
ignore_data_skip=False,
include_inputs_for_metrics=False,
jit_mode_eval=False,
label_names=None,
label_smoothing_factor=0.0,
learning_rate=0.0005,
length_column_name=length,
load_best_model_at_end=False,
local_rank=0,
log_level=passive,
log_level_replica=warning,
log_on_each_node=True,
logging_dir=/work/tesi_fgaragnani/checkpoints/ai4bio/dnabert2_cs/runs/Mar13_16-57-53_rezzonico,
logging_first_step=True,
logging_nan_inf_filter=True,
logging_steps=10,
logging_strategy=steps,
lr_scheduler_type=linear,
max_grad_norm=1.0,
max_steps=40000,
metric_for_best_model=None,
mp_parameters=,
no_cuda=False,
num_train_epochs=3.0,
optim=adamw_hf,
optim_args=None,
output_dir=/work/tesi_fgaragnani/checkpoints/ai4bio/dnabert2_cs,
overwrite_output_dir=True,
past_index=-1,
per_device_eval_batch_size=16,
per_device_train_batch_size=16,
prediction_loss_only=False,
push_to_hub=False,
push_to_hub_model_id=None,
push_to_hub_organization=None,
push_to_hub_token=<PUSH_TO_HUB_TOKEN>,
ray_scope=last,
remove_unused_columns=True,
report_to=[],
resume_from_checkpoint=None,
run_name=/work/tesi_fgaragnani/checkpoints/ai4bio/dnabert2_cs,
save_on_each_node=False,
save_safetensors=False,
save_steps=20000,
save_strategy=steps,
save_total_limit=None,
seed=42,
sharded_ddp=[],
skip_memory_metrics=True,
tf32=None,
torch_compile=False,
torch_compile_backend=None,
torch_compile_mode=None,
torchdynamo=None,
tpu_metrics_debug=False,
tpu_num_cores=None,
use_ipex=False,
use_legacy_prediction_loop=False,
use_mps_device=False,
warmup_ratio=0.0,
warmup_steps=1200,
weight_decay=1e-05,
xpu_backend=None,
)
03/13/2026 16:57:53 - WARNING - graph_enc.src.model.run_mlm - Process rank: 1, device: cuda:1, n_gpu: 1distributed training: True, 16-bits training: False
03/13/2026 16:58:49 - INFO - graph_enc.src.model.run_mlm - Vocabulary size: 4096
03/13/2026 16:58:49 - INFO - graph_enc.src.model.run_mlm - Training new model from scratch
[Info] Computed num_train_epochs=1 (steps_per_epoch=531920, effective_batch_size=32, world_size=2)
[Info] Computed num_train_epochs=1 (steps_per_epoch=531920, effective_batch_size=32, world_size=2)
[ChromosomeDataset] CDS length:  145 , flank left: 85 , flank right: 132 , window length: 362
[ChromosomeDataset] CDS length:  147 , flank left: 106 , flank right: 114 , window length: 367
[ChromosomeDataset] CDS length:  243 , flank left: 134 , flank right: 230 , window length: 607
[ChromosomeDataset] CDS length:  174 , flank left: 162 , flank right: 99 , window length: 435
[ChromosomeDataset] CDS length:  135 , flank left: 71 , flank right: 131 , window length: 337
[ChromosomeDataset] CDS length:  400 , flank left: 371 , flank right: 229 , window length: 1000
[ChromosomeDataset] CDS length:  122 , flank left: 72 , flank right: 111 , window length: 305
[ChromosomeDataset] CDS length:  871 , flank left: 648 , flank right: 658 , window length: 2177
[ChromosomeDataset] CDS length:  2388 , flank left: 1790 , flank right: 1792 , window length: 5970
[ChromosomeDataset] CDS length:  66 , flank left: 38 , flank right: 61 , window length: 165
[ChromosomeDataset] CDS length:  146 , flank left: 141 , flank right: 78 , window length: 365
[ChromosomeDataset] CDS length:  212 , flank left: 140 , flank right: 178 , window length: 530
[ChromosomeDataset] CDS length:  141 , flank left: 76 , flank right: 135 , window length: 352
[ChromosomeDataset] CDS length:  111 , flank left: 66 , flank right: 100 , window length: 277
[ChromosomeDataset] CDS length:  463 , flank left: 454 , flank right: 240 , window length: 1157
[ChromosomeDataset] CDS length:  155 , flank left: 97 , flank right: 135 , window length: 387
[ChromosomeDataset] CDS length:  145 , flank left: 112 , flank right: 105 , window length: 362
[ChromosomeDataset] CDS length:  210 , flank left: 202 , flank right: 113 , window length: 525
[ChromosomeDataset] CDS length:  152 , flank left: 125 , flank right: 103 , window length: 380
[ChromosomeDataset] CDS length:  417 , flank left: 263 , flank right: 362 , window length: 1042
[ChromosomeDataset] CDS length:  195 , flank left: 193 , flank right: 99 , window length: 487
[ChromosomeDataset] CDS length:  487 , flank left: 475 , flank right: 255 , window length: 1217
[ChromosomeDataset] CDS length:  115 , flank left: 113 , flank right: 59 , window length: 287
[ChromosomeDataset] CDS length:  1518 , flank left: 1259 , flank right: 1018 , window length: 3795
[ChromosomeDataset] CDS length:  300 , flank left: 153 , flank right: 297 , window length: 750
[ChromosomeDataset] CDS length:  1048 , flank left: 996 , flank right: 576 , window length: 2620
[ChromosomeDataset] CDS length:  114 , flank left: 62 , flank right: 109 , window length: 285
[ChromosomeDataset] CDS length:  391 , flank left: 391 , flank right: 195 , window length: 977
[ChromosomeDataset] CDS length:  254 , flank left: 153 , flank right: 228 , window length: 635
[ChromosomeDataset] CDS length:  177 , flank left: 101 , flank right: 164 , window length: 442
[ChromosomeDataset] CDS length:  153 , flank left: 138 , flank right: 91 , window length: 382
[ChromosomeDataset] CDS length:  101 , flank left: 55 , flank right: 96 , window length: 252
[BatchStats] sample=0 masked_tokens_pct=6.67 unique_token_ids=68
[BatchStats] sample=1 masked_tokens_pct=5.06 unique_token_ids=69
[BatchStats] sample=2 masked_tokens_pct=5.88 unique_token_ids=108
[BatchStats] sample=3 masked_tokens_pct=1.12 unique_token_ids=87
[BatchStats] sample=4 masked_tokens_pct=7.35 unique_token_ids=61
[BatchStats] sample=5 masked_tokens_pct=4.20 unique_token_ids=107
[BatchStats] sample=6 masked_tokens_pct=11.11 unique_token_ids=55
[BatchStats] sample=7 masked_tokens_pct=10.70 unique_token_ids=220
[BatchStats] sample=8 masked_tokens_pct=14.75 unique_token_ids=306
[BatchStats] sample=9 masked_tokens_pct=8.11 unique_token_ids=34
[BatchStats] sample=10 masked_tokens_pct=13.92 unique_token_ids=67
[BatchStats] sample=11 masked_tokens_pct=7.41 unique_token_ids=94
[BatchStats] sample=12 masked_tokens_pct=12.33 unique_token_ids=64
[BatchStats] sample=13 masked_tokens_pct=10.87 unique_token_ids=40
[BatchStats] sample=14 masked_tokens_pct=10.10 unique_token_ids=140
[BatchStats] sample=15 masked_tokens_pct=2.53 unique_token_ids=74
[BatchStats] sample=0 masked_tokens_pct=6.41 unique_token_ids=67
[BatchStats] sample=1 masked_tokens_pct=11.86 unique_token_ids=89
[BatchStats] sample=2 masked_tokens_pct=6.49 unique_token_ids=74
[BatchStats] sample=3 masked_tokens_pct=9.29 unique_token_ids=114
[BatchStats] sample=4 masked_tokens_pct=4.76 unique_token_ids=91
[BatchStats] sample=5 masked_tokens_pct=8.53 unique_token_ids=147
[BatchStats] sample=6 masked_tokens_pct=8.47 unique_token_ids=53
[BatchStats] sample=7 masked_tokens_pct=15.19 unique_token_ids=225
[BatchStats] sample=8 masked_tokens_pct=8.79 unique_token_ids=82
[BatchStats] sample=9 masked_tokens_pct=6.84 unique_token_ids=354
[BatchStats] sample=10 masked_tokens_pct=4.76 unique_token_ids=60
[BatchStats] sample=11 masked_tokens_pct=9.00 unique_token_ids=156
[BatchStats] sample=12 masked_tokens_pct=10.85 unique_token_ids=102
[BatchStats] sample=13 masked_tokens_pct=4.40 unique_token_ids=81
[BatchStats] sample=14 masked_tokens_pct=8.43 unique_token_ids=74
[BatchStats] sample=15 masked_tokens_pct=9.80 unique_token_ids=47
[ChromosomeDataset] CDS length:  177 , flank left: 164 , flank right: 101 , window length: 442
{'loss': 8.4392, 'learning_rate': 4.166666666666667e-07, 'epoch': 0.0}
[ChromosomeDataset] CDS length:  183 , flank left: 159 , flank right: 115 , window length: 457
[ChromosomeDataset] CDS length:  200 , flank left: 141 , flank right: 159 , window length: 500
[ChromosomeDataset] CDS length:  145 , flank left: 123 , flank right: 94 , window length: 362
[ChromosomeDataset] CDS length:  93 , flank left: 50 , flank right: 89 , window length: 232
[ChromosomeDataset] CDS length:  43 , flank left: 28 , flank right: 36[ChromosomeDataset] CDS length:   , window length:215  107, flank left:
 172 , flank right: 150 , window length: 537
[ChromosomeDataset] CDS length:  11859 , flank left: 6042 , flank right: 11746 , window length: 29647
[ChromosomeDataset] CDS length:  48 , flank left: 34 , flank right: 38 , window length: 120
[ChromosomeDataset] CDS length:  79 , flank left: 63 , flank right: 55 , window length: 197
[ChromosomeDataset] CDS length:  225 , flank left: 146 , flank right: 191 , window length: 562
[ChromosomeDataset] CDS length:  48 , flank left: 32 , flank right: 40 , window length: 120
[ChromosomeDataset] CDS length:  2609 , flank left: 2508 , flank right: 1405 , window length: 6522
[ChromosomeDataset] CDS length:  77 , flank left: 66 , flank right: 49 , window length: 192
[ChromosomeDataset] CDS length:  88 , flank left: 66 , flank right: 66 , window length: 220
[ChromosomeDataset] CDS length:  124 , flank left: 106 , flank right: 80 , window length: 310
[ChromosomeDataset] CDS length:  123 , flank left: 111 , flank right: 73 , window length: 307
[ChromosomeDataset] CDS length:  140 , flank left: 126 , flank right: 84 , window length: 350
[ChromosomeDataset] CDS length:  99 , flank left: 80 , flank right: 68 , window length: 247
[ChromosomeDataset] CDS length:  87 , flank left: 68 , flank right: 62 , window length: 217
[ChromosomeDataset] CDS length:  147 , flank left: 107 , flank right: 113 , window length: 367
[ChromosomeDataset] CDS length:  199 , flank left: 139 , flank right: 159 , window length: 497
[ChromosomeDataset] CDS length:  1959 , flank left: 1141 , flank right: 1797 , window length: 4897
[ChromosomeDataset] CDS length:  278 , flank left: 178 , flank right: 239 , window length: 695
[ChromosomeDataset] CDS length:  453 , flank left: 296 , flank right: 383 , window length: 1132
[ChromosomeDataset] CDS length:  81 , flank left: 50 , flank right: 71 , window length: 202
[ChromosomeDataset] CDS length:  216 , flank left: 214 , flank right: 110 , window length: 540
[ChromosomeDataset] CDS length:  76 , flank left: 72 , flank right: 42 , window length: 190
[ChromosomeDataset] CDS length:  147 , flank left: 86 , flank right: 134 , window length: 367
[ChromosomeDataset] CDS length:  282 , flank left: 157 , flank right: 266 , window length: 705
[ChromosomeDataset] CDS length:  139 , flank left: 116 , flank right: 92 , window length: 347
[ChromosomeDataset] CDS length:  108 , flank left: 100 , flank right: 62 , window length: 270
[BatchStats] sample=0 masked_tokens_pct=7.08 unique_token_ids=100
[BatchStats] sample=1 masked_tokens_pct=7.41 unique_token_ids=26
[BatchStats] sample=2 masked_tokens_pct=6.67 unique_token_ids=41
[BatchStats] sample=3 masked_tokens_pct=4.17 unique_token_ids=104
[BatchStats] sample=4 masked_tokens_pct=7.69 unique_token_ids=24
[BatchStats] sample=5 masked_tokens_pct=13.48 unique_token_ids=311
[BatchStats] sample=6 masked_tokens_pct=0.00 unique_token_ids=39
[BatchStats] sample=7 masked_tokens_pct=8.33 unique_token_ids=42
[BatchStats] sample=8 masked_tokens_pct=8.33 unique_token_ids=46
[BatchStats] sample=9 masked_tokens_pct=9.38 unique_token_ids=55
[BatchStats] sample=10 masked_tokens_pct=1.41 unique_token_ids=65
[BatchStats] sample=11 masked_tokens_pct=7.14 unique_token_ids=49
[BatchStats] sample=12 masked_tokens_pct=11.76 unique_token_ids=39
[BatchStats] sample=13 masked_tokens_pct=7.79 unique_token_ids=69
[BatchStats] sample=14 masked_tokens_pct=3.96 unique_token_ids=89
[BatchStats] sample=15 masked_tokens_pct=15.53 unique_token_ids=223
[BatchStats] sample=0 masked_tokens_pct=10.00 unique_token_ids=79
[BatchStats] sample=1 masked_tokens_pct=8.60 unique_token_ids=84
[BatchStats] sample=2 masked_tokens_pct=9.09 unique_token_ids=90
[BatchStats] sample=3 masked_tokens_pct=17.24 unique_token_ids=47
[BatchStats] sample=4 masked_tokens_pct=16.28 unique_token_ids=39
[BatchStats] sample=5 masked_tokens_pct=9.09 unique_token_ids=20
[BatchStats] sample=6 masked_tokens_pct=15.82 unique_token_ids=259
[BatchStats] sample=7 masked_tokens_pct=8.63 unique_token_ids=117
[BatchStats] sample=8 masked_tokens_pct=7.50 unique_token_ids=120
[BatchStats] sample=9 masked_tokens_pct=14.29 unique_token_ids=36
[BatchStats] sample=10 masked_tokens_pct=11.11 unique_token_ids=57
[BatchStats] sample=11 masked_tokens_pct=17.50 unique_token_ids=34
[BatchStats] sample=12 masked_tokens_pct=9.33 unique_token_ids=71
[BatchStats] sample=13 masked_tokens_pct=8.97 unique_token_ids=116
[BatchStats] sample=14 masked_tokens_pct=8.33 unique_token_ids=66
[BatchStats] sample=15 masked_tokens_pct=13.04 unique_token_ids=40
[ChromosomeDataset] CDS length:  260 , flank left: 207 , flank right: 183 , window length: 650
[ChromosomeDataset] CDS length:  576 , flank left: 497 , flank right: 367 , window length: 1440
[ChromosomeDataset] CDS length:  125 , flank left: 91 , flank right: 96 , window length: 312
[ChromosomeDataset] CDS length:  124 , flank left: 110 , flank right: 76 , window length: 310
[ChromosomeDataset] CDS length:  127 , flank left: 111 , flank right: 79 , window length: 317
[ChromosomeDataset] CDS length:  469 , flank left: 355 , flank right: 348 , window length: 1172
[ChromosomeDataset] CDS length:  70 , flank left: 49 , flank right: 56 , window length: 175
[ChromosomeDataset] CDS length:  5415 , flank left: 3746 , flank right: 4376 , window length: 13537
[ChromosomeDataset] CDS length:  267 , flank left: 186 , flank right: 214 , window length: 667
[ChromosomeDataset] CDS length:  341 , flank left: 269 , flank right: 242 , window length: 852
[ChromosomeDataset] CDS length:  17106 , flank left: 12257 , flank right: 13402 , window length: 42765
[ChromosomeDataset] CDS length:  122 , flank left: 74 , flank right: 109 , window length: 305
[ChromosomeDataset] CDS length:  165 , flank left: 88 , flank right: 159 , window length: 412
[ChromosomeDataset] CDS length:  165 , flank left: 133 , flank right: 114 , window length: 412
[ChromosomeDataset] CDS length:  361 , flank left: 309 , flank right: 232 , window length: 902
[ChromosomeDataset] CDS length:  276 , flank left: 196 , flank right: 218 , window length: 690
[ChromosomeDataset] CDS length:  135 , flank left: 70 , flank right: 132 , window length: 337
[ChromosomeDataset] CDS length:  114 , flank left: 67 , flank right: 104 , window length: 285
[ChromosomeDataset] CDS length:  214 , flank left: 143 , flank right: 178 , window length: 535
[ChromosomeDataset] CDS length:  191 , flank left: 122 , flank right: 164 , window length: 477
[ChromosomeDataset] CDS length:  1735 , flank left: 1164 , flank right: 1438 , window length: 4337
[ChromosomeDataset] CDS length:  551 , flank left: 293 , flank right: 533 , window length: 1377
[ChromosomeDataset] CDS length:  67 , flank left: 63 , flank right: 37 , window length: 167
[ChromosomeDataset] CDS length:  131 , flank left: 74 , flank right: 122 , window length: 327
[ChromosomeDataset] CDS length:  225 , flank left: 168 , flank right: 169 , window length: 562
[ChromosomeDataset] CDS length:  120 , flank left: 92 , flank right: 88 , window length: 300
[ChromosomeDataset] CDS length:  243 , flank left: 127 , flank right: 237 , window length: 607
[ChromosomeDataset] CDS length:  127 , flank left: 123 , flank right: 67 , window length: 317
[ChromosomeDataset] CDS length:  160 , flank left: 150 , flank right: 90 , window length: 400
[ChromosomeDataset] CDS length:  1816 , flank left: 1232 , flank right: 1492 , window length: 4540
[ChromosomeDataset] CDS length:  276 , flank left: 204 , flank right: 210 , window length: 690
[ChromosomeDataset] CDS length:  157 , flank left: 84 , flank right: 151 , window length: 392
[BatchStats] sample=0 masked_tokens_pct=7.04 unique_token_ids=65
[BatchStats] sample=1 masked_tokens_pct=13.16 unique_token_ids=36
[BatchStats] sample=2 masked_tokens_pct=6.25 unique_token_ids=97
[BatchStats] sample=3 masked_tokens_pct=9.09 unique_token_ids=85
[BatchStats] sample=4 masked_tokens_pct=15.80 unique_token_ids=187
[BatchStats] sample=5 masked_tokens_pct=8.42 unique_token_ids=207
[BatchStats] sample=6 masked_tokens_pct=5.56 unique_token_ids=34
[BatchStats] sample=7 masked_tokens_pct=11.59 unique_token_ids=60
[BatchStats] sample=8 masked_tokens_pct=3.75 unique_token_ids=72
[BatchStats] sample=9 masked_tokens_pct=6.25 unique_token_ids=58
[BatchStats] sample=10 masked_tokens_pct=7.02 unique_token_ids=93
[BatchStats] sample=11 masked_tokens_pct=5.80 unique_token_ids=62
[BatchStats] sample=12 masked_tokens_pct=4.55 unique_token_ids=75
[BatchStats] sample=13 masked_tokens_pct=10.94 unique_token_ids=346
[BatchStats] sample=14 masked_tokens_pct=6.21 unique_token_ids=127
[BatchStats] sample=15 masked_tokens_pct=10.00 unique_token_ids=69
[BatchStats] sample=0 masked_tokens_pct=5.15 unique_token_ids=116
[BatchStats] sample=1 masked_tokens_pct=7.99 unique_token_ids=221
[BatchStats] sample=2 masked_tokens_pct=4.41 unique_token_ids=62
[BatchStats] sample=3 masked_tokens_pct=0.00 unique_token_ids=59
[BatchStats] sample=4 masked_tokens_pct=11.11 unique_token_ids=54
[BatchStats] sample=5 masked_tokens_pct=11.18 unique_token_ids=122
[BatchStats] sample=6 masked_tokens_pct=3.70 unique_token_ids=27
[BatchStats] sample=7 masked_tokens_pct=1.95 unique_token_ids=364
[BatchStats] sample=8 masked_tokens_pct=5.00 unique_token_ids=115
[BatchStats] sample=9 masked_tokens_pct=6.32 unique_token_ids=144
[BatchStats] sample=10 masked_tokens_pct=2.93 unique_token_ids=333
[BatchStats] sample=11 masked_tokens_pct=8.33 unique_token_ids=52
[BatchStats] sample=12 masked_tokens_pct=5.95 unique_token_ids=77
[BatchStats] sample=13 masked_tokens_pct=7.61 unique_token_ids=76
[BatchStats] sample=14 masked_tokens_pct=13.39 unique_token_ids=91
[BatchStats] sample=15 masked_tokens_pct=11.21 unique_token_ids=79
[ChromosomeDataset] CDS length:  173 , flank left: 111 , flank right: 148 , window length: 432
[ChromosomeDataset] CDS length:  210 , flank left: 130 , flank right: 185 , window length: 525
[ChromosomeDataset] CDS length:  125 , flank left: 100 , flank right: 87 , window length: 312
[ChromosomeDataset] CDS length:  278 , flank left: 181 , flank right: 236 , window length: 695
[ChromosomeDataset] CDS length:  222 , flank left: 128 , flank right: 205 , window length: 555
[ChromosomeDataset] CDS length:  1398 , flank left: 736 , flank right: 1361 , window length: 3495
[ChromosomeDataset] CDS length:  239 , flank left: 168 , flank right: 190 , window length: 597
[ChromosomeDataset] CDS length:  77 , flank left: 53 , flank right: 62 , window length: 192
[ChromosomeDataset] CDS length:  234 , flank left: 223 , flank right: 128 , window length: 585
[ChromosomeDataset] CDS length:  201 , flank left: 187 , flank right: 114 , window length: 502
[ChromosomeDataset] CDS length:  1164 , flank left: 1136 , flank right: 610 , window length: 2910
[ChromosomeDataset] CDS length:  125 , flank left: 83 , flank right: 104 , window length: 312
[ChromosomeDataset] CDS length:  148 , flank left: 107 , flank right: 115 , window length: 370
[ChromosomeDataset] CDS length:  100 , flank left: 66 , flank right: 84 , window length: 250
[ChromosomeDataset] CDS length:  147 , flank left: 82 , flank right: 138 , window length: 367
[ChromosomeDataset] CDS length:  187 , flank left: 115 , flank right: 165 , window length: 467
[BatchStats] sample=0 masked_tokens_pct=9.64 unique_token_ids=64
[BatchStats] sample=1 masked_tokens_pct=12.61 unique_token_ids=84
[BatchStats] sample=2 masked_tokens_pct=11.11 unique_token_ids=55
[BatchStats] sample=3 masked_tokens_pct=10.42 unique_token_ids=122
[BatchStats] sample=4 masked_tokens_pct=6.09 unique_token_ids=98
[BatchStats] sample=5 masked_tokens_pct=10.59 unique_token_ids=280
[BatchStats] sample=6 masked_tokens_pct=7.38 unique_token_ids=103
[BatchStats] sample=7 masked_tokens_pct=14.63 unique_token_ids=38
[BatchStats] sample=8 masked_tokens_pct=9.17 unique_token_ids=97
[BatchStats] sample=9 masked_tokens_pct=12.38 unique_token_ids=86
[BatchStats] sample=10 masked_tokens_pct=14.35 unique_token_ids=180
[BatchStats] sample=11 masked_tokens_pct=7.69 unique_token_ids=56
[BatchStats] sample=12 masked_tokens_pct=10.13 unique_token_ids=67
[BatchStats] sample=13 masked_tokens_pct=7.55 unique_token_ids=50
[BatchStats] sample=14 masked_tokens_pct=5.00 unique_token_ids=72
[BatchStats] sample=15 masked_tokens_pct=6.86 unique_token_ids=85
[ChromosomeDataset] CDS length:  255 , flank left: 195 , flank right: 187 , window length: 637
[ChromosomeDataset] CDS length:  102 , flank left: 81 , flank right: 72 , window length: 255
[ChromosomeDataset] CDS length:  141 , flank left: 129 , flank right: 82 , window length: 352
[ChromosomeDataset] CDS length:  3541 , flank left: 3196 , flank right: 2115 , window length: 8852
[ChromosomeDataset] CDS length:  258 , flank left: 139 , flank right: 248 , window length: 645
[ChromosomeDataset] CDS length:  304 , flank left: 199 , flank right: 257 , window length: 760
[ChromosomeDataset] CDS length:  95 , flank left: 61 , flank right: 81 , window length: 237
[ChromosomeDataset] CDS length:  261 , flank left: 145 , flank right: 246 , window length: 652
[ChromosomeDataset] CDS length:  430 , flank left: 279 , flank right: 366 , window length: 1075
[ChromosomeDataset] CDS length:  3198 , flank left: 1707 , flank right: 3090 , window length: 7995
[ChromosomeDataset] CDS length:  201 , flank left: 121 , flank right: 180 , window length: 502
[ChromosomeDataset] CDS length:  1077 , flank left: 695 , flank right: 920 , window length: 2692
[ChromosomeDataset] CDS length:  310 , flank left: 160 , flank right: 305 , window length: 775
[ChromosomeDataset] CDS length:  1906 , flank left: 1845 , flank right: 1014 , window length: 4765
[ChromosomeDataset] CDS length:  58 , flank left: 56 , flank right: 31 , window length: 145
[ChromosomeDataset] CDS length:  267 , flank left: 183 , flank right: 217 , window length: 667
[BatchStats] sample=0 masked_tokens_pct=5.22 unique_token_ids=98
[BatchStats] sample=1 masked_tokens_pct=18.52 unique_token_ids=46
[BatchStats] sample=2 masked_tokens_pct=4.23 unique_token_ids=64
[BatchStats] sample=3 masked_tokens_pct=13.87 unique_token_ids=325
[BatchStats] sample=4 masked_tokens_pct=7.97 unique_token_ids=92
[BatchStats] sample=5 masked_tokens_pct=8.82 unique_token_ids=61
[BatchStats] sample=6 masked_tokens_pct=7.27 unique_token_ids=47
[BatchStats] sample=7 masked_tokens_pct=4.32 unique_token_ids=115
[BatchStats] sample=8 masked_tokens_pct=8.33 unique_token_ids=181
[BatchStats] sample=9 masked_tokens_pct=14.26 unique_token_ids=327
[BatchStats] sample=10 masked_tokens_pct=4.90 unique_token_ids=92
[BatchStats] sample=11 masked_tokens_pct=12.96 unique_token_ids=166
[BatchStats] sample=12 masked_tokens_pct=12.38 unique_token_ids=86
[BatchStats] sample=13 masked_tokens_pct=9.96 unique_token_ids=350
[BatchStats] sample=14 masked_tokens_pct=9.68 unique_token_ids=29
[BatchStats] sample=15 masked_tokens_pct=9.89 unique_token_ids=74
[ChromosomeDataset] CDS length:  288 , flank left: 220 , flank right: 212 , window length: 720
[ChromosomeDataset] CDS length:  1417 , flank left: 1008 , flank right: 1117 , window length: 3542
[ChromosomeDataset] CDS length:  2175 , flank left: 1843 , flank right: 1419 , window length: 5437
[ChromosomeDataset] CDS length:  143 , flank left: 137 , flank right: 77 , window length: 357
[ChromosomeDataset] CDS length:  54 , flank left: 30 , flank right: 51 , window length: 135
[ChromosomeDataset] CDS length:  115 , flank left: 109 , flank right: 63 , window length: 287
[ChromosomeDataset] CDS length:  172 , flank left: 170 , flank right: 88 , window length: 430
[ChromosomeDataset] CDS length:  3747 , flank left: 3618 , flank right: 2002 , window length: 9367
[ChromosomeDataset] CDS length:  214 , flank left: 183 , flank right: 138 , window length: 535
[ChromosomeDataset] CDS length:  81 , flank left: 61 , flank right: 60 , window length: 202
[ChromosomeDataset] CDS length:  180 , flank left: 93 , flank right: 177 , window length: 450
[ChromosomeDataset] CDS length:  1119 , flank left: 954 , flank right: 724 , window length: 2797
[ChromosomeDataset] CDS length:  553 , flank left: 325 , flank right: 504 , window length: 1382
[ChromosomeDataset] CDS length:  354 , flank left: 324 , flank right: 207 , window length: 885
[ChromosomeDataset] CDS length:  144 , flank left: 85 , flank right: 131 , window length: 360
[ChromosomeDataset] CDS length:  113 , flank left: 80 , flank right: 89 , window length: 282
[ChromosomeDataset] CDS length:  104 , flank left: 89 , flank right: 67 , window length: 260
[ChromosomeDataset] CDS length:  258 , flank left: 257 , flank right: 130 , window length: 645
[ChromosomeDataset] CDS length:  130 , flank left: 103 , flank right: 92 , window length: 325
[ChromosomeDataset] CDS length:  126 , flank left: 109 , flank right: 80 , window length: 315
[ChromosomeDataset] CDS length:  129 , flank left: 70 , flank right: 123 , window length: 322
[ChromosomeDataset] CDS length:  285 , flank left: 282 , flank right: 145 , window length: 712
[ChromosomeDataset] CDS length:  165 , flank left: 107 , flank right: 140 , window length: 412
[ChromosomeDataset] CDS length:  1596 , flank left: 1077 , flank right: 1317 , window length: 3990
[ChromosomeDataset] CDS length:  129 , flank left: 98 , flank right: 95 , window length: 322
[ChromosomeDataset] CDS length:  351 , flank left: 234 , flank right: 292 , window length: 877
[ChromosomeDataset] CDS length:  701 , flank left: 359 , flank right: 692 , window length: 1752
[ChromosomeDataset] CDS length:  213 , flank left: 108 , flank right: 211 , window length: 532
[ChromosomeDataset] CDS length:  159 , flank left: 121 , flank right: 117 , window length: 397
[ChromosomeDataset] CDS length:  1750 , flank left: 1450 , flank right: 1175 , window length: 4375
[ChromosomeDataset] CDS length:  129 , flank left: 71 , flank right: 122 , window length: 322
[ChromosomeDataset] CDS length:  188 , flank left: 157 , flank right: 125 , window length: 470
[BatchStats] sample=0 masked_tokens_pct=8.76 unique_token_ids=112
[BatchStats] sample=1 masked_tokens_pct=8.63 unique_token_ids=260
[BatchStats] sample=2 masked_tokens_pct=16.19 unique_token_ids=278
[BatchStats] sample=3 masked_tokens_pct=6.67 unique_token_ids=65
[BatchStats] sample=4 masked_tokens_pct=0.00 unique_token_ids=29
[BatchStats] sample=5 masked_tokens_pct=8.77 unique_token_ids=52
[BatchStats] sample=6 masked_tokens_pct=4.76 unique_token_ids=79
[BatchStats] sample=7 masked_tokens_pct=14.26 unique_token_ids=238
[BatchStats] sample=8 masked_tokens_pct=7.02 unique_token_ids=101
[BatchStats] sample=9 masked_tokens_pct=2.13 unique_token_ids=43
[BatchStats] sample=10 masked_tokens_pct=9.09 unique_token_ids=69
[BatchStats] sample=11 masked_tokens_pct=21.15 unique_token_ids=172
[BatchStats] sample=12 masked_tokens_pct=7.66 unique_token_ids=174
[BatchStats] sample=13 masked_tokens_pct=9.17 unique_token_ids=96
[BatchStats] sample=14 masked_tokens_pct=4.11 unique_token_ids=67
[BatchStats] sample=15 masked_tokens_pct=7.41 unique_token_ids=52
[BatchStats] sample=0 masked_tokens_pct=7.41 unique_token_ids=50
[BatchStats] sample=1 masked_tokens_pct=7.79 unique_token_ids=69
[BatchStats] sample=2 masked_tokens_pct=5.71 unique_token_ids=63
[BatchStats] sample=3 masked_tokens_pct=9.52 unique_token_ids=58
[BatchStats] sample=4 masked_tokens_pct=7.46 unique_token_ids=62
[BatchStats] sample=5 masked_tokens_pct=11.11 unique_token_ids=100
[BatchStats] sample=6 masked_tokens_pct=4.41 unique_token_ids=58
[BatchStats] sample=7 masked_tokens_pct=11.13 unique_token_ids=322
[BatchStats] sample=8 masked_tokens_pct=13.85 unique_token_ids=58
[BatchStats] sample=9 masked_tokens_pct=5.19 unique_token_ids=115
[BatchStats] sample=10 masked_tokens_pct=7.52 unique_token_ids=169
[BatchStats] sample=11 masked_tokens_pct=11.94 unique_token_ids=57
[BatchStats] sample=12 masked_tokens_pct=7.23 unique_token_ids=76
[BatchStats] sample=13 masked_tokens_pct=12.30 unique_token_ids=296
[BatchStats] sample=14 masked_tokens_pct=13.85 unique_token_ids=51
[BatchStats] sample=15 masked_tokens_pct=7.45 unique_token_ids=85
[ChromosomeDataset] CDS length:  172 , flank left: 96 , flank right: 162 , window length: 430
[ChromosomeDataset] CDS length:  167 , flank left: 149 , flank right: 101 , window length: 417
[ChromosomeDataset] CDS length:  86 , flank left: 85 , flank right: 44 , window length: 215
[ChromosomeDataset] CDS length:  196 , flank left: 162 , flank right: 132 , window length: 490
[ChromosomeDataset] CDS length:  1590 , flank left: 928 , flank right: 1457 , window length: 3975
[ChromosomeDataset] CDS length:  787 , flank left: 652 , flank right: 528 , window length: 1967
[ChromosomeDataset] CDS length:  199 , flank left: 122 , flank right: 176 , window length: 497
[ChromosomeDataset] CDS length:  110 , flank left: 61 , flank right: 104 , window length: 275
[ChromosomeDataset] CDS length:  83 , flank left: 50 , flank right: 74 , window length: 207
[ChromosomeDataset] CDS length:  133 , flank left: 105 , flank right: 94 , window length: 332
[ChromosomeDataset] CDS length:  758 , flank left: 618 , flank right: 519 , window length: 1895
[ChromosomeDataset] CDS length:  348 , flank left: 273 , flank right: 249 , window length: 870
[ChromosomeDataset] CDS length:  77 , flank left: 71 , flank right: 44 , window length: 192
[ChromosomeDataset] CDS length:  4367 , flank left: 3770 , flank right: 2780 , window length: 10917
[ChromosomeDataset] CDS length:  149 , flank left: 112 , flank right: 111 , window length: 372
[ChromosomeDataset] CDS length:  267 , flank left: 136 , flank right: 264 , window length: 667
[ChromosomeDataset] CDS length:  203 , flank left: 196 , flank right: 108 , window length: 507
[ChromosomeDataset] CDS length:  475 , flank left: 328 , flank right: 384 , window length: 1187
[ChromosomeDataset] CDS length:  462 , flank left: 349 , flank right: 344 , window length: 1155
[ChromosomeDataset] CDS length:  95 , flank left: 87 , flank right: 55 , window length: 237
[ChromosomeDataset] CDS length:  117 , flank left: 62 , flank right: 113 , window length: 292
[ChromosomeDataset] CDS length:  223 , flank left: 148 , flank right: 186 , window length: 557
[ChromosomeDataset] CDS length:  238 , flank left: 174 , flank right: 183 , window length: 595
[ChromosomeDataset] CDS length:  223 , flank left: 113 , flank right: 221 , window length: 557
[ChromosomeDataset] CDS length:  129 , flank left: 129 , flank right: 64 , window length: 322
[ChromosomeDataset] CDS length:  927 , flank left: 522 , flank right: 868 , window length: 2317
[ChromosomeDataset] CDS length:  1098 , flank left: 797 , flank right: 850 , window length: 2745
[ChromosomeDataset] CDS length:  579 , flank left: 531 , flank right: 337 , window length: 1447
[ChromosomeDataset] CDS length:  2623 , flank left: 2061 , flank right: 1873 , window length: 6557
[ChromosomeDataset] CDS length:  25 , flank left: 17 , flank right: 20 , window length: 62
[ChromosomeDataset] CDS length:  195 , flank left: 170 , flank right: 122 , window length: 487
[ChromosomeDataset] CDS length:  126 , flank left: 124 , flank right: 65 , window length: 315
[ChromosomeDataset] CDS length:  15790 , flank left: 9045 , flank right: 14640 , window length: 39475
[ChromosomeDataset] CDS length:  375 , flank left: 307 , flank right: 255 , window length: 937
[ChromosomeDataset] CDS length:  35 , flank left: 26 , flank right: 26 , window length: 87
[ChromosomeDataset] CDS length:  126 , flank left: 96 , flank right: 93 , window length: 315
[ChromosomeDataset] CDS length:  229 , flank left: 163 , flank right: 180 , window length: 572
[ChromosomeDataset] CDS length:  268 , flank left: 264 , flank right: 138 , window length: 670
[ChromosomeDataset] CDS length:  559 , flank left: 304 , flank right: 534 , window length: 1397
[ChromosomeDataset] CDS length:  68 , flank left: 58 , flank right: 44 , window length: 170
[ChromosomeDataset] CDS length:  1680 , flank left: 944 , flank right: 1576 , window length: 4200
[ChromosomeDataset] CDS length:  132 , flank left: 76 , flank right: 122 , window length: 330
[ChromosomeDataset] CDS length:  54 , flank left: 45 , flank right: 36 , window length: 135
[ChromosomeDataset] CDS length:  66 , flank left: 66 , flank right: 33 , window length: 165
[ChromosomeDataset] CDS length:  184 , flank left: 151 , flank right: 125 , window length: 460
[ChromosomeDataset] CDS length:  130 , flank left: 122 , flank right: 73 , window length: 325
[ChromosomeDataset] CDS length:  153 , flank left: 88 , flank right: 141 , window length: 382
[ChromosomeDataset] CDS length:  140 , flank left: 137 , flank right: 73 , window length: 350
[ChromosomeDataset] CDS length:  103 , flank left: 69 , flank right: 85 , window length: 257
[ChromosomeDataset] CDS length:  92 , flank left: 60 , flank right: 78 , window length: 230
[ChromosomeDataset] CDS length:  114 , flank left: 104 , flank right: 67 , window length: 285
[ChromosomeDataset] CDS length:  867 , flank left: 457 , flank right: 843 , window length: 2167
[ChromosomeDataset] CDS length:  109 , flank left: 78 , flank right: 85 , window length: 272
[ChromosomeDataset] CDS length:  169 , flank left: 126 , flank right: 127 , window length: 422
[ChromosomeDataset] CDS length:  15790 , flank left: 11576 , flank right: 12109 , window length: 39475
[ChromosomeDataset] CDS length:  143 , flank left: 100 , flank right: 114 , window length: 357
[ChromosomeDataset] CDS length:  97 , flank left: 60 , flank right: 85 , window length: 242
[ChromosomeDataset] CDS length:  695 , flank left: 379 , flank right: 663 , window length: 1737
[ChromosomeDataset] CDS length:  1578 , flank left: 1355 , flank right: 1012 , window length: 3945
[ChromosomeDataset] CDS length:  232 , flank left: 171 , flank right: 177 , window length: 580
[ChromosomeDataset] CDS length:  256 , flank left: 204 , flank right: 180 , window length: 640
[ChromosomeDataset] CDS length:  186 , flank left: 143 , flank right: 136 , window length: 465
[ChromosomeDataset] CDS length:  694 , flank left: 618 , flank right: 423 , window length: 1735
[ChromosomeDataset] CDS length:  159 , flank left: 137 , flank right: 101 , window length: 397
[ChromosomeDataset] CDS length:  79 , flank left: 50 , flank right: 68 , window length: 197
[ChromosomeDataset] CDS length:  114 , flank left: 61 , flank right: 110 , window length: 285
[ChromosomeDataset] CDS length:  181 , flank left: 153 , flank right: 118 , window length: 452
[ChromosomeDataset] CDS length:  145 , flank left: 106 , flank right: 111 , window length: 362
[ChromosomeDataset] CDS length:  99 , flank left: 79 , flank right: 69 , window length: 247
[ChromosomeDataset] CDS length:  194 , flank left: 155 , flank right: 136 , window length: 485
[ChromosomeDataset] CDS length:  82 , flank left: 79 , flank right: 44 , window length: 205
[ChromosomeDataset] CDS length:  263 , flank left: 235 , flank right: 159 , window length: 657
[ChromosomeDataset] CDS length:  139 , flank left: 116 , flank right: 92 , window length: 347
[ChromosomeDataset] CDS length:  191 , flank left: 114 , flank right: 172 , window length: 477
[ChromosomeDataset] CDS length:  618 , flank left: 360 , flank right: 567 , window length: 1545
[ChromosomeDataset] CDS length:  269 , flank left: 146 , flank right: 257 , window length: 672
[ChromosomeDataset] CDS length:  110 , flank left: 70 , flank right: 95 , window length: 275
[ChromosomeDataset] CDS length:  164 , flank left: 123 , flank right: 123 , window length: 410
[ChromosomeDataset] CDS length:  4005 , flank left: 2679 , flank right: 3328 , window length: 10012
[ChromosomeDataset] CDS length:  68 , flank left: 58 , flank right: 44 , window length: 170
[ChromosomeDataset] CDS length:  154 , flank left: 124 , flank right: 107 , window length: 385
[ChromosomeDataset] CDS length:  310 , flank left: 283 , flank right: 182 , window length: 775
[ChromosomeDataset] CDS length:  2928 , flank left: 2437 , flank right: 1955 , window length: 7320
[ChromosomeDataset] CDS length:  157 , flank left: 80 , flank right: 155 , window length: 392
[ChromosomeDataset] CDS length:  164 , flank left: 126 , flank right: 120 , window length: 410
[ChromosomeDataset] CDS length:  3733 , flank left: 3200 , flank right: 2399 , window length: 9332
[ChromosomeDataset] CDS length:  161 , flank left: 83 , flank right: 158 , window length: 402
[ChromosomeDataset] CDS length:  1287 , flank left: 999 , flank right: 931 , window length: 3217
[ChromosomeDataset] CDS length:  1494 , flank left: 821 , flank right: 1420 , window length: 3735
[ChromosomeDataset] CDS length:  98 , flank left: 74 , flank right: 73 , window length: 245
[ChromosomeDataset] CDS length:  117 , flank left: 110 , flank right: 65 , window length: 292
[ChromosomeDataset] CDS length:  108 , flank left: 87 , flank right: 75 , window length: 270
[ChromosomeDataset] CDS length:  62 , flank left: 36 , flank right: 57 , window length: 155
[ChromosomeDataset] CDS length:  166 , flank left: 112 , flank right: 137 , window length: 415
[ChromosomeDataset] CDS length:  107 , flank left: 70 , flank right: 90 , window length: 267
[ChromosomeDataset] CDS length:  104 , flank left: 80 , flank right: 76 , window length: 260
[ChromosomeDataset] CDS length:  438 , flank left: 272 , flank right: 385 , window length: 1095
[ChromosomeDataset] CDS length:  372 , flank left: 243 , flank right: 315 , window length: 930
[ChromosomeDataset] CDS length:  188 , flank left: 158 , flank right: 124 , window length: 470
[ChromosomeDataset] CDS length:  94 , flank left: 61 , flank right: 80 , window length: 235
[ChromosomeDataset] CDS length:  137 , flank left: 75 , flank right: 130 , window length: 342
[ChromosomeDataset] CDS length:  1691 , flank left: 1528 , flank right: 1008 , window length: 4227
[ChromosomeDataset] CDS length:  116 , flank left: 77 , flank right: 97 , window length: 290
[ChromosomeDataset] CDS length:  210 , flank left: 148 , flank right: 167 , window length: 525
[ChromosomeDataset] CDS length:  486 , flank left: 269 , flank right: 460 , window length: 1215
[ChromosomeDataset] CDS length:  127 , flank left: 122 , flank right: 68 , window length: 317
[ChromosomeDataset] CDS length:  729 , flank left: 681 , flank right: 412 , window length: 1822
[ChromosomeDataset] CDS length:  114 , flank left: 95 , flank right: 76 , window length: 285
[ChromosomeDataset] CDS length:  104 , flank left: 91 , flank right: 65 , window length: 260
[ChromosomeDataset] CDS length:  226 , flank left: 142 , flank right: 197 , window length: 565
[ChromosomeDataset] CDS length:  806 , flank left: 654 , flank right: 555 , window length: 2015
[ChromosomeDataset] CDS length:  110 , flank left: 90 , flank right: 75 , window length: 275
[ChromosomeDataset] CDS length:  21693 , flank left: 11767 , flank right: 20772 , window length: 54232
[ChromosomeDataset] CDS length:  101 , flank left: 67 , flank right: 84 , window length: 252
[ChromosomeDataset] CDS length:  129 , flank left: 94 , flank right: 99 , window length: 322
[ChromosomeDataset] CDS length:  159 , flank left: 138 , flank right: 100 , window length: 397
[ChromosomeDataset] CDS length:  1719 , flank left: 1031 , flank right: 1547 , window length: 4297
[ChromosomeDataset] CDS length:  386 , flank left: 218 , flank right: 361 , window length: 965
[ChromosomeDataset] CDS length:  137 , flank left: 105 , flank right: 100 , window length: 342
[ChromosomeDataset] CDS length:  148 , flank left: 138 , flank right: 84 , window length: 370
[ChromosomeDataset] CDS length:  118 , flank left: 60 , flank right: 117 , window length: 295
[ChromosomeDataset] CDS length:  311 , flank left: 177 , flank right: 289 , window length: 777
[ChromosomeDataset] CDS length:  2298 , flank left: 1901 , flank right: 1546 , window length: 5745
[ChromosomeDataset] CDS length:  76 , flank left: 49 , flank right: 65 , window length: 190
[ChromosomeDataset] CDS length:  757 , flank left: 547 , flank right: 588 , window length: 1892
[ChromosomeDataset] CDS length:  391 , flank left: 246 , flank right: 340 , window length: 977
[ChromosomeDataset] CDS length:  2235 , flank left: 1199 , flank right: 2153 , window length: 5587
[ChromosomeDataset] CDS length:  1143 , flank left: 849 , flank right: 865 , window length: 2857
[ChromosomeDataset] CDS length:  132 , flank left: 108 , flank right: 90 , window length: 330
[ChromosomeDataset] CDS length:  395 , flank left: 269 , flank right: 323 , window length: 987
[ChromosomeDataset] CDS length:  173 , flank left: 107 , flank right: 152 , window length: 432
[ChromosomeDataset] CDS length:  100 , flank left: 54 , flank right: 96 , window length: 250
[ChromosomeDataset] CDS length:  612 , flank left: 354 , flank right: 564 , window length: 1530
[ChromosomeDataset] CDS length:  205 , flank left: 135 , flank right: 172 , window length: 512
[ChromosomeDataset] CDS length:  98 , flank left: 65 , flank right: 82 , window length: 245
[ChromosomeDataset] CDS length:  126 , flank left: 117 , flank right: 72 , window length: 315
[ChromosomeDataset] CDS length:  130 , flank left: 73 , flank right: 122 , window length: 325
[ChromosomeDataset] CDS length:  205 , flank left: 176 , flank right: 131 , window length: 512
[ChromosomeDataset] CDS length:  107 , flank left: 77 , flank right: 83 , window length: 267
[ChromosomeDataset] CDS length:  1053 , flank left: 828 , flank right: 751 , window length: 2632
[ChromosomeDataset] CDS length:  160 , flank left: 130 , flank right: 110 , window length: 400
[ChromosomeDataset] CDS length:  1430 , flank left: 754 , flank right: 1391 , window length: 3575
[ChromosomeDataset] CDS length:  207 , flank left: 117 , flank right: 193 , window length: 517
[ChromosomeDataset] CDS length:  126 , flank left: 117 , flank right: 72 , window length: 315
[ChromosomeDataset] CDS length:  128 , flank left: 97 , flank right: 95 , window length: 320
[ChromosomeDataset] CDS length:  133 , flank left: 117 , flank right: 82 , window length: 332
[ChromosomeDataset] CDS length:  2458 , flank left: 1822 , flank right: 1865 , window length: 6145
[ChromosomeDataset] CDS length:  109 , flank left: 87 , flank right: 76 , window length: 272
[ChromosomeDataset] CDS length:  801 , flank left: 463 , flank right: 738 , window length: 2002
[ChromosomeDataset] CDS length:  28 , flank left: 16 , flank right: 26 , window length: 70
[ChromosomeDataset] CDS length:  601 , flank left: 339 , flank right: 562 , window length: 1502
[ChromosomeDataset] CDS length:  654 , flank left: 393 , flank right: 588 , window length: 1635
[ChromosomeDataset] CDS length:  117 , flank left: 75 , flank right: 100 , window length: 292
[ChromosomeDataset] CDS length:  194 , flank left: 111 , flank right: 180 , window length: 485
[ChromosomeDataset] CDS length:  152 , flank left: 79 , flank right: 149 , window length: 380
[ChromosomeDataset] CDS length:  144 , flank left: 137 , flank right: 79 , window length: 360
[ChromosomeDataset] CDS length:  140 , flank left: 128 , flank right: 82 , window length: 350
[ChromosomeDataset] CDS length:  164 , flank left: 107 , flank right: 139 , window length: 410
[ChromosomeDataset] CDS length:  122 , flank left: 71 , flank right: 112 , window length: 305
[ChromosomeDataset] CDS length:  914 , flank left: 897 , flank right: 474 , window length: 2285
[ChromosomeDataset] CDS length:  183 , flank left: 115 , flank right: 159 , window length:{'loss': 8.4219, 'learning_rate': 4.166666666666667e-06, 'epoch': 0.0} 
457
[ChromosomeDataset] CDS length:  942 , flank left: 623 , flank right: 790 , window length: 2355
[ChromosomeDataset] CDS length:  175 , flank left: 172 , flank right: 90 , window length: 437
[ChromosomeDataset] CDS length:  173 , flank left: 102 , flank right: 157 , window length: 432
[ChromosomeDataset] CDS length:  108 , flank left: 89 , flank right: 73 , window length: 270
[ChromosomeDataset] CDS length:  132 , flank left: 108 , flank right: 90 , window length: [ChromosomeDataset] CDS length: 330 
2157 , flank left: 1144 , flank right: 2091 , window length: 5392
[ChromosomeDataset] CDS length:  368 , flank left: 351 , flank right: 201 , window length: 920
[ChromosomeDataset] CDS length:  113 , flank left: 70 , flank right: 99 , window length: 282
[ChromosomeDataset] CDS length:  217 , flank left: 206 , flank right: 119 , window length: 542
[ChromosomeDataset] CDS length:  515 , flank left: 279 , flank right: 493 , window length: 1287
[ChromosomeDataset] CDS length:  845 , flank left: 813 , flank right: 454 , window length: 2112
[ChromosomeDataset] CDS length:  860 , flank left: 499 , flank right: 791 , window length: 2150
[ChromosomeDataset] CDS length:  187 , flank left: 141 , flank right: 139 , window length: 467
[ChromosomeDataset] CDS length:  1116 , flank left: 780 , flank right: 894 , window length: 2790
[ChromosomeDataset] CDS length:  190 , flank left: 154 , flank right: 131 , window length: 475
[ChromosomeDataset] CDS length:  429 , flank left: 232 , flank right: 411 , window length: 1072
[ChromosomeDataset] CDS length:  147 , flank left: 134 , flank right: 86 , window length: 367
[ChromosomeDataset] CDS length:  887 , flank left: [ChromosomeDataset] CDS length: 813  929, flank right:  , flank left:517  663, window length:  , flank right:2217 
730 , window length: 2322
[ChromosomeDataset] CDS length: [ChromosomeDataset] CDS length:   5342133  , flank left:, flank left:  446095  , flank right:, flank right:  3553104  , window length:, window length:  13355332

[ChromosomeDataset] CDS length:  242 , flank left: 199 , flank right: 164 , window length: 605
[ChromosomeDataset] CDS length:  67 , flank left: 49 , flank right: 51 , window length: 167
[ChromosomeDataset] CDS length:  38 , flank left: 25 , flank right: 32 , window length: 95
[ChromosomeDataset] CDS length:  156 , flank left: 136 , flank right: 98 , window length: 390
[ChromosomeDataset] CDS length:  429 , flank left: 422 , flank right: 221 , window length: 1072
[ChromosomeDataset] CDS length:  33 , flank left: 23 , flank right: 26 , window length: 82
[ChromosomeDataset] CDS length:  205 , flank left: 199 , flank right: 108 , window length: 512
[ChromosomeDataset] CDS length:  296 , flank left: 292 , flank right: 152 , window length: 740
[ChromosomeDataset] CDS length:  166 , flank left: 143 , flank right: 106 , window length: 415
[ChromosomeDataset] CDS length:  182 , flank left: 95 , flank right: 178 , window length: 455
[ChromosomeDataset] CDS length:  84 , flank left: 79 , flank right: 47 , window length: 210
[ChromosomeDataset] CDS length:  73 , flank left: 39 , flank right: 70 , window length: 182
[ChromosomeDataset] CDS length:  193 , flank left: 165 , flank right: 124 , window length: 482
[ChromosomeDataset] CDS length:  288 , flank left: 180 , flank right: 252 , window length: 720
[ChromosomeDataset] CDS length:  1269 , flank left: 756 , flank right: 1147 , window length: 3172
[ChromosomeDataset] CDS length:  102 , flank left: 65 , flank right: 88 , window length: 255
[ChromosomeDataset] CDS length:  257 , flank left: 189 , flank right: 196 , window length: 642
[ChromosomeDataset] CDS length:  154 , flank left: 146 , flank right: 85 , window length: 385
[ChromosomeDataset] CDS length:  125 , flank left: 87 , flank right: 100 , window length: 312
[ChromosomeDataset] CDS length:  130 , flank left: 127 , flank right: 68 , window length: 325
[ChromosomeDataset] CDS length:  184 , flank left: 112 , flank right: 164 , window length: 460
[ChromosomeDataset] CDS length:  1695 , flank left: 1239 , flank right: 1303 , window length: 4237
[ChromosomeDataset] CDS length:  169 , flank left: 164 , flank right: 89 , window length: 422
[ChromosomeDataset] CDS length:  180 , flank left: 139 , flank right: 131 , window length: 450
[ChromosomeDataset] CDS length:  384 , flank left: 275 , flank right: 301 , window length: 960
[ChromosomeDataset] CDS length:  261 , flank left: 159 , flank right: 232 , window length: 652
[ChromosomeDataset] CDS length:  170 , flank left: 99 , flank right: 156 , window length: 425
[ChromosomeDataset] CDS length:  2699 , flank left: 1364 , flank right: 2684 , window length: 6747
[ChromosomeDataset] CDS length:  1338 , flank left: 1095 , flank right: 912 , window length: 3345
[ChromosomeDataset] CDS length:  152 , flank left: 91 , flank right: 137 , window length: 380
[ChromosomeDataset] CDS length:  501 , flank left: 426 , flank right: 325 , window length: 1252
[ChromosomeDataset] CDS length:  1120 , flank left: 651 , flank right: 1029 , window length: 2800
[ChromosomeDataset] CDS length:  249 , flank left: 138 , flank right: 235 , window length: 622
[ChromosomeDataset] CDS length:  1901 , flank left: 1682 , flank right: 1169 , window length: 4752
[ChromosomeDataset] CDS length:  220 , flank left: 216 , flank right: 114 , window length: 550
[ChromosomeDataset] CDS length:  1335 , flank left: 891 , flank right: 1111 , window length: 3337
[ChromosomeDataset] CDS length:  78 , flank left: 69 , flank right: 48 , window length: 195
[ChromosomeDataset] CDS length:  114 , flank left: 64 , flank right: 107 , window length: 285
[ChromosomeDataset] CDS length:  52 , flank left: 39 , flank right: 39 , window length: 130
[ChromosomeDataset] CDS length:  156 , flank left: 90 , flank right: 144 , window length: 390
[ChromosomeDataset] CDS length:  1812 , flank left: 1368 , flank right: 1350 , window length: 4530
[ChromosomeDataset] CDS length:  40 , flank left: 22 , flank right: 38 , window length: 100
[ChromosomeDataset] CDS length:  111 , flank left: 103 , flank right: 63 , window length: 277
[ChromosomeDataset] CDS length:  34 , flank left: 24 , flank right: 27 , window length: 85
[ChromosomeDataset] CDS length:  127 , flank left: 88 , flank right: 102 , window length: 317
[ChromosomeDataset] CDS length:  208 , flank left: 180 , flank right: 132 , window length: 520
[ChromosomeDataset] CDS length:  231 , flank left: 207 , flank right: 139 , window length: 577
[ChromosomeDataset] CDS length:  112 , flank left: 107 , flank right: 61 , window length: 280
[ChromosomeDataset] CDS length:  140 , flank left: 129 , flank right: 81 , window length: 350
[ChromosomeDataset] CDS length:  90 , flank left: 51 , flank right: 84 , window length: 225
[ChromosomeDataset] CDS length:  147 , flank left: 133 , flank right: 87 , window length: 367
[ChromosomeDataset] CDS length:  1671 , flank left: 969 , flank right: 1537 , window length: 4177
[ChromosomeDataset] CDS length:  8884 , flank left: 6821 , flank right: 6505 , window length: 22210
[ChromosomeDataset] CDS length:  104 , flank left: 84 , flank right: 72 , window length: 260
[ChromosomeDataset] CDS length:  151 , flank left: 88 , flank right: 138 , window length: 377
[ChromosomeDataset] CDS length:  117 , flank left: 86 , flank right: 89 , window length: 292
[ChromosomeDataset] CDS length:  154 , flank left: 153 , flank right: 78 , window length: 385
[ChromosomeDataset] CDS length:  1039 , flank left: 763 , flank right: 795 , window length: 2597
[ChromosomeDataset] CDS length:  818 , flank left: 635 , flank right: 592 , window length: 2045
[ChromosomeDataset] CDS length:  175 , flank left: 131 , flank right: 131 , window length: 437
[ChromosomeDataset] CDS length:  211 , flank left: 208 , flank right: 108 , window length: 527
[ChromosomeDataset] CDS length:  999 , flank left: 714 , flank right: 784 , window length: 2497
[ChromosomeDataset] CDS length:  400 , flank left: 359 , flank right: 241 , window length: 1000
[ChromosomeDataset] CDS length:  135 , flank left: 118 , flank right: 84 , window length: 337
[ChromosomeDataset] CDS length:  534 , flank left: 270 , flank right: 531 , window length: 1335
[ChromosomeDataset] CDS length:  411 , flank left: 380 , flank right: 236 , window length: 1027
[ChromosomeDataset] CDS length:  214 , flank left: 186 , flank right: 135 , window length: 535
[ChromosomeDataset] CDS length:  147 , flank left: 96 , flank right: 124 , window length: 367
[ChromosomeDataset] CDS length:  189 , flank left: 136 , flank right: 147 , window length: 472
[ChromosomeDataset] CDS length:  124 , flank left: 75 , flank right: 111 , window length: 310
[ChromosomeDataset] CDS length:  156 , flank left: 97 , flank right: 137 , window length: 390
[ChromosomeDataset] CDS length:  147 , flank left: 138 , flank right: 82 , window length: 367
[ChromosomeDataset] CDS length:  67 , flank left: 51 , flank right: 49 , window length: 167
[ChromosomeDataset] CDS length:  73 , flank left: 49 , flank right: 60 , window length: 182
[ChromosomeDataset] CDS length:  104 , flank left: 89 , flank right: 67 , window length: 260
[ChromosomeDataset] CDS length:  163 , flank left: 127 , flank right: 117 , window length: 407
[ChromosomeDataset] CDS length:  160 , flank left: 133 , flank right: 107 , window length: 400
[ChromosomeDataset] CDS length:  176 , flank left: 110 , flank right: 154 , window length: 440
[ChromosomeDataset] CDS length:  1485 , flank left: 1413 , flank right: 814 , window length: 3712
[ChromosomeDataset] CDS length:  69 , flank left: 63 , flank right: 40 , window length: 172
[ChromosomeDataset] CDS length:  134 , flank left: 70 , flank right: 131 , window length: 335
[ChromosomeDataset] CDS length:  92 , flank left: 73 , flank right: 65 , window length: 230
[ChromosomeDataset] CDS length:  258 , flank left: 201 , flank right: 186 , window length: 645
[ChromosomeDataset] CDS length:  2442 , flank left: 1319 , flank right: 2344 , window length: 6105
[ChromosomeDataset] CDS length:  167 , flank left: 93 , flank right: 157 , window length: 417
[ChromosomeDataset] CDS length:  420 , flank left: 314 , flank right: 316 , window length: 1050
[ChromosomeDataset] CDS length:  194 , flank left: 122 , flank right: 169 , window length: 485
[ChromosomeDataset] CDS length:  172 , flank left: 116 , flank right: 142 , window length: 430
[ChromosomeDataset] CDS length:  8185 , flank left: 4708 , flank right: 7569 , window length: 20462
[ChromosomeDataset] CDS length:  47 , flank left: 24 , flank right: 46 , window length: 117
[ChromosomeDataset] CDS length:  213 , flank left: 124 , flank right: 195 , window length: 532
[ChromosomeDataset] CDS length:  81 , flank left: 55 , flank right: 66 , window length: 202
[ChromosomeDataset] CDS length:  214 , flank left: 192 , flank right: 129 , window length: 535
[ChromosomeDataset] CDS length:  166 , flank left: 157 , flank right: 92 , window length: 415
[ChromosomeDataset] CDS length:  256 , flank left: 242 , flank right: 142 , window length: 640
[ChromosomeDataset] CDS length:  208 , flank left: 106 , flank right: 206 , window length: 520
[ChromosomeDataset] CDS length:  82 , flank left: 49 , flank right: 74 , window length: 205
[ChromosomeDataset] CDS length:  129 , flank left: 76 , flank right: 117 , window length: 322
[ChromosomeDataset] CDS length:  211 , flank left: 111 , flank right: 205 , window length: 527
[ChromosomeDataset] CDS length:  1316 , flank left: 1224 , flank right: 750 , window length: 3290
[ChromosomeDataset] CDS length:  342 , flank left: 258 , flank right: 255 , window length: 855
[ChromosomeDataset] CDS length:  1209 , flank left: 722 , flank right: 1091 , window length: 3022
[ChromosomeDataset] CDS length:  70 , flank left: 59 , flank right: 46 , window length: 175
[ChromosomeDataset] CDS length:  120 , flank left: 86 , flank right: 94 , window length: 300
[ChromosomeDataset] CDS length:  172 , flank left: 135 , flank right: 123 , window length: 430
[ChromosomeDataset] CDS length:  209 , flank left: 159 , flank right: 154 , window length: 522
[ChromosomeDataset] CDS length:  162 , flank left: 100 , flank right: 143 , window length: 405
[ChromosomeDataset] CDS length:  279 , flank left: 152 , flank right: 266 , window length: 697
[ChromosomeDataset] CDS length:  386 , flank left: 316 , flank right: 263 , window length: 965
[ChromosomeDataset] CDS length:  210 , flank left: 169 , flank right: 146 , window length: 525
[ChromosomeDataset] CDS length:  640 , flank left: 338 , flank right: 622 , window length: 1600
[ChromosomeDataset] CDS length:  923 , flank left: 667 , flank right: 717 , window length: 2307
[ChromosomeDataset] CDS length:  160 , flank left: 158 , flank right: 82 , window length: 400
[ChromosomeDataset] CDS length:  218 , flank left: 175 , flank right: 152 , window length: 545
[ChromosomeDataset] CDS length:  136 , flank left: 85 , flank right: 119 , window length: 340
[ChromosomeDataset] CDS length:  77 , flank left: 76 , flank right: 39 , window length: 192
[ChromosomeDataset] CDS length:  768 , flank left: 683 , flank right: 469 , window length: 1920
[ChromosomeDataset] CDS length:  169 , flank left: 149 , flank right: 104 , window length: 422
[ChromosomeDataset] CDS length:  816 , flank left: 757 , flank right: 467 , window length: 2040
[ChromosomeDataset] CDS length:  208 , flank left: 131 , flank right: 181 , window length: 520
[ChromosomeDataset] CDS length:  549 , flank left: 470 , flank right: 353 , window length: 1372
[ChromosomeDataset] CDS length:  1148 , flank left: 1059 , flank right: 663 , window length: 2870
[ChromosomeDataset] CDS length:  273 , flank left: 208 , flank right: 201 , window length: 682
[ChromosomeDataset] CDS length:  91 , flank left: 80 , flank right: 56 , window length: 227
[ChromosomeDataset] CDS length:  1769 , flank left: 1380 , flank right: 1273 , window length: 4422
[ChromosomeDataset] CDS length:  135 , flank left: 78 , flank right: 124 , window length: 337
[ChromosomeDataset] CDS length:  1005 , flank left: 970 , flank right: 537 , window length: 2512
[ChromosomeDataset] CDS length:  76 , flank left: 41 , flank right: 73 , window length: 190
[ChromosomeDataset] CDS length:  194 , flank left: 100 , flank right: 191 , window length: 485
[ChromosomeDataset] CDS length:  204 , flank left: 137 , flank right: 169 , window length: 510
[ChromosomeDataset] CDS length:  84 , flank left: 68 , flank right: 58 , window length: 210
[ChromosomeDataset] CDS length:  124 , flank left: 83 , flank right: 103 , window length: 310
[ChromosomeDataset] CDS length:  244 , flank left: 183 , flank right: 183 , window length: 610
[ChromosomeDataset] CDS length:  221 , flank left: 165 , flank right: 166 , window length: 552
[ChromosomeDataset] CDS length:  147 , flank left: 136 , flank right: 84 , window length: 367
[ChromosomeDataset] CDS length:  2382 , flank left: 2277 , flank right: 1296 , window length: 5955
[ChromosomeDataset] CDS length:  208 , flank left: 135 , flank right: 177 , window length: 520
[ChromosomeDataset] CDS length:  62 , flank left: 62 , flank right: 31 , window length: 155
[ChromosomeDataset] CDS length:  739 , flank left: 375 , flank right: 733 , window length: 1847
[ChromosomeDataset] CDS length:  775 , flank left: 738 , flank right: 424 , window length: 1937
[ChromosomeDataset] CDS length:  84 , flank left: 58 , flank right: 68 , window length: 210
[ChromosomeDataset] CDS length:  629 , flank left: 543 , flank right: 400 , window length: 1572
[ChromosomeDataset] CDS length:  1395 , flank left: 970 , flank right: 1122 , window length: 3487
[ChromosomeDataset] CDS length:  160 , flank left: 102 , flank right: 138 , window length: 400
[ChromosomeDataset] CDS length:  457 , flank left: 446 , flank right: 239 , window length: 1142
[ChromosomeDataset] CDS length:  87 , flank left: 53 , flank right: 77 , window length: 217
[ChromosomeDataset] CDS length:  443 , flank left: 310 , flank right: 354 , window length: 1107
[ChromosomeDataset] CDS length:  180 , flank left: 115 , flank right: 155 , window length: 450
[ChromosomeDataset] CDS length:  138 , flank left: 94 , flank right: 113 , window length: 345
[ChromosomeDataset] CDS length:  160 , flank left: 112 , flank right: 128 , window length: 400
[ChromosomeDataset] CDS length:  1976 , flank left: 1159 , flank right: 1805 , window length: 4940
[ChromosomeDataset] CDS length:  135 , flank left: 103 , flank right: 99 , window length: 337
[ChromosomeDataset] CDS length:  781 , flank left: 662 , flank right: 509 , window length: 1952
[ChromosomeDataset] CDS length:  215 , flank left: 187 , flank right: 135 , window length: 537
[ChromosomeDataset] CDS length:  86 , flank left: 79 , flank right: 50 , window length: 215
[ChromosomeDataset] CDS length:  189 , flank left: 189 , flank right: 94 , window length: 472
[ChromosomeDataset] CDS length:  248 , flank left: 143 , flank right: 229 , window length: 620
[ChromosomeDataset] CDS length:  830 , flank left: 643 , flank right: 602 , window length: 2075
[ChromosomeDataset] CDS length:  120 , flank left: 80 , flank right: 100 , window length: 300
[ChromosomeDataset] CDS length:  153 , flank left: 118 , flank right: 111 , window length: 382
[ChromosomeDataset] CDS length:  180 , flank left: 96 , flank right: 174 , window length: 450
[ChromosomeDataset] CDS length:  127 , flank left: 105 , flank right: 85 , window length: 317
[ChromosomeDataset] CDS length:  1144 , flank left: 594 , flank right: 1122 , window length: 2860
[ChromosomeDataset] CDS length:  228 , flank left: 211 , flank right: 131 , window length: 570
[ChromosomeDataset] CDS length:  179 , flank left: 102 , flank right: 166 , window length: 447
[ChromosomeDataset] CDS length:  2422 , flank left: 1459 , flank right: 2174 , window length: 6055
[ChromosomeDataset] CDS length:  285 , flank left: 249 , flank right: 178 , window length: 712
[ChromosomeDataset] CDS length:  127 , flank left: 110 , flank right: 80 , window length: 317
[ChromosomeDataset] CDS length:  144 , flank left: 128 , flank right: 88 , window length: 360
[ChromosomeDataset] CDS length:  2800 , flank left: 2593 , flank right: 1607 , window length: 7000
[ChromosomeDataset] CDS length:  163 , flank left: 121 , flank right: 123 , window length: 407
[ChromosomeDataset] CDS length:  93 , flank left: 84 , flank right: 55 , window length: 232
[ChromosomeDataset] CDS length:  133 , flank left: 129 , flank right: 70 , window length: 332
[ChromosomeDataset] CDS length:  1479 , flank left: 1170 , flank right: 1048 , window length: 3697
[ChromosomeDataset] CDS length:  561 , flank left: 543 , flank right: 298 , window length: 1402
[ChromosomeDataset] CDS length:  120 , flank left: 93 , flank right: 87 , window length: 300
[ChromosomeDataset] CDS length:  172 , flank left: 94 , flank right: 164 , window length: 430
[ChromosomeDataset] CDS length:  87 , flank left: 69 , flank right: 61 , window length: 217
[ChromosomeDataset] CDS length:  1122 , flank left: 697 , flank right: 986 , window length: 2805
[ChromosomeDataset] CDS length:  140 , flank left: 114 , flank right: 96 , window length: 350
[ChromosomeDataset] CDS length:  92 , flank left: 61 , flank right: 77 , window length: 230
[ChromosomeDataset] CDS length:  72 , flank left: 49 , flank right: 59 , window length: 180
[ChromosomeDataset] CDS length:  88 , flank left: 82 , flank right: 50 , window length: 220
[ChromosomeDataset] CDS length:  144 , flank left: 115 , flank right: 101 , window length: 360
[ChromosomeDataset] CDS length:  187 , flank left: 149 , flank right: 131 , window length: 467
[ChromosomeDataset] CDS length:  75 , flank left: 44 , flank right: 68 , window length: 187
[ChromosomeDataset] CDS length:  105 , flank left: 103 , flank right: 54 , window length: 262
[ChromosomeDataset] CDS length:  213 , flank left: 196 , flank right: 123 , window length: 532
[ChromosomeDataset] CDS length:  683 , flank left: 637 , flank right: 387 , window length: 1707
[ChromosomeDataset] CDS length:  134 , flank left: 96 , flank right: 105 , window length: 335
[ChromosomeDataset] CDS length:  216 , flank left: 130 , flank right: 194 , window length: 540
[ChromosomeDataset] CDS length:  62 , flank left: 44 , flank right: 49 , window length: 155
[ChromosomeDataset] CDS length:  306 , flank left: 197 , flank right: 262 , window length: 765
[ChromosomeDataset] CDS length:  150 , flank left: 117 , flank right: 108 , window length: 375
[ChromosomeDataset] CDS length:  8185 , flank left: 7267 , flank right: 5010 , window length: 20462
[ChromosomeDataset] CDS length:  270 , flank left: 176 , flank right: 229 , window length: 675
[ChromosomeDataset] CDS length:  109 , flank left: 71 , flank right: 92 , window length: 272
[ChromosomeDataset] CDS length:  105 , flank left: 68 , flank right: 89 , window length: 262
[ChromosomeDataset] CDS length:  45 , flank left: 34 , flank right: 33 , window length: 112
[ChromosomeDataset] CDS length:  151 , flank left: 125 , flank right: 101 , window length: 377
[ChromosomeDataset] CDS length:  128 , flank left: 72 , flank right: 120 , window length: 320
[ChromosomeDataset] CDS length:  229 , flank left: 142 , flank right: 201 , window length: 572
[ChromosomeDataset] CDS length:  186 , flank left: 101 , flank right: 178 , window length: 465
[ChromosomeDataset] CDS length:  269 , flank left: 137 , flank right: 266 , window length: 672
[ChromosomeDataset] CDS length:  1691 , flank left: 1461 , flank right: 1075 , window length: 4227
[ChromosomeDataset] CDS length:  123 , flank left: 117 , flank right: 67 , window length: 307
[ChromosomeDataset] CDS length:  260 , flank left: 162 , flank right: 228 , window length: 650
[ChromosomeDataset] CDS length:  3636 , flank left: 2443 , flank right: 3011 , window length: 9090
[ChromosomeDataset] CDS length:  138 , flank left: 94 , flank right: 113 , window length: 345
[ChromosomeDataset] CDS length:  263 , flank left: 178 , flank right: 216 , window length: 657
[ChromosomeDataset] CDS length:  454 , flank left: 250 , flank right: 431 , window length: 1135
[ChromosomeDataset] CDS length:  231 , flank left: 188 , flank right: 158 , window length: 577
[ChromosomeDataset] CDS length:  168 , flank left: 148 , flank right: 104 , window length: 420
[ChromosomeDataset] CDS length:  163 , flank left: 98 , flank right: 146 , window length: 407
[ChromosomeDataset] CDS length:  230 , flank left: 148 , flank right: 197 , window length: 575
[ChromosomeDataset] CDS length:  116 , flank left: 75 , flank right: 99 , window length: 290
[ChromosomeDataset] CDS length:  810 , flank left: 477 , flank right: 738 , window length: 2025
[ChromosomeDataset] CDS length:  195 , flank left: 171 , flank right: 121 , window length: 487
[ChromosomeDataset] CDS length:  173 , flank left: 132 , flank right: 127 , window length: 432
[ChromosomeDataset] CDS length:  960 , flank left: 800 , flank right: 640 , window length: 2400
[ChromosomeDataset] CDS length:  134 , flank left: 101 , flank right: 100 , window length: 335
[ChromosomeDataset] CDS length:  138 , flank left: 126 , flank right: 81 , window length: 345
[ChromosomeDataset] CDS length:  303 , flank left: 262 , flank right: 192 , window length: 757
[ChromosomeDataset] CDS length:  4426 , flank left: 3625 , flank right: 3014 , window length: 11065
[ChromosomeDataset] CDS length:  175 , flank left: 129 , flank right: 133 , window length: 437
[ChromosomeDataset] CDS length:  136 , flank left: 125 , flank right: 79 , window length: 340
[ChromosomeDataset] CDS length:  191 , flank left: 97 , flank right: 189 , window length: 477
[ChromosomeDataset] CDS length:  144 , flank left: 85 , flank right: 131 , window length: 360
[ChromosomeDataset] CDS length:  1580 , flank left: 1037 , flank right: 1333 , window length: 3950
[ChromosomeDataset] CDS length:  133 , flank left: 133 , flank right: 66 , window length: 332
[ChromosomeDataset] CDS length:  112 , flank left: 104 , flank right: 64 , window length: 280
[ChromosomeDataset] CDS length:  1934 , flank left: 1339 , flank right: 1562 , window length: 4835
[ChromosomeDataset] CDS length:  404 , flank left: 289 , flank right: 317 , window length: 1010
[ChromosomeDataset] CDS length:  96 , flank left: 65 , flank right: 79 , window length: 240
[ChromosomeDataset] CDS length:  680 , flank left: 343 , flank right: 677 , window length: 1700
[ChromosomeDataset] CDS length:  206 , flank left: 121 , flank right: 188 , window length: 515
[ChromosomeDataset] CDS length:  2352 , flank left: 1371 , flank right: 2157 , window length: 5880
[ChromosomeDataset] CDS length:  67 , flank left: 40 , flank right: 60 , window length: 167
[ChromosomeDataset] CDS length:  524 , flank left: 337 , flank right: 449 , window length: 1310
[ChromosomeDataset] CDS length:  367 , flank left: 337 , flank right: 213 , window length: 917
[ChromosomeDataset] CDS length:  133 , flank left: 72 , flank right: 127 , window length: 332
[ChromosomeDataset] CDS length:  174 , flank left: 152 , flank right: 109 , window length: 435
[ChromosomeDataset] CDS length:  337 , flank left: 292 , flank right: 213 , window length: 842
[ChromosomeDataset] CDS length:  89 , flank left: 78 , flank right: 55 , window length: 222
[ChromosomeDataset] CDS length:  298 , flank left: 241 , flank right: 206 , window length: 745
[ChromosomeDataset] CDS length:  855 , flank left: 717 , flank right: 565 , window length: 2137
[ChromosomeDataset] CDS length:  142 , flank left: 102 , flank right: 111 , window length: 355
[ChromosomeDataset] CDS length:  184 , flank left: 183 , flank right: 93 , window length: 460
[ChromosomeDataset] CDS length:  1038 , flank left: 942 , flank right: 615 , window length: 2595
[ChromosomeDataset] CDS length:  920 , flank left: 732 , flank right: 648 , window length: 2300
[ChromosomeDataset] CDS length:  239 , flank left: 157 , flank right: 201 , window length: 597
[ChromosomeDataset] CDS length:  128 , flank left: 85 , flank right: 107 , window length: 320
[ChromosomeDataset] CDS length:  58 , flank left: 39 , flank right: 48 , window length: 145
[ChromosomeDataset] CDS length:  132 , flank left: 85 , flank right: 113 , window length: 330
[ChromosomeDataset] CDS length:  1032 , flank left: 528 , flank right: 1020 , window length: 2580
[ChromosomeDataset] CDS length:  10 , flank left: 6 , flank right: 9 , window length: 25
[ChromosomeDataset] CDS length:  128 , flank left: 95 , flank right: 97 , window length: 320
[ChromosomeDataset] CDS length:  263 , flank left: 226 , flank right: 168 , window length: 657
[ChromosomeDataset] CDS length:  207 , flank left: 173 , flank right: 137 , window length: 517
[ChromosomeDataset] CDS length:  49 , flank left: 47 , flank right: 26 , window length: 122
[ChromosomeDataset] CDS length:  202 , flank left: 171 , flank right: 132 , window length: 505
[ChromosomeDataset] CDS length:  1337 , flank left: 804 , flank right: 1201 , window length: 3342
[ChromosomeDataset] CDS length:  240 , flank left: 204 , flank right: 156 , window length: 600
[ChromosomeDataset] CDS length:  1797 , flank left: 1377 , flank right: 1318 , window length: 4492
[ChromosomeDataset] CDS length:  220 , flank left: 145 , flank right: 185 , window length: 550
[ChromosomeDataset] CDS length:  192 , flank left: 169 , flank right: 119 , window length: 480
[ChromosomeDataset] CDS length:  480 , flank left: 307 , flank right: 413 , window length: 1200
[ChromosomeDataset] CDS length:  606 , flank left: 395 , flank right: 514 , window length: 1515
[ChromosomeDataset] CDS length:  224 , flank left: 132 , flank right: 204 , window length: 560
[ChromosomeDataset] CDS length:  157 , flank left: 121 , flank right: 114 , window length: 392
[ChromosomeDataset] CDS length:  1811 , flank left: 1260 , flank right: 1456 , window length: 4527
[ChromosomeDataset] CDS length:  3220 , flank left: 2403 , flank right: 2427 , window length: 8050
[ChromosomeDataset] CDS length:  135 , flank left: 117 , flank right: 85 , window length: 337
[ChromosomeDataset] CDS length:  401 , flank left: 329 , flank right: 272 , window length: 1002
[ChromosomeDataset] CDS length:  133 , flank left: 96 , flank right: 103 , window length: 332
[ChromosomeDataset] CDS length:  142 , flank left: 80 , flank right: 133 , window length: 355
[ChromosomeDataset] CDS length:  117 , flank left: 102 , flank right: 73 , window length: 292
[ChromosomeDataset] CDS length:  231 , flank left: 191 , flank right: 155 , window length: 577
[ChromosomeDataset] CDS length:  156 , flank left: 140 , flank right: 94 , window length: 390
[ChromosomeDataset] CDS length:  107 , flank left: 63 , flank right: 97 , window length: 267
[ChromosomeDataset] CDS length:  43 , flank left: 28 , flank right: 36 , window length: 107
[ChromosomeDataset] CDS length:  144 , flank left: 74 , flank right: 142 , window length: 360
[ChromosomeDataset] CDS length:  80 , flank left: 70 , flank right: 50 , window length: 200
[ChromosomeDataset] CDS length:  121 , flank left: 94 , flank right: 87 , window length: 302
[ChromosomeDataset] CDS length:  340 , flank left: 256 , flank right: 254 , window length: 850
[ChromosomeDataset] CDS length:  84 , flank left: 56 , flank right: 70 , window length: 210
[ChromosomeDataset] CDS length:  134 , flank left: 81 , flank right: 120 , window length: 335
[ChromosomeDataset] CDS length:  201 , flank left: 129 , flank right: 172 , window length: 502
[ChromosomeDataset] CDS length:  148 , flank left: 123 , flank right: 99 , window length: 370
[ChromosomeDataset] CDS length:  833 , flank left: 825 , flank right: 424 , window length: 2082
[ChromosomeDataset] CDS length:  293 , flank left: 147 , flank right: 292 , window length: 732
[ChromosomeDataset] CDS length:  454 , flank left: 340 , flank right: 341 , window length: 1135
[ChromosomeDataset] CDS length:  270 , flank left: 144 , flank right: 261 , window length: 675
[ChromosomeDataset] CDS length:  7149 , flank left: 3987 , flank right: 6736 , window length: 17872
[ChromosomeDataset] CDS length:  296 , flank left: 182 , flank right: 262 , window length: 740
[ChromosomeDataset] CDS length:  87 , flank left: 85 , flank right: 45 , window length: 217
[ChromosomeDataset] CDS length:  411 , flank left: 290 , flank right: 326 , window length: 1027
[ChromosomeDataset] CDS length:  164 , flank left: 128 , flank right: 118 , window length: 410
[ChromosomeDataset] CDS length: {'loss': 8.2486, 'learning_rate': 8.333333333333334e-06, 'epoch': 0.0} 
87 , flank left: 76 , flank right: 54 , window length: 217
[ChromosomeDataset] CDS length:  509 , flank left: 386 , flank right: 377 , window length: 1272
[ChromosomeDataset] CDS length:  1547 , flank left: 1423 , flank right: 897 , window length: 3867
[ChromosomeDataset] CDS length:  135 , flank left: 134 , flank right: 68 , window length: 337
[ChromosomeDataset] CDS length:  156 , flank left: 90 , flank right: 144 , window length: 390
[ChromosomeDataset] CDS length:  133 , flank left:[ChromosomeDataset] CDS length:   101266  , flank right:, flank left:  98207  , window length:, flank right:  332192
 , window length: 665
[ChromosomeDataset] CDS length:  113 , flank left: 95 , flank right: 74 , window length: 282
[ChromosomeDataset] CDS length:  138 , flank left: 101[ChromosomeDataset] CDS length:   , flank right:137  106, flank left:  , window length:87  345, flank right:
 118 , window length: 342
[ChromosomeDataset] CDS length:  67 , flank left: [ChromosomeDataset] CDS length: 60  624, flank right:  , flank left:40  539, window length:  , flank right:167 
397 , window length: 1560
[ChromosomeDataset] CDS length:  408 , flank left: 327 , flank right: 285 , window length: 1020
[ChromosomeDataset] CDS length:  98 , flank left: [ChromosomeDataset] CDS length: 95  209, flank right:  , flank left:52  192, window length:  , flank right:245 
121 , window length: 522
[ChromosomeDataset] CDS length:  190 , flank left: 113 , flank right: 172 , window length: 475
[ChromosomeDataset] CDS length:  225 , flank left: 187 , flank right: 150 , window length: 562
[ChromosomeDataset] CDS length:  78 , flank left: 55 , flank right: 62 , window length: 195
[ChromosomeDataset] CDS length:  [ChromosomeDataset] CDS length: 398  205, flank left:  , flank left:249  121, flank right:  , flank right:348  186, window length:  , window length:995 
512
[ChromosomeDataset] CDS length:  185 , flank left: 122 , flank right: 155 , window length: 462
[ChromosomeDataset] CDS length:  227 , flank left: 223 , flank right: 117 , window length: 567
[ChromosomeDataset] CDS length:  2361 , flank left: 2138 , flank right: 1403 , window length: 5902
[ChromosomeDataset] CDS length:  3733 , flank left: 2332 , flank right: 3267 , window length: 9332
[ChromosomeDataset] CDS length:  104 , flank left: 68 , flank right: 88 , window length: 260
[ChromosomeDataset] CDS length:  184 , flank left: 124 , flank right: 152 , window length: 460
[ChromosomeDataset] CDS length:  170 , flank left: 145 , flank right: 110 , window length: 425
[ChromosomeDataset] CDS length:  238 , flank left: 165 , flank right: 192 , window length: 595
[ChromosomeDataset] CDS length:  700 , flank left: 480 , flank right: 570 , window length: 1750
[ChromosomeDataset] CDS length:  200 , flank left: 121 , flank right: 179 , window length: 500
[ChromosomeDataset] CDS length:  134 , flank left: 96 , flank right: 105 , window length: 335
[ChromosomeDataset] CDS length:  207 , flank left: 114 , flank right: 196 , window length: 517
[ChromosomeDataset] CDS length:  100 , flank left: 72 , flank right: 78 , window length: 250
[ChromosomeDataset] CDS length:  368 , flank left: 216 , flank right: 336 , window length: 920
[ChromosomeDataset] CDS length:  245 , flank left: 181 , flank right: 186 , window length: 612
[ChromosomeDataset] CDS length:  792 , flank left: 442 , flank right: 746 , window length: 1980
[ChromosomeDataset] CDS length:  144 , flank left: 76 , flank right: 140 , window length: 360
[ChromosomeDataset] CDS length:  265 , flank left: 250 , flank right: 147 , window length: 662
[ChromosomeDataset] CDS length:  15 , flank left: 11 , flank right: 11 , window length: 37
[ChromosomeDataset] CDS length:  120 , flank left: 61 , flank right: 119 , window length: 300
[ChromosomeDataset] CDS length:  1368 , flank left: 1226 , flank right: 826 , window length: 3420
[ChromosomeDataset] CDS length:  208 , flank left: 203 , flank right: 109 , window length: 520
[ChromosomeDataset] CDS length:  20 , flank left: 12 , flank right: 18 , window length: 50
[ChromosomeDataset] CDS length:  177 , flank left: 163 , flank right: 102 , window length: 442
[ChromosomeDataset] CDS length:  1034 , flank left: 620 , flank right: 931 , window length: 2585
[ChromosomeDataset] CDS length:  196 , flank left: 150 , flank right: 144 , window length: 490
[ChromosomeDataset] CDS length:  75 , flank left: 56 , flank right: 56 , window length: 187
[ChromosomeDataset] CDS length:  2003 , flank left: 1024 , flank right: 1980 , window length: 5007
[ChromosomeDataset] CDS length:  115 , flank left: 84 , flank right: 88 , window length: 287
[ChromosomeDataset] CDS length:  130 , flank left: 97 , flank right: 98 , window length: 325
[ChromosomeDataset] CDS length:  166 , flank left: 102 , flank right: 147 , window length: 415
[ChromosomeDataset] CDS length:  45 , flank left: 44 , flank right: 23 , window length: 112
[ChromosomeDataset] CDS length:  123 , flank left: 87 , flank right: 97 , window length: 307
[ChromosomeDataset] CDS length:  3203 , flank left: 2690 , flank right: 2114 , window length: 8007
[ChromosomeDataset] CDS length:  945 , flank left: 742 , flank right: 675 , window length: 2362
[ChromosomeDataset] CDS length:  151 , flank left: 79 , flank right: 147 , window length: 377
[ChromosomeDataset] CDS length:  793 , flank left: 446 , flank right: 743 , window length: 1982
[ChromosomeDataset] CDS length:  138 , flank left: 130 , flank right: 77 , window length: 345
[ChromosomeDataset] CDS length:  24 , flank left: 18 , flank right: 18 , window length: 60
[ChromosomeDataset] CDS length:  68 , flank left: 67 , flank right: 35 , window length: 170
[ChromosomeDataset] CDS length:  201 , flank left: 140 , flank right: 161 , window length: 502
[ChromosomeDataset] CDS length:  242 , flank left: 187 , flank right: 176 , window length: 605
[ChromosomeDataset] CDS length:  133 , flank left: 107 , flank right: 92 , window length: 332
[ChromosomeDataset] CDS length:  84 , flank left: 62 , flank right: 64 , window length: 210
[ChromosomeDataset] CDS length:  480 , flank left: 354 , flank right: 366 , window length: 1200
[ChromosomeDataset] CDS length:  187 , flank left: 146 , flank right: 134 , window length: 467
[ChromosomeDataset] CDS length:  141 , flank left: 74 , flank right: 137 , window length: 352
[ChromosomeDataset] CDS length:  213 , flank left: 109 , flank right: 210 , window length: 532
[ChromosomeDataset] CDS length:  1432 , flank left: 906 , flank right: 1242 , window length: 3580
[ChromosomeDataset] CDS length:  645 , flank left: 576 , flank right: 391 , window length: 1612
[ChromosomeDataset] CDS length:  219 , flank left: 183 , flank right: 145 , window length: 547
[ChromosomeDataset] CDS length:  187 , flank left: 117 , flank right: 163 , window length: 467
[ChromosomeDataset] CDS length:  1185 , flank left: 1096 , flank right: 681 , window length: 2962
[ChromosomeDataset] CDS length:  876 , flank left: 519 , flank right: 795 , window length: 2190
[ChromosomeDataset] CDS length:  199 , flank left: 168 , flank right: 130 , window length: 497
[ChromosomeDataset] CDS length:  50 , flank left: 49 , flank right: 26 , window length: 125
[ChromosomeDataset] CDS length:  207 , flank left: 154 , flank right: 156 , window length: 517
[ChromosomeDataset] CDS length:  242 , flank left: 220 , flank right: 143 , window length: 605
[ChromosomeDataset] CDS length:  164 , flank left: 120 , flank right: 126 , window length: 410
[ChromosomeDataset] CDS length:  154 , flank left: 117 , flank right: 114 , window length: 385
[ChromosomeDataset] CDS length:  161 , flank left: 135 , flank right: 106 , window length: 402
[ChromosomeDataset] CDS length:  820 , flank left: 644 , flank right: 586 , window length: 2050
[ChromosomeDataset] CDS length:  2101 , flank left: 1510 , flank right: 1641 , window length: 5252
[ChromosomeDataset] CDS length:  135 , flank left: 93 , flank right: 109 , window length: 337
[ChromosomeDataset] CDS length:  116 , flank left: 107 , flank right: 67 , window length: 290
[ChromosomeDataset] CDS length:  101 , flank left: 97 , flank right: 54 , window length: 252
[ChromosomeDataset] CDS length:  192 , flank left: 185 , flank right: 103 , window length: 480
[ChromosomeDataset] CDS length:  113 , flank left: 64 , flank right: 105 , window length: 282
[ChromosomeDataset] CDS length:  367 , flank left: 203 , flank right: 347 , window length: 917
[ChromosomeDataset] CDS length:  224 , flank left: 133 , flank right: 203 , window length: 560
[ChromosomeDataset] CDS length:  57 , flank left: 42 , flank right: 43 , window length: 142
[ChromosomeDataset] CDS length:  325 , flank left: 179 , flank right: 308 , window length: 812
[ChromosomeDataset] CDS length:  123 , flank left: 84 , flank right: 100 , window length: 307
[ChromosomeDataset] CDS length:  147 , flank left: 97 , flank right: 123 , window length: 367
[ChromosomeDataset] CDS length:  597 , flank left: 347 , flank right: 548 , window length: 1492
[ChromosomeDataset] CDS length:  513 , flank left: 374 , flank right: 395 , window length: 1282
[ChromosomeDataset] CDS length:  157 , flank left: 152 , flank right: 83 , window length: 392
[ChromosomeDataset] CDS length:  183 , flank left: 108 , flank right: 166 , window length: 457
[ChromosomeDataset] CDS length:  123 , flank left: 119 , flank right: 65 , window length: 307
[ChromosomeDataset] CDS length:  118 , flank left: 70 , flank right: 107 , window length: 295
[ChromosomeDataset] CDS length:  209 , flank left: 163 , flank right: 150 , window length: 522
[ChromosomeDataset] CDS length:  228 , flank left: 139 , flank right: 203 , window length: 570
[ChromosomeDataset] CDS length:  3024 , flank left: 1785 , flank right: 2751 , window length: 7560
[ChromosomeDataset] CDS length:  139 , flank left: 133 , flank right: 75 , window length: 347
[ChromosomeDataset] CDS length:  18 , flank left: 10 , flank right: 17 , window length: 45
[ChromosomeDataset] CDS length:  976 , flank left: 758 , flank right: 706 , window length: 2440
[ChromosomeDataset] CDS length:  567 , flank left: 320 , flank right: 530 , window length: 1417
[ChromosomeDataset] CDS length:  252 , flank left: 216 , flank right: 162 , window length: 630
[ChromosomeDataset] CDS length:  94 , flank left: 54 , flank right: 87 , window length: 235
[ChromosomeDataset] CDS length:  248 , flank left: 164 , flank right: 208 , window length: 620
[ChromosomeDataset] CDS length:  160 , flank left: 139 , flank right: 101 , window length: 400
[ChromosomeDataset] CDS length:  172 , flank left: 91 , flank right: 167 , window length: 430
[ChromosomeDataset] CDS length:  65 , flank left: 48 , flank right: 49 , window length: 162
[ChromosomeDataset] CDS length:  192 , flank left: 130 , flank right: 158 , window length: 480
[ChromosomeDataset] CDS length:  88 , flank left: 59 , flank right: 73 , window length: 220
[ChromosomeDataset] CDS length:  127 , flank left: 101 , flank right: 89 , window length: 317
[ChromosomeDataset] CDS length:  141 , flank left: 132 , flank right: 79 , window length: 352
[ChromosomeDataset] CDS length:  78 , flank left: 68 , flank right: 49 , window length: 195
[ChromosomeDataset] CDS length:  184 , flank left: 140 , flank right: 136 , window length: 460
[ChromosomeDataset] CDS length:  122 , flank left: 118 , flank right: 65 , window length: 305
[ChromosomeDataset] CDS length:  199 , flank left: 126 , flank right: 172 , window length: 497
[ChromosomeDataset] CDS length:  54 , flank left: 50 , flank right: 31 , window length: 135
[ChromosomeDataset] CDS length:  113 , flank left: 59 , flank right: 110 , window length: 282
[ChromosomeDataset] CDS length:  151 , flank left: 77 , flank right: 149 , window length: 377
[ChromosomeDataset] CDS length:  119 , flank left: 71 , flank right: 107 , window length: 297
[ChromosomeDataset] CDS length:  61 , flank left: 32 , flank right: 59 , window length: 152
[ChromosomeDataset] CDS length:  210 , flank left: 148 , flank right: 167 , window length: 525
[ChromosomeDataset] CDS length:  170 , flank left: 121 , flank right: 134 , window length: 425
[ChromosomeDataset] CDS length:  3024 , flank left: 2698 , flank right: 1838 , window length: 7560
[ChromosomeDataset] CDS length:  199 , flank left: 136 , flank right: 162 , window length: 497
[ChromosomeDataset] CDS length:  161 , flank left: 112 , flank right: 129 , window length: 402
[ChromosomeDataset] CDS length:  197 , flank left: 143 , flank right: 152 , window length: 492
[ChromosomeDataset] CDS length:  1329 , flank left: 1264 , flank right: 729 , window length: 3322
[ChromosomeDataset] CDS length:  151 , flank left: 76 , flank right: 150 , window length: 377
[ChromosomeDataset] CDS length:  219 , flank left: 180 , flank right: 148 , window length: 547
[ChromosomeDataset] CDS length:  263 , flank left: 206 , flank right: 188 , window length: 657
[ChromosomeDataset] CDS length:  784 , flank left: 644 , flank right: 532 , window length: 1960
[ChromosomeDataset] CDS length:  66 , flank left: 57 , flank right: 42 , window length: 165
[ChromosomeDataset] CDS length:  156 , flank left: 91 , flank right: 143 , window length: 390
[ChromosomeDataset] CDS length:  249 , flank left: 142 , flank right: 231 , window length: 622
[ChromosomeDataset] CDS length:  407 , flank left: 216 , flank right: 394 , window length: 1017
[ChromosomeDataset] CDS length:  623 , flank left: 622 , flank right: 312 , window length: 1557
[ChromosomeDataset] CDS length:  306 , flank left: 286 , flank right: 173 , window length: 765
[ChromosomeDataset] CDS length:  86 , flank left: 51 , flank right: 78 , window length: 215
[ChromosomeDataset] CDS length:  3591 , flank left: 3451 , flank right: 1935 , window length: 8977
[ChromosomeDataset] CDS length:  138 , flank left: 115 , flank right: 92 , window length: 345
[ChromosomeDataset] CDS length:  2015 , flank left: 1638 , flank right: 1384 , window length: 5037
[ChromosomeDataset] CDS length:  1346 , flank left: 674 , flank right: 1345 , window length: 3365
[ChromosomeDataset] CDS length:  1570 , flank left: 1172 , flank right: 1183 , window length: 3925
[ChromosomeDataset] CDS length:  138 , flank left: 79 , flank right: 128 , window length: 345
[ChromosomeDataset] CDS length:  1013 , flank left: 824 , flank right: 695 , window length: 2532
[ChromosomeDataset] CDS length:  152 , flank left: 151 , flank right: 77 , window length: 380
[ChromosomeDataset] CDS length:  202 , flank left: 188 , flank right: 115 , window length: 505
[ChromosomeDataset] CDS length:  197 , flank left: 187 , flank right: 108 , window length: 492
[ChromosomeDataset] CDS length:  169 , flank left: 127 , flank right: 126 , window length: 422
[ChromosomeDataset] CDS length:  395 , flank left: 340 , flank right: 252 , window length: 987
[ChromosomeDataset] CDS length:  509 , flank left: 300 , flank right: 463 , window length: 1272
[ChromosomeDataset] CDS length:  190 , flank left: 156 , flank right: 129 , window length: 475
[ChromosomeDataset] CDS length:  99 , flank left: 99 , flank right: 49 , window length: 247
[ChromosomeDataset] CDS length:  105 , flank left: 84 , flank right: 73 , window length: 262
[ChromosomeDataset] CDS length:  256 , flank left: 140 , flank right: 244 , window length: 640
[ChromosomeDataset] CDS length:  164 , flank left: 99 , flank right: 147 , window length: 410
[ChromosomeDataset] CDS length:  100 , flank left: 94 , flank right: 56 , window length: 250
[ChromosomeDataset] CDS length:  204 , flank left: 131 , flank right: 175 , window length: 510
[ChromosomeDataset] CDS length:  571 , flank left: 319 , flank right: 537 , window length: 1427
[ChromosomeDataset] CDS length:  165 , flank left: 106 , flank right: 141 , window length: 412
[ChromosomeDataset] CDS length:  124 , flank left: 87 , flank right: 99 , window length: 310
[ChromosomeDataset] CDS length:  182 , flank left: 105 , flank right: 168 , window length: 455
[ChromosomeDataset] CDS length:  1168 , flank left: 1083 , flank right: 669 , window length: 2920
[ChromosomeDataset] CDS length:  121 , flank left: 63 , flank right: 118 , window length: 302
[ChromosomeDataset] CDS length:  141 , flank left: 79 , flank right: 132 , window length: 352
[ChromosomeDataset] CDS length:  10489 , flank left: 5977 , flank right: 9756 , window length: 26222
[ChromosomeDataset] CDS length:  128 , flank left: 85 , flank right: 107 , window length: 320
[ChromosomeDataset] CDS length:  374 , flank left: 263 , flank right: 298 , window length: 935
[ChromosomeDataset] CDS length:  443 , flank left: 415 , flank right: 249 , window length: 1107
[ChromosomeDataset] CDS length:  123 , flank left: 67 , flank right: 117 , window length: 307
[ChromosomeDataset] CDS length:  183 , flank left: 181 , flank right: 93 , window length: 457
[ChromosomeDataset] CDS length:  574 , flank left: 319 , flank right: 542 , window length: 1435
[ChromosomeDataset] CDS length:  251 , flank left: 142 , flank right: 234 , window length: 627
[ChromosomeDataset] CDS length:  21693 , flank left: 13446 , flank right: 19093 , window length: 54232
[ChromosomeDataset] CDS length:  225 , flank left: 116 , flank right: 221 , window length: 562
[ChromosomeDataset] CDS length:  185 , flank left: 180 , flank right: 97 , window length: 462
[ChromosomeDataset] CDS length:  79 , flank left: 52 , flank right: 66 , window length: 197
[ChromosomeDataset] CDS length:  238 , flank left: 156 , flank right: 201 , window length: 595
[ChromosomeDataset] CDS length:  718 , flank left: 639 , flank right: 438 , window length: 1795
[ChromosomeDataset] CDS length:  304 , flank left: 276 , flank right: 180 , window length: 760
[ChromosomeDataset] CDS length:  233 , flank left: 151 , flank right: 198 , window length: 582
[ChromosomeDataset] CDS length:  288 , flank left: 198 , flank right: 234 , window length: 720
[ChromosomeDataset] CDS length:  1187 , flank left: 806 , flank right: 974 , window length: 2967
[ChromosomeDataset] CDS length:  242 , flank left: 200 , flank right: 163 , window length: 605
[ChromosomeDataset] CDS length:  159 , flank left: 148 , flank right: 90 , window length: 397
[ChromosomeDataset] CDS length:  115 , flank left: 68 , flank right: 104 , window length: 287
[ChromosomeDataset] CDS length:  102 , flank left: 54 , flank right: 99 , window length: 255
[ChromosomeDataset] CDS length:  66 , flank left: 37 , flank right: 62 , window length: 165
[ChromosomeDataset] CDS length:  162 , flank left: 126 , flank right: 117 , window length: 405
[ChromosomeDataset] CDS length:  2442 , flank left: 2139 , flank right: 1524 , window length: 6105
[ChromosomeDataset] CDS length:  6452 , flank left: 4664 , flank right: 5014 , window length: 16130
[ChromosomeDataset] CDS length:  214 , flank left: 140 , flank right: 181 , window length: 535
[ChromosomeDataset] CDS length:  161 , flank left: 117 , flank right: 124 , window length: 402
[ChromosomeDataset] CDS length:  1242 , flank left: 1080 , flank right: 783 , window length: 3105
[ChromosomeDataset] CDS length:  120 , flank left: 64 , flank right: 116 , window length: 300
[ChromosomeDataset] CDS length:  687 , flank left: 531 , flank right: 499 , window length: 1717
[ChromosomeDataset] CDS length:  208 , flank left: 147 , flank right: 165 , window length: 520
[ChromosomeDataset] CDS length:  417 , flank left: 302 , flank right: 323 , window length: 1042
[ChromosomeDataset] CDS length:  159 , flank left: 92 , flank right: 146 , window length: 397
[ChromosomeDataset] CDS length:  5691 , flank left: 4146 , flank right: 4390 , window length: 14227
[ChromosomeDataset] CDS length:  169 , flank left: 142 , flank right: 111 , window length: 422
[ChromosomeDataset] CDS length:  592 , flank left: 572 , flank right: 316 , window length: 1480
[ChromosomeDataset] CDS length:  253 , flank left: 133 , flank right: 246 , window length: 632
[ChromosomeDataset] CDS length:  1589 , flank left: 1213 , flank right: 1170 , window length: 3972
[ChromosomeDataset] CDS length:  440 , flank left: 397 , flank right: 263 , window length: 1100
[ChromosomeDataset] CDS length:  148 , flank left: 102 , flank right: 120 , window length: 370
[ChromosomeDataset] CDS length:  584 , flank left: 432 , flank right: 444 , window length: 1460
[ChromosomeDataset] CDS length:  169 , flank left: 155 , flank right: 98 , window length: 422
[ChromosomeDataset] CDS length:  201 , flank left: 135 , flank right: 166 , window length: 502
[ChromosomeDataset] CDS length:  102 , flank left: 90 , flank right: 63 , window length: 255
[ChromosomeDataset] CDS length:  69 , flank left: 39 , flank right: 64 , window length: 172
[ChromosomeDataset] CDS length:  149 , flank left: 145 , flank right: 78 , window length: 372
[ChromosomeDataset] CDS length:  694 , flank left: 438 , flank right: 603 , window length: 1735
[ChromosomeDataset] CDS length:  72 , flank left: 40 , flank right: 68 , window length: 180
[ChromosomeDataset] CDS length:  107 , flank left: 82 , flank right: 78 , window length: 267
[ChromosomeDataset] CDS length:  1824 , flank left: 1288 , flank right: 1448 , window length: 4560
[ChromosomeDataset] CDS length:  189 , flank left: 164 , flank right: 119 , window length: 472
[ChromosomeDataset] CDS length:  591 , flank left: 526 , flank right: 360 , window length: 1477
[ChromosomeDataset] CDS length:  267 , flank left: 143 , flank right: 257 , window length: 667
[ChromosomeDataset] CDS length:  141 , flank left: 118 , flank right: 93 , window length: 352
[ChromosomeDataset] CDS length:  610 , flank left: 586 , flank right: 329 , window length: 1525
[ChromosomeDataset] CDS length:  579 , flank left: 371 , flank right: 497 , window length: 1447
[ChromosomeDataset] CDS length:  1238 , flank left: 886 , flank right: 971 , window length: 3095
[ChromosomeDataset] CDS length:  158 , flank left: 132 , flank right: 105 , window length: 395
[ChromosomeDataset] CDS length:  132 , flank left: 121 , flank right: 77 , window length: 330
[ChromosomeDataset] CDS length:  223 , flank left: 130 , flank right: 204 , window length: 557
[ChromosomeDataset] CDS length:  129 , flank left: 77 , flank right: 116 , window length: 322
[ChromosomeDataset] CDS length:  150 , flank left: 98 , flank right: 127 , window length: 375
[ChromosomeDataset] CDS length:  119 , flank left: 80 , flank right: 98 , window length: 297
[ChromosomeDataset] CDS length:  494 , flank left: 347 , flank right: 394 , window length: 1235
[ChromosomeDataset] CDS length:  1463 , flank left: 795 , flank right: 1399 , window length: 3657
[ChromosomeDataset] CDS length:  175 , flank left: 116 , flank right: 146 , window length: 437
[ChromosomeDataset] CDS length:  175 , flank left: 127 , flank right: 135 , window length: 437
[ChromosomeDataset] CDS length:  112 , flank left: 84 , flank right: 84 , window length: 280
[ChromosomeDataset] CDS length:  204 , flank left: 181 , flank right: 125 , window length: 510
[ChromosomeDataset] CDS length:  1047 , flank left: 989 , flank right: 581 , window length: 2617
[ChromosomeDataset] CDS length:  151 , flank left: 104 , flank right: 122 , window length: 377
[ChromosomeDataset] CDS length:  82 , flank left: 52 , flank right: 71 , window length: 205
[ChromosomeDataset] CDS length:  258 , flank left: 226 , flank right: 161 , window length: 645
[ChromosomeDataset] CDS length:  2136 , flank left: 1737 , flank right: 1467 , window length: 5340
[ChromosomeDataset] CDS length:  87 , flank left: 51 , flank right: 79 , window length: 217
[ChromosomeDataset] CDS length:  228 , flank left: 134 , flank right: 208 , window length: 570
[ChromosomeDataset] CDS length:  21 , flank left: 18 , flank right: 13 , window length: 52
[ChromosomeDataset] CDS length:  238 , flank left: 195 , flank right: 162 , window length: 595
[ChromosomeDataset] CDS length:  576 , flank left: 290 , flank right: 574 , window length: 1440
[ChromosomeDataset] CDS length:  27 , flank left: 26 , flank right: 14 , window length: 67
[ChromosomeDataset] CDS length:  234 , flank left: 192 , flank right: 159 , window length: 585
[ChromosomeDataset] CDS length:  816 , flank left: 790 , flank right: 434 , window length: 2040
[ChromosomeDataset] CDS length:  199 , flank left: 130 , flank right: 168 , window length: 497
[ChromosomeDataset] CDS length:  174 , flank left: 100 , flank right: 161 , window length: 435
[ChromosomeDataset] CDS length:  149 , flank left: 147 , flank right: 76 , window length: 372
[ChromosomeDataset] CDS length:  155 , flank left: 109 , flank right: 123 , window length: 387
[ChromosomeDataset] CDS length:  76 , flank left: 75 , flank right: 39 , window length: 190
[ChromosomeDataset] CDS length:  62 , flank left: 60 , flank right: 33 , window length: 155
[ChromosomeDataset] CDS length:  5056 , flank left: 2789 , flank right: 4795 , window length: 12640
[ChromosomeDataset] CDS length:  264 , flank left: 182 , flank right: 214 , window length: 660
[ChromosomeDataset] CDS length:  1523 , flank left: 1066 , flank right: 1218 , window length: 3807
[ChromosomeDataset] CDS length:  183 , flank left: 119 , flank right: 155 , window length: 457
[ChromosomeDataset] CDS length:  129 , flank left: 69 , flank right: 124 , window length: 322
[ChromosomeDataset] CDS length:  1388 , flank left: 924 , flank right: 1158 , window length: 3470
[ChromosomeDataset] CDS length:  298 , flank left: 152 , flank right: 295 , window length: 745
[ChromosomeDataset] CDS length:  149 , flank left: 128 , flank right: 95 , window length: 372
[ChromosomeDataset] CDS length:  8247 , flank left: 7345 , flank right: 5025 , window length: 20617
[ChromosomeDataset] CDS length:  69 , flank left: 44 , flank right: 59 , window length: 172
[ChromosomeDataset] CDS length:  1779 , flank left: 1035 , flank right: 1633 , window length: 4447
[ChromosomeDataset] CDS length:  92 , flank left: 70 , flank right: 68 , window length: 230
[ChromosomeDataset] CDS length:  316 , flank left: 197 , flank right: 277 , window length: 790
[ChromosomeDataset] CDS length:  175 , flank left: 150 , flank right: 112 , window length: 437
[ChromosomeDataset] CDS length:  191 , flank left: 189 , flank right: 97 , window length: 477
[ChromosomeDataset] CDS length:  17328 , flank left: 10827 , flank right: 15165 , window length: 43320
[ChromosomeDataset] CDS length:  3567 , flank left: 3016 , flank right: 2334 , window length: 8917
[ChromosomeDataset] CDS length:  72 , flank left: 68 , flank right: 40 , window length: 180
[ChromosomeDataset] CDS length:  921 , flank left: 629 , flank right: 752 , window length: 2302
[ChromosomeDataset] CDS length:  174 , flank left: 88 , flank right: 173 , window length: 435
[ChromosomeDataset] CDS length:  85 , flank left: 83 , flank right: 44 , window length: 212
[ChromosomeDataset] CDS length:  556 , flank left: 366 , flank right: 468 , window length: 1390
[ChromosomeDataset] CDS length:  142 , flank left: 114 , flank right: 99 , window length: 355
[ChromosomeDataset] CDS length:  131 , flank left: 105 , flank right: 91 , window length: 327
[ChromosomeDataset] CDS length:  213 , flank left: 188 , flank right: 131 , window length: 532
[ChromosomeDataset] CDS length:  262 , flank left: 156 , flank right: 237 , window length: 655
[ChromosomeDataset] CDS length:  93 , flank left: 83 , flank right: 56 , window length: 232
[ChromosomeDataset] CDS length:  153 , flank left: 150 , flank right: 79 , window length: 382
[ChromosomeDataset] CDS length:  135 , flank left: 107 , flank right: 95 , window length: 337
[ChromosomeDataset] CDS length:  519 , flank left: 506 , flank right: 272 , window length: 1297
[ChromosomeDataset] CDS length:  132 , flank left: 81 , flank right: 117 , window length: 330
[ChromosomeDataset] CDS length:  756 , flank left: 468 , flank right: 666 , window length: 1890
[ChromosomeDataset] CDS length:  353 , flank left: 331 , flank right: 198 , window length: 882
[ChromosomeDataset] CDS length:  235 , flank left: 233 , flank right: 119 , window length: 587
[ChromosomeDataset] CDS length:  157 , flank left: 126 , flank right: 109 , window length: 392
[ChromosomeDataset] CDS length:  141 , flank left: 124 , flank right: 87 , window length: 352
[ChromosomeDataset] CDS length:  92 , flank left: 81 , flank right: 57 , window length: 230
[ChromosomeDataset] CDS length:  702 , flank left: 579 , flank right: 474 , window length: 1755
[ChromosomeDataset] CDS length:  6216 , flank left: 3693 , flank right: 5631 , window length: 15540
[ChromosomeDataset] CDS length:  96 , flank left: 61 , flank right: 83 , window length: 240
[ChromosomeDataset] CDS length:  1216 , flank left: 1130 , flank right: 694 , window length: 3040
[ChromosomeDataset] CDS length:  396 , flank left: 367 , flank right: 227 , window length: 990
[ChromosomeDataset] CDS length:  519 , flank left: 473 , flank right: 305 , window length: 1297
[ChromosomeDataset] CDS length:  139 , flank left: 78 , flank right: 130 , window length: 347
[ChromosomeDataset] CDS length:  213 , flank left: 142 , flank right: 177 , window length: 532
[ChromosomeDataset] CDS length:  4680 , flank left: 3611 , flank right: 3409 , window length: 11700
[ChromosomeDataset] CDS length:  960 , flank left: 565 , flank right: 875 , window length: 2400
[ChromosomeDataset] CDS length:  157 , flank left: 115 , flank right: 120 , window length: 392
[ChromosomeDataset] CDS length:  171 , flank left: 138 , flank right: 118 , window length: 427
[ChromosomeDataset] CDS length:  907 , flank left: 840 , flank right: 520 , window length: 2267
[ChromosomeDataset] CDS length:  166 , flank left: 149 , flank right: 100 , window length: 415
[ChromosomeDataset] CDS length:  253 , flank left: 172 , flank right: 207 , window length: 632
[ChromosomeDataset] CDS length:  455 , flank left: 251 , flank right: 431 , window length: 1137
[ChromosomeDataset] CDS length:  1551 , flank left: 938 , flank right: 1388 , window length: 3877
[ChromosomeDataset] CDS length:  866 , flank left: 849 , flank right: 450 , window length: 2165
[ChromosomeDataset] CDS length:  316 , flank left: 295 , flank right: 179 , window length: 790
[ChromosomeDataset] CDS length:  473 , flank left: 266 , flank right: 443 , window length: 1182
[ChromosomeDataset] CDS length:  324 , flank left: 310 , flank right: 176 , window length: 810
[ChromosomeDataset] CDS length:  89 , flank left: 79 , flank right: 54 , window length: 222
[ChromosomeDataset] CDS length:  676 , flank left: 565 , flank right: 449 , window length: 1690
[ChromosomeDataset] CDS length:  2183 , flank left: 1793 , flank right: 1481 , window length: 5457
{'loss': 8.0845, 'learning_rate': 1.25e-05, 'epoch': 0.0}
[ChromosomeDataset] CDS length:  119 , flank left: 117 , flank right: 61 , window length: 297
[ChromosomeDataset] CDS length:  169 , flank left: 117 , flank right: 136[ChromosomeDataset] CDS length:  , window length:  2388422 
, flank left: 2083 , flank right: 1499 , window length: 5970
[ChromosomeDataset] CDS length:  130 , flank left: 96 , flank right: 99 , window length: 325
[ChromosomeDataset] CDS length:  3054 , flank left: 2646 , flank right: 1935 , window length: 7635
[ChromosomeDataset] CDS length:  705 , flank left: 373 , flank right: 684 , window length: 1762
[ChromosomeDataset] CDS length:  188 , flank left: 117 , flank right: 165 , window length: 470
[ChromosomeDataset] CDS length: [ChromosomeDataset] CDS length:   13371511  , flank left:, flank left:  1044833  , flank right:, flank right:  9611433  , window length:, window length:  33423777

[ChromosomeDataset] CDS length:  135 , flank left: 81 [ChromosomeDataset] CDS length: , flank right:  129121  , flank left:, window length:  88337 
, flank right: 105 , window length: 322
[ChromosomeDataset] CDS length:  109 , flank left: 65 , flank right: 98 [ChromosomeDataset] CDS length: , window length:  492272 
, flank left: 418 , flank right: 320 , window length: 1230
[ChromosomeDataset] CDS length:  1772 , flank left: 1435 , flank right: 1223 , window length: 4430
[ChromosomeDataset] CDS length:  80 , flank left: 44 , flank right: 76 , window length: 200
[ChromosomeDataset] CDS length:  2280 , flank left: 1304 , flank right: 2116 , window length: 5700
[ChromosomeDataset] CDS length:  54 , flank left: 35 , flank right: 46 , window length: 135
[ChromosomeDataset] CDS length:  120 , flank left: 63 , flank right: 117 , window length: 300
[ChromosomeDataset] CDS length:  73 , flank left: 73 , flank right: 36 , window length: 182
[ChromosomeDataset] CDS length:  158 , flank left: 143 , flank right: 94 , window length:[ChromosomeDataset] CDS length:   395157
 , flank left: 111 , flank right: 124 , window length: 392
[ChromosomeDataset] CDS length:  443 , flank left: 442 [ChromosomeDataset] CDS length: , flank right:  424222  , flank left:, window length:  4071107 
, flank right: 229 , window length: 1060
[ChromosomeDataset] CDS length:  163 , flank left: 135 , flank right: 109 , window length: 407
[ChromosomeDataset] CDS length:  [ChromosomeDataset] CDS length: 5027  194, flank left:  , flank left:3392  99, flank right:  , flank right:4148  192, window length:  , window length:12567 
485
[ChromosomeDataset] CDS length:  286 , flank left: 148 , flank right: 281 , window length: 715
[ChromosomeDataset] CDS length:  152 , flank left: 146 , flank right: 82 , window length: 380
[ChromosomeDataset] CDS length:  147 , flank left: 95 , flank right: 125 , window length: 367
[ChromosomeDataset] CDS length:  729 , flank left: 574 , flank right: 519 , window length: 1822
[ChromosomeDataset] CDS length:  135 , flank left: 118 , flank right: 84 , window length: 337
[ChromosomeDataset] CDS length:  678 , flank left: 536 , flank right: 481 , window length: 1695
[ChromosomeDataset] CDS length:  74 , flank left: 70 , flank right: 41 , window length: 185
[ChromosomeDataset] CDS length:  364 , flank left: 337 , flank right: 209 , window length: 910
[ChromosomeDataset] CDS length:  665 , flank left: 437 , flank right: 560 , window length: 1662
[ChromosomeDataset] CDS length:  129 , flank left: 107 , flank right: 86 , window length: 322
[ChromosomeDataset] CDS length:  4826 , flank left: 3336 , flank right: 3903 , window length: 12065
[ChromosomeDataset] CDS length:  173 , flank left: 169 , flank right: 90 , window length: 432
[ChromosomeDataset] CDS length:  62 , flank left: 42 , flank right: 51 , window length: 155
[ChromosomeDataset] CDS length:  203 , flank left: 152 , flank right: 152 , window length: 507
[ChromosomeDataset] CDS length:  144 , flank left: 75 , flank right: 141 , window length: 360
[ChromosomeDataset] CDS length:  138 , flank left: 129 , flank right: 78 , window length: 345
[ChromosomeDataset] CDS length:  142 , flank left: 74 , flank right: 139 , window length: 355
[ChromosomeDataset] CDS length:  79 , flank left: 44 , flank right: 74 , window length: 197
[ChromosomeDataset] CDS length:  199 , flank left: 105 , flank right: 193 , window length: 497
[ChromosomeDataset] CDS length:  1588 , flank left: 1171 , flank right: 1211 , window length: 3970
[ChromosomeDataset] CDS length:  89 , flank left: 75 , flank right: 58 , window length: 222
[ChromosomeDataset] CDS length:  174 , flank left: 145 , flank right: 116 , window length: 435
[ChromosomeDataset] CDS length:  108 , flank left: 76 , flank right: 86 , window length: 270
[ChromosomeDataset] CDS length:  207 , flank left: 119 , flank right: 191 , window length: 517
[ChromosomeDataset] CDS length:  189 , flank left: 101 , flank right: 182 , window length: 472
[ChromosomeDataset] CDS length:  73 , flank left: 45 , flank right: 64 , window length: 182
[ChromosomeDataset] CDS length:  151 , flank left: 122 , flank right: 104 , window length: 377
[ChromosomeDataset] CDS length:  245 , flank left: 128 , flank right: 239 , window length: 612
[ChromosomeDataset] CDS length:  193 , flank left: 138 , flank right: 151 , window length: 482
[ChromosomeDataset] CDS length:  386 , flank left: 348 , flank right: 231 , window length: 965
[ChromosomeDataset] CDS length:  127 , flank left: 72 , flank right: 118 , window length: 317
[ChromosomeDataset] CDS length:  89 , flank left: 82 , flank right: 51 , window length: 222
[ChromosomeDataset] CDS length:  91 , flank left: 84 , flank right: 52 , window length: 227
[ChromosomeDataset] CDS length:  618 , flank left: 384 , flank right: 543 , window length: 1545
[ChromosomeDataset] CDS length:  235 , flank left: 200 , flank right: 152 , window length: 587
[ChromosomeDataset] CDS length:  156 , flank left: 84 , flank right: 150 , window length: 390
[ChromosomeDataset] CDS length:  249 , flank left: 227 , flank right: 146 , window length: 622
[ChromosomeDataset] CDS length:  318 , flank left: 208 , flank right: 269 , window length: 795
[ChromosomeDataset] CDS length:  2055 , flank left: 1662 , flank right: 1420 , window length: 5137
[ChromosomeDataset] CDS length:  123 , flank left: 78 , flank right: 106 , window length: 307
[ChromosomeDataset] CDS length:  42 , flank left: 22 , flank right: 41 , window length: 105
[ChromosomeDataset] CDS length:  94 , flank left: 93 , flank right: 48 , window length: 235
[ChromosomeDataset] CDS length:  933 , flank left: 547 , flank right: 852 , window length: 2332
[ChromosomeDataset] CDS length:  222 , flank left: 192 , flank right: 141 , window length: 555
[ChromosomeDataset] CDS length:  627 , flank left: 436 , flank right: 504 , window length: 1567
[ChromosomeDataset] CDS length:  156 , flank left: 89 , flank right: 145 , window length: 390
[ChromosomeDataset] CDS length:  589 , flank left: 318 , flank right: 565 , window length: 1472
[ChromosomeDataset] CDS length:  233 , flank left: 208 , flank right: 141 , window length: 582
[ChromosomeDataset] CDS length:  83 , flank left: 81 , flank right: 43 , window length: 207
[ChromosomeDataset] CDS length:  219 , flank left: 198 , flank right: 130 , window length: 547
[ChromosomeDataset] CDS length:  522 , flank left: 338 , flank right: 445 , window length: 1305
[ChromosomeDataset] CDS length:  168 , flank left: 157 , flank right: 95 , window length: 420
[ChromosomeDataset] CDS length:  126 , flank left: 116 , flank right: 73 , window length: 315
[ChromosomeDataset] CDS length:  83 , flank left: 46 , flank right: 78 , window length: 207
[ChromosomeDataset] CDS length:  152 , flank left: 149 , flank right: 79 , window length: 380
[ChromosomeDataset] CDS length:  192 , flank left: 119 , flank right: 169 , window length: 480
[ChromosomeDataset] CDS length:  556 , flank left: 496 , flank right: 338 , window length: 1390
[ChromosomeDataset] CDS length:  125 , flank left: 123 , flank right: 64 , window length: 312
[ChromosomeDataset] CDS length:  160 , flank left: 107 , flank right: 133 , window length: 400
[ChromosomeDataset] CDS length:  150 , flank left: 105 , flank right: 120 , window length: 375
[ChromosomeDataset] CDS length:  96 , flank left: 65 , flank right: 79 , window length: 240
[ChromosomeDataset] CDS length:  196 , flank left: 183 , flank right: 111 , window length: 490
[ChromosomeDataset] CDS length:  169 , flank left: 152 , flank right: 101 , window length: 422
[ChromosomeDataset] CDS length:  115 , flank left: 71 , flank right: 101 , window length: 287
[ChromosomeDataset] CDS length:  190 , flank left: 173 , flank right: 112 , window length: 475
[ChromosomeDataset] CDS length:  170 , flank left: 143 , flank right: 112 , window length: 425
[ChromosomeDataset] CDS length:  108 , flank left: 67 , flank right: 95 , window length: 270
[ChromosomeDataset] CDS length:  919 , flank left: 912 , flank right: 466 , window length: 2297
[ChromosomeDataset] CDS length:  227 , flank left: 142 , flank right: 198 , window length: 567
[ChromosomeDataset] CDS length:  179 , flank left: 120 , flank right: 148 , window length: 447
[ChromosomeDataset] CDS length:  1069 , flank left: 708 , flank right: 895 , window length: 2672
[ChromosomeDataset] CDS length:  1112 , flank left: 674 , flank right: 994 , window length: 2780
[ChromosomeDataset] CDS length:  66 , flank left: 58 , flank right: 41 , window length: 165
[ChromosomeDataset] CDS length:  133 , flank left: 99 , flank right: 100 , window length: 332
[ChromosomeDataset] CDS length:  173 , flank left: 147 , flank right: 112 , window length: 432
[ChromosomeDataset] CDS length:  67 , flank left: 59 , flank right: 41 , window length: 167
[ChromosomeDataset] CDS length:  103 , flank left: 93 , flank right: 61 , window length: 257
[ChromosomeDataset] CDS length:  686 , flank left: 540 , flank right: 489 , window length: 1715
[ChromosomeDataset] CDS length:  264 , flank left: 163 , flank right: 233 , window length: 660
[ChromosomeDataset] CDS length:  321 , flank left: 176 , flank right: 305 , window length: 802
[ChromosomeDataset] CDS length:  2654 , flank left: 2263 , flank right: 1718 , window length: 6635
[ChromosomeDataset] CDS length:  155 , flank left: 115 , flank right: 117 , window length: 387
[ChromosomeDataset] CDS length:  344 , flank left: 252 , flank right: 264 , window length: 860
[ChromosomeDataset] CDS length:  206 , flank left: 202 , flank right: 107 , window length: 515
[ChromosomeDataset] CDS length:  80 , flank left: 74 , flank right: 46 , window length: 200
[ChromosomeDataset] CDS length:  93 , flank left: 62 , flank right: 77 , window length: 232
[ChromosomeDataset] CDS length:  242 , flank left: 152 , flank right: 211 , window length: 605
[ChromosomeDataset] CDS length:  166 , flank left: 141 , flank right: 108 , window length: 415
[ChromosomeDataset] CDS length:  115 , flank left: 73 , flank right: 99 , window length: 287
[ChromosomeDataset] CDS length:  56 , flank left: 29 , flank right: 55 , window length: 140
[ChromosomeDataset] CDS length:  175 , flank left: 136 , flank right: 126 , window length: 437
[ChromosomeDataset] CDS length:  68 , flank left: 48 , flank right: 54 , window length: 170
[ChromosomeDataset] CDS length:  1267 , flank left: 932 , flank right: 968 , window length: 3167
[ChromosomeDataset] CDS length:  926 , flank left: 914 , flank right: 475 , window length: 2315
[ChromosomeDataset] CDS length:  233 , flank left: 165 , flank right: 184 , window length: 582
[ChromosomeDataset] CDS length:  202 , flank left: 164 , flank right: 139 , window length: 505
[ChromosomeDataset] CDS length:  135 , flank left: 96 , flank right: 106 , window length: 337
[ChromosomeDataset] CDS length:  201 , flank left: 182 , flank right: 119 , window length: 502
[ChromosomeDataset] CDS length:  214 , flank left: 131 , flank right: 190 , window length: 535
[ChromosomeDataset] CDS length:  83 , flank left: 68 , flank right: 56 , window length: 207
[ChromosomeDataset] CDS length:  906 , flank left: 483 , flank right: 876 , window length: 2265
[ChromosomeDataset] CDS length:  152 , flank left: 123 , flank right: 105 , window length: 380
[ChromosomeDataset] CDS length:  128 , flank left: 102 , flank right: 90 , window length: 320
[ChromosomeDataset] CDS length:  163 , flank left: 132 , flank right: 112 , window length: 407
[ChromosomeDataset] CDS length:  2880 , flank left: 2641 , flank right: 1679 , window length: 7200
[ChromosomeDataset] CDS length:  177 , flank left: 143 , flank right: 122 , window length: 442
[ChromosomeDataset] CDS length:  120 , flank left: 81 , flank right: 99 , window length: 300
[ChromosomeDataset] CDS length:  166 , flank left: 131 , flank right: 118 , window length: 415
[ChromosomeDataset] CDS length:  275 , flank left: 148 , flank right: 264 , window length: 687
[ChromosomeDataset] CDS length:  211 , flank left: 192 , flank right: 124 , window length: 527
[ChromosomeDataset] CDS length:  234 , flank left: 183 , flank right: 168 , window length: 585
[ChromosomeDataset] CDS length:  2601 , flank left: 1730 , flank right: 2171 , window length: 6502
[ChromosomeDataset] CDS length:  136 , flank left: 101 , flank right: 103 , window length: 340
[ChromosomeDataset] CDS length:  2715 , flank left: 2388 , flank right: 1684 , window length: 6787
[ChromosomeDataset] CDS length:  225 , flank left: 201 , flank right: 136 , window length: 562
[ChromosomeDataset] CDS length:  3007 , flank left: 1873 , flank right: 2637 , window length: 7517
[ChromosomeDataset] CDS length:  513 , flank left: 258 , flank right: 511 , window length: 1282
[ChromosomeDataset] CDS length:  185 , flank left: 120 , flank right: 157 , window length: 462
[ChromosomeDataset] CDS length:  70 , flank left: 69 , flank right: 36 , window length: 175
[ChromosomeDataset] CDS length:  73 , flank left: 58 , flank right: 51 , window length: 182
[ChromosomeDataset] CDS length:  113 , flank left: 95 , flank right: 74 , window length: 282
[ChromosomeDataset] CDS length:  188 , flank left: 120 , flank right: 162 , window length: 470
[ChromosomeDataset] CDS length:  279 , flank left: 261 , flank right: 157 , window length: 697
[ChromosomeDataset] CDS length:  118 , flank left: 75 , flank right: 102 , window length: 295
[ChromosomeDataset] CDS length:  2330 , flank left: 2082 , flank right: 1413 , window length: 5825
[ChromosomeDataset] CDS length:  97 , flank left: 78 , flank right: 67 , window length: 242
[ChromosomeDataset] CDS length:  171 , flank left: 114 , flank right: 142 , window length: 427
[ChromosomeDataset] CDS length:  132 , flank left: 91 , flank right: 107 , window length: 330
[ChromosomeDataset] CDS length:  3585 , flank left: 2696 , flank right: 2681 , window length: 8962
[ChromosomeDataset] CDS length:  6598 , flank left: 4184 , flank right: 5713 , window length: 16495
[ChromosomeDataset] CDS length:  197 , flank left: 190 , flank right: 105 , window length: 492
[ChromosomeDataset] CDS length:  74 , flank left: 42 , flank right: 69 , window length: 185
[ChromosomeDataset] CDS length:  162 , flank left: 96 , flank right: 147 , window length: 405
[ChromosomeDataset] CDS length:  860 , flank left: 528 , flank right: 762 , window length: 2150
[ChromosomeDataset] CDS length:  46 , flank left: 42 , flank right: 27 , window length: 115
[ChromosomeDataset] CDS length:  74 , flank left: 38 , flank right: 73 , window length: 185
[ChromosomeDataset] CDS length:  860 , flank left: 564 , flank right: 726 , window length: 2150
[ChromosomeDataset] CDS length:  415 , flank left: 407 , flank right: 215 , window length: 1037
[ChromosomeDataset] CDS length:  156 , flank left: 124 , flank right: 110 , window length: 390
[ChromosomeDataset] CDS length:  126 , flank left: 94 , flank right: 95 , window length: 315
[ChromosomeDataset] CDS length:  69 , flank left: 67 , flank right: 36 , window length: 172
[ChromosomeDataset] CDS length:  257 , flank left: 201 , flank right: 184 , window length: 642
[ChromosomeDataset] CDS length:  112 , flank left: 81 , flank right: 87 , window length: 280
[ChromosomeDataset] CDS length:  138 , flank left: 124 , flank right: 83 , window length: 345
[ChromosomeDataset] CDS length:  98 , flank left: 62 , flank right: 85 , window length: 245
[ChromosomeDataset] CDS length:  164 , flank left: 89 , flank right: 157 , window length: 410
[ChromosomeDataset] CDS length:  139 , flank left: 123 , flank right: 85 , window length: 347
[ChromosomeDataset] CDS length:  114 , flank left: 105 , flank right: 66 , window length: 285
[ChromosomeDataset] CDS length:  524 , flank left: 453 , flank right: 333 , window length: 1310
[ChromosomeDataset] CDS length:  153 , flank left: 148 , flank right: 81 , window length: 382
[ChromosomeDataset] CDS length:  121 , flank left: 102 , flank right: 79 , window length: 302
[ChromosomeDataset] CDS length:  68 , flank left: 66 , flank right: 36 , window length: 170
[ChromosomeDataset] CDS length:  133 , flank left: 113 , flank right: 86 , window length: 332
[ChromosomeDataset] CDS length:  156 , flank left: 117 , flank right: 117 , window length: 390
[ChromosomeDataset] CDS length:  272 , flank left: 238 , flank right: 170 , window length: 680
[ChromosomeDataset] CDS length:  107 , flank left: 74 , flank right: 86 , window length: 267
[ChromosomeDataset] CDS length:  161 , flank left: 83 , flank right: 158 , window length: 402
[ChromosomeDataset] CDS length:  115 , flank left: 69 , flank right: 103 , window length: 287
[ChromosomeDataset] CDS length:  242 , flank left: 159 , flank right: 204 , window length: 605
[ChromosomeDataset] CDS length:  9437 , flank left: 5732 , flank right: 8423 , window length: 23592
[ChromosomeDataset] CDS length:  1396 , flank left: 1113 , flank right: 981 , window length: 3490
[ChromosomeDataset] CDS length:  90 , flank left: 69 , flank right: 66 , window length: 225
[ChromosomeDataset] CDS length:  185 , flank left: 128 , flank right: 149 , window length: 462
[ChromosomeDataset] CDS length:  737 , flank left: 599 , flank right: 506 , window length: 1842
[ChromosomeDataset] CDS length:  269 , flank left: 223 , flank right: 180 , window length: 672
[ChromosomeDataset] CDS length:  101 , flank left: 96 , flank right: 55 , window length: 252
[ChromosomeDataset] CDS length:  129 , flank left: 70 , flank right: 123 , window length: 322
[ChromosomeDataset] CDS length:  1995 , flank left: 1522 , flank right: 1470 , window length: 4987
[ChromosomeDataset] CDS length:  202 , flank left: 106 , flank right: 197 , window length: 505
[ChromosomeDataset] CDS length:  45 , flank left: 45 , flank right: 22 , window length: 112
[ChromosomeDataset] CDS length:  1930 , flank left: 1879 , flank right: 1016 , window length: 4825
[ChromosomeDataset] CDS length:  28 , flank left: 25 , flank right: 17 , window length: 70
[ChromosomeDataset] CDS length:  118 , flank left: 101 , flank right: 76 , window length: 295
[ChromosomeDataset] CDS length:  345 , flank left: 302 , flank right: 215 , window length: 862
[ChromosomeDataset] CDS length:  139 , flank left: 118 , flank right: 90 , window length: 347
[ChromosomeDataset] CDS length:  201 , flank left: 162 , flank right: 139 , window length: 502
[ChromosomeDataset] CDS length:  95 , flank left: 73 , flank right: 69 , window length: 237
[ChromosomeDataset] CDS length:  190 , flank left: 102 , flank right: 183 , window length: 475
[ChromosomeDataset] CDS length:  152 , flank left: 137 , flank right: 91 , window length: 380
[ChromosomeDataset] CDS length:  137 , flank left: 127 , flank right: 78 , window length: 342
[ChromosomeDataset] CDS length:  66 , flank left: 37 , flank right: 62 , window length: 165
[ChromosomeDataset] CDS length:  136 , flank left: 97 , flank right: 107 , window length: 340
[ChromosomeDataset] CDS length:  748 , flank left: 613 , flank right: 509 , window length: 1870
[ChromosomeDataset] CDS length:  219 , flank left: 204 , flank right: 124 , window length: 547
[ChromosomeDataset] CDS length:  118 , flank left: 90 , flank right: 87 , window length: 295
[ChromosomeDataset] CDS length:  153 , flank left: 112 , flank right: 117 , window length: 382
[ChromosomeDataset] CDS length:  2284 , flank left: 1250 , flank right: 2176 , window length: 5710
[ChromosomeDataset] CDS length:  675 , flank left: 531 , flank right: 481 , window length: 1687
[ChromosomeDataset] CDS length:  115 , flank left: 64 , flank right: 108 , window length: 287
[ChromosomeDataset] CDS length:  155 , flank left: 97 , flank right: 135 , window length: 387
[ChromosomeDataset] CDS length:  53 , flank left: 30 , flank right: 49 , window length: 132
[ChromosomeDataset] CDS length:  107 , flank left: 94 , flank right: 66 , window length: 267
[ChromosomeDataset] CDS length:  206 , flank left: 190 , flank right: 119 , window length: 515
[ChromosomeDataset] CDS length:  52 , flank left: 47 , flank right: 31 , window length: 130
[ChromosomeDataset] CDS length:  156 , flank left: 91 , flank right: 143 , window length: 390
[ChromosomeDataset] CDS length:  119 , flank left: 86 , flank right: 92 , window length: 297
[ChromosomeDataset] CDS length:  208 , flank left: 106 , flank right: 206 , window length: 520
[ChromosomeDataset] CDS length:  759 , flank left: 579 , flank right: 559 , window length: 1897
[ChromosomeDataset] CDS length:  163 , flank left: 87 , flank right: 157 , window length: 407
[ChromosomeDataset] CDS length:  279 , flank left: 216 , flank right: 202 , window length: 697
[ChromosomeDataset] CDS length:  171 , flank left: 137 , flank right: 119 , window length: 427
[ChromosomeDataset] CDS length:  157 , flank left: 118 , flank right: 117 , window length: 392
[ChromosomeDataset] CDS length:  116 , flank left: 79 , flank right: 95 , window length: 290
[ChromosomeDataset] CDS length:  107 , flank left: 75 , flank right: 85 , window length: 267
[ChromosomeDataset] CDS length:  210 , flank left: 149 , flank right: 166 , window length: 525
[ChromosomeDataset] CDS length:  59 , flank left: 41 , flank right: 47 , window length: 147
[ChromosomeDataset] CDS length:  130 , flank left: 86 , flank right: 109 , window length: 325
[ChromosomeDataset] CDS length:  193 , flank left: 167 , flank right: 122 , window length: 482
[ChromosomeDataset] CDS length:  268 , flank left: 254 , flank right: 148 , window length: 670
[ChromosomeDataset] CDS length:  39 , flank left: 25 , flank right: 33 , window length: 97
[ChromosomeDataset] CDS length:  189 , flank left: 185 , flank right: 98 , window length: 472
[ChromosomeDataset] CDS length:  119 , flank left: 63 , flank right: 115 , window length: 297
[ChromosomeDataset] CDS length:  2014 , flank left: 1213 , flank right: 1808 , window length: 5035
[ChromosomeDataset] CDS length:  137 , flank left: 125 , flank right: 80 , window length: 342
[ChromosomeDataset] CDS length:  121 , flank left: 82 , flank right: 99 , window length: 302
[ChromosomeDataset] CDS length:  349 , flank left: 293 , flank right: 230 , window length: 872
[ChromosomeDataset] CDS length:  231 , flank left: 219 , flank right: 127 , window length: 577
[ChromosomeDataset] CDS length:  1245 , flank left: 950 , flank right: 917 , window length: 3112
[ChromosomeDataset] CDS length:  144 , flank left: 135 , flank right: 81 , window length: 360
[ChromosomeDataset] CDS length:  642 , flank left: 472 , flank right: 491 , window length: 1605
[ChromosomeDataset] CDS length:  107 , flank left: 103 , flank right: 57 , window length: 267
[ChromosomeDataset] CDS length:  101 , flank left: 75 , flank right: 76 , window length: 252
[ChromosomeDataset] CDS length:  146 , flank left: 142 , flank right: 77 , window length: 365
[ChromosomeDataset] CDS length:  202 , flank left: 144 , flank right: 159 , window length: 505
[ChromosomeDataset] CDS length:  1421 , flank left: 1217 , flank right: 914 , window length: 3552
[ChromosomeDataset] CDS length:  969 , flank left: 762 , flank right: 691 , window length: 2422
[ChromosomeDataset] CDS length:  252 , flank left: 175 , flank right: 203 , window length: 630
[ChromosomeDataset] CDS length:  345 , flank left: 280 , flank right: 237 , window length: 862
[ChromosomeDataset] CDS length:  282 , flank left: 249 , flank right: 174 , window length: 705
[ChromosomeDataset] CDS length:  30 , flank left: 23 , flank right: 22 , window length: 75
[ChromosomeDataset] CDS length:  212 , flank left: 155 , flank right: 163 , window length: 530
[ChromosomeDataset] CDS length:  150 , flank left: 138 , flank right: 87 , window length: 375
[ChromosomeDataset] CDS length:  147 , flank left: 78 , flank right: 142 , window length: 367
[ChromosomeDataset] CDS length:  5589 , flank left: 5015 , flank right: 3368 , window length: 13972
[ChromosomeDataset] CDS length:  191 , flank left: 135 , flank right: 151 , window length: 477
[ChromosomeDataset] CDS length:  36 , flank left: 21 , flank right: 33 , window length: 90
[ChromosomeDataset] CDS length:  273 , flank left: 180 , flank right: 229 , window length: 682
[ChromosomeDataset] CDS length:  173 , flank left: 96 , flank right: 163 , window length: 432
[ChromosomeDataset] CDS length:  1068 , flank left: 659 , flank right: 943 , window length: 2670
[ChromosomeDataset] CDS length:  279 , flank left: 144 , flank right: 274 , window length: 697
[ChromosomeDataset] CDS length:  305 , flank left: 206 , flank right: 251 , window length: 762
[ChromosomeDataset] CDS length:  138 , flank left: 117 , flank right: 90 , window length: 345
[ChromosomeDataset] CDS length:  528 , flank left: 445 , flank right: 347 , window length: 1320
[ChromosomeDataset] CDS length:  91 , flank left: 48 , flank right: 88 , window length: 227
[ChromosomeDataset] CDS length:  2080 , flank left: 1307 , flank right: 1813 , window length: 5200
[ChromosomeDataset] CDS length:  2207 , flank left: 1871 , flank right: 1439 , window length: 5517
[ChromosomeDataset] CDS length:  118 , flank left: 87 , flank right: 90 , window length: 295
[ChromosomeDataset] CDS length:  192 , flank left: 153 , flank right: 135 , window length: 480
[ChromosomeDataset] CDS length:  75 , flank left: 45 , flank right: 67 , window length: 187
[ChromosomeDataset] CDS length:  191 , flank left: 103 , flank right: 183 , window length: 477
[ChromosomeDataset] CDS length:  193 , flank left: 119 , flank right: 170 , window length: 482
[ChromosomeDataset] CDS length:  1254 , flank left: 804 , flank right: 1077 , window length: 3135
[ChromosomeDataset] CDS length:  269 , flank left: 144 , flank right: 259 , window length: 672
[ChromosomeDataset] CDS length:  536 , flank left: 292 , flank right: 512 , window length: 1340
[ChromosomeDataset] CDS length:  3702 , flank left: 2896 , flank right: 2657 , window length: 9255
[ChromosomeDataset] CDS length:  2385 , flank left: 1662 , flank right: 1915 , window length: 5962
[ChromosomeDataset] CDS length:  112 , flank left: 75 , flank right: 93 , window length: 280
[ChromosomeDataset] CDS length:  187 , flank left: 159 , flank right: 121 , window length: 467
[ChromosomeDataset] CDS length:  159 , flank left: 103 , flank right: 135 , window length: 397
[ChromosomeDataset] CDS length:  140 , flank left: 124 , flank right: 86 , window length: 350
[ChromosomeDataset] CDS length:  1302 , flank left: 787 , flank right: 1166 , window length: 3255
[ChromosomeDataset] CDS length:  572 , flank left: 556 , flank right: 302 , window length: 1430
[ChromosomeDataset] CDS length:  425 , flank left: 381 , flank right: 256 , window length: 1062
[ChromosomeDataset] CDS length:  200 , flank left: 132 , flank right: 168 , window length: 500
[ChromosomeDataset] CDS length:  81 , flank left: 63 , flank right: 58 , window length: 202
[ChromosomeDataset] CDS length:  185 , flank left: 185 , flank right: 92 , window length: 462
[ChromosomeDataset] CDS length:  5002 , flank left: 3709 , flank right: 3794 , window length: 12505
[ChromosomeDataset] CDS length:  99 , flank left: 81 , flank right: 67 , window length: 247
[ChromosomeDataset] CDS length:  957 , flank left: 945 , flank right: 490 , window length: 2392
[ChromosomeDataset] CDS length:  1554 , flank left: 1144 , flank right: 1187 , window length: 3885
[ChromosomeDataset] CDS length:  187 , flank left: 109 , flank right: 171 , window length: 467
[ChromosomeDataset] CDS length:  127 , flank left: 110 , flank right: 80 , window length: 317
[ChromosomeDataset] CDS length:  109 , flank left: 103 , flank right: 60 , window length: 272
[ChromosomeDataset] CDS length:  36 , flank left: 33 , flank right: 21 , window length: 90
[ChromosomeDataset] CDS length:  170 , flank left: 120 , flank right: 135 , window length: 425
[ChromosomeDataset] CDS length:  969 , flank left: 777 , flank right: 676 , window length: 2422
[ChromosomeDataset] CDS length:  44 , flank left: 23 , flank right: 43 , window length: 110
[ChromosomeDataset] CDS length:  189 , flank left: 187 , flank right: 96 , window length: 472
[ChromosomeDataset] CDS length:  1572 , flank left: 1266 , flank right: 1092 , window length: 3930
[ChromosomeDataset] CDS length:  3936 , flank left: 2603 , flank right: 3301 , window length: 9840
[ChromosomeDataset] CDS length:  183 , flank left: 171 , flank right: 103 , window length: 457
[ChromosomeDataset] CDS length:  108 , flank left: 97 , flank right: 65 , window length: 270
[ChromosomeDataset] CDS length:  102 , flank left: 71 , flank right: 82 , window length: 255
[ChromosomeDataset] CDS length:  173 , flank left: 102 , flank right: 157 , window length: 432
[ChromosomeDataset] CDS length:  291 , flank left: 173 , flank right: 263 , window length: 727
[ChromosomeDataset] CDS length:  162 , flank left: 141 , flank right: 102 , window length: 405
[ChromosomeDataset] CDS length:  115 , flank left: 66 , flank right: 106 , window length: 287
[ChromosomeDataset] CDS length:  182 , flank left: 181 , flank right: 92 , window length: 455
[ChromosomeDataset] CDS length:  161 , flank left: 111 , flank right: 130 , window length: 402
[ChromosomeDataset] CDS length:  157 , flank left: 87 , flank right: 148 , window length: 392
[ChromosomeDataset] CDS length:  105 , flank left: 65 , flank right: 92 , window length: 262
[ChromosomeDataset] CDS length:  678 , flank left: 426 , flank right: 591 , window length: 1695
[ChromosomeDataset] CDS length:  77 , flank left: 45 , flank right: 70 , window length: 192
[ChromosomeDataset] CDS length:  184 , flank left: 131 , flank right: 145 , window length: 460
[ChromosomeDataset] CDS length:  721 , flank left: 395 , flank right: 686 , window length: 1802
{'loss': 7.9762, 'learning_rate': 1.6666666666666667e-05, 'epoch': 0.0}
[ChromosomeDataset] CDS length:  169 , flank left: 138 , flank right: 115 , window length: 422
[ChromosomeDataset] CDS length:  5175 , flank left: 2716 , flank right: 5046 , window length: 12937
[ChromosomeDataset] CDS length:  1188 , flank left: 1166 , flank right: 616 , window length: 2970
[ChromosomeDataset] CDS length:  109 , flank left: 79 , flank right: 84 , window length: 272
[ChromosomeDataset] CDS length:  124 , flank left: 83 , flank right: 103 , window length: 310
[ChromosomeDataset] CDS length:  117 , flank left: 104 , flank right: 71 , window length: 292
[ChromosomeDataset] CDS length:  201 , flank left: 122 , flank right: 179 , window length: 502
[ChromosomeDataset] CDS length:  186 , flank left: 157 , flank right: 122 , window length: 465
[ChromosomeDataset] CDS length:  647 , flank left: 542 , flank right: 428 , window length: 1617
[ChromosomeDataset] CDS length:  440 , flank left: 324 , flank right: 336 , window length: 1100
[ChromosomeDataset] CDS length:  1076 , flank left: 658 , flank right:[ChromosomeDataset] CDS length:   956207  , window length:, flank left:  2690188
 , flank right: 122 , window length: 517
[ChromosomeDataset] CDS length:  123 , flank left: 77 , flank right: 107 , window length: 307
[ChromosomeDataset] CDS length:  367 , flank left: 280 , flank right: 270 [ChromosomeDataset] CDS length: , window length:  1734917 
, flank left: 934 , flank right: 1667 , window length: 4335
[ChromosomeDataset] CDS length:  134 , flank left: 105 , flank right: 96 , window length: 335
[ChromosomeDataset] CDS length:  1884 , flank left: 1448 , flank right: 1378 , window length: 4710
[ChromosomeDataset] CDS length:  98 , flank left: 66 , flank right: 81 , window length: 245
[ChromosomeDataset] CDS length:  199 , flank left: 150 , flank right: 148 , window length: 497
[ChromosomeDataset] CDS length:  134 , flank left: 125 , flank right: 76 , window length: 335
[ChromosomeDataset] CDS length:  2454 , flank left: 1801 , flank right: 1880 [ChromosomeDataset] CDS length: , window length:  1896135 
, flank left: 175 , flank right: 108 , window length: 472
[ChromosomeDataset] CDS length:  201 , flank left: 178 , flank right: 123 , window length: 502
[ChromosomeDataset] CDS length:  288 , flank left: 231 , flank right: 201 , window length: 720
[ChromosomeDataset] CDS length:  382 , flank left: 248 , flank right: 325 , window length: 955
[ChromosomeDataset] CDS length:  840 , flank left: 608 , flank right: 652[ChromosomeDataset] CDS length:   , window length:402  2100, flank left:
 331 , flank right: 272 , window length: 1005
[ChromosomeDataset] CDS length:  123 , flank left: 82 , flank right: 102 , window length: 307
[ChromosomeDataset] CDS length:  140 , flank left: 105 , flank right: 105 , window length: 350
[ChromosomeDataset] CDS length:  161 , flank left: 91 , flank right: 150 , window length: 402
[ChromosomeDataset] CDS length:  204 , flank left: 117 , flank right: 189 , window length: 510
[ChromosomeDataset] CDS length:  232 , flank left: 199 , flank right: 149 , window length: 580
[ChromosomeDataset] CDS length:  159 , flank left: 88 , flank right: 150 , window length: 397
[ChromosomeDataset] CDS length:  136 , flank left: 115 , flank right: 89 , window length: 340
[ChromosomeDataset] CDS length:  60 , flank left: 34 , flank right: 56 , window length: 150
[ChromosomeDataset] CDS length:  44 , flank left: 35 , flank right: 31 , window length: 110
[ChromosomeDataset] CDS length:  139 , flank left: 99 , flank right: 109 , window length: 347
[ChromosomeDataset] CDS length:  103 , flank left: 58 , flank right: 96 , window length: 257
[ChromosomeDataset] CDS length:  459 , flank left: 234 , flank right: 454 , window length: 1147
[ChromosomeDataset] CDS length:  1706 , flank left: 1263 , flank right: 1296 , window length: 4265
[ChromosomeDataset] CDS length:  175 , flank left: 172 , flank right: 90 , window length: 437
[ChromosomeDataset] CDS length:  173 , flank left: 113 , flank right: 146 , window length: 432
[ChromosomeDataset] CDS length:  1610 , flank left: 1285 , flank right: 1130 , window length: 4025
[ChromosomeDataset] CDS length:  653 , flank left: 447 , flank right: 532 , window length: 1632
[ChromosomeDataset] CDS length:  156 , flank left: 155 , flank right: 79 , window length: 390
[ChromosomeDataset] CDS length:  84 , flank left: 82 , flank right: 44 , window length: 210
[ChromosomeDataset] CDS length:  663 , flank left: 380 , flank right: 614 , window length: 1657
[ChromosomeDataset] CDS length:  1819 , flank left: 1243 , flank right: 1485 , window length: 4547
[ChromosomeDataset] CDS length:  75 , flank left: 74 , flank right: 38 , window length: 187
[ChromosomeDataset] CDS length:  161 , flank left: 100 , flank right: 141 , window length: 402
[ChromosomeDataset] CDS length:  368 , flank left: 203 , flank right: 349 , window length: 920
[ChromosomeDataset] CDS length:  104 , flank left: 77 , flank right: 79 , window length: 260
[ChromosomeDataset] CDS length:  72 , flank left: 46 , flank right: 62 , window length: 180
[ChromosomeDataset] CDS length:  2306 , flank left: 1313 , flank right: 2146 , window length: 5765
[ChromosomeDataset] CDS length:  2838 , flank left: 1517 , flank right: 2740 , window length: 7095
[ChromosomeDataset] CDS length:  138 , flank left: 109 , flank right: 98 , window length: 345
[ChromosomeDataset] CDS length:  150 , flank left: 143 , flank right: 82 , window length: 375
[ChromosomeDataset] CDS length:  21693 , flank left: 16730 , flank right: 15809 , window length: 54232
[ChromosomeDataset] CDS length:  139 , flank left: 90 , flank right: 118 , window length: 347
[ChromosomeDataset] CDS length:  124 , flank left: 80 , flank right: 106 , window length: 310
[ChromosomeDataset] CDS length:  79 , flank left: 59 , flank right: 59 , window length: 197
[ChromosomeDataset] CDS length:  136 , flank left: 107 , flank right: 97 , window length: 340
[ChromosomeDataset] CDS length:  538 , flank left: 445 , flank right: 362 , window length: 1345
[ChromosomeDataset] CDS length:  269 , flank left: 234 , flank right: 169 , window length: 672
[ChromosomeDataset] CDS length:  173 , flank left: 141 , flank right: 118 , window length: 432
[ChromosomeDataset] CDS length:  128 , flank left: 117 , flank right: 75 , window length: 320
[ChromosomeDataset] CDS length:  119 , flank left: 71 , flank right: 107 , window length: 297
[ChromosomeDataset] CDS length:  186 , flank left: 129 , flank right: 150 , window length: 465
[ChromosomeDataset] CDS length:  125 , flank left: 85 , flank right: 102 , window length: 312
[ChromosomeDataset] CDS length:  146 , flank left: 141 , flank right: 78 , window length: 365
[ChromosomeDataset] CDS length:  216 , flank left: 122 , flank right: 202 , window length: 540
[ChromosomeDataset] CDS length:  509 , flank left: 459 , flank right: 304 , window length: 1272
[ChromosomeDataset] CDS length:  1383 , flank left: 954 , flank right: 1120 , window length: 3457
[ChromosomeDataset] CDS length:  96 , flank left: 50 , flank right: 94 , window length: 240
[ChromosomeDataset] CDS length:  176 , flank left: 94 , flank right: 170 , window length: 440
[ChromosomeDataset] CDS length:  1029 , flank left: 943 , flank right: 600 , window length: 2572
[ChromosomeDataset] CDS length:  212 , flank left: 135 , flank right: 183 , window length: 530
[ChromosomeDataset] CDS length:  186 , flank left: 128 , flank right: 151 , window length: 465
[ChromosomeDataset] CDS length:  215 , flank left: 169 , flank right: 153 , window length: 537
[ChromosomeDataset] CDS length:  3054 , flank left: 2682 , flank right: 1899 , window length: 7635
[ChromosomeDataset] CDS length:  129 , flank left: 114 , flank right: 79 , window length: 322
[ChromosomeDataset] CDS length:  46 , flank left: 36 , flank right: 33 , window length: 115
[ChromosomeDataset] CDS length:  137 , flank left: 134 , flank right: 71 , window length: 342
[ChromosomeDataset] CDS length:  135 , flank left: 126 , flank right: 76 , window length: 337
[ChromosomeDataset] CDS length:  178 , flank left: 111 , flank right: 156 , window length: 445
[ChromosomeDataset] CDS length:  1352 , flank left: 1012 , flank right: 1016 , window length: 3380
[ChromosomeDataset] CDS length:  107 , flank left: 103 , flank right: 57 , window length: 267
[ChromosomeDataset] CDS length:  90 , flank left: 66 , flank right: 69 , window length: 225
[ChromosomeDataset] CDS length:  96 , flank left: 54 , flank right: 90 , window length: 240
[ChromosomeDataset] CDS length:  72 , flank left: 61 , flank right: 47 , window length: 180
[ChromosomeDataset] CDS length:  55 , flank left: 44 , flank right: 38 , window length: 137
[ChromosomeDataset] CDS length:  196 , flank left: 147 , flank right: 147 , window length: 490
[ChromosomeDataset] CDS length:  62 , flank left: 38 , flank right: 55 , window length: 155
[ChromosomeDataset] CDS length:  157 , flank left: 126 , flank right: 109 , window length: 392
[ChromosomeDataset] CDS length:  221 , flank left: 164 , flank right: 167 , window length: 552
[ChromosomeDataset] CDS length:  189 , flank left: 105 , flank right: 178 , window length: 472
[ChromosomeDataset] CDS length:  104 , flank left: 96 , flank right: 60 , window length: 260
[ChromosomeDataset] CDS length:  134 , flank left: 96 , flank right: 105 , window length: 335
[ChromosomeDataset] CDS length:  931 , flank left: 600 , flank right: 796 , window length: 2327
[ChromosomeDataset] CDS length:  441 , flank left: 222 , flank right: 439 , window length: 1102
[ChromosomeDataset] CDS length:  1140 , flank left: 834 , flank right: 876 , window length: 2850
[ChromosomeDataset] CDS length:  1791 , flank left: 1549 , flank right: 1137 , window length: 4477
[ChromosomeDataset] CDS length:  92 , flank left: 60 , flank right: 78 , window length: 230
[ChromosomeDataset] CDS length:  938 , flank left: 662 , flank right: 745 , window length: 2345
[ChromosomeDataset] CDS length:  804 , flank left: 800 , flank right: 406 , window length: 2010
[ChromosomeDataset] CDS length:  119 , flank left: 90 , flank right: 88 , window length: 297
[ChromosomeDataset] CDS length:  186 , flank left: 152 , flank right: 127 , window length: 465
[ChromosomeDataset] CDS length:  53 , flank left: 53 , flank right: 26 , window length: 132
[ChromosomeDataset] CDS length:  216 , flank left: 155 , flank right: 169 , window length: 540
[ChromosomeDataset] CDS length:  240 , flank left: 138 , flank right: 222 , window length: 600
[ChromosomeDataset] CDS length:  118 , flank left: 114 , flank right: 63 , window length: 295
[ChromosomeDataset] CDS length:  477 , flank left: 330 , flank right: 385 , window length: 1192
[ChromosomeDataset] CDS length:  488 , flank left: 395 , flank right: 337 , window length: 1220
[ChromosomeDataset] CDS length:  134 , flank left: 94 , flank right: 107 , window length: 335
[ChromosomeDataset] CDS length:  305 , flank left: 169 , flank right: 288 , window length: 762
[ChromosomeDataset] CDS length:  784 , flank left: 748 , flank right: 428 , window length: 1960
[ChromosomeDataset] CDS length:  175 , flank left: 146 , flank right: 116 , window length: 437
[ChromosomeDataset] CDS length:  94 , flank left: 55 , flank right: 86 , window length: 235
[ChromosomeDataset] CDS length:  109 , flank left: 71 , flank right: 92 , window length: 272
[ChromosomeDataset] CDS length:  192 , flank left: 97 , flank right: 191 , window length: 480
[ChromosomeDataset] CDS length:  265 , flank left: 146 , flank right: 251 , window length: 662
[ChromosomeDataset] CDS length:  184 , flank left: 171 , flank right: 105 , window length: 460
[ChromosomeDataset] CDS length:  115 , flank left: 111 , flank right: 61 , window length: 287
[ChromosomeDataset] CDS length:  41 , flank left: 41 , flank right: 20 , window length: 102
[ChromosomeDataset] CDS length:  787 , flank left: 553 , flank right: 627 , window length: 1967
[ChromosomeDataset] CDS length:  123 , flank left: 62 , flank right: 122 , window length: 307
[ChromosomeDataset] CDS length:  1015 , flank left: 949 , flank right: 573 , window length: 2537
[ChromosomeDataset] CDS length:  89 , flank left: 76 , flank right: 57 , window length: 222
[ChromosomeDataset] CDS length:  141 , flank left: 90 , flank right: 121 , window length: 352
[ChromosomeDataset] CDS length:  300 , flank left: 223 , flank right: 227 , window length: 750
[ChromosomeDataset] CDS length:  91 , flank left: 87 , flank right: 49 , window length: 227
[ChromosomeDataset] CDS length:  1655 , flank left: 1007 , flank right: 1475 , window length: 4137
[ChromosomeDataset] CDS length:  1604 , flank left: 1267 , flank right: 1139 , window length: 4010
[ChromosomeDataset] CDS length:  686 , flank left: 610 , flank right: 419 , window length: 1715
[ChromosomeDataset] CDS length:  138 , flank left: 118 , flank right: 89 , window length: 345
[ChromosomeDataset] CDS length:  3093 , flank left: 2560 , flank right: 2079 , window length: 7732
[ChromosomeDataset] CDS length:  149 , flank left: 135 , flank right: 88 , window length: 372
[ChromosomeDataset] CDS length:  182 , flank left: 166 , flank right: 107 , window length: 455
[ChromosomeDataset] CDS length:  109 , flank left: 86 , flank right: 77 , window length: 272
[ChromosomeDataset] CDS length:  460 , flank left: 401 , flank right: 289 , window length: 1150
[ChromosomeDataset] CDS length:  301 , flank left: 229 , flank right: 222 , window length: 752
[ChromosomeDataset] CDS length:  1150 , flank left: 992 , flank right: 733 , window length: 2875
[ChromosomeDataset] CDS length:  117 , flank left: 107 , flank right: 68 , window length: 292
[ChromosomeDataset] CDS length:  1117 , flank left: 1097 , flank right: 578 , window length: 2792
[ChromosomeDataset] CDS length:  163 , flank left: 123 , flank right: 121 , window length: 407
[ChromosomeDataset] CDS length:  351 , flank left: 221 , flank right: 305 , window length: 877
[ChromosomeDataset] CDS length:  201 , flank left: 160 , flank right: 141 , window length: 502
[ChromosomeDataset] CDS length:  133 , flank left: 125 , flank right: 74 , window length: 332
[ChromosomeDataset] CDS length:  123 , flank left: 102 , flank right: 82 , window length: 307
[ChromosomeDataset] CDS length:  190 , flank left: 122 , flank right: 163 , window length: 475
[ChromosomeDataset] CDS length:  247 , flank left: 181 , flank right: 189 , window length: 617
[ChromosomeDataset] CDS length:  118 , flank left: 96 , flank right: 81 , window length: 295
[ChromosomeDataset] CDS length:  130 , flank left: 85 , flank right: 110 , window length: 325
[ChromosomeDataset] CDS length:  108 , flank left: 86 , flank right: 76 , window length: 270
[ChromosomeDataset] CDS length:  252 , flank left: 155 , flank right: 223 , window length: 630
[ChromosomeDataset] CDS length:  642 , flank left: 371 , flank right: 592 , window length: 1605
[ChromosomeDataset] CDS length:  111 , flank left: 59 , flank right: 107 , window length: 277
[ChromosomeDataset] CDS length:  2379 , flank left: 1567 , flank right: 2001 , window length: 5947
[ChromosomeDataset] CDS length:  62 , flank left: 51 , flank right: 42 , window length: 155
[ChromosomeDataset] CDS length:  102 , flank left: 64 , flank right: 89 , window length: 255
[ChromosomeDataset] CDS length:  303 , flank left: 169 , flank right: 285 , window length: 757
[ChromosomeDataset] CDS length:  154 , flank left: 145 , flank right: 86 , window length: 385
[ChromosomeDataset] CDS length:  2715 , flank left: 2373 , flank right: 1699 , window length: 6787
[ChromosomeDataset] CDS length:  238 , flank left: 206 , flank right: 151 , window length: 595
[ChromosomeDataset] CDS length:  181 , flank left: 99 , flank right: 172 , window length: 452
[ChromosomeDataset] CDS length:  261 , flank left: 168 , flank right: 223 , window length: 652
[ChromosomeDataset] CDS length:  57 , flank left: 51 , flank right: 34 , window length: 142
[ChromosomeDataset] CDS length:  149 , flank left: 75 , flank right: 148 , window length: 372
[ChromosomeDataset] CDS length:  3 , flank left: 3 , flank right: 1 , window length: 7
[ChromosomeDataset] CDS length:  441 , flank left: 242 , flank right: 419 , window length: 1102
[ChromosomeDataset] CDS length:  1533 , flank left: 1203 , flank right: 1096 , window length: 3832
[ChromosomeDataset] CDS length:  150 , flank left: 139 , flank right: 86 , window length: 375
[ChromosomeDataset] CDS length:  94 , flank left: 84 , flank right: 57 , window length: 235
[ChromosomeDataset] CDS length:  127 , flank left: 100 , flank right: 90 , window length: 317
[ChromosomeDataset] CDS length:  57 , flank left: 44 , flank right: 41 , window length: 142
[ChromosomeDataset] CDS length:  103 , flank left: 61 , flank right: 93 , window length: 257
[ChromosomeDataset] CDS length:  180 , flank left: 94 , flank right: 176 , window length: 450
[ChromosomeDataset] CDS length:  1884 , flank left: 1726 , flank right: 1100 , window length: 4710
[ChromosomeDataset] CDS length:  607 , flank left: 459 , flank right: 451 , window length: 1517
[ChromosomeDataset] CDS length:  1010 , flank left: 820 , flank right: 695 , window length: 2525
[ChromosomeDataset] CDS length:  257 , flank left: 219 , flank right: 166 , window length: 642
[ChromosomeDataset] CDS length:  158 , flank left: 114 , flank right: 123 , window length: 395
[ChromosomeDataset] CDS length:  335 , flank left: 242 , flank right: 260 , window length: 837
[ChromosomeDataset] CDS length:  663 , flank left: 552 , flank right: 442 , window length: 1657
[ChromosomeDataset] CDS length:  1811 , flank left: 1693 , flank right: 1023 , window length: 4527
[ChromosomeDataset] CDS length:  5981 , flank left: 4442 , flank right: 4529 , window length: 14952
[ChromosomeDataset] CDS length:  132 , flank left: 88 , flank right: 110 , window length: 330
[ChromosomeDataset] CDS length:  927 , flank left: 703 , flank right: 687 , window length: 2317
[ChromosomeDataset] CDS length:  182 , flank left: 111 , flank right: 162 , window length: 455
[ChromosomeDataset] CDS length:  799 , flank left: 567 , flank right: 631 , window length: 1997
[ChromosomeDataset] CDS length:  99 , flank left: 50 , flank right: 98 , window length: 247
[ChromosomeDataset] CDS length:  83 , flank left: 68 , flank right: 56 , window length: 207
[ChromosomeDataset] CDS length:  2710 , flank left: 1942 , flank right: 2123 , window length: 6775
[ChromosomeDataset] CDS length:  65 , flank left: 65 , flank right: 32 , window length: 162
[ChromosomeDataset] CDS length:  60 , flank left: 55 , flank right: 35 , window length: 150
[ChromosomeDataset] CDS length:  439 , flank left: 353 , flank right: 305 , window length: 1097
[ChromosomeDataset] CDS length:  55 , flank left: 43 , flank right: 39 , window length: 137
[ChromosomeDataset] CDS length:  2235 , flank left: 1665 , flank right: 1687 , window length: 5587
[ChromosomeDataset] CDS length:  92 , flank left: 90 , flank right: 48 , window length: 230
[ChromosomeDataset] CDS length:  3130 , flank left: 1713 , flank right: 2982 , window length: 7825
[ChromosomeDataset] CDS length:  102 , flank left: 64 , flank right: 89 , window length: 255
[ChromosomeDataset] CDS length:  54 , flank left: 53 , flank right: 28 , window length: 135
[ChromosomeDataset] CDS length:  205 , flank left: 104 , flank right: 203 , window length: 512
[ChromosomeDataset] CDS length:  62 , flank left: 38 , flank right: 55 , window length: 155
[ChromosomeDataset] CDS length:  999 , flank left: 743 , flank right: 755 , window length: 2497
[ChromosomeDataset] CDS length:  1590 , flank left: 1464 , flank right: 921 , window length: 3975
[ChromosomeDataset] CDS length:  411 , flank left: 245 , flank right: 371 , window length: 1027
[ChromosomeDataset] CDS length:  163 , flank left: 119 , flank right: 125 , window length: 407
[ChromosomeDataset] CDS length:  158 , flank left: 94 , flank right: 143 , window length: 395
[ChromosomeDataset] CDS length:  149 , flank left: 117 , flank right: 106 , window length: 372
[ChromosomeDataset] CDS length:  370 , flank left: 253 , flank right: 302 , window length: 925
[ChromosomeDataset] CDS length:  45 , flank left: 32 , flank right: 35 , window length: 112
[ChromosomeDataset] CDS length:  908 , flank left: 844 , flank right: 518 , window length: 2270
[ChromosomeDataset] CDS length:  1445 , flank left: 1064 , flank right: 1103 , window length: 3612
[ChromosomeDataset] CDS length:  194 , flank left: 107 , flank right: 184 , window length: 485
[ChromosomeDataset] CDS length:  126 , flank left: 78 , flank right: 111 , window length: 315
[ChromosomeDataset] CDS length:  153 , flank left: 153 , flank right: 76 , window length: 382
[ChromosomeDataset] CDS length:  353 , flank left: 198 , flank right: 331 , window length: 882
[ChromosomeDataset] CDS length:  755 , flank left: 475 , flank right: 657 , window length: 1887
[ChromosomeDataset] CDS length:  832 , flank left: 821 , flank right: 427 , window length: 2080
[ChromosomeDataset] CDS length:  223 , flank left: 146 , flank right: 188 , window length: 557
[ChromosomeDataset] CDS length:  897 , flank left: 699 , flank right: 646 , window length: 2242
[ChromosomeDataset] CDS length:  597 , flank left: 463 , flank right: 432 , window length: 1492
[ChromosomeDataset] CDS length:  225 , flank left: 154 , flank right: 183 , window length: 562
[ChromosomeDataset] CDS length:  180 , flank left: 112 , flank right: 158 , window length: 450
[ChromosomeDataset] CDS length:  110 , flank left: 86 , flank right: 79 , window length: 275
[ChromosomeDataset] CDS length:  185 , flank left: 110 , flank right: 167 , window length: 462
[ChromosomeDataset] CDS length:  365 , flank left: 274 , flank right: 273 , window length: 912
[ChromosomeDataset] CDS length:  121 , flank left: 115 , flank right: 66 , window length: 302
[ChromosomeDataset] CDS length:  163 , flank left: 107 , flank right: 137 , window length: 407
[ChromosomeDataset] CDS length:  3702 , flank left: 3239 , flank right: 2314 , window length: 9255
[ChromosomeDataset] CDS length:  216 , flank left: 123 , flank right: 201 , window length: 540
[ChromosomeDataset] CDS length:  209 , flank left: 175 , flank right: 138 , window length: 522
[ChromosomeDataset] CDS length:  6701 , flank left: 5298 , flank right: 4753 , window length: 16752
[ChromosomeDataset] CDS length:  146 , flank left: 97 , flank right: 122 , window length: 365
[ChromosomeDataset] CDS length:  936 , flank left: 812 , flank right: 592 , window length: 2340
[ChromosomeDataset] CDS length:  100 , flank left: 63 , flank right: 87 , window length: 250
[ChromosomeDataset] CDS length:  137 , flank left: 112 , flank right: 93 , window length: 342
[ChromosomeDataset] CDS length:  215 , flank left: 142 , flank right: 180 , window length: 537
[ChromosomeDataset] CDS length:  120 , flank left: 69 , flank right: 111 , window length: 300
[ChromosomeDataset] CDS length:  162 , flank left: 107 , flank right: 136 , window length: 405
[ChromosomeDataset] CDS length:  530 , flank left: 452 , flank right: 343 , window length: 1325
[ChromosomeDataset] CDS length:  200 , flank left: 147 , flank right: 153 , window length: 500
[ChromosomeDataset] CDS length:  136 , flank left: 108 , flank right: 96 , window length: 340
[ChromosomeDataset] CDS length:  145 , flank left: 99 , flank right: 118 , window length: 362
[ChromosomeDataset] CDS length:  164 , flank left: 94 , flank right: 152 , window length: 410
[ChromosomeDataset] CDS length:  468 , flank left: 454 , flank right: 248 , window length: 1170
[ChromosomeDataset] CDS length:  270 , flank left: 200 , flank right: 205 , window length: 675
[ChromosomeDataset] CDS length:  1077 , flank left: 657 , flank right: 958 , window length: 2692
[ChromosomeDataset] CDS length:  1342 , flank left: 770 , flank right: 1243 , window length: 3355
[ChromosomeDataset] CDS length:  394 , flank left: 363 , flank right: 228 , window length: 985
[ChromosomeDataset] CDS length:  253 , flank left: 187 , flank right: 192 , window length: 632
[ChromosomeDataset] CDS length:  96 , flank left: 69 , flank right: 75 , window length: 240
[ChromosomeDataset] CDS length:  88 , flank left: 80 , flank right: 52 , window length: 220
[ChromosomeDataset] CDS length:  76 , flank left: 45 , flank right: 69 , window length: 190
[ChromosomeDataset] CDS length:  293 , flank left: 224 , flank right: 215 , window length: 732
[ChromosomeDataset] CDS length:  2138 , flank left: 1605 , flank right: 1602 , window length: 5345
[ChromosomeDataset] CDS length:  2224 , flank left: 1478 , flank right: 1858 , window length: 5560
[ChromosomeDataset] CDS length:  181 , flank left: 143 , flank right: 128 , window length: 452
[ChromosomeDataset] CDS length:  120 , flank left: 120 , flank right: 60 , window length: 300
[ChromosomeDataset] CDS length:  187 , flank left: 127 , flank right: 153 , window length: 467
[ChromosomeDataset] CDS length:  71 , flank left: 53 , flank right: 53 , window length: 177
[ChromosomeDataset] CDS length:  276 , flank left: 272 , flank right: 142 , window length: 690
[ChromosomeDataset] CDS length:  498 , flank left: 400 , flank right: 347 , window length: 1245
[ChromosomeDataset] CDS length:  102 , flank left: 80 , flank right: 73 , window length: 255
[ChromosomeDataset] CDS length:  64 , flank left: 54 , flank right: 42 , window length: 160
[ChromosomeDataset] CDS length:  147 , flank left: 100 , flank right: 120 , window length: 367
[ChromosomeDataset] CDS length:  97 , flank left: 54 , flank right: 91 , window length: 242
[ChromosomeDataset] CDS length:  221 , flank left: 197 , flank right: 134 , window length: 552
[ChromosomeDataset] CDS length:  696 , flank left: 505 , flank right: 539 , window length: 1740
[ChromosomeDataset] CDS length:  129 , flank left: 85 , flank right: 108 , window length: 322
[ChromosomeDataset] CDS length:  217 , flank left: 170 , flank right: 155 , window length: 542
[ChromosomeDataset] CDS length:  147 , flank left: 147 , flank right: 73 , window length: 367
[ChromosomeDataset] CDS length:  120 , flank left: 112 , flank right: 68 , window length: 300
[ChromosomeDataset] CDS length:  119 , flank left: 82 , flank right: 96 , window length: 297
[ChromosomeDataset] CDS length:  1417 , flank left: 750 , flank right: 1375 , window length: 3542
[ChromosomeDataset] CDS length:  171 , flank left: 126 , flank right: 130 , window length: 427
[ChromosomeDataset] CDS length:  121 , flank left: 112 , flank right: 69 , window length: 302
[ChromosomeDataset] CDS length:  1007 , flank left: 685 , flank right: 825 , window length: 2517
[ChromosomeDataset] CDS length:  796 , flank left: 689 , flank right: 505 , window length: 1990
[ChromosomeDataset] CDS length:  126 , flank left: 85 , flank right: 104 , window length: 315
[ChromosomeDataset] CDS length:  73 , flank left: 67 , flank right: 42 , window length: 182
[ChromosomeDataset] CDS length:  27 , flank left: 22 , flank right: 18 , window length: 67
[ChromosomeDataset] CDS length:  201 , flank left: 166 , flank right: 135 , window length: 502
[ChromosomeDataset] CDS length:  270 , flank left: 178 , flank right: 227 , window length: 675
[ChromosomeDataset] CDS length:  801 , flank left: 636 , flank right: 565 , window length: 2002
[ChromosomeDataset] CDS length:  513 , flank left: 341 , flank right: 428 , window length: 1282
[ChromosomeDataset] CDS length:  60 , flank left: 54 , flank right: 36 , window length: 150
[ChromosomeDataset] CDS length:  636 , flank left: 396 , flank right: 558 , window length: 1590
[ChromosomeDataset] CDS length:  8805 , flank left: 7396 , flank right: 5811 , window length: 22012
[ChromosomeDataset] CDS length:  187 , flank left: 176 , flank right: 104 , window length: 467
[ChromosomeDataset] CDS length:  188 , flank left: 140 , flank right: 142 , window length: 470
[ChromosomeDataset] CDS length:  275 , flank left: 262 , flank right: 150 , window length: 687
[ChromosomeDataset] CDS length:  168 , flank left: 112 , flank right: 140 , window length: 420
[ChromosomeDataset] CDS length:  182 , flank left: 135 , flank right: 138 , window length: 455
[ChromosomeDataset] CDS length:  137 , flank left: 83 , flank right: 122 , window length: 342
[ChromosomeDataset] CDS length:  144 , flank left: 142 , flank right: 74 , window length: 360
[ChromosomeDataset] CDS length:  180 , flank left: 109 , flank right: 161 , window length: 450
[ChromosomeDataset] CDS length:  354 , flank left: 332 , flank right: 199 , window length: 885
[ChromosomeDataset] CDS length:  87 , flank left: 61 , flank right: 69 , window length: 217
[ChromosomeDataset] CDS length:  1359 , flank left: 1080 , flank right: 958 , window length: 3397
[ChromosomeDataset] CDS length:  4564 , flank left: 2646 , flank right: 4200 , window length: 11410
[ChromosomeDataset] CDS length:  5460 , flank left: 3424 , flank right: 4766 , window length: 13650
[ChromosomeDataset] CDS length:  712 , flank left: 357 , flank right: 711 , window length: 1780
[ChromosomeDataset] CDS length:  21 , flank left: 20 , flank right: 11 , window length: 52
[ChromosomeDataset] CDS length:  194 , flank left: 179 , flank right: 112 , window length: 485
[ChromosomeDataset] CDS length:  150 , flank left: 98 , flank right: 127 , window length: 375
[ChromosomeDataset] CDS length:  141 , flank left: 108 , flank right: 103 , window length: 352
[ChromosomeDataset] CDS length:  102 , flank left: 96 , flank right: 57 , window length: 255
[ChromosomeDataset] CDS length:  127 , flank left: 72 , flank right: 118 , window length: 317
[ChromosomeDataset] CDS length:  372 , flank left: 294 , flank right: 264 , window length: 930
[ChromosomeDataset] CDS length:  125 , flank left: 109 , flank right: 78 , window length: 312
[ChromosomeDataset] CDS length:  353 , flank left: 324 , flank right: 205 , window length: 882
[ChromosomeDataset] CDS length:  3310 , flank left: 2006 , flank right: 2959 , window length: 8275
[ChromosomeDataset] CDS length:  87 , flank left: 75 , flank right: 55 , window length: 217
[ChromosomeDataset] CDS length:  2792 , flank left: 1792 , flank right: 2396 , window length: 6980
[ChromosomeDataset] CDS length:  173 , flank left: 104 , flank right: 155 , window length: 432
[ChromosomeDataset] CDS length:  265 , flank left: 155 , flank right: 242 , window length: 662
[ChromosomeDataset] CDS length:  169 , flank left: 156 , flank right: {'loss': 7.8519, 'learning_rate': 2.0833333333333333e-05, 'epoch': 0.0}97
 , window length: 422
[ChromosomeDataset] CDS length:  361 , flank left: 279 , flank right: 262 , window length: 902
[ChromosomeDataset] CDS length:  1558 , flank left: 1121 , flank right: 1216 , window length: 3895
[ChromosomeDataset] CDS length:  2442 , flank left: 1376 , flank right: 2287 , window length: 6105
[ChromosomeDataset] CDS length:  969 , flank left: 764 , flank right: 689 , window length: 2422
[ChromosomeDataset] CDS length:  96 , flank left: 93 , flank right: 51 , window length: 240
[ChromosomeDataset] CDS length:  12219 , flank left: 8912 , flank right: 9416 , window length: 30547
[ChromosomeDataset] CDS length:  195 , flank left: 159 , flank right: 133 , window length: 487
[ChromosomeDataset] CDS length:  414 , flank left: 268 , flank right: 353 , window length: 1035
[ChromosomeDataset] CDS length:  117 , flank left: 62 , flank right: 113 , window length: 292
[ChromosomeDataset] CDS length:  134 , flank left: 93 , flank right: 108 , window length: 335
[ChromosomeDataset] CDS length:  82 , flank left: 77 , flank right: 46 , window length: 205
[ChromosomeDataset] CDS length:  167 , flank left: 92 , flank right: 158 , window length: 417
[ChromosomeDataset] CDS length:  602 , flank left: 545 , flank right: 358 , window length: 1505
[ChromosomeDataset] CDS length:  385 , flank left: 232 , flank right: 345 , window length: 962
[ChromosomeDataset] CDS length:  153 , flank left: 111 , flank right: 118 , window length: 382
[ChromosomeDataset] CDS length:  817 , flank left: 774 , flank right: 451 , window length: 2042
[ChromosomeDataset] CDS length:  114 , flank left: 92 , flank right: 79 , window length: 285
[ChromosomeDataset] CDS length:  157 , flank left: 150 , flank right: 85 , window length: 392
[ChromosomeDataset] CDS length:  390 , flank left: 218 , flank right: 367 , window length: 975
[ChromosomeDataset] CDS length:  126 , flank left: 75 , flank right: 114 , window length: 315
[ChromosomeDataset] CDS length:  149 , flank left: 102 , flank right: 121 , window length: 372
[ChromosomeDataset] CDS length:  172 , flank left: 90 , flank right: 168 , window length: 430
[ChromosomeDataset] CDS length:  209 , flank left: 121 , flank right: 192 , window length: 522
[ChromosomeDataset] CDS length:  44 , flank left: 24 , flank right: 42 , window length: 110
[ChromosomeDataset] CDS length:  53 , flank left: 35 , flank right: 44 , window length: 132
[ChromosomeDataset] CDS length:  235 , flank left: 191 , flank right: 161 , window length: 587
[ChromosomeDataset] CDS length:  228 , flank left: 189 , flank right: 153 , window length: 570
[ChromosomeDataset] CDS length:  100 , flank left: 69 , flank right: 81 , window length: 250
[ChromosomeDataset] CDS length:  156 , flank left: 104 , flank right: 130 , window length: 390
[ChromosomeDataset] CDS length:  295 , flank left: 148 , flank right: 294 , window length: 737
[ChromosomeDataset] CDS length:  117 , flank left: 109 , flank right: 66 , window length: 292
[ChromosomeDataset] CDS length:  88 , flank left: 48 , flank right: 84 , window length: 220
[ChromosomeDataset] CDS length:  1102 , flank left: 926 , flank right: 727 , window length: 2755
[ChromosomeDataset] CDS length:  173 , flank left: 156 , flank right: 103 , window length: 432
[ChromosomeDataset] CDS length:  94 , flank left: 72 , flank right: 69 , window length: 235
[ChromosomeDataset] CDS length:  102 , flank left: 62 , flank right: 91 , window length: 255
[ChromosomeDataset] CDS length:  198 , flank left: 168 , flank right: 129 , window length: 495
[ChromosomeDataset] CDS length:  117 , flank left: 66 , flank right: 109 , window length: 292
[ChromosomeDataset] CDS length:  115 , flank left: 63 , flank right: 109 , window length: 287
[ChromosomeDataset] CDS length:  313 , flank left: 201 , flank right: 268 , window length: 782
[ChromosomeDataset] CDS length:  126 , flank left: 81 , flank right: 108 , window length: 315
[ChromosomeDataset] CDS length:  280 , flank left: 205 , flank right: 215 , window length: 700
[ChromosomeDataset] CDS length:  99 , flank left: 57 , flank right: 91 , window length: 247
[ChromosomeDataset] CDS length:  578 , flank left: 348 , flank right: 519 , window length: 1445
[ChromosomeDataset] CDS length:  350 , flank left: 195 , flank right: 330 , window length: 875
[ChromosomeDataset] CDS length:  130 , flank left: 87 , flank right: 108 , window length: 325
[ChromosomeDataset] CDS length:  1125 , flank left: 961 , flank right: 726 , window length: 2812
[ChromosomeDataset] CDS length:  258 , flank left: 228 , flank right: 159 , window length: 645
[ChromosomeDataset] CDS length:  197 , flank left: 173 , flank right: 122 , window length: 492
[ChromosomeDataset] CDS length:  1735 , flank left: 1123 , flank right: 1479 , window length: 4337
[ChromosomeDataset] CDS length:  172 , flank left: 90 , flank right: 168 , window length: 430
[ChromosomeDataset] CDS length:  213 , flank left: 150 , flank right: 169 , window length: 532
[ChromosomeDataset] CDS length:  95 , flank left: 89 , flank right: 53 , window length: 237
[ChromosomeDataset] CDS length:  177 , flank left: 133 , flank right: 132 , window length: 442
[ChromosomeDataset] CDS length:  190 , flank left: 120 , flank right: 165 , window length: 475
[ChromosomeDataset] CDS length:  1135 , flank left: 584 , flank right: 1118 , window length: 2837
[ChromosomeDataset] CDS length:  935 , flank left: 749 , flank right: 653 , window length: 2337
[ChromosomeDataset] CDS length:  474 , flank left: 249 , flank right: 462 , window length: 1185
[ChromosomeDataset] CDS length:  177 , flank left: 97 , flank right: 168 , window length: 442
[ChromosomeDataset] CDS length:  431 , flank left: 348 , flank right: 298 , window length: 1077
[ChromosomeDataset] CDS length:  110 , flank left: 89 , flank right: 76 , window length: 275
[ChromosomeDataset] CDS length:  89 , flank left: 45 , flank right: 88 , window length: 222
[ChromosomeDataset] CDS length:  177 , flank left: 96 , flank right: 169 , window length: 442
[ChromosomeDataset] CDS length:  139 , flank left: 109 , flank right: 99 , window length: 347
[ChromosomeDataset] CDS length:  1232 , flank left: 1176 , flank right: 672 , window length: 3080
[ChromosomeDataset] CDS length:  1168 , flank left: 954 , flank right: 798 , window length: 2920
[ChromosomeDataset] CDS length:  258 , flank left: 200 , flank right: 187 , window length: 645
[ChromosomeDataset] CDS length:  1878 , flank left: 1449 , flank right: 1368 , window length: 4695
[ChromosomeDataset] CDS length:  144 , flank left: 135 , flank right: 81 , window length: 360
[ChromosomeDataset] CDS length:  1103 , flank left: 584 , flank right: 1070 , window length: 2757
[ChromosomeDataset] CDS length:  101 , flank left: 93 , flank right: 58 , window length: 252
[ChromosomeDataset] CDS length:  743 , flank left: 734 , flank right: 380 , window length: 1857
[ChromosomeDataset] CDS length:  208 , flank left: 118 , flank right: 194 , window length: 520
[ChromosomeDataset] CDS length:  4347 , flank left: 3570 , flank right: 2950 , window length: 10867
[ChromosomeDataset] CDS length:  317 , flank left: 244 , flank right: 231 , window length: 792
[ChromosomeDataset] CDS length:  357 , flank left: 288 , flank right: 247 , window length: 892
[ChromosomeDataset] CDS length:  1490 , flank left: 1350 , flank right: 885 , window length: 3725
[ChromosomeDataset] CDS length:  302 , flank left: 212 , flank right: 241 , window length: 755
[ChromosomeDataset] CDS length:  1594 , flank left: 1579 , flank right: 812 , window length: 3985
[ChromosomeDataset] CDS length:  705 , flank left: 394 , flank right: 663 , window length: 1762
[ChromosomeDataset] CDS length:  1405 , flank left: 1300 , flank right: 807 , window length: 3512
[ChromosomeDataset] CDS length:  136 , flank left: 109 , flank right: 95 , window length: 340
[ChromosomeDataset] CDS length:  135 , flank left: 113 , flank right: 89 , window length: 337
[ChromosomeDataset] CDS length:  1586 , flank left: 1407 , flank right: 972 , window length: 3965
[ChromosomeDataset] CDS length:  142 , flank left: 126 , flank right: 87 , window length: 355
[ChromosomeDataset] CDS length:  962 , flank left: 713 , flank right: 730 , window length: 2405
[ChromosomeDataset] CDS length:  190 , flank left: 141 , flank right: 144 , window length: 475
[ChromosomeDataset] CDS length:  263 , flank left: 256 , flank right: 138 , window length: 657
[ChromosomeDataset] CDS length:  548 , flank left: 406 , flank right: 416 , window length: 1370
[ChromosomeDataset] CDS length:  939 , flank left: 890 , flank right: 518 , window length: 2347
[ChromosomeDataset] CDS length:  260 , flank left: 167 , flank right: 223 , window length: 650
[ChromosomeDataset] CDS length:  296 , flank left: 251 , flank right: 193 , window length: 740
[ChromosomeDataset] CDS length:  135 , flank left: 79 , flank right: 123 , window length: 337
[ChromosomeDataset] CDS length:  114 , flank left: 60 , flank right: 111 , window length: 285
[ChromosomeDataset] CDS length:  79 , flank left: 66 , flank right: 52 , window length: 197
[ChromosomeDataset] CDS length:  82 , flank left: 56 , flank right: 67 , window length: 205
[ChromosomeDataset] CDS length:  104 , flank left: 71 , flank right: 85 , window length: 260
[ChromosomeDataset] CDS length:  170 , flank left: 165 , flank right: 90 , window length: 425
[ChromosomeDataset] CDS length:  191 , flank left: 128 , flank right: 158 , window length: 477
[ChromosomeDataset] CDS length:  237 , flank left: 196 , flank right: 159 , window length: 592
[ChromosomeDataset] CDS length:  206 , flank left: 195 , flank right: 114 , window length: 515
[ChromosomeDataset] CDS length:  159 , flank left: 154 , flank right: 84 , window length: 397
[ChromosomeDataset] CDS length:  618 , flank left: 362 , flank right: 565 , window length: 1545
[ChromosomeDataset] CDS length:  702 , flank left: 687 , flank right: 366 , window length: 1755
[ChromosomeDataset] CDS length:  101 , flank left: 54 , flank right: 97 , window length: 252
[ChromosomeDataset] CDS length:  197 , flank left: 125 , flank right: 170 , window length: 492
[ChromosomeDataset] CDS length:  746 , flank left: 537 , flank right: 582 , window length: 1865
[ChromosomeDataset] CDS length:  2302 , flank left: 2137 , flank right: 1316 , window length: 5755
[ChromosomeDataset] CDS length:  563 , flank left: 558 , flank right: 286 , window length: 1407
[ChromosomeDataset] CDS length:  157 , flank left: 149 , flank right: 86 , window length: 392
[ChromosomeDataset] CDS length:  82 , flank left: 57 , flank right: 66 , window length: 205
[ChromosomeDataset] CDS length:  196 , flank left: 169 , flank right: 125 , window length: 490
[ChromosomeDataset] CDS length:  322 , flank left: 172 , flank right: 311 , window length: 805
[ChromosomeDataset] CDS length:  98 , flank left: 53 , flank right: 94 , window length: 245
[ChromosomeDataset] CDS length:  2939 , flank left: 2737 , flank right: 1671 , window length: 7347
[ChromosomeDataset] CDS length:  3403 , flank left: 3288 , flank right: 1816 , window length: 8507
[ChromosomeDataset] CDS length:  168 , flank left: 90 , flank right: 162 , window length: 420
[ChromosomeDataset] CDS length:  98 , flank left: 65 , flank right: 82 , window length: 245
[ChromosomeDataset] CDS length:  173 , flank left: 165 , flank right: 94 , window length: 432
[ChromosomeDataset] CDS length:  210 , flank left: 136 , flank right: 179 , window length: 525
[ChromosomeDataset] CDS length:  5061 , flank left: 2552 , flank right: 5039 , window length: 12652
[ChromosomeDataset] CDS length:  32 , flank left: 25 , flank right: 23 , window length: 80
[ChromosomeDataset] CDS length:  134 , flank left: 109 , flank right: 92 , window length: 335
[ChromosomeDataset] CDS length:  113 , flank left: 92 , flank right: 77 , window length: 282
[ChromosomeDataset] CDS length:  72 , flank left: 61 , flank right: 47 , window length: 180
[ChromosomeDataset] CDS length:  204 , flank left: 126 , flank right: 180 , window length: 510
[ChromosomeDataset] CDS length:  144 , flank left: 84 , flank right: 132 , window length: 360
[ChromosomeDataset] CDS length:  344 , flank left: 330 , flank right: 186 , window length: 860
[ChromosomeDataset] CDS length:  309 , flank left: 245 , flank right: 218 , window length: 772
[ChromosomeDataset] CDS length:  2583 , flank left: 1758 , flank right: 2116 , window length: 6457
[ChromosomeDataset] CDS length:  117 , flank left: 90 , flank right: 85 , window length: 292
[ChromosomeDataset] CDS length:  1700 , flank left: 1524 , flank right: 1026 , window length: 4250
[ChromosomeDataset] CDS length:  729 , flank left: 422 , flank right: 671 , window length: 1822
[ChromosomeDataset] CDS length:  165 , flank left: 125 , flank right: 122 , window length: 412
[ChromosomeDataset] CDS length:  119 , flank left: 65 , flank right: 113 , window length: 297
[ChromosomeDataset] CDS length:  143 , flank left: 90 , flank right: 124 , window length: 357
[ChromosomeDataset] CDS length:  86 , flank left: 80 , flank right: 49 , window length: 215
[ChromosomeDataset] CDS length:  102 , flank left: 87 , flank right: 66 , window length: 255
[ChromosomeDataset] CDS length:  123 , flank left: 78 , flank right: 106 , window length: 307
[ChromosomeDataset] CDS length:  193 , flank left: 166 , flank right: 123 , window length: 482
[ChromosomeDataset] CDS length:  2134 , flank left: 1935 , flank right: 1266 , window length: 5335
[ChromosomeDataset] CDS length:  1906 , flank left: 1795 , flank right: 1064 , window length: 4765
[ChromosomeDataset] CDS length:  167 , flank left: 97 , flank right: 153 , window length: 417
[ChromosomeDataset] CDS length:  180 , flank left: 141 , flank right: 129 , window length: 450
[ChromosomeDataset] CDS length:  988 , flank left: 969 , flank right: 513 , window length: 2470
[ChromosomeDataset] CDS length:  172 , flank left: 164 , flank right: 94 , window length: 430
[ChromosomeDataset] CDS length:  183 , flank left: 114 , flank right: 160 , window length: 457
[ChromosomeDataset] CDS length:  223 , flank left: 183 , flank right: 151 , window length: 557
[ChromosomeDataset] CDS length:  164 , flank left: 105 , flank right: 141 , window length: 410
[ChromosomeDataset] CDS length:  145 , flank left: 85 , flank right: 132 , window length: 362
[ChromosomeDataset] CDS length:  2806 , flank left: 1895 , flank right: 2314 , window length: 7015
[ChromosomeDataset] CDS length:  878 , flank left: 480 , flank right: 837 , window length: 2195
[ChromosomeDataset] CDS length:  111 , flank left: 74 , flank right: 92 , window length: 277
[ChromosomeDataset] CDS length:  210 , flank left: 127 , flank right: 188 , window length: 525
[ChromosomeDataset] CDS length:  200 , flank left: 103 , flank right: 197 , window length: 500
[ChromosomeDataset] CDS length:  339 , flank left: 330 , flank right: 178 , window length: 847
[ChromosomeDataset] CDS length:  97 , flank left: 82 , flank right: 63 , window length: 242
[ChromosomeDataset] CDS length:  82 , flank left: 55 , flank right: 68 , window length: 205
[ChromosomeDataset] CDS length:  1486 , flank left: 1332 , flank right: 897 , window length: 3715
[ChromosomeDataset] CDS length:  270 , flank left: 148 , flank right: 257 , window length: 675
[ChromosomeDataset] CDS length:  116 , flank left: 109 , flank right: 65 , window length: 290
[ChromosomeDataset] CDS length:  468 , flank left: 440 , flank right: 262 , window length: 1170
[ChromosomeDataset] CDS length:  1249 , flank left: 748 , flank right: 1125 , window length: 3122
[ChromosomeDataset] CDS length:  1905 , flank left: 1408 , flank right: 1449 , window length: 4762
[ChromosomeDataset] CDS length:  127 , flank left: 75 , flank right: 115 , window length: 317
[ChromosomeDataset] CDS length:  371 , flank left: 340 , flank right: 216 , window length: 927
[ChromosomeDataset] CDS length:  399 , flank left: 345 , flank right: 253 , window length: 997
[ChromosomeDataset] CDS length:  1742 , flank left: 1405 , flank right: 1208 , window length: 4355
[ChromosomeDataset] CDS length:  1796 , flank left: 919 , flank right: 1775 , window length: 4490
[ChromosomeDataset] CDS length:  358 , flank left: 289 , flank right: 248 , window length: 895
[ChromosomeDataset] CDS length:  186 , flank left: 171 , flank right: 108 , window length: 465
[ChromosomeDataset] CDS length:  2504 , flank left: 1862 , flank right: 1894 , window length: 6260
[ChromosomeDataset] CDS length:  255 , flank left: 204 , flank right: 178 , window length: 637
[ChromosomeDataset] CDS length:  240 , flank left: 131 , flank right: 229 , window length: 600
[ChromosomeDataset] CDS length:  167 , flank left: 126 , flank right: 124 , window length: 417
[ChromosomeDataset] CDS length:  63 , flank left: 34 , flank right: 60 , window length: 157
[ChromosomeDataset] CDS length:  198 , flank left: 141 , flank right: 156 , window length: 495
[ChromosomeDataset] CDS length:  1554 , flank left: 1233 , flank right: 1098 , window length: 3885
[ChromosomeDataset] CDS length:  1367 , flank left: 1276 , flank right: 774 , window length: 3417
[ChromosomeDataset] CDS length:  203 , flank left: 170 , flank right: 134 , window length: 507
[ChromosomeDataset] CDS length:  1263 , flank left: 1175 , flank right: 719 , window length: 3157
[ChromosomeDataset] CDS length:  200 , flank left: 136 , flank right: 164 , window length: 500
[ChromosomeDataset] CDS length:  132 , flank left: 93 , flank right: 105 , window length: 330
[ChromosomeDataset] CDS length:  867 , flank left: 543 , flank right: 757 , window length: 2167
[ChromosomeDataset] CDS length:  69 , flank left: 60 , flank right: 43 , window length: 172
[ChromosomeDataset] CDS length:  203 , flank left: 126 , flank right: 178 , window length: 507
[ChromosomeDataset] CDS length:  130 , flank left: 99 , flank right: 96 , window length: 325
[ChromosomeDataset] CDS length:  209 , flank left: 165 , flank right: 148 , window length: 522
[ChromosomeDataset] CDS length:  304 , flank left: 222 , flank right: 234 , window length: 760
[ChromosomeDataset] CDS length:  270 , flank left: 228 , flank right: 177 , window length: 675
[ChromosomeDataset] CDS length:  130 , flank left: 68 , flank right: 127 , window length: 325
[ChromosomeDataset] CDS length:  1858 , flank left: 1128 , flank right: 1659 , window length: 4645
[ChromosomeDataset] CDS length:  3 , flank left: 3 , flank right: 1 , window length: 7
[ChromosomeDataset] CDS length:  101 , flank left: 84 , flank right: 67 , window length: 252
[ChromosomeDataset] CDS length:  114 , flank left: 60 , flank right: 111 , window length: 285
[ChromosomeDataset] CDS length:  107 , flank left: 97 , flank right: 63 , window length: 267
[ChromosomeDataset] CDS length:  1613 , flank left: 1372 , flank right: 1047 , window length: 4032
[ChromosomeDataset] CDS length:  176 , flank left: 95 , flank right: 169 , window length: 440
[ChromosomeDataset] CDS length:  75 , flank left: 68 , flank right: 44 , window length: 187
[ChromosomeDataset] CDS length:  157 , flank left: 110 , flank right: 125 , window length: 392
[ChromosomeDataset] CDS length:  598 , flank left: 314 , flank right: 583 , window length: 1495
[ChromosomeDataset] CDS length:  270 , flank left: 193 , flank right: 212 , window length: 675
[ChromosomeDataset] CDS length:  164 , flank left: 117 , flank right: 129 , window length: 410
[ChromosomeDataset] CDS length:  162 , flank left: 95 , flank right: 148 , window length: 405
[ChromosomeDataset] CDS length:  50 , flank left: 35 , flank right: 40 , window length: 125
[ChromosomeDataset] CDS length:  93 , flank left: 47 , flank right: 92 , window length: 232
[ChromosomeDataset] CDS length:  1746 , flank left: 1490 , flank right: 1129 , window length: 4365
[ChromosomeDataset] CDS length:  146 , flank left: 134 , flank right: 85 , window length: 365
[ChromosomeDataset] CDS length:  1766 , flank left: 1232 , flank right: 1417 , window length: 4415
[ChromosomeDataset] CDS length:  122 , flank left: 118 , flank right: 65 , window length: 305
[ChromosomeDataset] CDS length:  40 , flank left: 38 , flank right: 22 , window length: 100
[ChromosomeDataset] CDS length:  72 , flank left: 42 , flank right: 66 , window length: 180
[ChromosomeDataset] CDS length:  151 , flank left: 93 , flank right: 133 , window length: 377
[ChromosomeDataset] CDS length:  349 , flank left: 268 , flank right: 255 , window length: 872
[ChromosomeDataset] CDS length:  232 , flank left: 156 , flank right: 192 , window length: 580
[ChromosomeDataset] CDS length:  81 , flank left: 58 , flank right: 63 , window length: 202
[ChromosomeDataset] CDS length:  209 , flank left: 146 , flank right: 167 , window length: 522
[ChromosomeDataset] CDS length:  101 , flank left: 51 , flank right: 100 , window length: 252
[ChromosomeDataset] CDS length:  151 , flank left: 97 , flank right: 129 , window length: 377
[ChromosomeDataset] CDS length:  248 , flank left: 155 , flank right: 217 , window length: 620
[ChromosomeDataset] CDS length:  51 , flank left: 31 , flank right: 45 , window length: 127
[ChromosomeDataset] CDS length:  187 , flank left: 115 , flank right: 165 , window length: 467
[ChromosomeDataset] CDS length:  118 , flank left: 76 , flank right: 101 , window length: 295
[ChromosomeDataset] CDS length:  160 , flank left: 97 , flank right: 143 , window length: 400
[ChromosomeDataset] CDS length:  112 , flank left: 97 , flank right: 71 , window length: 280
[ChromosomeDataset] CDS length:  1415 , flank left: 1098 , flank right: 1024 , window length: 3537
[ChromosomeDataset] CDS length:  140 , flank left: 78 , flank right: 132 , window length: 350
[ChromosomeDataset] CDS length:  127 , flank left: 77 , flank right: 113 , window length: 317
[ChromosomeDataset] CDS length:  185 , flank left: 137 , flank right: 140 , window length: 462
[ChromosomeDataset] CDS length:  10489 , flank left: 7670 , flank right: 8063 , window length: 26222
[ChromosomeDataset] CDS length:  168 , flank left: 114 , flank right: 138 , window length: 420
[ChromosomeDataset] CDS length:  226 , flank left: 207 , flank right: 132 , window length: 565
[ChromosomeDataset] CDS length:  1432 , flank left: 1183 , flank right: 965 , window length: 3580
[ChromosomeDataset] CDS length:  97 , flank left: 71 , flank right: 74 , window length: 242
[ChromosomeDataset] CDS length:  160 , flank left: 135 , flank right: 105 , window length: 400
[ChromosomeDataset] CDS length:  129 , flank left: 89 , flank right: 104 , window length: 322
[ChromosomeDataset] CDS length:  84 , flank left: 78[ChromosomeDataset] CDS length:  , flank right:  11448  , flank left:, window length:  61210 
, flank right: 110 , window length: 285
[ChromosomeDataset] CDS length:  697 , flank left: 448 , flank right: 597 , window length:[ChromosomeDataset] CDS length:   17421506
 , flank left: 1364 , flank right: 895 , window length: 3765
[ChromosomeDataset] CDS length:  131 , flank left: 110 , flank right: 86 , window length: 327
[ChromosomeDataset] CDS length:  156 , flank left: 120 , flank right: 114 , window length: 390
[ChromosomeDataset] CDS length:  1208 , flank left: 866 , flank right: 946 , window length: 3020
[ChromosomeDataset] CDS length:  747 , flank left: 473 , flank right: 647 , window length: 1867
[ChromosomeDataset] CDS length:  3738 , flank left: 2540 , flank right: 3067 , window length: 9345
[ChromosomeDataset] CDS length:  160 , flank left: 133 , flank right: 107 , window length: 400
[ChromosomeDataset] CDS length:  66 , flank left: 40 , flank right: 59 , window length: 165
[ChromosomeDataset] CDS length:  173 , flank left: 167 , flank right: 92 , window length: 432
[ChromosomeDataset] CDS length:  306 , flank left: 247 , flank right: 212 , window length: 765
[ChromosomeDataset] CDS length:  1767 , flank left: 1422 , flank right: 1228 , window length: 4417
[ChromosomeDataset] CDS length:  94 , flank left: 53 , flank right: 88 , window length: 235
[ChromosomeDataset] CDS length:  285 , flank left: 213 , flank right: 214 , window length: 712
[ChromosomeDataset] CDS length:  860 , flank left: 703 , flank right: 587 , window length: 2150
[ChromosomeDataset] CDS length:  150 , flank left: 106 , flank right: 119 , window length: 375
[ChromosomeDataset] CDS length:  111 , flank left: 68 , flank right: 98 , window length: 277
[ChromosomeDataset] CDS length:  102 , flank left: 69 , flank right: 84 , window length: 255
[ChromosomeDataset] CDS length:  159 , flank left: 159 , flank right: 79 , window length: 397
[ChromosomeDataset] CDS length:  3247 , flank left: 2518 , flank right: 2352 , window length: 8117
[ChromosomeDataset] CDS length:  312 , flank left: 172 , flank right: 296 , window length: 780
[ChromosomeDataset] CDS length:  75 , flank left: 70 , flank right: 42 , window length: 187
[ChromosomeDataset] CDS length:  928 , flank left: 616 , flank right: 776 , window length: 2320
[ChromosomeDataset] CDS length:  983 , flank left: 516 , flank right: 958 , window length: 2457
[ChromosomeDataset] CDS length:  87 , flank left: 65 , flank right: 65 , window length: 217
[ChromosomeDataset] CDS length:  814 , flank left: 638 , flank right: 583 , window length: 2035
[ChromosomeDataset] CDS length:  909 , flank left: 618 , flank right: 745 , window length: 2272
[ChromosomeDataset] CDS length:  143 , flank left: 101 , flank right: 113 , window length: 357
[ChromosomeDataset] CDS length:  834 , flank left: 491 , flank right: 760 , window length: 2085
[ChromosomeDataset] CDS length:  165 , flank left: 123 , flank right: 124 , window length: 412
[ChromosomeDataset] CDS length:  143 , flank left: 108 , flank right: 106 , window length: 357
[ChromosomeDataset] CDS length:  86 , flank left: 66 , flank right: 63 , window length: 215
[ChromosomeDataset] CDS length:  6452 , flank left: 3395 , flank right: 6283 , window length: 16130
[ChromosomeDataset] CDS length:  2589 , flank left: 1589 , flank right: 2294 , window length: 6472
[ChromosomeDataset] CDS length:  1065 , flank left: 681 , flank right: 916 , window length: 2662
[ChromosomeDataset] CDS length:  39 , flank left: 28 , flank right: 30 , window length: 97
[ChromosomeDataset] CDS length:  205 , flank left: 160 , flank right: 147 , window length: 512
[ChromosomeDataset] CDS length:  320 , flank left: 257 , flank right: 223 , window length: 800
[ChromosomeDataset] CDS length:  803 , flank left: 522 , flank right: 682 , window length: 2007
[ChromosomeDataset] CDS length:  138 , flank left: 117 , flank right: 90 , window length: 345
[ChromosomeDataset] CDS length:  95 , flank left: 83 , flank right: 59 , window length: 237
[ChromosomeDataset] CDS length:  297 , flank left: 281 , flank right: 164 , window length: 742
[ChromosomeDataset] CDS length:  110 , flank left: 83 , flank right: 82 , window length: 275
[ChromosomeDataset] CDS length:  1030 , flank left: 985 , flank right: 560 , window length: 2575
[ChromosomeDataset] CDS length:  3591 , flank left: 2359 , flank right: 3027 , window length: 8977
[ChromosomeDataset] CDS length:  1160 , flank left: 1050 , flank right: 690 , window length: 2900
[ChromosomeDataset] CDS length:  228 , flank left: 209 , flank right: 133 , window length: 570
[ChromosomeDataset] CDS length:  95 , flank left: 76 , flank right: 66 , window length: 237
[ChromosomeDataset] CDS length:  237 , flank left: 185 , flank right: 170 , window length: 592
[ChromosomeDataset] CDS length:  148 , flank left: 110 , flank right: 112 , window length: 370
[ChromosomeDataset] CDS length:  128 , flank left: 124 , flank right: 68 , window length: 320
[ChromosomeDataset] CDS length:  53 , flank left: 43 , flank right: 36 , window length: 132
[ChromosomeDataset] CDS length:  84 , flank left: 46 , flank right: 80 , window length: 210
[ChromosomeDataset] CDS length:  97 , flank left: 73 , flank right: 72 , window length: 242
[ChromosomeDataset] CDS length:  533 , flank left: 339 , flank right: 460 , window length: 1332
[ChromosomeDataset] CDS length:  42 , flank left: 26 , flank right: 37 , window length: 105
[ChromosomeDataset] CDS length:  89 , flank left: 68 , flank right: 65 , window length: 222
[ChromosomeDataset] CDS length:  2998 , flank left: 1544 , flank right: 2953 , window length: 7495
[ChromosomeDataset] CDS length:  1147 , flank left: 883 , flank right: 837 , window length: 2867
[ChromosomeDataset] CDS length:  249 , flank left: 209 , flank right: 164 , window length: 622
[ChromosomeDataset] CDS length:  212 , flank left: 140 , flank right: 178 , window length: 530
[ChromosomeDataset] CDS length:  81 , flank left: 72 , flank right: 49 , window length: 202
[ChromosomeDataset] CDS length:  141 , flank left: 92 , flank right: 119 , window length: 352
[ChromosomeDataset] CDS length:  522 , flank left: 459 , flank right: 324 , window length: 1305
[ChromosomeDataset] CDS length:  111 , flank left: 99 , flank right: 67 , window length: 277
[ChromosomeDataset] CDS length:  1092 , flank left: 724 , flank right: 914 , window length: 2730
[ChromosomeDataset] CDS length:  1346 , flank left: 876 , flank right: 1143 , window length: 3365
[ChromosomeDataset] CDS length:  210 , flank left: 139 , flank right: 176 , window length: 525
[ChromosomeDataset] CDS length:  138 , flank left: 129 , flank right: 78 , window length: 345
[ChromosomeDataset] CDS length:  226 , flank left: 167 , flank right: 172 , window length: 565
[ChromosomeDataset] CDS length:  1058 , flank left: 745 , flank right: 842 , window length: 2645
[ChromosomeDataset] CDS length:  559 , flank left: 443 , flank right: 395 , window length: 1397
[ChromosomeDataset] CDS length:  1709 , flank left: 1062 , flank right: 1501 , window length: 4272
[ChromosomeDataset] CDS length:  161 , flank left: 103 , flank right: 138 , window length: 402
[ChromosomeDataset] CDS length:  136 , flank left: 72 , flank right: 132 , window length: 340
[ChromosomeDataset] CDS length:  141 , flank left: 82 , flank right: 129 , window length: 352
[ChromosomeDataset] CDS length:  792 , flank left: 784 , flank right: 404 , window length: 1980
[ChromosomeDataset] CDS length:  649 , flank left: 435 , flank right: 538 , window length: 1622
[ChromosomeDataset] CDS length:  378 , flank left: 229 , flank right: 338 , window length: 945
[ChromosomeDataset] CDS length:  128 , flank left: 90 , flank right: 102 , window length: 320
[ChromosomeDataset] CDS length:  155 , flank left: 81 , flank right: 151 , window length: 387
[ChromosomeDataset] CDS length:  90 , flank left: 90 , flank right: 45 , window length: 225
[ChromosomeDataset] CDS length:  175 , flank left: 90 , flank right: 172 , window length: 437
{'loss': 7.7225, 'learning_rate': 2.5e-05, 'epoch': 0.0}
[ChromosomeDataset] CDS length:  172 , flank left: 150 , flank right: 108 , window length: 430
[ChromosomeDataset] CDS length:  239 , flank left: 192 , flank right: 166 , window length: 597
[ChromosomeDataset] CDS length:  98 , flank left: 82 , flank right: 65 , window length: 245
[ChromosomeDataset] CDS length:  131 , flank left: 69 , flank right: 127 , window length: 327
[ChromosomeDataset] CDS length:  960 , flank left: 861 , flank right: 579 [ChromosomeDataset] CDS length: , window length:  1472400 
, flank left: 137 , flank right: 83 , window length: 367
[ChromosomeDataset] CDS length:  424 , flank left: 379 , flank right: 257 , window length: 1060
[ChromosomeDataset] CDS length:  285 , flank left: 175 [ChromosomeDataset] CDS length: , flank right:  74252  , flank left:, window length:  64712 
, flank right: 47 , window length: 185
[ChromosomeDataset] CDS length:  118 , flank left: 64 , flank right: 113 , window length: 295
[ChromosomeDataset] CDS length:  2875 , flank left: 1726 , flank right: 2586 , window length: [ChromosomeDataset] CDS length: 7187 
162 , flank left: 96 , flank right: 147 , window length: 405
[ChromosomeDataset] CDS length:  81 , flank left: 66 , flank right: 55 , window length: 202
[ChromosomeDataset] CDS length:  141 , flank left: 134 , flank right: 77 , window length: 352
[ChromosomeDataset] CDS length:  1068 , flank left: 857 , flank right: 745 , window length: 2670
[ChromosomeDataset] CDS length:  2361 , flank left:[ChromosomeDataset] CDS length:   1798146  , flank right:, flank left:  174398  , window length:, flank right:  5902121
 , window length: 365
[ChromosomeDataset] CDS length:  228 , flank left: 168 , flank right: 174 , window length: 570
[ChromosomeDataset] CDS length:  320 , flank left: 301 , flank right: 179 , window length: 800
[ChromosomeDataset] CDS length:  291 , flank left: 219 , flank right: 217 , window length: 727
[ChromosomeDataset] CDS length:  [ChromosomeDataset] CDS length: 231  1608, flank left:  , flank left:196  1216, flank right:  , flank right:150  1196, window length:  , window length:577 
4020
[ChromosomeDataset] CDS length:  144 , flank left: 112 , flank right: 104 , window length: 360
[ChromosomeDataset] CDS length:  324 , flank left: 315 , flank right: 171 , window length: 810
[ChromosomeDataset] CDS length:  549 , flank left: 469 , flank right: 354 , window length: 1372
[ChromosomeDataset] CDS length:  452 , flank left: 296 , flank right: 382 , window length: 1130
[ChromosomeDataset] CDS length:  285 , flank left: 218 , flank right: 209 , window length: 712
[ChromosomeDataset] CDS length:  126 , flank left: 98 , flank right: 91 , window length: 315
[ChromosomeDataset] CDS length:  116 , flank left: 61 , flank right: 113 , window length: 290
[ChromosomeDataset] CDS length:  80 , flank left: 51 , flank right: 69 , window length: 200
[ChromosomeDataset] CDS length:  167 , flank left: 87 , flank right: 163 , window length: 417
[ChromosomeDataset] CDS length:  147 , flank left: 138 , flank right: 82 , window length: 367
[ChromosomeDataset] CDS length:  1192 , flank left: 1081 , flank right: 707 , window length: 2980
[ChromosomeDataset] CDS length:  202 , flank left: 175 , flank right: 128 , window length: 505
[ChromosomeDataset] CDS length:  969 , flank left: 730 , flank right: 723 , window length: 2422
[ChromosomeDataset] CDS length:  490 , flank left: 412 , flank right: 323 , window length: 1225
[ChromosomeDataset] CDS length:  113 , flank left: 57 , flank right: 112 , window length: 282
[ChromosomeDataset] CDS length:  214 , flank left: 205 , flank right: 116 , window length: 535
[ChromosomeDataset] CDS length:  197 , flank left: 120 , flank right: 175 , window length: 492
[ChromosomeDataset] CDS length:  306 , flank left: 279 , flank right: 180 , window length: 765
[ChromosomeDataset] CDS length:  142 , flank left: 115 , flank right: 98 , window length: 355
[ChromosomeDataset] CDS length:  576 , flank left: 413 , flank right: 451 , window length: 1440
[ChromosomeDataset] CDS length:  936 , flank left: 874 , flank right: 530 , window length: 2340
[ChromosomeDataset] CDS length:  3215 , flank left: 3170 , flank right: 1652 , window length: 8037
[ChromosomeDataset] CDS length:  189 , flank left: 174 , flank right: 109 , window length: 472
[ChromosomeDataset] CDS length:  144 , flank left: 74 , flank right: 142 , window length: 360
[ChromosomeDataset] CDS length:  3537 , flank left: 3535 , flank right: 1770 , window length: 8842
[ChromosomeDataset] CDS length:  1277 , flank left: 1045 , flank right: 870 , window length: 3192
[ChromosomeDataset] CDS length:  101 , flank left: 51 , flank right: 100 , window length: 252
[ChromosomeDataset] CDS length:  136 , flank left: 82 , flank right: 122 , window length: 340
[ChromosomeDataset] CDS length:  1693 , flank left: 1361 , flank right: 1178 , window length: 4232
[ChromosomeDataset] CDS length:  1590 , flank left: 1378 , flank right: 1007 , window length: 3975
[ChromosomeDataset] CDS length:  1574 , flank left: 1433 , flank right: 928 , window length: 3935
[ChromosomeDataset] CDS length:  147 , flank left: 93 , flank right: 127 , window length: 367
[ChromosomeDataset] CDS length:  199 , flank left: 193 , flank right: 105 , window length: 497
[ChromosomeDataset] CDS length:  225 , flank left: 153 , flank right: 184 , window length: 562
[ChromosomeDataset] CDS length:  126 , flank left: 120 , flank right: 69 , window length: 315
[ChromosomeDataset] CDS length:  1746 , flank left: 1038 , flank right: 1581 , window length: 4365
[ChromosomeDataset] CDS length:  193 , flank left: 145 , flank right: 144 , window length: 482
[ChromosomeDataset] CDS length:  91 , flank left: 61 , flank right: 75 , window length: 227
[ChromosomeDataset] CDS length:  96 , flank left: 68 , flank right: 76 , window length: 240
[ChromosomeDataset] CDS length:  133 , flank left: 89 , flank right: 110 , window length: 332
[ChromosomeDataset] CDS length:  185 , flank left: 125 , flank right: 152 , window length: 462
[ChromosomeDataset] CDS length:  1303 , flank left: 1031 , flank right: 923 , window length: 3257
[ChromosomeDataset] CDS length:  220 , flank left: 188 , flank right: 142 , window length: 550
[ChromosomeDataset] CDS length:  113 , flank left: 66 , flank right: 103 , window length: 282
[ChromosomeDataset] CDS length:  193 , flank left: 121 , flank right: 168 , window length: 482
[ChromosomeDataset] CDS length:  969 , flank left: 539 , flank right: 914 , window length: 2422
[ChromosomeDataset] CDS length:  3045 , flank left: 1967 , flank right: 2600 , window length: 7612
[ChromosomeDataset] CDS length:  1413 , flank left: 879 , flank right: 1240 , window length: 3532
[ChromosomeDataset] CDS length:  127 , flank left: 100 , flank right: 90 , window length: 317
[ChromosomeDataset] CDS length:  139 , flank left: 83 , flank right: 125 , window length: 347
[ChromosomeDataset] CDS length:  207 , flank left: 158 , flank right: 152 , window length: 517
[ChromosomeDataset] CDS length:  2126 , flank left: 1659 , flank right: 1530 , window length: 5315
[ChromosomeDataset] CDS length:  1222 , flank left: 853 , flank right: 980 , window length: 3055
[ChromosomeDataset] CDS length:  178 , flank left: 104 , flank right: 163 , window length: 445
[ChromosomeDataset] CDS length:  68 , flank left: 37 , flank right: 65 , window length: 170
[ChromosomeDataset] CDS length:  199 , flank left: 181 , flank right: 117 , window length: 497
[ChromosomeDataset] CDS length:  120 , flank left: 96 , flank right: 84 , window length: 300
[ChromosomeDataset] CDS length:  117 , flank left: 86 , flank right: 89 , window length: 292
[ChromosomeDataset] CDS length:  12253 , flank left: 6255 , flank right: 12124 , window length: 30632
[ChromosomeDataset] CDS length:  514 , flank left: 452 , flank right: 319 , window length: 1285
[ChromosomeDataset] CDS length:  357 , flank left: 342 , flank right: 193 , window length: 892
[ChromosomeDataset] CDS length:  1796 , flank left: 1096 , flank right: 1598 , window length: 4490
[ChromosomeDataset] CDS length:  4840 , flank left: 3981 , flank right: 3279 , window length: 12100
[ChromosomeDataset] CDS length:  226 , flank left: 122 , flank right: 217 , window length: 565
[ChromosomeDataset] CDS length:  218 , flank left: 198 , flank right: 129 , window length: 545
[ChromosomeDataset] CDS length:  187 , flank left: 148 , flank right: 132 , window length: 467
[ChromosomeDataset] CDS length:  192 , flank left: 188 , flank right: 100 , window length: 480
[ChromosomeDataset] CDS length:  174 , flank left: 149 , flank right: 112 , window length: 435
[ChromosomeDataset] CDS length:  143 , flank left: 131 , flank right: 83 , window length: 357
[ChromosomeDataset] CDS length:  511 , flank left: 421 , flank right: 345 , window length: 1277
[ChromosomeDataset] CDS length:  123 , flank left: 78 , flank right: 106 , window length: 307
[ChromosomeDataset] CDS length:  353 , flank left: 236 , flank right: 293 , window length: 882
[ChromosomeDataset] CDS length:  133 , flank left: 132 , flank right: 67 , window length: 332
[ChromosomeDataset] CDS length:  615 , flank left: 539 , flank right: 383 , window length: 1537
[ChromosomeDataset] CDS length:  112 , flank left: 71 , flank right: 97 , window length: 280
[ChromosomeDataset] CDS length:  419 , flank left: 414 , flank right: 214 , window length: 1047
[ChromosomeDataset] CDS length:  442 , flank left: 249 , flank right: 414 , window length: 1105
[ChromosomeDataset] CDS length:  1026 , flank left: 683 , flank right: 856 , window length: 2565
[ChromosomeDataset] CDS length:  122 , flank left: 102 , flank right: 81 , window length: 305
[ChromosomeDataset] CDS length:  127 , flank left: 89 , flank right: 101 , window length: 317
[ChromosomeDataset] CDS length:  76 , flank left: 57 , flank right: 57 , window length: 190
[ChromosomeDataset] CDS length:  144 , flank left: 122 , flank right: 94 , window length: 360
[ChromosomeDataset] CDS length:  1095 , flank left: 815 , flank right: 827 , window length: 2737
[ChromosomeDataset] CDS length:  356 , flank left: 270 , flank right: 264 , window length: 890
[ChromosomeDataset] CDS length:  151 , flank left: 84 , flank right: 142 , window length: 377
[ChromosomeDataset] CDS length:  81 , flank left: 50 , flank right: 71 , window length: 202
[ChromosomeDataset] CDS length:  124 , flank left: 118 , flank right: 68 , window length: 310
[ChromosomeDataset] CDS length:  279 , flank left: 168 , flank right: 250 , window length: 697
[ChromosomeDataset] CDS length:  160 , flank left: 146 , flank right: 94 , window length: 400
[ChromosomeDataset] CDS length:  523 , flank left: 403 , flank right: 381 , window length: 1307
[ChromosomeDataset] CDS length:  159 , flank left: 149 , flank right: 89 , window length: 397
[ChromosomeDataset] CDS length:  88 , flank left: 51 , flank right: 81 , window length: 220
[ChromosomeDataset] CDS length:  110 , flank left: 66 , flank right: 99 , window length: 275
[ChromosomeDataset] CDS length:  206 , flank left: 167 , flank right: 142 , window length: 515
[ChromosomeDataset] CDS length:  81 , flank left: 45 , flank right: 76 , window length: 202
[ChromosomeDataset] CDS length:  102 , flank left: 96 , flank right: 57 , window length: 255
[ChromosomeDataset] CDS length:  1229 , flank left: 626 , flank right: 1217 , window length: 3072
[ChromosomeDataset] CDS length:  220 , flank left: 120 , flank right: 210 , window length: 550
[ChromosomeDataset] CDS length:  256 , flank left: 204 , flank right: 180 , window length: 640
[ChromosomeDataset] CDS length:  69 , flank left: 50 , flank right: 53 , window length: 172
[ChromosomeDataset] CDS length:  402 , flank left: 345 , flank right: 258 , window length: 1005
[ChromosomeDataset] CDS length:  165 , flank left: 121 , flank right: 126 , window length: 412
[ChromosomeDataset] CDS length:  218 , flank left: 205 , flank right: 122 , window length: 545
[ChromosomeDataset] CDS length:  2814 , flank left: 2046 , flank right: 2175 , window length: 7035
[ChromosomeDataset] CDS length:  200 , flank left: 137 , flank right: 163 , window length: 500
[ChromosomeDataset] CDS length:  241 , flank left: 232 , flank right: 129 , window length: 602
[ChromosomeDataset] CDS length:  312 , flank left: 295 , flank right: 173 , window length: 780
[ChromosomeDataset] CDS length:  157 , flank left: 138 , flank right: 97 , window length: 392
[ChromosomeDataset] CDS length:  2321 , flank left: 1466 , flank right: 2015 , window length: 5802
[ChromosomeDataset] CDS length:  174 , flank left: 132 , flank right: 129 , window length: 435
[ChromosomeDataset] CDS length:  99 , flank left: 75 , flank right: 73 , window length: 247
[ChromosomeDataset] CDS length:  107 , flank left: 70 , flank right: 90 , window length: 267
[ChromosomeDataset] CDS length:  170 , flank left: 141 , flank right: 114 , window length: 425
[ChromosomeDataset] CDS length:  933 , flank left: 918 , flank right: 481 , window length: 2332
[ChromosomeDataset] CDS length:  1911 , flank left: 1624 , flank right: 1242 , window length: 4777
[ChromosomeDataset] CDS length:  263 , flank left: 225 , flank right: 169 , window length: 657
[ChromosomeDataset] CDS length:  172 , flank left: 116 , flank right: 142 , window length: 430
[ChromosomeDataset] CDS length:  108 , flank left: 61 , flank right: 101 , window length: 270
[ChromosomeDataset] CDS length: [ChromosomeDataset] CDS length:   971574  , flank left:, flank left:  511465  , flank right:, flank right:  94896  , window length:, window length:  2423935

[ChromosomeDataset] CDS length:  195 , flank left: 192 , flank right: 100 , window length: 487
[ChromosomeDataset] CDS length:  165 , flank left: 108 , flank right: 139 , window length: 412
[ChromosomeDataset] CDS length:  55 , flank left: 31 , flank right: 51 , window length: 137
[ChromosomeDataset] CDS length:  1146 , flank left: 874 , flank right: 845 , window length: 2865
[ChromosomeDataset] CDS length:  145 , flank left: 77 , flank right: 140 , window length: 362
[ChromosomeDataset] CDS length:  181 , flank left: 138 , flank right: 133 , window length: 452
[ChromosomeDataset] CDS length:  193 , flank left: 124 , flank right: 165 , window length: 482
[ChromosomeDataset] CDS length:  69 , flank left: 65 , flank right: 38 , window length: 172
[ChromosomeDataset] CDS length:  786 , flank left: 777 , flank right: 402 , window length: 1965
[ChromosomeDataset] CDS length:  71 , flank left: 56 , flank right: 50 , window length: 177
[ChromosomeDataset] CDS length:  146 , flank left: 112 , flank right: 107 , window length: 365
[ChromosomeDataset] CDS length:  2220 , flank left: 1807 , flank right: 1523 , window length: 5550
[ChromosomeDataset] CDS length:  516 , flank left: 346 , flank right: 428 , window length: 1290
[ChromosomeDataset] CDS length:  1059 , flank left: 770 , flank right: 818 , window length: 2647
[ChromosomeDataset] CDS length:  930 , flank left: 890 , flank right: 505 , window length: 2325
[ChromosomeDataset] CDS length:  861 , flank left: 641 , flank right: 650 , window length: 2152
[ChromosomeDataset] CDS length:  135 , flank left: 74 , flank right: 128 , window length: 337
[ChromosomeDataset] CDS length:  960 , flank left: 889 , flank right: 551 , window length: 2400
[ChromosomeDataset] CDS length:  2670 , flank left: 1346 , flank right: 2659 , window length: 6675
[ChromosomeDataset] CDS length:  467 , flank left: 427 , flank right: 273 , window length: 1167
[ChromosomeDataset] CDS length:  129 , flank left: 122 , flank right: 71 , window length: 322
[ChromosomeDataset] CDS length:  1755 , flank left: 1374 , flank right: 1258 , window length: 4387
[ChromosomeDataset] CDS length:  205 , flank left: 146 , flank right: 161 , window length: 512
[ChromosomeDataset] CDS length:  171 , flank left: 110 , flank right: 146 , window length: 427
[ChromosomeDataset] CDS length:  91 , flank left: 81 , flank right: 55 , window length: 227
[ChromosomeDataset] CDS length:  889 , flank left: 546 , flank right: 787 , window length: 2222
[ChromosomeDataset] CDS length:  79 , flank left: 73 , flank right: 45 , window length: 197
[ChromosomeDataset] CDS length:  170 , flank left: 93 , flank right: 162 , window length: 425
[ChromosomeDataset] CDS length:  785 , flank left: 520 , flank right: 657 , window length: 1962
[ChromosomeDataset] CDS length:  159 , flank left: 132 , flank right: 106 , window length: 397
[ChromosomeDataset] CDS length:  661 , flank left: 365 , flank right: 626 , window length: 1652
[ChromosomeDataset] CDS length:  104 , flank left: 64 , flank right: 92 , window length: 260
[ChromosomeDataset] CDS length:  102 , flank left: 82 , flank right: 71 , window length: 255
[ChromosomeDataset] CDS length:  129 , flank left: 73 , flank right: 120 , window length: 322
[ChromosomeDataset] CDS length:  356 , flank left: 318 , flank right: 216 , window length: 890
[ChromosomeDataset] CDS length:  127 , flank left: 126 , flank right: 64 , window length: 317
[ChromosomeDataset] CDS length:  5189 , flank left: 4456 , flank right: 3327 , window length: 12972
[ChromosomeDataset] CDS length:  221 , flank left: 137 , flank right: 194 , window length: 552
[ChromosomeDataset] CDS length:  343 , flank left: 305 , flank right: 209 , window length: 857
[ChromosomeDataset] CDS length:  1068 , flank left: 926 , flank right: 676 , window length: 2670
[ChromosomeDataset] CDS length:  141 , flank left: 140 , flank right: 71 , window length: 352
[ChromosomeDataset] CDS length:  1192 , flank left: 1101 , flank right: 687 , window length: 2980
[ChromosomeDataset] CDS length:  602 , flank left: 553 , flank right: 350 , window length: 1505
[ChromosomeDataset] CDS length:  210 , flank left: 129 , flank right: 186 , window length: 525
[ChromosomeDataset] CDS length:  147 , flank left: 104 , flank right: 116 , window length: 367
[ChromosomeDataset] CDS length:  144 , flank left: 127 , flank right: 89 , window length: 360
[ChromosomeDataset] CDS length:  51 , flank left: 40 , flank right: 36 , window length: 127
[ChromosomeDataset] CDS length:  82 , flank left: 67 , flank right: 56 , window length: 205
[ChromosomeDataset] CDS length:  158 , flank left: 117 , flank right: 120 , window length: 395
[ChromosomeDataset] CDS length:  176 , flank left: 170 , flank right: 94 , window length: 440
[ChromosomeDataset] CDS length:  192 , flank left: 114 , flank right: 174 , window length: 480
[ChromosomeDataset] CDS length:  292 , flank left: 158 , flank right: 280 , window length: 730
[ChromosomeDataset] CDS length:  173 , flank left: 144 , flank right: 115 , window length: 432
[ChromosomeDataset] CDS length:  556 , flank left: 548 , flank right: 286 , window length: 1390
[ChromosomeDataset] CDS length:  4917 , flank left: 4176 , flank right: 3199 , window length: 12292
[ChromosomeDataset] CDS length:  1056 , flank left: 962 , flank right: 622 , window length: 2640
[ChromosomeDataset] CDS length:  761 , flank left: 574 , flank right: 567 , window length: 1902
[ChromosomeDataset] CDS length:  95 , flank left: 95 , flank right: 47 , window length: 237
[ChromosomeDataset] CDS length:  248 , flank left: 133 , flank right: 239 , window length: 620
[ChromosomeDataset] CDS length:  142 , flank left: 72 , flank right: 141 , window length: 355
[ChromosomeDataset] CDS length:  299 , flank left: 266 , flank right: 182 , window length: 747
[ChromosomeDataset] CDS length:  191 , flank left: 168 , flank right: 118 , window length: 477
[ChromosomeDataset] CDS length:  927 , flank left: 637 , flank right: 753 , window length: 2317
[ChromosomeDataset] CDS length:  151 , flank left: 142 , flank right: 84 , window length: 377
[ChromosomeDataset] CDS length:  218 , flank left: 134 , flank right: 193 , window length: 545
[ChromosomeDataset] CDS length:  135 , flank left: 93 , flank right: 109 , window length: 337
[ChromosomeDataset] CDS length:  111 , flank left: 92 , flank right: 74 , window length: 277
[ChromosomeDataset] CDS length:  158 , flank left: 81 , flank right: 156 , window length: 395
[ChromosomeDataset] CDS length:  138 , flank left: 70 , flank right: 137 , window length: 345
[ChromosomeDataset] CDS length:  971 , flank left: 533 , flank right: 923 , window length: 2427
[ChromosomeDataset] CDS length:  185 , flank left: 150 , flank right: 127 , window length: 462
[ChromosomeDataset] CDS length:  2421 , flank left: 1397 , flank right: 2234 , window length: 6052
[ChromosomeDataset] CDS length:  328 , flank left: 207 , flank right: 285 , window length: 820
[ChromosomeDataset] CDS length:  129 , flank left: 112 , flank right: 81 , window length: 322
[ChromosomeDataset] CDS length:  164 , flank left: 113 , flank right: 133 , window length: 410
[ChromosomeDataset] CDS length:  1211 , flank left: 919 , flank right: 897 , window length: 3027
[ChromosomeDataset] CDS length:  119 , flank left: 66 , flank right: 112 , window length: 297
[ChromosomeDataset] CDS length:  63 , flank left: 62 , flank right: 32 , window length: 157
[ChromosomeDataset] CDS length:  117 , flank left: 74 , flank right: 101 , window length: 292
[ChromosomeDataset] CDS length:  169 , flank left: 87 , flank right: 166 , window length: 422
[ChromosomeDataset] CDS length:  594 , flank left: 411 , flank right: 480 , window length: 1485
[ChromosomeDataset] CDS length:  1122 , flank left: 598 , flank right: 1085 , window length: 2805
[ChromosomeDataset] CDS length:  31 , flank left: 23 , flank right: 23 , window length: 77
[ChromosomeDataset] CDS length:  234 , flank left: 191 , flank right: 160 , window length: 585
[ChromosomeDataset] CDS length:  126 , flank left: 123 , flank right: 66 , window length: 315
[ChromosomeDataset] CDS length:  527 , flank left: 490 , flank right: 300 , window length: 1317
[ChromosomeDataset] CDS length:  6571 , flank left: 5403 , flank right: 4453 , window length: 16427
[ChromosomeDataset] CDS length:  245 , flank left: 199 , flank right: 168 , window length: 612
[ChromosomeDataset] CDS length:  1790 , flank left: 1778 , flank right: 907 , window length: 4475
[ChromosomeDataset] CDS length:  1902 , flank left: 1348 , flank right: 1505 , window length: 4755
[ChromosomeDataset] CDS length:  377 , flank left: 338 , flank right: 227 , window length: 942
[ChromosomeDataset] CDS length:  39 , flank left: 20 , flank right: 38 , window length: 97
[ChromosomeDataset] CDS length:  196 , flank left: 131 , flank right: 163 , window length: 490
[ChromosomeDataset] CDS length:  413 , flank left: 280 , flank right: 339 , window length: 1032
[ChromosomeDataset] CDS length:  491 , flank left: 272 , flank right: 464 , window length: 1227
[ChromosomeDataset] CDS length:  153 , flank left: 108 , flank right: 121 , window length: 382
[ChromosomeDataset] CDS length:  1734 , flank left: 1363 , flank right: 1238 , window length: 4335
[ChromosomeDataset] CDS length:  702 , flank left: 660 , flank right: 393 , window length: 1755
[ChromosomeDataset] CDS length:  168 , flank left: 140 , flank right: 112 , window length: 420
[ChromosomeDataset] CDS length:  110 , flank left: 77 , flank right: 88 , window length: 275
[ChromosomeDataset] CDS length:  201 , flank left: 145 , flank right: 156 , window length: 502
[ChromosomeDataset] CDS length:  371 , flank left: 216 , flank right: 340 , window length: 927
[ChromosomeDataset] CDS length:  148 , flank left: 102 , flank right: 120 , window length: 370
[ChromosomeDataset] CDS length:  210 , flank left: 186 , flank right: 129 , window length: 525
[ChromosomeDataset] CDS length:  170 , flank left: 125 , flank right: 130 , window length: 425
[ChromosomeDataset] CDS length:  78 , flank left: 67 , flank right: 50 , window length: 195
[ChromosomeDataset] CDS length:  336 , flank left: 310 , flank right: 194 , window length: 840
[ChromosomeDataset] CDS length:  209 , flank left: 134 , flank right: 179 , window length: 522
[ChromosomeDataset] CDS length:  238 , flank left: 177 , flank right: 180 , window length: 595
[ChromosomeDataset] CDS length:  2271 , flank left: 2271 , flank right: 1135 , window length: 5677
[ChromosomeDataset] CDS length:  276 , flank left: 148 , flank right: 266 , window length: 690
[ChromosomeDataset] CDS length:  120 , flank left: 63 , flank right: 117 , window length: 300
[ChromosomeDataset] CDS length:  177 , flank left: 161 , flank right: 104 , window length: 442
[ChromosomeDataset] CDS length:  161 , flank left: 152 , flank right: 89 , window length: 402
[ChromosomeDataset] CDS length:  344 , flank left: 232 , flank right: 284 , window length: 860
[ChromosomeDataset] CDS length:  184 , flank left: 102 , flank right: 174 , window length: 460
[ChromosomeDataset] CDS length:  120 , flank left: 88 , flank right: 92 , window length: 300
[ChromosomeDataset] CDS length:  39 , flank left: 26 , flank right: 32 , window length: 97
[ChromosomeDataset] CDS length:  1853 , flank left: 1805 , flank right: 974 , window length: 4632
[ChromosomeDataset] CDS length:  207 , flank left: 129 , flank right: 181 , window length: 517
[ChromosomeDataset] CDS length:  237 , flank left: 199 , flank right: 156 , window length: 592
[ChromosomeDataset] CDS length:  217 , flank left: 143 , flank right: 182 , window length: 542
[ChromosomeDataset] CDS length:  165 , flank left: 119 , flank right: 128 , window length: 412
[ChromosomeDataset] CDS length:  152 , flank left: 98 , flank right: 130 , window length: 380
[ChromosomeDataset] CDS length:  96 , flank left: 52 , flank right: 92 , window length: 240
[ChromosomeDataset] CDS length:  5002 , flank left: 3233 , flank right: 4270 , window length: 12505
[ChromosomeDataset] CDS length:  150 , flank left: 101 , flank right: 124 , window length: 375
[ChromosomeDataset] CDS length:  1923 , flank left: 1158 , flank right: 1726 , window length: 4807
[ChromosomeDataset] CDS length:  1037 , flank left: 817 , flank right: 738 , window length: 2592
[ChromosomeDataset] CDS length:  809 , flank left: 720 , flank right: 493 , window length: 2022
[ChromosomeDataset] CDS length:  82 , flank left: 48 , flank right: 75 , window length: 205
[ChromosomeDataset] CDS length:  314 , flank left: 213 , flank right: 258 , window length: 785
[ChromosomeDataset] CDS length:  133 , flank left: 84 , flank right: 115 , window length: 332
[ChromosomeDataset] CDS length:  153 , flank left: 105 , flank right: 124 , window length: 382
[ChromosomeDataset] CDS length:  2501 , flank left: 1464 , flank right: 2287 , window length: 6252
[ChromosomeDataset] CDS length:  528 , flank left: 518 , flank right: 274 , window length: 1320
[ChromosomeDataset] CDS length:  113 , flank left: 90 , flank right: 79 , window length: 282
[ChromosomeDataset] CDS length:  571 , flank left: 363 , flank right: 493 , window length: 1427
[ChromosomeDataset] CDS length:  373 , flank left: 323 , flank right: 236 , window length: 932
[ChromosomeDataset] CDS length:  235 , flank left: 143 , flank right: 209 , window length: 587
[ChromosomeDataset] CDS length:  140 , flank left: 123 , flank right: 87 , window length: 350
[ChromosomeDataset] CDS length:  109 , flank left: 95 , flank right: 68 , window length: 272
[ChromosomeDataset] CDS length:  244 , flank left: 240 , flank right: 126 , window length: 610
[ChromosomeDataset] CDS length:  271 , flank left: 233 , flank right: 173 , window length: 677
[ChromosomeDataset] CDS length:  354 , flank left: 305 , flank right: 226 , window length: 885
[ChromosomeDataset] CDS length:  178 , flank left: 102 , flank right: 165 , window length: 445
[ChromosomeDataset] CDS length:  299 , flank left: 207 , flank right: 241 , window length: 747
[ChromosomeDataset] CDS length:  84 , flank left: 63 , flank right: 63 , window length: 210
[ChromosomeDataset] CDS length:  219 , flank left: 119 , flank right: 209 , window length: 547
[ChromosomeDataset] CDS length:  236 , flank left: 227 , flank right: 127 , window length: 590
[ChromosomeDataset] CDS length:  1184 , flank left: 1167 , flank right: 609 , window length: 2960
[ChromosomeDataset] CDS length:  148 , flank left: 124 , flank right: 98 , window length: 370
[ChromosomeDataset] CDS length:  138 , flank left: 106 , flank right: 101 , window length: 345
[ChromosomeDataset] CDS length:  393 , flank left: 259 , flank right: 330 , window length: 982
[ChromosomeDataset] CDS length:  144 , flank left: 118 , flank right: 98 , window length: 360
[ChromosomeDataset] CDS length:  83 , flank left: 43 , flank right: 81 , window length: 207
[ChromosomeDataset] CDS length:  119 , flank left: 82 , flank right: 96 , window length: 297
[ChromosomeDataset] CDS length:  88 , flank left: 71 , flank right: 61 , window length: 220
[ChromosomeDataset] CDS length:  191 , flank left: 137 , flank right: 149 , window length: 477
[ChromosomeDataset] CDS length:  2838 , flank left: 2110 , flank right: 2147 , window length: 7095
[ChromosomeDataset] CDS length:  146 , flank left: 83 , flank right: 136 , window length: 365
[ChromosomeDataset] CDS length:  896 , flank left: 849 , flank right: 495 , window length: 2240
[ChromosomeDataset] CDS length:  682 , flank left: 350 , flank right: 673 , window length: 1705
[ChromosomeDataset] CDS length:  108 , flank left: 106 , flank right: 56 , window length: 270
[ChromosomeDataset] CDS length:  1600 , flank left: 1312 , flank right: 1088 , window length: 4000
[ChromosomeDataset] CDS length:  1194 , flank left: 733 , flank right: 1058 , window length: 2985
[ChromosomeDataset] CDS length:  81 , flank left: 66 , flank right: 55 , window length: 202
[ChromosomeDataset] CDS length:  182 , flank left: 126 , flank right: 147 , window length: 455
[ChromosomeDataset] CDS length:  1750 , flank left: 1585 , flank right: 1040 , window length: 4375
[ChromosomeDataset] CDS length:  165 , flank left: 158 , flank right: 89 , window length: 412
[ChromosomeDataset] CDS length:  3503 , flank left: 2766 , flank right: 2488 , window length: 8757
[ChromosomeDataset] CDS length:  70 , flank left: 68 , flank right: 37 , window length: 175
[ChromosomeDataset] CDS length:  3093 , flank left: 1744 , flank right: 2895 , window length: 7732
[ChromosomeDataset] CDS length:  147 , flank left: 103 , flank right: 117 , window length: 367
[ChromosomeDataset] CDS length:  90 , flank left: 46 , flank right: 89 , window length: 225
[ChromosomeDataset] CDS length:  708 , flank left: 636 , flank right: 426 , window length: 1770
[ChromosomeDataset] CDS length:  286 , flank left: 174 , flank right: 255 , window length: 715
{'loss': 7.6366, 'learning_rate': 2.9166666666666666e-05, 'epoch': 0.0}
[ChromosomeDataset] CDS length:  354 , flank left: 199 , flank right: 332 , window length: 885
[ChromosomeDataset] CDS length:  130 , flank left: 85 , flank right: 110 , window length: 325
[ChromosomeDataset] CDS length:  606 , flank left: 308 , flank right: 601 , window length: 1515
[ChromosomeDataset] CDS length:  86 , flank left: 65 , flank right: 64 [ChromosomeDataset] CDS length: , window length:  1835215 
, flank left: 933 , flank right: 1819 , window length: 4587
[ChromosomeDataset] CDS length:  21 , flank left: 21 , flank right: 10 , window length: 52
[ChromosomeDataset] CDS length:  114 , flank left: 85 , flank right: 86 , window length: 285
[ChromosomeDataset] CDS length:  176 , flank left: 125 , flank right: 139 , window length: 440
[ChromosomeDataset] CDS length:  360 , flank left: 277 , flank right: 263 , window length: 900
[ChromosomeDataset] CDS length:  113 , flank left: 60 , flank right: 109 , window length: 282
[ChromosomeDataset] CDS length:  153 , flank left: 153[ChromosomeDataset] CDS length:   , flank right:171  76, flank left:  , window length:105  382, flank right:
 151 , window length: 427
[ChromosomeDataset] CDS length:  124 , flank left:[ChromosomeDataset] CDS length:   115113  , flank right:, flank left:  7170  , window length:, flank right:  31099
 , window length: 282
[ChromosomeDataset] CDS length:  107 , flank left: 81 , flank right: 79 , window length: [ChromosomeDataset] CDS length: 267 
155 , flank left: 128 , flank right: 104 , window length: 387
[ChromosomeDataset] CDS length:  155 , flank left: 124 , flank right: 108 , window length: 387
[ChromosomeDataset] CDS length:  132 , flank left: 84 , flank right: [ChromosomeDataset] CDS length: 114  378, window length:  , flank left:330 
294 , flank right: 273 , window length: 945
[ChromosomeDataset] CDS length:  645 , flank left: 390 , flank right: 577 , window length:[ChromosomeDataset] CDS length:   1612504
 , flank left: 481 , flank right: 275 , window length: 1260
[ChromosomeDataset] CDS length:  1033 , flank left: 578 , flank right: 971 , window length: 2582
[ChromosomeDataset] CDS length:  418 , flank left: 263 , flank right: 364 , window length: 1045
[ChromosomeDataset] CDS length:  1934 , flank left: 1173 , flank right: 1728 , window length: 4835
[ChromosomeDataset] CDS length:  46 , flank left: 35 , flank right: 34 , window length: 115
[ChromosomeDataset] CDS length:  576 , flank left: 508 , flank right: 356 , window length: 1440
[ChromosomeDataset] CDS length:  516 , flank left: 376 , flank right: 398 , window length: 1290
[ChromosomeDataset] CDS length:  144 , flank left: 106 , flank right: 110 , window length: 360
[ChromosomeDataset] CDS length:  170 , flank left: 105 , flank right: 150 , window length: 425
[ChromosomeDataset] CDS length:  59 , flank left: 30 , flank right: 58 , window length: 147
[ChromosomeDataset] CDS length:  632 , flank left: 533 , flank right: 415 , window length: 1580
[ChromosomeDataset] CDS length:  30 , flank left: 18 , flank right: 27 , window length: 75
[ChromosomeDataset] CDS length:  1532 , flank left: 799 , flank right: 1499 , window length: 3830
[ChromosomeDataset] CDS length:  366 , flank left: 303 , flank right: 246 , window length: 915
[ChromosomeDataset] CDS length:  155 , flank left: 106 , flank right: 126 , window length: 387
[ChromosomeDataset] CDS length:  54 , flank left: 40 , flank right: 41 , window length: 135
[ChromosomeDataset] CDS length:  242 , flank left: 122 , flank right: 241 , window length: 605
[ChromosomeDataset] CDS length:  823 , flank left: 728 , flank right: 506 , window length: 2057
[ChromosomeDataset] CDS length:  177 , flank left: 143 , flank right: 122 , window length: 442
[ChromosomeDataset] CDS length:  97 , flank left: 51 , flank right: 94 , window length: 242
[ChromosomeDataset] CDS length:  670 , flank left: 598 , flank right: 407 , window length: 1675
[ChromosomeDataset] CDS length:  1865 , flank left: 1623 , flank right: 1174 , window length: 4662
[ChromosomeDataset] CDS length:  140 , flank left: 78 , flank right: 132 , window length: 350
[ChromosomeDataset] CDS length:  717 , flank left: 505 , flank right: 570 , window length: 1792
[ChromosomeDataset] CDS length:  122 , flank left: 78 , flank right: 105 , window length: 305
[ChromosomeDataset] CDS length:  156 , flank left: 107 , flank right: 127 , window length: 390
[ChromosomeDataset] CDS length:  1812 , flank left: 1604 , flank right: 1114 , window length: 4530
[ChromosomeDataset] CDS length:  817 , flank left: 431 , flank right: 794 , window length: 2042
[ChromosomeDataset] CDS length:  164 , flank left: 142 , flank right: 104 , window length: 410
[ChromosomeDataset] CDS length:  131 , flank left: 67 , flank right: 129 , window length: 327
[ChromosomeDataset] CDS length:  98 , flank left: 52 , flank right: 95 , window length: 245
[ChromosomeDataset] CDS length:  320 , flank left: 208 , flank right: 272 , window length: 800
[ChromosomeDataset] CDS length:  171 , flank left: 102 , flank right: 154 , window length: 427
[ChromosomeDataset] CDS length:  571 , flank left: 550 , flank right: 306 , window length: 1427
[ChromosomeDataset] CDS length:  154 , flank left: 104 , flank right: 127 , window length: 385
[ChromosomeDataset] CDS length:  174 , flank left: 123 , flank right: 138 , window length: 435
[ChromosomeDataset] CDS length:  207 , flank left: 147 , flank right: 163 , window length: 517
[ChromosomeDataset] CDS length:  98 , flank left: 72 , flank right: 75 , window length: 245
[ChromosomeDataset] CDS length:  49 , flank left: 30 , flank right: 43 , window length: 122
[ChromosomeDataset] CDS length:  199 , flank left: 102 , flank right: 196 , window length: 497
[ChromosomeDataset] CDS length:  130 , flank left: 70 , flank right: 125 , window length: 325
[ChromosomeDataset] CDS length:  205 , flank left: 130 , flank right: 177 , window length: 512
[ChromosomeDataset] CDS length:  955 , flank left: 654 , flank right: 778 , window length: 2387
[ChromosomeDataset] CDS length:  150 , flank left: 92 , flank right: 133 , window length: 375
[ChromosomeDataset] CDS length:  108 , flank left: 76 , flank right: 86 , window length: 270
[ChromosomeDataset] CDS length:  75 , flank left: 71 , flank right: 41 , window length: 187
[ChromosomeDataset] CDS length:  139 , flank left: 135 , flank right: 73 , window length: 347
[ChromosomeDataset] CDS length:  330 , flank left: 189 , flank right: 306 , window length: 825
[ChromosomeDataset] CDS length:  147 , flank left: 107 , flank right: 113 , window length: 367
[ChromosomeDataset] CDS length:  1128 , flank left: 602 , flank right: 1090 , window length: 2820
[ChromosomeDataset] CDS length:  250 , flank left: 148 , flank right: 227 , window length: 625
[ChromosomeDataset] CDS length:  146 , flank left: 145 , flank right: 74 , window length: 365
[ChromosomeDataset] CDS length:  74 , flank left: 57 , flank right: 54 , window length: 185
[ChromosomeDataset] CDS length:  84 , flank left: 75 , flank right: 51 , window length: 210
[ChromosomeDataset] CDS length:  15790 , flank left: 10589 , flank right: 13096 , window length: 39475
[ChromosomeDataset] CDS length:  1577 , flank left: 1104 , flank right: 1261 , window length: 3942
[ChromosomeDataset] CDS length:  353 , flank left: 256 , flank right: 273 , window length: 882
[ChromosomeDataset] CDS length:  63 , flank left: 34 , flank right: 60 , window length: 157
[ChromosomeDataset] CDS length:  183 , flank left: 126 , flank right: 148 , window length: 457
[ChromosomeDataset] CDS length:  141 , flank left: 74 , flank right: 137 , window length: 352
[ChromosomeDataset] CDS length:  232 , flank left: 127 , flank right: 221 , window length: 580
[ChromosomeDataset] CDS length:  101 , flank left: 88 , flank right: 63 , window length: 252
[ChromosomeDataset] CDS length:  218 , flank left: 167 , flank right: 160 , window length: 545
[ChromosomeDataset] CDS length:  1139 , flank left: 627 , flank right: 1081 , window length: 2847
[ChromosomeDataset] CDS length:  105 , flank left: 99 , flank right: 58 , window length: 262
[ChromosomeDataset] CDS length:  151 , flank left: 151 , flank right: 75 , window length: 377
[ChromosomeDataset] CDS length:  383 , flank left: 299 , flank right: 275 , window length: 957
[ChromosomeDataset] CDS length:  1950 , flank left: 1330 , flank right: 1595 , window length: 4875
[ChromosomeDataset] CDS length:  125 , flank left: 122 , flank right: 65 , window length: 312
[ChromosomeDataset] CDS length:  356 , flank left: 350 , flank right: 184 , window length: 890
[ChromosomeDataset] CDS length:  939 , flank left: 821 , flank right: 587 , window length: 2347
[ChromosomeDataset] CDS length:  79 , flank left: 50 , flank right: 68 , window length: 197
[ChromosomeDataset] CDS length:  184 , flank left: 130 , flank right: 146 , window length: 460
[ChromosomeDataset] CDS length:  164 , flank left: 144 , flank right: 102 , window length: 410
[ChromosomeDataset] CDS length:  207 , flank left: 197 , flank right: 113 , window length: 517
[ChromosomeDataset] CDS length:  186 , flank left: 158 , flank right: 121 , window length: 465
[ChromosomeDataset] CDS length:  172 , flank left: 138 , flank right: 120 , window length: 430
[ChromosomeDataset] CDS length:  225 , flank left: 168 , flank right: 169 , window length: 562
[ChromosomeDataset] CDS length:  205 , flank left: 137 , flank right: 170 , window length: 512
[ChromosomeDataset] CDS length:  127 , flank left: 122 , flank right: 68 , window length: 317
[ChromosomeDataset] CDS length:  193 , flank left: 135 , flank right: 154 , window length: 482
[ChromosomeDataset] CDS length:  116 , flank left: 76 , flank right: 98 , window length: 290
[ChromosomeDataset] CDS length:  193 , flank left: 150 , flank right: 139 , window length: 482
[ChromosomeDataset] CDS length:  95 , flank left: 65 , flank right: 77 , window length: 237
[ChromosomeDataset] CDS length:  220 , flank left: 153 , flank right: 177 , window length: 550
[ChromosomeDataset] CDS length:  66 , flank left: 52 , flank right: 47 , window length: 165
[ChromosomeDataset] CDS length:  915 , flank left: 869 , flank right: 503 , window length: 2287
[ChromosomeDataset] CDS length:  233 , flank left: 136 , flank right: 213 , window length: 582
[ChromosomeDataset] CDS length:  141 , flank left: 94 , flank right: 117 , window length: 352
[ChromosomeDataset] CDS length:  663 , flank left: 449 , flank right: 545 , window length: 1657
[ChromosomeDataset] CDS length:  253 , flank left: 146 , flank right: 233 , window length: 632
[ChromosomeDataset] CDS length:  197 , flank left: 126 , flank right: 169 , window length: 492
[ChromosomeDataset] CDS length:  332 , flank left: 201 , flank right: 297 , window length: 830
[ChromosomeDataset] CDS length:  177 , flank left: 109 , flank right: 156 , window length: 442
[ChromosomeDataset] CDS length:  817 , flank left: 518 , flank right: 707 , window length: 2042
[ChromosomeDataset] CDS length:  135 , flank left: 112 , flank right: 90 , window length: 337
[ChromosomeDataset] CDS length:  94 , flank left: 54 , flank right: 87 , window length: 235
[ChromosomeDataset] CDS length:  322 , flank left: 321 , flank right: 162 , window length: 805
[ChromosomeDataset] CDS length:  70 , flank left: 59 , flank right: 46 , window length: 175
[ChromosomeDataset] CDS length:  52 , flank left: 33 , flank right: 45 , window length: 130
[ChromosomeDataset] CDS length:  84 , flank left: 73 , flank right: 53 , window length: 210
[ChromosomeDataset] CDS length:  192 , flank left: 183 , flank right: 105 , window length: 480
[ChromosomeDataset] CDS length:  114 , flank left: 79 , flank right: 92 , window length: 285
[ChromosomeDataset] CDS length:  1682 , flank left: 1353 , flank right: 1170 , window length: 4205
[ChromosomeDataset] CDS length:  71 , flank left: 49 , flank right: 57 , window length: 177
[ChromosomeDataset] CDS length:  148 , flank left: 86 , flank right: 136 , window length: 370
[ChromosomeDataset] CDS length:  185 , flank left: 109 , flank right: 168 , window length: 462
[ChromosomeDataset] CDS length:  389 , flank left: 240 , flank right: 343 , window length: 972
[ChromosomeDataset] CDS length:  298 , flank left: 252 , flank right: 195 , window length: 745
[ChromosomeDataset] CDS length:  140 , flank left: 74 , flank right: 136 , window length: 350
[ChromosomeDataset] CDS length:  168 , flank left: 91 , flank right: 161 , window length: 420
[ChromosomeDataset] CDS length:  701 , flank left: 511 , flank right: 540 , window length: 1752
[ChromosomeDataset] CDS length:  1172 , flank left: 806 , flank right: 952 , window length: 2930
[ChromosomeDataset] CDS length:  199 , flank left: 186 , flank right: 112 , window length: 497
[ChromosomeDataset] CDS length:  73 , flank left: 38 , flank right: 71 , window length: 182
[ChromosomeDataset] CDS length:  156 , flank left: 156 , flank right: 78 , window length: 390
[ChromosomeDataset] CDS length:  143 , flank left: 102 , flank right: 112 , window length: 357
[ChromosomeDataset] CDS length:  95 , flank left: 72 , flank right: 70 , window length: 237
[ChromosomeDataset] CDS length:  926 , flank left: 757 , flank right: 632 , window length: 2315
[ChromosomeDataset] CDS length:  345 , flank left: 242 , flank right: 275 , window length: 862
[ChromosomeDataset] CDS length:  486 , flank left: 333 , flank right: 396 , window length: 1215
[ChromosomeDataset] CDS length:  132 , flank left: 86 , flank right: 112 , window length: 330
[ChromosomeDataset] CDS length:  683 , flank left: 343 , flank right: 681 , window length: 1707
[ChromosomeDataset] CDS length:  966 , flank left: 801 , flank right: 648 , window length: 2415
[ChromosomeDataset] CDS length:  139 , flank left: 108 , flank right: 100 , window length: 347
[ChromosomeDataset] CDS length:  129 , flank left: 70 , flank right: 123 , window length: 322
[ChromosomeDataset] CDS length:  123 , flank left: 70 , flank right: 114 , window length: 307
[ChromosomeDataset] CDS length:  427 , flank left: 358 , flank right: 282 , window length: 1067
[ChromosomeDataset] CDS length:  609 , flank left: 351 , flank right: 562 , window length: 1522
[ChromosomeDataset] CDS length:  195 , flank left: 191 , flank right: 101 , window length: 487
[ChromosomeDataset] CDS length:  167 , flank left: 166 , flank right: 84 , window length: 417
[ChromosomeDataset] CDS length:  57 , flank left: 51 , flank right: 34 , window length: 142
[ChromosomeDataset] CDS length:  76 , flank left: 69 , flank right: 45 , window length: 190
[ChromosomeDataset] CDS length:  469 , flank left: 342 , flank right: 361 , window length: 1172
[ChromosomeDataset] CDS length:  1755 , flank left: 1528 , flank right: 1104 , window length: 4387
[ChromosomeDataset] CDS length:  106 , flank left: 68 , flank right: 91 , window length: 265
[ChromosomeDataset] CDS length:  659 , flank left: 533 , flank right: 455 , window length: 1647
[ChromosomeDataset] CDS length:  161 , flank left: 148 , flank right: 93 , window length: 402
[ChromosomeDataset] CDS length:  197 , flank left: 181 , flank right: 114 , window length: 492
[ChromosomeDataset] CDS length:  46 , flank left: 37 , flank right: 32 , window length: 115
[ChromosomeDataset] CDS length:  139 , flank left: 117 , flank right: 91 , window length: 347
[ChromosomeDataset] CDS length:  84 , flank left: 74 , flank right: 52 , window length: 210
[ChromosomeDataset] CDS length:  264 , flank left: 254 , flank right: 142 , window length: 660
[ChromosomeDataset] CDS length:  58 , flank left: 37 , flank right: 50 , window length: 145
[ChromosomeDataset] CDS length:  166 , flank left: 118 , flank right: 131 , window length: 415
[ChromosomeDataset] CDS length:  218 , flank left: 115 , flank right: 212 , window length: 545
[ChromosomeDataset] CDS length:  1837 , flank left: 1620 , flank right: 1135 , window length: 4592
[ChromosomeDataset] CDS length:  130 , flank left: 82 , flank right: 113 , window length: 325
[ChromosomeDataset] CDS length:  238 , flank left: 207 , flank right: 150 , window length: 595
[ChromosomeDataset] CDS length:  269 , flank left: 162 , flank right: 241 , window length: 672
[ChromosomeDataset] CDS length:  178 , flank left: 103 , flank right: 164 , window length: 445
[ChromosomeDataset] CDS length:  275 , flank left: 224 , flank right: 188 , window length: 687
[ChromosomeDataset] CDS length:  130 , flank left: 69 , flank right: 126 , window length: 325
[ChromosomeDataset] CDS length:  201 , flank left: 171 , flank right: 130 , window length: 502
[ChromosomeDataset] CDS length:  276 , flank left: 193 , flank right: 221 , window length: 690
[ChromosomeDataset] CDS length:  99 , flank left: 52 , flank right: 96 , window length: 247
[ChromosomeDataset] CDS length:  960 , flank left: 737 , flank right: 703 , window length: 2400
[ChromosomeDataset] CDS length:  139 , flank left: 74 , flank right: 134 , window length: 347
[ChromosomeDataset] CDS length:  112 , flank left: 67 , flank right: 101 , window length: 280
[ChromosomeDataset] CDS length:  759 , flank left: 655 , flank right: 483 , window length: 1897
[ChromosomeDataset] CDS length:  162 , flank left: 132 , flank right: 111 , window length: 405
[ChromosomeDataset] CDS length:  144 , flank left: 119 , flank right: 97 , window length: 360
[ChromosomeDataset] CDS length:  142 , flank left: 124 , flank right: 89 , window length: 355
[ChromosomeDataset] CDS length:  123 , flank left: 110 , flank right: 74 , window length: 307
[ChromosomeDataset] CDS length:  294 , flank left: 216 , flank right: 225 , window length: 735
[ChromosomeDataset] CDS length:  133 , flank left: 67 , flank right: 132 , window length: 332
[ChromosomeDataset] CDS length:  71 , flank left: 47 , flank right: 59 , window length: 177
[ChromosomeDataset] CDS length:  2487 , flank left: 2254 , flank right: 1476 , window length: 6217
[ChromosomeDataset] CDS length:  125 , flank left: 95 , flank right: 92 , window length: 312
[ChromosomeDataset] CDS length:  222 , flank left: 121 , flank right: 212 , window length: 555
[ChromosomeDataset] CDS length:  2409 , flank left: 1466 , flank right: 2147 , window length: 6022
[ChromosomeDataset] CDS length:  116 , flank left: 99 , flank right: 75 , window length: 290
[ChromosomeDataset] CDS length:  1750 , flank left: 1314 , flank right: 1311 , window length: 4375
[ChromosomeDataset] CDS length:  36 , flank left: 33 , flank right: 21 , window length: 90
[ChromosomeDataset] CDS length:  85 , flank left: 47 , flank right: 80 , window length: 212
[ChromosomeDataset] CDS length:  143 , flank left: 105 , flank right: 109 , window length: 357
[ChromosomeDataset] CDS length:  198 , flank left: 143 , flank right: 154 , window length: 495
[ChromosomeDataset] CDS length:  260 , flank left: 247 , flank right: 143 , window length: 650
[ChromosomeDataset] CDS length:  309 , flank left: 156 , flank right: 307 , window length: 772
[ChromosomeDataset] CDS length:  101 , flank left: 52 , flank right: 99 , window length: 252
[ChromosomeDataset] CDS length:  224 , flank left: 189 , flank right: 147 , window length: 560
[ChromosomeDataset] CDS length:  93 , flank left: 58 , flank right: 81 , window length: 232
[ChromosomeDataset] CDS length:  120 , flank left: 100 , flank right: 80 , window length: 300
[ChromosomeDataset] CDS length:  87 , flank left: 51 , flank right: 79 , window length: 217
[ChromosomeDataset] CDS length:  204 , flank left: 155 , flank right: 151 , window length: 510
[ChromosomeDataset] CDS length:  168 , flank left: 93 , flank right: 159 , window length: 420
[ChromosomeDataset] CDS length:  350 , flank left: 302 , flank right: 223 , window length: 875
[ChromosomeDataset] CDS length:  216 , flank left: 182 , flank right: 142 , window length: 540
[ChromosomeDataset] CDS length:  240 , flank left: 132 , flank right: 228 , window length: 600
[ChromosomeDataset] CDS length:  149 , flank left: 117 , flank right: 106 , window length: 372
[ChromosomeDataset] CDS length:  141 , flank left: 122 , flank right: 89 , window length: 352
[ChromosomeDataset] CDS length:  123 , flank left: 116 , flank right: 68 , window length: 307
[ChromosomeDataset] CDS length:  744 , flank left: 440 , flank right: 676 , window length: 1860
[ChromosomeDataset] CDS length:  670 , flank left: 439 , flank right: 566 , window length: 1675
[ChromosomeDataset] CDS length:  211 , flank left: 174 , flank right: 142 , window length: 527
[ChromosomeDataset] CDS length:  1874 , flank left: 1771 , flank right: 1040 , window length: 4685
[ChromosomeDataset] CDS length:  224 , flank left: 157 , flank right: 179 , window length: 560
[ChromosomeDataset] CDS length:  275 , flank left: 236 , flank right: 176 , window length: 687
[ChromosomeDataset] CDS length:  60 , flank left: 42 , flank right: 48 , window length: 150
[ChromosomeDataset] CDS length:  597 , flank left: 396 , flank right: 499 , window length: 1492
[ChromosomeDataset] CDS length:  285 , flank left: 169 , flank right: 258 , window length: 712
[ChromosomeDataset] CDS length:  561 , flank left: 530 , flank right: 311 , window length: 1402
[ChromosomeDataset] CDS length:  127 , flank left: 109 , flank right: 81 , window length: 317
[ChromosomeDataset] CDS length:  88 , flank left: 46 , flank right: 86 , window length: 220
[ChromosomeDataset] CDS length:  122 , flank left: 114 , flank right: 69 , window length: 305
[ChromosomeDataset] CDS length:  122 , flank left: 84 , flank right: 99 , window length: 305
[ChromosomeDataset] CDS length:  424 , flank left: 280 , flank right: 356 , window length: 1060
[ChromosomeDataset] CDS length:  151 , flank left: 102 , flank right: 124 , window length: 377
[ChromosomeDataset] CDS length:  61 , flank left: 54 , flank right: 37 , window length: 152
[ChromosomeDataset] CDS length:  62 , flank left: 48 , flank right: 45 , window length: 155
[ChromosomeDataset] CDS length:  231 , flank left: 129 , flank right: 217 , window length: 577
[ChromosomeDataset] CDS length:  370 , flank left: 252 , flank right: 303 , window length: 925
[ChromosomeDataset] CDS length:  269 , flank left: 199 , flank right: 204 , window length: 672
[ChromosomeDataset] CDS length:  6108 , flank left: 3571 , flank right: 5591 , window length: 15270
[ChromosomeDataset] CDS length:  168 , flank left: 156 , flank right: 96 , window length: 420
[ChromosomeDataset] CDS length:  505 , flank left: 443 , flank right: 314 , window length: 1262
[ChromosomeDataset] CDS length:  126 , flank left: 118 , flank right: 71 , window length: 315
[ChromosomeDataset] CDS length:  93 , flank left: 78 , flank right: 61 , window length: 232
[ChromosomeDataset] CDS length:  588 , flank left: 440 , flank right: 442 , window length: 1470
[ChromosomeDataset] CDS length:  360 , flank left: 225 , flank right: 315 , window length: 900
[ChromosomeDataset] CDS length:  287 , flank left: 147 , flank right: 283 , window length: 717
[ChromosomeDataset] CDS length:  1383 , flank left: 732 , flank right: 1342 , window length: 3457
[ChromosomeDataset] CDS length:  126 , flank left: 74 , flank right: 115 , window length: 315
[ChromosomeDataset] CDS length:  1398 , flank left: 1165 , flank right: 932 , window length: 3495
[ChromosomeDataset] CDS length:  332 , flank left: 199 , flank right: 299 , window length: 830
[ChromosomeDataset] CDS length:  114 , flank left: 71 , flank right: 100 , window length: 285
[ChromosomeDataset] CDS length:  1469 , flank left: 827 , flank right: 1376 , window length: 3672
[ChromosomeDataset] CDS length:  193 , flank left: 141 , flank right: 148 , window length: 482
[ChromosomeDataset] CDS length:  247 , flank left: 242 , flank right: 128 , window length: 617
[ChromosomeDataset] CDS length:  99 , flank left: 59 , flank right: 89 , window length: 247
[ChromosomeDataset] CDS length:  145 , flank left: 106 , flank right: 111 , window length: 362
[ChromosomeDataset] CDS length:  172 , flank left: 107 , flank right: 151 , window length: 430
[ChromosomeDataset] CDS length:  180 , flank left: 148 , flank right: 122 , window length: 450
[ChromosomeDataset] CDS length:  202 , flank left: 192 , flank right: 111 , window length: 505
[ChromosomeDataset] CDS length:  289 , flank left: 286 , flank right: 147 , window length: 722
[ChromosomeDataset] CDS length:  141 , flank left: 123 , flank right: 88 , window length: 352
[ChromosomeDataset] CDS length:  162 , flank left: 129 , flank right: 114 , window length: 405
[ChromosomeDataset] CDS length:  546 , flank left: 428 , flank right: 391 , window length: 1365
[ChromosomeDataset] CDS length:  2454 , flank left: 2206 , flank right: 1475 , window length: 6135
[ChromosomeDataset] CDS length:  451 , flank left: 363 , flank right: 313 , window length: 1127
[ChromosomeDataset] CDS length:  432 , flank left: 270 , flank right: 378 , window length: 1080
[ChromosomeDataset] CDS length:  741 , flank left: 388 , flank right: 723 , window length: 1852
[ChromosomeDataset] CDS length:  203 , flank left: 155 , flank right: 149 , window length: 507
[ChromosomeDataset] CDS length:  52 , flank left: 51 , flank right: 27 , window length: 130
[ChromosomeDataset] CDS length:  993 , flank left: 753 , flank right: 736 , window length: 2482
[ChromosomeDataset] CDS length:  94 , flank left: 65 , flank right: 76 , window length: 235
[ChromosomeDataset] CDS length:  509 , flank left: 351 , flank right: 412 , window length: 1272
[ChromosomeDataset] CDS length:  1167 , flank left: 816 , flank right: 934 , window length: 2917
[ChromosomeDataset] CDS length:  1424 , flank left: 1353 , flank right: 783 , window length: 3560
[ChromosomeDataset] CDS length:  353 , flank left: 321 , flank right: 208 , window length: 882
[ChromosomeDataset] CDS length:  152 , flank left: 83 , flank right: 145 , window length: 380
[ChromosomeDataset] CDS length:  90 , flank left: 59 , flank right: 76 , window length: 225
[ChromosomeDataset] CDS length:  295 , flank left: 274 , flank right: 168 , window length: 737
[ChromosomeDataset] CDS length:  118 , flank left: 64 , flank right: 113 , window length: 295
[ChromosomeDataset] CDS length:  168 , flank left: 105 , flank right: 147 , window length: 420
[ChromosomeDataset] CDS length:  57 , flank left: 50 , flank right: 35 , window length: 142
[ChromosomeDataset] CDS length:  136 , flank left: 134 , flank right: 70 , window length: 340
[ChromosomeDataset] CDS length:  317 , flank left: 253 , flank right: 222 , window length: 792
[ChromosomeDataset] CDS length:  117 , flank left: 99 , flank right: 76 , window length: 292
[ChromosomeDataset] CDS length:  287 , flank left: 234 , flank right: 196 , window length: 717
[ChromosomeDataset] CDS length:  103 , flank left: 92 , flank right: 62 , window length: 257
[ChromosomeDataset] CDS length:  167 , flank left: 98 , flank right: 152 , window length: 417
[ChromosomeDataset] CDS length:  227 , flank left: 206 , flank right: 134 , window length: 567
[ChromosomeDataset] CDS length:  162 , flank left: 139 , flank right: 104 , window length: 405
[ChromosomeDataset] CDS length:  2321 , flank left: 1229 , flank right: 2252 , window length: 5802
[ChromosomeDataset] CDS length:  118 , flank left: 114 , flank right: 63 , window length: 295
[ChromosomeDataset] CDS length:  85 , flank left: 79 , flank right: 48 , window length: 212
[ChromosomeDataset] CDS length:  1809 , flank left: 925 , flank right: 1788 , window length: 4522
[ChromosomeDataset] CDS length:  66 , flank left: 37 , flank right: 62 , window length: 165
[ChromosomeDataset] CDS length:  87 , flank left: 85 , flank right: 45 , window length: 217
[ChromosomeDataset] CDS length:  139 , flank left: 70 , flank right: 138 , window length: 347
[ChromosomeDataset] CDS length:  130 , flank left: 88 , flank right: 107 , window length: 325
[ChromosomeDataset] CDS length:  234 , flank left: 208 , flank right: 143 , window length: 585
[ChromosomeDataset] CDS length:  596 , flank left: 311 , flank right: 583 , window length: 1490
[ChromosomeDataset] CDS length:  145 , flank left: 98 , flank right: 119 , window length: 362
[ChromosomeDataset] CDS length:  2616 , flank left: 2611 , flank right: 1313 , window length: 6540
[ChromosomeDataset] CDS length:  8884 , flank left: 5963 , flank right: 7363 , window length: 22210
[ChromosomeDataset] CDS length:  281 , flank left: 257 , flank right: 164 , window length: 702
[ChromosomeDataset] CDS length:  1709 , flank left: 1610 , flank right: 953 , window length: 4272
[ChromosomeDataset] CDS length:  134 , flank left: 84 , flank right: 117 , window length: 335
[ChromosomeDataset] CDS length:  146 , flank left: 144 , flank right: 75 , window length: 365
[ChromosomeDataset] CDS length:  96 , flank left: 71 , flank right: 73 , window length: 240
[ChromosomeDataset] CDS length:  139 , flank left: 99 , flank right: 109 , window length: 347
[ChromosomeDataset] CDS length:  170 , flank left: 99 , flank right: 156 , window length: 425
[ChromosomeDataset] CDS length:  383 , flank left: 357 , flank right: 217 , window length: 957
[ChromosomeDataset] CDS length:  64 , flank left: 38 , flank right: 58 , window length: 160
[ChromosomeDataset] CDS length:  221 , flank left: 198 , flank right: 133 , window length: 552
[ChromosomeDataset] CDS length:  51 , flank left: 48 , flank right: 28 , window length: 127
[ChromosomeDataset] CDS length:  137 , flank left: 128 , flank right: 77 , window length: 342
[ChromosomeDataset] CDS length:  1055 , flank left: 808 , flank right: 774 , window length: 2637
[ChromosomeDataset] CDS length:  124 , flank left: 78 , flank right: 108 , window length: 310
[ChromosomeDataset] CDS length:  2101 , flank left: 1641 , flank right: 1510 , window length: 5252
[ChromosomeDataset] CDS length:  215 , flank left: 131 , flank right: 191 , window length: 537
[ChromosomeDataset] CDS length:  225 , flank left: 126 , flank right: 211 , window length: 562
[ChromosomeDataset] CDS length:  402 , flank left: 313 , flank right: 290 , window length: 1005
[ChromosomeDataset] CDS length:  114 , flank left: 67 , flank right: 104 , window length: 285
[ChromosomeDataset] CDS length:  282 , flank left: 205 , flank right: 218 , window length: 705
[ChromosomeDataset] CDS length:  978 , flank left: 766 , flank right: 701 , window length: 2445
[ChromosomeDataset] CDS length:  121 , flank left: 99 , flank right: 82 , window length: 302
[ChromosomeDataset] CDS length:  129 , flank left: 95 , flank right: 98 , window length: 322
{'loss': 7.4897, 'learning_rate': 3.3333333333333335e-05, 'epoch': 0.0}
[ChromosomeDataset] CDS length:  216 , flank left: 184 , flank right: 140 , window length: 540
[ChromosomeDataset] CDS length:  202 , flank left: 141 , flank right: 162 , window length: 505
[ChromosomeDataset] CDS length:  143 , flank left: 115 , flank right: 99 , window length: 357
[ChromosomeDataset] CDS length:  54 , flank left: 28 , flank right: 53 , window length: 135
[ChromosomeDataset] CDS length:  169 [ChromosomeDataset] CDS length: , flank left:  298160  , flank left:, flank right:  26993  , flank right:, window length:  178422 
, window length: 745
[ChromosomeDataset] CDS length:  87 , flank left: [ChromosomeDataset] CDS length: 54  136, flank right:  , flank left:76  125, window length:  , flank right:217 
79 , window length: 340
[ChromosomeDataset] CDS length:  330 , flank left: 284 , flank right: 211 , window length:[ChromosomeDataset] CDS length:   8251141
 , flank left: 829 , flank right: 882 , window length: 2852
[ChromosomeDataset] CDS length:  143 , flank left: 101 , flank right: 113 , window length: 357
[ChromosomeDataset] CDS length:  3121 , flank left: 2280 , flank right: 2401 , window length: 7802
[ChromosomeDataset] CDS length:  175 , flank left: 150 , flank right: 112 , window length: 437
[ChromosomeDataset] CDS length:  102 , flank left: 63 , flank right: 90 , window length: 255
[ChromosomeDataset] CDS length:  1452 , flank left: 1199 , flank right: 979 , window length: 3630
[ChromosomeDataset] CDS length:  173 , flank left: 105[ChromosomeDataset] CDS length:   , flank right:2532  154, flank left:  , window length:2297  432, flank right:
 1501 , window length: 6330
[ChromosomeDataset] CDS length:  585 , flank left: 307 , flank right: 570 , window length: 1462
[ChromosomeDataset] CDS length:  186 , flank left: 106 , flank right: 173 , window length: 465
[ChromosomeDataset] CDS length:  2331 , flank left: 1600 , flank right: 1896 , window length: 5827
[ChromosomeDataset] CDS length:  149 , flank left: 90 , flank right: 133 , window length: 372
[ChromosomeDataset] CDS length:  159 , flank left: 126 , flank right: 112 , window length: 397
[ChromosomeDataset] CDS length:  137 , flank left: 78 , flank right: 127 , window length: 342
[ChromosomeDataset] CDS length:  254 , flank left: 199 , flank right: 182 , window length: 635
[ChromosomeDataset] CDS length:  132 , flank left: 121 , flank right: 77 , window length: 330
[ChromosomeDataset] CDS length:  345 , flank left: 187 , flank right: 330 , window length:[ChromosomeDataset] CDS length:   862141
 , flank left: 91 , flank right: 120 , window length: 352
[ChromosomeDataset] CDS length:  661 , flank left: 444 , flank right: 547 , window length: 1652
[ChromosomeDataset] CDS length:  126 , flank left: 116 , flank right: 73 , window length: 315
[ChromosomeDataset] CDS length:  80 , flank left: 58 , flank right: 62 , window length: 200
[ChromosomeDataset] CDS length:  103 , flank left: 74 , flank right: 80 , window length: 257
[ChromosomeDataset] CDS length:  191 , flank left: 186 , flank right: 100 , window length: 477
[ChromosomeDataset] CDS length:  99 , flank left: 69 , flank right: 79 , window length: 247
[ChromosomeDataset] CDS length:  191 , flank left: 167 , flank right: 119 , window length: 477
[ChromosomeDataset] CDS length:  210 , flank left: 109 , flank right: 206 , window length: 525
[ChromosomeDataset] CDS length:  139 , flank left: 125 , flank right: 83 , window length: 347
[ChromosomeDataset] CDS length:  188 , flank left: 162 , flank right: 120 , window length: 470
[ChromosomeDataset] CDS length:  146 , flank left: 129 , flank right: 90 , window length: 365
[ChromosomeDataset] CDS length:  726 , flank left: 559 , flank right: 530 , window length: 1815
[ChromosomeDataset] CDS length:  129 , flank left: 66 , flank right: 127 , window length: 322
[ChromosomeDataset] CDS length:  1587 , flank left: 899 , flank right: 1481 , window length: 3967
[ChromosomeDataset] CDS length:  90 , flank left: 60 , flank right: 75 , window length: 225
[ChromosomeDataset] CDS length:  104 , flank left: 78 , flank right: 78 , window length: 260
[ChromosomeDataset] CDS length:  871 , flank left: 495 , flank right: 811 , window length: 2177
[ChromosomeDataset] CDS length:  96 , flank left: 54 , flank right: 90 , window length: 240
[ChromosomeDataset] CDS length:  1395 , flank left: 848 , flank right: 1244 , window length: 3487
[ChromosomeDataset] CDS length:  117 , flank left: 102 , flank right: 73 , window length: 292
[ChromosomeDataset] CDS length:  155 , flank left: 131 , flank right: 101 , window length: 387
[ChromosomeDataset] CDS length:  150 , flank left: 142 , flank right: 83 , window length: 375
[ChromosomeDataset] CDS length:  88 , flank left: 57 , flank right: 75 , window length: 220
[ChromosomeDataset] CDS length:  83 , flank left: 48 , flank right: 76 , window length: 207
[ChromosomeDataset] CDS length:  96 , flank left: 54 , flank right: 90 , window length: 240
[ChromosomeDataset] CDS length:  125 , flank left: 96 , flank right: 91 , window length: 312
[ChromosomeDataset] CDS length:  719 , flank left: 631 , flank right: 447 , window length: 1797
[ChromosomeDataset] CDS length:  217 , flank left: 217 , flank right: 108 , window length: 542
[ChromosomeDataset] CDS length:  87 , flank left: 64 , flank right: 66 , window length: 217
[ChromosomeDataset] CDS length:  1819 , flank left: 1605 , flank right: 1123 , window length: 4547
[ChromosomeDataset] CDS length:  157 , flank left: 95 , flank right: 140 , window length: 392
[ChromosomeDataset] CDS length:  133 , flank left: 68 , flank right: 131 , window length: 332
[ChromosomeDataset] CDS length:  2794 , flank left: 1776 , flank right: 2415 , window length: 6985
[ChromosomeDataset] CDS length:  1518 , flank left: 907 , flank right: 1370 , window length: 3795
[ChromosomeDataset] CDS length:  207 , flank left: 143 , flank right: 167 , window length: 517
[ChromosomeDataset] CDS length:  153 , flank left: 125 , flank right: 104 , window length: 382
[ChromosomeDataset] CDS length:  135 , flank left: 135 , flank right: 67 , window length: 337
[ChromosomeDataset] CDS length:  103 , flank left: 81 , flank right: 73 , window length: 257
[ChromosomeDataset] CDS length:  987 , flank left: 580 , flank right: 900 , window length: 2467
[ChromosomeDataset] CDS length:  194 , flank left: 140 , flank right: 151 , window length: 485
[ChromosomeDataset] CDS length:  94 , flank left: 91 , flank right: 50 , window length: 235
[ChromosomeDataset] CDS length:  232 , flank left: 215 , flank right: 133 , window length: 580
[ChromosomeDataset] CDS length:  87 , flank left: 64 , flank right: 66 , window length: 217
[ChromosomeDataset] CDS length:  522 , flank left: 454 , flank right: 329 , window length: 1305
[ChromosomeDataset] CDS length:  171 , flank left: 101 , flank right: 155 , window length: 427
[ChromosomeDataset] CDS length:  774 , flank left: 642 , flank right: 519 , window length: 1935
[ChromosomeDataset] CDS length:  114 , flank left: 79 , flank right: 92 , window length: 285
[ChromosomeDataset] CDS length:  304 , flank left: 196 , flank right: 260 , window length: 760
[ChromosomeDataset] CDS length:  168 , flank left: 111 , flank right: 141 , window length: 420
[ChromosomeDataset] CDS length:  180 , flank left: 174 , flank right: 96 , window length: 450
[ChromosomeDataset] CDS length:  144 , flank left: 138 , flank right: 78 , window length: 360
[ChromosomeDataset] CDS length:  212 , flank left: 174 , flank right: 144 , window length: 530
[ChromosomeDataset] CDS length:  127 , flank left: 105 , flank right: 85 , window length: 317
[ChromosomeDataset] CDS length:  897 , flank left: 690 , flank right: 655 , window length: 2242
[ChromosomeDataset] CDS length:  170 , flank left: 100 , flank right: 155 , window length: 425
[ChromosomeDataset] CDS length:  881 , flank left: 491 , flank right: 830 , window length: 2202
[ChromosomeDataset] CDS length:  313 , flank left: 308 , flank right: 161 , window length: 782
[ChromosomeDataset] CDS length:  89 , flank left: 54 , flank right: 79 , window length: 222
[ChromosomeDataset] CDS length:  3259 , flank left: 2755 , flank right: 2133 , window length: 8147
[ChromosomeDataset] CDS length:  340 , flank left: 173 , flank right: 337 , window length: 850
[ChromosomeDataset] CDS length:  98 , flank left: 62 , flank right: 85 , window length: 245
[ChromosomeDataset] CDS length:  69 , flank left: 60 , flank right: 43 , window length: 172
[ChromosomeDataset] CDS length:  456 , flank left: 424 , flank right: 260 , window length: 1140
[ChromosomeDataset] CDS length:  110 , flank left: 110 , flank right: 55 , window length: 275
[ChromosomeDataset] CDS length:  1424 , flank left: 1133 , flank right: 1003 , window length: 3560
[ChromosomeDataset] CDS length:  132 , flank left: 79 , flank right: 119 , window length: 330
[ChromosomeDataset] CDS length:  401 , flank left: 380 , flank right: 221 , window length: 1002
[ChromosomeDataset] CDS length:  557 , flank left: 555 , flank right: 280 , window length: 1392
[ChromosomeDataset] CDS length:  1141 , flank left: 1043 , flank right: 668 , window length: 2852
[ChromosomeDataset] CDS length:  553 , flank left: 505 , flank right: 324 , window length: 1382
[ChromosomeDataset] CDS length:  338 , flank left: 190 , flank right: 317 , window length: 845
[ChromosomeDataset] CDS length:  141 , flank left: 95 , flank right: 116 , window length: 352
[ChromosomeDataset] CDS length:  181 , flank left: 121 , flank right: 150 , window length: 452
[ChromosomeDataset] CDS length:  238 , flank left: 180 , flank right: 177 , window length: 595
[ChromosomeDataset] CDS length:  773 , flank left: 747 , flank right: 412 , window length: 1932
[ChromosomeDataset] CDS length:  240 , flank left: 202 , flank right: 158 , window length: 600
[ChromosomeDataset] CDS length:  146 , flank left: 119 , flank right: 100 , window length: 365
[ChromosomeDataset] CDS length:  199 , flank left: 119 , flank right: 179 , window length: 497
[ChromosomeDataset] CDS length:  85 , flank left: 77 , flank right: 50 , window length: 212
[ChromosomeDataset] CDS length:  262 , flank left: 188 , flank right: 205 , window length: 655
[ChromosomeDataset] CDS length:  88 , flank left: 82 , flank right: 50 , window length: 220
[ChromosomeDataset] CDS length:  783 , flank left: 470 , flank right: 704 , window length: 1957
[ChromosomeDataset] CDS length:  180 , flank left: 124 , flank right: 146 , window length: 450
[ChromosomeDataset] CDS length:  471 , flank left: 435 , flank right: 271 , window length: 1177
[ChromosomeDataset] CDS length:  249 , flank left: 229 , flank right: 144 , window length: 622
[ChromosomeDataset] CDS length:  148 , flank left: 136 , flank right: 86 , window length: 370
[ChromosomeDataset] CDS length:  69 , flank left: 40 , flank right: 63 , window length: 172
[ChromosomeDataset] CDS length:  97 , flank left: 87 , flank right: 58 , window length: 242
[ChromosomeDataset] CDS length:  899 , flank left: 626 , flank right: 722 , window length: 2247
[ChromosomeDataset] CDS length:  129 , flank left: 103 , flank right: 90 , window length: 322
[ChromosomeDataset] CDS length:  4721 , flank left: 2933 , flank right: 4148 , window length: 11802
[ChromosomeDataset] CDS length:  120 , flank left: 72 , flank right: 108 , window length: 300
[ChromosomeDataset] CDS length:  114 , flank left: 99 , flank right: 72 , window length: 285
[ChromosomeDataset] CDS length:  6046 , flank left: 4108 , flank right: 4961 , window length: 15115
[ChromosomeDataset] CDS length:  125 , flank left: 108 , flank right: 79 , window length: 312
[ChromosomeDataset] CDS length:  146 , flank left: 142 , flank right: 77 , window length: 365
[ChromosomeDataset] CDS length:  51 , flank left: 35 , flank right: 41 , window length: 127
[ChromosomeDataset] CDS length:  120 , flank left: 74 , flank right: 106 , window length: 300
[ChromosomeDataset] CDS length:  135 , flank left: 91 , flank right: 111 , window length: 337
[ChromosomeDataset] CDS length:  273 , flank left: 254 , flank right: 155 , window length: 682
[ChromosomeDataset] CDS length:  92 , flank left: 78 , flank right: 60 , window length: 230
[ChromosomeDataset] CDS length:  138 , flank left: 118 , flank right: 89 , window length: 345
[ChromosomeDataset] CDS length:  87 , flank left: 48 , flank right: 82 , window length: 217
[ChromosomeDataset] CDS length:  112 , flank left: 93 , flank right: 75 , window length: 280
[ChromosomeDataset] CDS length:  416 , flank left: 227 , flank right: 397 , window length: 1040
[ChromosomeDataset] CDS length:  231 , flank left: 229 , flank right: 117 , window length: 577
[ChromosomeDataset] CDS length:  180 , flank left: 108 , flank right: 162 , window length: 450
[ChromosomeDataset] CDS length:  5415 , flank left: 3797 , flank right: 4325 , window length: 13537
[ChromosomeDataset] CDS length:  1755 , flank left: 994 , flank right: 1638 , window length: 4387
[ChromosomeDataset] CDS length:  1932 , flank left: 989 , flank right: 1909 , window length: 4830
[ChromosomeDataset] CDS length:  203 , flank left: 169 , flank right: 135 , window length: 507
[ChromosomeDataset] CDS length:  306 , flank left: 247 , flank right: 212 , window length: 765
[ChromosomeDataset] CDS length:  957 , flank left: 487 , flank right: 948 , window length: 2392
[ChromosomeDataset] CDS length:  4791 , flank left: 3782 , flank right: 3404 , window length: 11977
[ChromosomeDataset] CDS length:  124 , flank left: 81 , flank right: 105 , window length: 310
[ChromosomeDataset] CDS length:  2424 , flank left: 2174 , flank right: 1462 , window length: 6060
[ChromosomeDataset] CDS length:  312 , flank left: 294 , flank right: 174 , window length: 780
[ChromosomeDataset] CDS length:  181 , flank left: 146 , flank right: 125 , window length: 452
[ChromosomeDataset] CDS length:  136 , flank left: 73 , flank right: 131 , window length: 340
[ChromosomeDataset] CDS length:  254 , flank left: 219 , flank right: 162 , window length: 635
[ChromosomeDataset] CDS length:  108 , flank left: 100 , flank right: 62 , window length: 270
[ChromosomeDataset] CDS length:  168 , flank left: 160 , flank right: 92 , window length: 420
[ChromosomeDataset] CDS length:  54 , flank left: 51 , flank right: 30 , window length: 135
[ChromosomeDataset] CDS length:  66 , flank left: 44 , flank right: 55 , window length: 165
[ChromosomeDataset] CDS length:  172 , flank left: 109 , flank right: 149 , window length: 430
[ChromosomeDataset] CDS length:  1125 , flank left: 854 , flank right: 833 , window length: 2812
[ChromosomeDataset] CDS length:  3460 , flank left: 1873 , flank right: 3317 , window length: 8650
[ChromosomeDataset] CDS length:  503 , flank left: 317 , flank right: 437 , window length: 1257
[ChromosomeDataset] CDS length:  1892 , flank left: 1225 , flank right: 1613 , window length: 4730
[ChromosomeDataset] CDS length:  231 , flank left: 168 , flank right: 178 , window length: 577
[ChromosomeDataset] CDS length:  761 , flank left: 522 , flank right: 619 , window length: 1902
[ChromosomeDataset] CDS length:  237 , flank left: 151 , flank right: 204 , window length: 592
[ChromosomeDataset] CDS length:  1092 , flank left: 936 , flank right: 702 , window length: 2730
[ChromosomeDataset] CDS length:  119 , flank left: 79 , flank right: 99 , window length: 297
[ChromosomeDataset] CDS length:  108 , flank left: 96 , flank right: 66 , window length: 270
[ChromosomeDataset] CDS length:  131 , flank left: 105 , flank right: 91 , window length: 327
[ChromosomeDataset] CDS length:  506 , flank left: 401 , flank right: 358 , window length: 1265
[ChromosomeDataset] CDS length:  137 , flank left: 116 , flank right: 89 , window length: 342
[ChromosomeDataset] CDS length:  926 , flank left: 911 , flank right: 478 , window length: 2315
[ChromosomeDataset] CDS length:  120 , flank left: 109 , flank right: 71 , window length: 300
[ChromosomeDataset] CDS length:  427 , flank left: 313 , flank right: 327 , window length: 1067
[ChromosomeDataset] CDS length:  155 , flank left: 109 , flank right: 123 , window length: 387
[ChromosomeDataset] CDS length:  196 , flank left: 159 , flank right: 135 , window length: 490
[ChromosomeDataset] CDS length:  144 , flank left: 143 , flank right: 73 , window length: 360
[ChromosomeDataset] CDS length:  116 , flank left: 100 , flank right: 74 , window length: 290
[ChromosomeDataset] CDS length:  171 , flank left: 87 , flank right: 169 , window length: 427
[ChromosomeDataset] CDS length:  146 , flank left: 124 , flank right: 95 , window length: 365
[ChromosomeDataset] CDS length:  209 , flank left: 155 , flank right: 158 , window length: 522
[ChromosomeDataset] CDS length:  1878 , flank left: 1162 , flank right: 1655 , window length: 4695
[ChromosomeDataset] CDS length:  258 , flank left: 196 , flank right: 191 , window length: 645
[ChromosomeDataset] CDS length:  269 , flank left: 247 , flank right: 156 , window length: 672
[ChromosomeDataset] CDS length:  1819 , flank left: 1710 , flank right: 1018 , window length: 4547
[ChromosomeDataset] CDS length:  5487 , flank left: 4442 , flank right: 3788 , window length: 13717
[ChromosomeDataset] CDS length:  104 , flank left: 98 , flank right: 58 , window length: 260
[ChromosomeDataset] CDS length:  99 , flank left: 70 , flank right: 78 , window length: 247
[ChromosomeDataset] CDS length:  124 , flank left: 92 , flank right: 94 , window length: 310
[ChromosomeDataset] CDS length:  529 , flank left: 308 , flank right: 485 , window length: 1322
[ChromosomeDataset] CDS length:  480 , flank left: 247 , flank right: 473 , window length: 1200
[ChromosomeDataset] CDS length:  111 , flank left: 95 , flank right: 71 , window length: 277
[ChromosomeDataset] CDS length:  488 , flank left: 388 , flank right: 344 , window length: 1220
[ChromosomeDataset] CDS length:  316 , flank left: 233 , flank right: 241 , window length: 790
[ChromosomeDataset] CDS length:  125 , flank left: 71 , flank right: 116 , window length: 312
[ChromosomeDataset] CDS length:  181 , flank left: 115 , flank right: 156 , window length: 452
[ChromosomeDataset] CDS length:  127 , flank left: 68 , flank right: 122 , window length: 317
[ChromosomeDataset] CDS length:  700 , flank left: 466 , flank right: 584 , window length: 1750
[ChromosomeDataset] CDS length:  193 , flank left: 164 , flank right: 125 , window length: 482
[ChromosomeDataset] CDS length:  12045 , flank left: 7076 , flank right: 10991 , window length: 30112
[ChromosomeDataset] CDS length:  120 , flank left: 62 , flank right: 118 , window length: 300
[ChromosomeDataset] CDS length:  1522 , flank left: 1096 , flank right: 1187 , window length: 3805
[ChromosomeDataset] CDS length:  146 , flank left: 81 , flank right: 138 , window length: 365
[ChromosomeDataset] CDS length:  6196 , flank left: 5015 , flank right: 4279 , window length: 15490
[ChromosomeDataset] CDS length:  1181 , flank left: 882 , flank right: 889 , window length: 2952
[ChromosomeDataset] CDS length:  230 , flank left: 192 , flank right: 153 , window length: 575
[ChromosomeDataset] CDS length:  1375 , flank left:[ChromosomeDataset] CDS length:  1270  168, flank right:  , flank left:792  120, window length:  , flank right:3437 
132 , window length: 420
[ChromosomeDataset] CDS length:  179 , flank left: 116 , flank right: 152 , window length: 447
[ChromosomeDataset] CDS length:  144 , flank left: 135 , flank right: 81 , window length: 360
[ChromosomeDataset] CDS length:  300 , flank left: 181 , flank right: 269 , window length: [ChromosomeDataset] CDS length: 750 
1590 , flank left: 1070 , flank right: 1315 , window length: 3975
[ChromosomeDataset] CDS length:  162 , flank left: 138 , flank right: 105 , window length: 405
[ChromosomeDataset] CDS length:  1681 , flank left: 867 , flank right: 1654 , window length: 4202
[ChromosomeDataset] CDS length:  246 , flank left: 152 , flank right: 217 , window length: 615
[ChromosomeDataset] CDS length:  137 , flank left: 111 , flank right: 94 , window length: 342
[ChromosomeDataset] CDS length:  267 , flank left: 166 , flank right: 234 , window length: 667
[ChromosomeDataset] CDS length:  210 , flank left: 154 , flank right: 161 , window length: 525
[ChromosomeDataset] CDS length:  21 , flank left: 11 , flank right: 20 , window length: 52
[ChromosomeDataset] CDS length:  200 , flank left: 126 , flank right: 174[ChromosomeDataset] CDS length:   , window length:137  500, flank left:
 125 , flank right: 80 , window length: 342
[ChromosomeDataset] CDS length:  168 , flank left: 97 , flank right: 155 , window length: 420
[ChromosomeDataset] CDS length:  87 , flank left: 61 , flank right: 69 , window length: 217
[ChromosomeDataset] CDS length:  180 , flank left: 150 , flank right: 120 , window length: 450
[ChromosomeDataset] CDS length:  157 , flank left: 114 , flank right: 121 , window length: 392
[ChromosomeDataset] CDS length:  84 , flank left: 84 , flank right: 42 , window length: 210
[ChromosomeDataset] CDS length:  84 , flank left: 49 , flank right: 77 , window length: 210
[ChromosomeDataset] CDS length:  39 , flank left: 26 , flank right: 32 , window length: 97
[ChromosomeDataset] CDS length:  134 , flank left: 87 , flank right: 114 , window length: 335
[ChromosomeDataset] CDS length:  133 , flank left: 89 , flank right: 110 , window length: 332
[ChromosomeDataset] CDS length:  118 , flank left: 94 , flank right: 83 , window length: 295
[ChromosomeDataset] CDS length:  143 , flank left: 76 , flank right: 138 , window length: 357
[ChromosomeDataset] CDS length:  8884 , flank left: 4809 , flank right: 8517 , window length: 22210
[ChromosomeDataset] CDS length:  565 , flank left: 496 , flank right: 351 , window length: 1412
[ChromosomeDataset] CDS length:  189 , flank left: 189 , flank right: 94 , window length: 472
[ChromosomeDataset] CDS length:  459 , flank left: 399 , flank right: 289 , window length: 1147
[ChromosomeDataset] CDS length:  196 , flank left: 100 , flank right: 194 , window length: 490
[ChromosomeDataset] CDS length:  20935 , flank left: 13788 , flank right: 17614 , window length: 52337
[ChromosomeDataset] CDS length:  135 , flank left: 89 , flank right: 113 , window length: 337
[ChromosomeDataset] CDS length:  2019 , flank left: 1246 , flank right: 1782 , window length: 5047
[ChromosomeDataset] CDS length:  104 , flank left: 75 , flank right: 81 , window length: 260
[ChromosomeDataset] CDS length:  601 , flank left: 502 , flank right: 399 , window length: 1502
[ChromosomeDataset] CDS length:  994 , flank left: 949 , flank right: 542 , window length: 2485
[ChromosomeDataset] CDS length:  237 , flank left: 159 , flank right: 196 , window length: 592
[ChromosomeDataset] CDS length:  192 , flank left: 191 , flank right: 97 , window length: 480
[ChromosomeDataset] CDS length:  105 , flank left: 80 , flank right: 77 , window length: 262
[ChromosomeDataset] CDS length:  1178 , flank left: 1004 , flank right: 763 [ChromosomeDataset] CDS length: , window length:  2812945 
, flank left: 147 , flank right: 274 , window length: 702
[ChromosomeDataset] CDS length:  1499 , flank left: 1226 , flank right: 1022 , window length: 3747
[ChromosomeDataset] CDS length:  308 , flank left: 277 , flank right: 185 , window length: 770
[ChromosomeDataset] CDS length:  127 , flank left: 76 , flank right: 114 , window length: 317
[ChromosomeDataset] CDS length:  469[ChromosomeDataset] CDS length:   , flank left:101  304, flank left:  , flank right:87  399, flank right:  , window length:64  1172, window length:
 252
[ChromosomeDataset] CDS length:  102 , flank left: 96 , flank right: 57 , window length: 255
[ChromosomeDataset] CDS length:  2308 , flank left: 1869 , flank right:[ChromosomeDataset] CDS length:   159387  , window length:, flank left:  577058
 , flank right: 72 , window length: 217
[ChromosomeDataset] CDS length:  221 , flank left: 163 , flank right: 168 , window length: 552
[ChromosomeDataset] CDS length:  2126 , flank left: 1713 , flank right: 1476 , window length: 5315
[ChromosomeDataset] CDS length:  138 , flank left: 124 , flank right: 83 , window length: 345
[ChromosomeDataset] CDS length:  204 , flank left: 179 , flank right: 127 , window length: 510
[ChromosomeDataset] CDS length:  12708 , flank left: 10579 , flank right: 8483 , window length: 31770
[ChromosomeDataset] CDS length:  332 , flank left: 325 , flank right: 173 , window length: 830
[ChromosomeDataset] CDS length:  3024 , flank left: 2931 , flank right: 1605 , window length: 7560
[ChromosomeDataset] CDS length:  136 , flank left: 108 , flank right: 96 , window length: 340
[ChromosomeDataset] CDS length:  48 , flank left: 48 , flank right: 24 , window length: 120
[ChromosomeDataset] CDS length:  122 , flank left: 66 , flank right: 117 , window length: 305
[ChromosomeDataset] CDS length:  180 , flank left: 111 , flank right: 159 , window length: 450
[ChromosomeDataset] CDS length:  165 , flank left: 89 , flank right: 158 , window length: 412
[ChromosomeDataset] CDS length:  175 , flank left: 127 , flank right: 135 , window length: 437
[ChromosomeDataset] CDS length:  977 , flank left: 537 , flank right: 928 , window length: 2442
[ChromosomeDataset] CDS length:  420 , flank left: 396 , flank right: 234 , window length: 1050
[ChromosomeDataset] CDS length:  1597 , flank left: 1388 , flank right: 1007 , window length: 3992
[ChromosomeDataset] CDS length:  133 , flank left: 85 , flank right: 114 , window length: 332
[ChromosomeDataset] CDS length:  182 , flank left: 167 , flank right: 106 , window length: 455
[ChromosomeDataset] CDS length:  186 , flank left: 167 , flank right: 112 , window length: 465
[ChromosomeDataset] CDS length:  1764 , flank left: 1203 , flank right: 1443 , window length: 4410
[ChromosomeDataset] CDS length:  1565 , flank left: 1165 , flank right: 1182 , window length: 3912
[ChromosomeDataset] CDS length:  138 , flank left: 102 , flank right: 105 , window length: 345
[ChromosomeDataset] CDS length:  77 , flank left: 50 , flank right: 65 , window length: 192
[ChromosomeDataset] CDS length:  2015 , flank left: 1522 , flank right: 1500 , window length: 5037
[ChromosomeDataset] CDS length:  960 , flank left: 886 , flank right: 554 , window length: 2400
[ChromosomeDataset] CDS length:  186 , flank left: 159 , flank right: 120 , window length: 465
[ChromosomeDataset] CDS length:  99 , flank left: 55 , flank right: 93 , window length: 247
[ChromosomeDataset] CDS length:  226 , flank left: 140 , flank right: 199 , window length: 565
[ChromosomeDataset] CDS length:  150 , flank left: 111 , flank right: 114 , window length: 375
[ChromosomeDataset] CDS length:  215 , flank left: 171 , flank right: 151 , window length: 537
[ChromosomeDataset] CDS length:  1485 , flank left: 802 , flank right: 1425 , window length: 3712
[ChromosomeDataset] CDS length:  1724 , flank left: 1376 , flank right: 1210 , window length: 4310
[ChromosomeDataset] CDS length:  255 , flank left: 192 , flank right: 190 , window length: 637
[ChromosomeDataset] CDS length:  160 , flank left: 106 , flank right: 134 , window length: 400
[ChromosomeDataset] CDS length:  6108 , flank left: 3426 , flank right: 5736 , window length: 15270
[ChromosomeDataset] CDS length:  138 , flank left: 121 , flank right: 86 , window length: 345
[ChromosomeDataset] CDS length:  83 , flank left: 81 , flank right: 43 , window length: 207
[ChromosomeDataset] CDS length:  360 , flank left: 330 , flank right: 210 , window length: 900
[ChromosomeDataset] CDS length:  150 , flank left: 139 , flank right: 86 , window length: 375
[ChromosomeDataset] CDS length:  173 , flank left: 146 , flank right: 113 , window length: 432
[ChromosomeDataset] CDS length:  93 , flank left: 60 , flank right: 79 , window length: 232
[ChromosomeDataset] CDS length:  97 , flank left: 73 , flank right: 72 , window length: 242
[ChromosomeDataset] CDS length:  127 , flank left: 115 , flank right: 75 , window length: 317
[ChromosomeDataset] CDS length:  165 , flank left: 145 , flank right: 102 , window length: 412
[ChromosomeDataset] CDS length:  97 , flank left: 53 , flank right: 92 , window length: 242
[ChromosomeDataset] CDS length:  175 , flank left: 152 , flank right: 110 , window length: 437
[ChromosomeDataset] CDS length:  117 , flank left: 89 , flank right: 86 , window length: 292
[ChromosomeDataset] CDS length:  115 , flank left: 66 , flank right: 106 , window length: 287
[ChromosomeDataset] CDS length:  61 , flank left: 33 , flank right: 58 , window length: 152
[ChromosomeDataset] CDS length:  4932 , flank left: 3686 , flank right: 3712 , window length: 12330
[ChromosomeDataset] CDS length:  172 , flank left: 169 , flank right: 89 , window length: 430
[ChromosomeDataset] CDS length:  162 , flank left: 129 , flank right: 114 , window length: 405
[ChromosomeDataset] CDS length:  132 , flank left: 86 , flank right: 112 , window length: 330
[ChromosomeDataset] CDS length:  128 , flank left: 71 , flank right: 121 , window length: 320
[ChromosomeDataset] CDS length:  123 , flank left: 110 , flank right: 74 , window length: 307
[ChromosomeDataset] CDS length:  215 , flank left: 148 , flank right: 174 , window length: 537
[ChromosomeDataset] CDS length:  175 , flank left: 99 , flank right: 163 , window length: 437
[ChromosomeDataset] CDS length:  757 , flank left: 669 , flank right: 466 , window length: 1892
[ChromosomeDataset] CDS length:  107 , flank left: 92 , flank right: 68 , window length: 267
[ChromosomeDataset] CDS length:  1431 , flank left: 1005 , flank right: 1141 , window length: 3577
[ChromosomeDataset] CDS length:  153 , flank left: 134 , flank right: 95 , window length: 382
[ChromosomeDataset] CDS length:  153 , flank left: 99 , flank right: 130 , window length: 382
[ChromosomeDataset] CDS length:  1928 , flank left: 990 , flank right: 1902 , window length: 4820
[ChromosomeDataset] CDS length:  241 , flank left: 160 , flank right: 201 , window length: 602
[ChromosomeDataset] CDS length:  969 , flank left: 640 , flank right: 813 , window length: 2422
[ChromosomeDataset] CDS length:  147 , flank left: 108 , flank right: 112 , window length: 367
[ChromosomeDataset] CDS length:  190 , flank left: 103 , flank right: 182 , window length: 475
[ChromosomeDataset] CDS length:  377 , flank left: 327 , flank right: 238 , window length: 942
[ChromosomeDataset] CDS length:  162 , flank left: 115 , flank right: 128 , window length: 405
{'loss': 7.4074, 'learning_rate': 3.75e-05, 'epoch': 0.0}
[ChromosomeDataset] CDS length:  155 , flank left: 101 , flank right: 131 , window length: 387
[ChromosomeDataset] CDS length:  157 , flank left: 120 , flank right: 115 , window length: 392
[ChromosomeDataset] CDS length:  133 , flank left: 74 , flank right: 125 , window length: 332
[ChromosomeDataset] CDS length:  124 , flank left: 122 , flank right: 64 , window length: 310
[ChromosomeDataset] CDS length:  189 , flank left: 97 , flank right: 186 , window length: 472
[ChromosomeDataset] CDS length:  26 , flank left: 24 , flank right: 15 , window length: [ChromosomeDataset] CDS length: 65 
140 , flank left: 75 , flank right: 135 , window length: 350
[ChromosomeDataset] CDS length:  17106 , flank left: 14890 , flank right: 10769 , window length: 42765
[ChromosomeDataset] CDS length:  209 , flank left: 105 , flank right: 208 , window length: 522
[ChromosomeDataset] CDS length:  189 , flank left: 155 , flank right: 128 , window length: 472
[ChromosomeDataset] CDS length:  77 , flank left: 52 , flank right: 63 , window length: 192
[ChromosomeDataset] CDS length:  175 , flank left: 100 , flank right: 162 , window length: 437
[ChromosomeDataset] CDS length:  147 , flank left: 98 , flank right: 122 , window length: 367
[ChromosomeDataset] CDS length:  180 , flank left: 106 , flank right: 164 , window length: 450
[ChromosomeDataset] CDS length:  245 , flank left: 138 , flank right: 229 , window length: 612
[ChromosomeDataset] CDS length:  846 , flank left: 834 , flank right: 435 , window length: 2115
[ChromosomeDataset] CDS length:  78 , flank left: 46 , flank right: 71 , window length: 195
[ChromosomeDataset] CDS length:  595 , flank left: 404 , flank right: 488 , window length: 1487
[ChromosomeDataset] CDS length:  114 , flank left: 74 , flank right: 97 , window length: 285
[ChromosomeDataset] CDS length:  7313 , flank left: 3766 , flank right: 7203 , window length: 18282
[ChromosomeDataset] CDS length:  192 , flank left: 179 , flank right: 109 , window length: 480
[ChromosomeDataset] CDS length:  256 , flank left: 149 , flank right: 235 , window length: 640
[ChromosomeDataset] CDS length:  67 , flank left: 56 , flank right: 44 , window length: 167
[ChromosomeDataset] CDS length:  296 , flank left: 183 , flank right: 261 , window length: 740
[ChromosomeDataset] CDS length:  273 , flank left: 198 , flank right: 211 , window length: 682
[ChromosomeDataset] CDS length:  136 , flank left: 100 , flank right: 104 , window length: 340
[ChromosomeDataset] CDS length:  287 , flank left: 198 , flank right: 232 , window length: 717
[ChromosomeDataset] CDS length:  38 , flank left: 34 , flank right: 23 , window length: 95
[ChromosomeDataset] CDS length:  129 , flank left: 121 , flank right: 72 , window length: 322
[ChromosomeDataset] CDS length:  113 , flank left: 61 , flank right: 108 , window length: 282
[ChromosomeDataset] CDS length:  122 , flank left: 96 , flank right: 87 , window length: 305
[ChromosomeDataset] CDS length:  57 , flank left: 42 , flank right: 43 , window length: 142
[ChromosomeDataset] CDS length:  239 , flank left: 198 , flank right: 160 , window length: 597
[ChromosomeDataset] CDS length:  75 , flank left: 65 , flank right: 47 , window length: 187
[ChromosomeDataset] CDS length:  126 , flank left: 116 , flank right: 73 , window length: 315
[ChromosomeDataset] CDS length:  138 , flank left: 89 , flank right: 118 , window length: 345
[ChromosomeDataset] CDS length:  255 , flank left: 212 , flank right: 170 , window length: 637
[ChromosomeDataset] CDS length:  84 , flank left: 59 , flank right: 67 , window length: 210
[ChromosomeDataset] CDS length:  291 , flank left: 202 , flank right: 234 , window length: 727
[ChromosomeDataset] CDS length:  51 , flank left: 34 , flank right: 42 , window length: 127
[ChromosomeDataset] CDS length:  289 , flank left: 158 , flank right: 275 , window length: 722
[ChromosomeDataset] CDS length:  64 , flank left: 57 , flank right: 39 , window length: 160
[ChromosomeDataset] CDS length:  718 , flank left: 575 , flank right: 502 , window length: 1795
[ChromosomeDataset] CDS length:  315 , flank left: 270 , flank right: 202 , window length: 787
[ChromosomeDataset] CDS length:  357 , flank left: 324 , flank right: 211 , window length: 892
[ChromosomeDataset] CDS length:  165 , flank left: 119 , flank right: 128 , window length: 412
[ChromosomeDataset] CDS length:  61 , flank left: 49 , flank right: 42 , window length: 152
[ChromosomeDataset] CDS length:  567 , flank left: 490 , flank right: 360 , window length: 1417
[ChromosomeDataset] CDS length:  529 , flank left: 317 , flank right: 476 , window length: 1322
[ChromosomeDataset] CDS length:  72 , flank left: 64 , flank right: 44 , window length: 180
[ChromosomeDataset] CDS length:  622 , flank left: 505 , flank right: 428 , window length: 1555
[ChromosomeDataset] CDS length:  157 , flank left: 140 , flank right: 95 , window length: 392
[ChromosomeDataset] CDS length:  2224 , flank left: 1757 , flank right: 1579 , window length: 5560
[ChromosomeDataset] CDS length:  1941 , flank left: 1741 , flank right: 1170 , window length: 4852
[ChromosomeDataset] CDS length:  100 , flank left: 70 , flank right: 80 , window length: 250
[ChromosomeDataset] CDS length:  591 , flank left: 330 , flank right: 556 , window length: 1477
[ChromosomeDataset] CDS length:  108 , flank left: 99 , flank right: 63 , window length: 270
[ChromosomeDataset] CDS length:  113 , flank left: 98 , flank right: 71 , window length: 282
[ChromosomeDataset] CDS length:  20935 , flank left: 11461 , flank right: 19941 , window length: 52337
[ChromosomeDataset] CDS length:  404 , flank left: 391 , flank right: 215 , window length: 1010
[ChromosomeDataset] CDS length:  253 , flank left: 177 , flank right: 202 , window length: 632
[ChromosomeDataset] CDS length:  144 , flank left: 138 , flank right: 78 , window length: 360
[ChromosomeDataset] CDS length:  331 , flank left: 170 , flank right: 326 , window length: 827
[ChromosomeDataset] CDS length:  64 , flank left: 37 , flank right: 59 , window length: 160
[ChromosomeDataset] CDS length:  189 , flank left: 147 , flank right: 136 , window length: 472
[ChromosomeDataset] CDS length:  499 , flank left: 493 , flank right: 255 , window length: 1247
[ChromosomeDataset] CDS length:  79 , flank left: 65 , flank right: 53 , window length: 197
[ChromosomeDataset] CDS length:  178 , flank left: 137 , flank right: 130 , window length: 445
[ChromosomeDataset] CDS length:  61 , flank left: 43 , flank right: 48 , window length: 152
[ChromosomeDataset] CDS length:  92 , flank left: 71 , flank right: 67 , window length: 230
[ChromosomeDataset] CDS length:  147 , flank left: 104 , flank right: 116 , window length: 367
[ChromosomeDataset] CDS length:  147 , flank left: 79 , flank right: 141 , window length: 367
[ChromosomeDataset] CDS length:  110 , flank left: 73 , flank right: 92 , window length: 275
[ChromosomeDataset] CDS length:  653 , flank left: 562 , flank right: 417 , window length: 1632
[ChromosomeDataset] CDS length:  91 , flank left: 85 , flank right: 51 , window length: 227
[ChromosomeDataset] CDS length:  565 , flank left: 558 , flank right: 289 , window length: 1412
[ChromosomeDataset] CDS length:  608 , flank left: 499 , flank right: 413 , window length: 1520
[ChromosomeDataset] CDS length:  2148 , flank left: 1566 , flank right: 1656 , window length: 5370
[ChromosomeDataset] CDS length:  208 , flank left: 185 , flank right: 127 , window length: 520
[ChromosomeDataset] CDS length:  125 , flank left: 119 , flank right: 68 , window length: 312
[ChromosomeDataset] CDS length:  374 , flank left: 273 , flank right: 288 , window length: 935
[ChromosomeDataset] CDS length:  1955 , flank left: 1590 , flank right: 1342 , window length: 4887
[ChromosomeDataset] CDS length:  432 , flank left: 320 , flank right: 328 , window length: 1080
[ChromosomeDataset] CDS length:  1926 , flank left: 1646 , flank right: 1243 , window length: 4815
[ChromosomeDataset] CDS length:  1550 , flank left: 823 , flank right: 1502 , window length: 3875
[ChromosomeDataset] CDS length:  139 , flank left: 106 , flank right: 102 , window length: 347
[ChromosomeDataset] CDS length:  171 , flank left: 161 , flank right: 95 , window length: 427
[ChromosomeDataset] CDS length:  210 , flank left: 124 , flank right: 191 , window length: 525
[ChromosomeDataset] CDS length:  185 , flank left: 127 , flank right: 150 , window length: 462
[ChromosomeDataset] CDS length:  17328 , flank left: 14444 , flank right: 11548 , window length: 43320
[ChromosomeDataset] CDS length:  928 , flank left: 808 , flank right: 584 , window length: 2320
[ChromosomeDataset] CDS length:  400 , flank left: 389 , flank right: 211 , window length: 1000
[ChromosomeDataset] CDS length:  91 , flank left: 79 , flank right: 57 , window length: 227
[ChromosomeDataset] CDS length:  94 , flank left: 93 , flank right: 48 , window length: 235
[ChromosomeDataset] CDS length:  1401 , flank left: 1280 , flank right: 821 , window length: 3502
[ChromosomeDataset] CDS length:  117 , flank left: 68 , flank right: 107 , window length: 292
[ChromosomeDataset] CDS length:  162 , flank left: 106 , flank right: 137 , window length: 405
[ChromosomeDataset] CDS length:  198 , flank left: 183 , flank right: 114 , window length: 495
[ChromosomeDataset] CDS length:  202 , flank left: 186 , flank right: 117 , window length: 505
[ChromosomeDataset] CDS length:  804 , flank left: 497 , flank right: 709 , window length: 2010
[ChromosomeDataset] CDS length:  94 , flank left: 81 , flank right: 60 , window length: 235
[ChromosomeDataset] CDS length:  199 , flank left: 146 , flank right: 152 , window length: 497
[ChromosomeDataset] CDS length:  441 , flank left: 342 , flank right: 319 , window length: 1102
[ChromosomeDataset] CDS length:  933 , flank left: 676 , flank right: 723 , window length: 2332
[ChromosomeDataset] CDS length:  140 , flank left: 118 , flank right: 92 , window length: 350
[ChromosomeDataset] CDS length:  948 , flank left: 635 , flank right: 787 , window length: 2370
[ChromosomeDataset] CDS length:  2085 , flank left: 1991 , flank right: 1136 , window length: 5212
[ChromosomeDataset] CDS length:  116 , flank left: 70 , flank right: 104 , window length: 290
[ChromosomeDataset] CDS length:  447 , flank left: 237 , flank right: 433 , window length: 1117
[ChromosomeDataset] CDS length:  120 , flank left: 90 , flank right: 90 , window length: 300
[ChromosomeDataset] CDS length:  56 , flank left: 36 , flank right: 48 , window length: 140
[ChromosomeDataset] CDS length:  1800 , flank left: 1349 , flank right: 1351 , window length: 4500
[ChromosomeDataset] CDS length:  1095 , flank left: 1015 , flank right: 627 , window length: 2737
[ChromosomeDataset] CDS length:  214 , flank left: 212 , flank right: 109 , window length: 535
[ChromosomeDataset] CDS length:  374 , flank left: 257 , flank right: 304 , window length: 935
[ChromosomeDataset] CDS length:  2609 , flank left: 1316 , flank right: 2597 , window length: 6522
[ChromosomeDataset] CDS length:  211 , flank left: 203 , flank right: 113 , window length: 527
[ChromosomeDataset] CDS length:  434 , flank left: 349 , flank right: 302 , window length: 1085
[ChromosomeDataset] CDS length:  122 , flank left: 99 , flank right: 84 , window length: 305
[ChromosomeDataset] CDS length:  203 , flank left: 150 , flank right: 154 , window length: 507
[ChromosomeDataset] CDS length:  755 , flank left: 386 , flank right: 746 , window length: 1887
[ChromosomeDataset] CDS length:  125 , flank left: 76 , flank right: 111 , window length: 312
[ChromosomeDataset] CDS length:  117 , flank left: 59 , flank right: 116 , window length: 292
[ChromosomeDataset] CDS length:  106 , flank left: 59 , flank right: 100 , window length: 265
[ChromosomeDataset] CDS length:  1575 , flank left: 1284 , flank right: 1078 , window length: 3937
[ChromosomeDataset] CDS length:  1625 , flank left: 1121 , flank right: 1316 , window length: 4062
[ChromosomeDataset] CDS length:  46 , flank left: 25 , flank right: 44 , window length: 115
[ChromosomeDataset] CDS length:  178 , flank left: 148 , flank right: 119 , window length: 445
[ChromosomeDataset] CDS length:  78 , flank left: 44 , flank right: 73 , window length: 195
[ChromosomeDataset] CDS length:  183 , flank left: 107 , flank right: 167 , window length: 457
[ChromosomeDataset] CDS length:  1926 , flank left: 1778 , flank right: 1111 , window length: 4815
[ChromosomeDataset] CDS length:  271 , flank left: 240 , flank right: 166 , window length: 677
[ChromosomeDataset] CDS length:  71 , flank left: 39 , flank right: 67 , window length: 177
[ChromosomeDataset] CDS length:  8247 , flank left: 4309 , flank right: 8061 , window length: 20617
[ChromosomeDataset] CDS length:  186 , flank left: 125 , flank right: 154 , window length: 465
[ChromosomeDataset] CDS length:  129 , flank left: 65 , flank right: 128 , window length: 322
[ChromosomeDataset] CDS length:  321 , flank left: 319 , flank right: 162 , window length: 802
[ChromosomeDataset] CDS length:  287 , flank left: 188 , flank right: 242 , window length: 717
[ChromosomeDataset] CDS length:  116 , flank left: 89 , flank right: 85 , window length: 290
[ChromosomeDataset] CDS length:  1930 , flank left: 1685 , flank right: 1210 , window length: 4825
[ChromosomeDataset] CDS length:  7313 , flank left: 6053 , flank right: 4916 , window length: 18282
[ChromosomeDataset] CDS length:  233 , flank left: 149 , flank right: 200 , window length: 582
[ChromosomeDataset] CDS length:  171 , flank left: 171 , flank right: 85 , window length: 427
[ChromosomeDataset] CDS length:  257 , flank left: 223 , flank right: 162 , window length: 642
[ChromosomeDataset] CDS length:  109 , flank left: 103 , flank right: 60 , window length: 272
[ChromosomeDataset] CDS length:  331 , flank left: 206 , flank right: 290 , window length: 827
[ChromosomeDataset] CDS length:  147 , flank left: 107 , flank right: 113 , window length: 367
[ChromosomeDataset] CDS length:  1344 , flank left: 1341 , flank right: 675 , window length: 3360
[ChromosomeDataset] CDS length:  157 , flank left: 157 , flank right: 78 , window length: 392
[ChromosomeDataset] CDS length:  297 , flank left: 276 , flank right: 169 , window length: 742
[ChromosomeDataset] CDS length:  653 , flank left: 643 , flank right: 336 , window length: 1632
[ChromosomeDataset] CDS length:  133 , flank left: 79 , flank right: 120 , window length: 332
[ChromosomeDataset] CDS length:  253 , flank left: 182 , flank right: 197 , window length: 632
[ChromosomeDataset] CDS length:  2280 , flank left: 1922 , flank right: 1498 , window length: 5700
[ChromosomeDataset] CDS length:  768 , flank left: 651 , flank right: 501 , window length: 1920
[ChromosomeDataset] CDS length:  279 , flank left: 253 , flank right: 165 , window length: 697
[ChromosomeDataset] CDS length:  136 , flank left: 119 , flank right: 85 , window length: 340
[ChromosomeDataset] CDS length:  332 , flank left: 269 , flank right: 229 , window length: 830
[ChromosomeDataset] CDS length:  132 , flank left: 75 , flank right: 123 , window length: 330
[ChromosomeDataset] CDS length:  162 , flank left: 82 , flank right: 161 , window length: 405
[ChromosomeDataset] CDS length:  827 , flank left: 415 , flank right: 825 , window length: 2067
[ChromosomeDataset] CDS length:  334 , flank left: 256 , flank right: 245 , window length: 835
[ChromosomeDataset] CDS length:  225 , flank left: 206 , flank right: 131 , window length: 562
[ChromosomeDataset] CDS length:  97 , flank left: 67 , flank right: 78 , window length: 242
[ChromosomeDataset] CDS length:  876 , flank left: 816 , flank right: 498 , window length: 2190
[ChromosomeDataset] CDS length:  172 , flank left: 117 , flank right: 141 , window length: 430
[ChromosomeDataset] CDS length:  248 , flank left: 212 , flank right: 160 , window length: 620
[ChromosomeDataset] CDS length:  1812 , flank left: 1405 , flank right: 1313 , window length: 4530
[ChromosomeDataset] CDS length:  4687 , flank left: 2609 , flank right: 4421 , window length: 11717
[ChromosomeDataset] CDS length:  74 , flank left: 42 , flank right: 69 , window length: 185
[ChromosomeDataset] CDS length:  485 , flank left: 398 , flank right: 329 , window length: 1212
[ChromosomeDataset] CDS length:  168 , flank left: 134 , flank right: 118 , window length: 420
[ChromosomeDataset] CDS length:  57 , flank left: 29 , flank right: 56 , window length: 142
[ChromosomeDataset] CDS length:  189 , flank left: 156 , flank right: 127 , window length: 472
[ChromosomeDataset] CDS length:  6452 , flank left: 6205 , flank right: 3473 , window length: 16130
[ChromosomeDataset] CDS length:  147 , flank left: 140 , flank right: 80 , window length: 367
[ChromosomeDataset] CDS length:  2022 , flank left: 1190 , flank right: 1843 , window length: 5055
[ChromosomeDataset] CDS length:  191 , flank left: 158 , flank right: 128 , window length: 477
[ChromosomeDataset] CDS length:  138 , flank left: 79 , flank right: 128 , window length: 345
[ChromosomeDataset] CDS length:  86 , flank left: 58 , flank right: 71 , window length: 215
[ChromosomeDataset] CDS length:  109 , flank left: 57 , flank right: 106 , window length: 272
[ChromosomeDataset] CDS length:  52 , flank left: 32 , flank right: 46 , window length: 130
[ChromosomeDataset] CDS length:  116 , flank left: 91 , flank right: 83 , window length: 290
[ChromosomeDataset] CDS length:  141 , flank left: 78 , flank right: 133 , window length: 352
[ChromosomeDataset] CDS length:  315 , flank left: 221 , flank right: 251 , window length: 787
[ChromosomeDataset] CDS length:  1486 , flank left: 1353 , flank right: 876 , window length: 3715
[ChromosomeDataset] CDS length:  231 , flank left: 204 , flank right: 142 , window length: 577
[ChromosomeDataset] CDS length:  275 , flank left: 148 , flank right: 264 , window length: 687
[ChromosomeDataset] CDS length:  2613 , flank left: 2101 , flank right: 1818 , window length: 6532
[ChromosomeDataset] CDS length:  869 , flank left: 753 , flank right: 550 , window length: 2172
[ChromosomeDataset] CDS length:  174 , flank left: 174 , flank right: 87 , window length: 435
[ChromosomeDataset] CDS length:  171 , flank left: 134 , flank right: 122 , window length: 427
[ChromosomeDataset] CDS length:  210 , flank left: 111 , flank right: 204 , window length: 525
[ChromosomeDataset] CDS length:  127 , flank left: 88 , flank right: 102 , window length: 317
[ChromosomeDataset] CDS length:  2246 , flank left: 2145 , flank right: 1224 , window length: 5615
[ChromosomeDataset] CDS length:  135 , flank left: 92 , flank right: 110 , window length: 337
[ChromosomeDataset] CDS length:  79 , flank left: 59 , flank right: 59 , window length: 197
[ChromosomeDataset] CDS length:  170 , flank left: 134 , flank right: 121 , window length: 425
[ChromosomeDataset] CDS length:  127 , flank left: 84 , flank right: 106 , window length: 317
[ChromosomeDataset] CDS length:  98 , flank left: 66 , flank right: 81 , window length: 245
[ChromosomeDataset] CDS length:  150 , flank left: 134 , flank right: 91 , window length: 375
[ChromosomeDataset] CDS length:  177 , flank left: 142 , flank right: 123 , window length: 442
[ChromosomeDataset] CDS length:  165 , flank left: 139 , flank right: 108 , window length: 412
[ChromosomeDataset] CDS length:  1155 , flank left: 953 , flank right: 779 , window length: 2887
[ChromosomeDataset] CDS length:  162 , flank left: 102 , flank right: 141 , window length: 405
[ChromosomeDataset] CDS length:  149 , flank left: 79 , flank right: 144 , window length: 372
[ChromosomeDataset] CDS length:  1151 , flank left: 846 , flank right: 880 , window length: 2877
[ChromosomeDataset] CDS length:  1588 , flank left: 1505 , flank right: 877 , window length: 3970
[ChromosomeDataset] CDS length:  166 , flank left: 165 , flank right: 84 , window length: 415
[ChromosomeDataset] CDS length:  139 , flank left: 126 , flank right: 82 , window length: 347
[ChromosomeDataset] CDS length:  151 , flank left: 99 , flank right: 127 , window length: 377
[ChromosomeDataset] CDS length:  333 , flank left: 324 , flank right: 175 , window length: 832
[ChromosomeDataset] CDS length:  755 , flank left: 702 , flank right: 430 , window length: 1887
[ChromosomeDataset] CDS length:  235 , flank left: 228 , flank right: 124 , window length: 587
[ChromosomeDataset] CDS length:  2781 , flank left: 2686 , flank right: 1485 , window length: 6952
[ChromosomeDataset] CDS length:  446 , flank left: 312 , flank right: 357 , window length: 1115
[ChromosomeDataset] CDS length:  1773 , flank left: 1553 , flank right: 1106 , window length: 4432
[ChromosomeDataset] CDS length:  110 , flank left: 91 , flank right: 74 , window length: 275
[ChromosomeDataset] CDS length:  199 , flank left: 101 , flank right: 197 , window length: 497
[ChromosomeDataset] CDS length:  163 , flank left: 112 , flank right: 132 , window length: 407
[ChromosomeDataset] CDS length:  1546 , flank left: 1503 , flank right: 816 , window length: 3865
[ChromosomeDataset] CDS length:  71 , flank left: 66 , flank right: 40 , window length: 177
[ChromosomeDataset] CDS length:  707 , flank left: 418 , flank right: 642 , window length: 1767
[ChromosomeDataset] CDS length:  729 , flank left: 464 , flank right: 629 , window length: 1822
[ChromosomeDataset] CDS length:  190 , flank left: 160 , flank right: 125 , window length: 475
[ChromosomeDataset] CDS length:  173 , flank left: 129 , flank right: 130 , window length: 432
[ChromosomeDataset] CDS length:  5209 , flank left: 3617 , flank right: 4196 , window length: 13022
[ChromosomeDataset] CDS length:  70 , flank left: 63 , flank right: 42 , window length: 175
[ChromosomeDataset] CDS length:  160 , flank left: 81 , flank right: 159 , window length: 400
[ChromosomeDataset] CDS length:  46 , flank left: 40 , flank right: 29 , window length: 115
[ChromosomeDataset] CDS length:  97 , flank left: 51 , flank right: 94 , window length: 242
[ChromosomeDataset] CDS length:  837 , flank left: 441 , flank right: 814 , window length: 2092
[ChromosomeDataset] CDS length:  131 , flank left: 78 , flank right: 118 , window length: 327
[ChromosomeDataset] CDS length:  164 , flank left: 88 , flank right: 158 , window length: 410
[ChromosomeDataset] CDS length:  122 , flank left: 86 , flank right: 97 , window length: 305
[ChromosomeDataset] CDS length:  138 , flank left: 97 , flank right: 110 , window length: 345
[ChromosomeDataset] CDS length:  969 , flank left: 908 , flank right: 545 , window length: 2422
[ChromosomeDataset] CDS length:  130 , flank left: 86 , flank right: 109 , window length: 325
[ChromosomeDataset] CDS length:  120 , flank left: 117 , flank right: 63 , window length: 300
[ChromosomeDataset] CDS length:  74 , flank left: 65 , flank right: 46 , window length: 185
[ChromosomeDataset] CDS length:  102 , flank left: 52 , flank right: 101 , window length: 255
[ChromosomeDataset] CDS length:  90 , flank left: 79 , flank right: 56 , window length: 225
[ChromosomeDataset] CDS length:  159 , flank left: 155 , flank right: 83 , window length: 397
[ChromosomeDataset] CDS length:  84 , flank left: 51 , flank right: 75 , window length: 210
[ChromosomeDataset] CDS length:  7539 , flank left: 7005 , flank right: 4303 , window length: 18847
[ChromosomeDataset] CDS length:  76 , flank left: 75 , flank right: 39 , window length: 190
[ChromosomeDataset] CDS length:  111 , flank left: 86 , flank right: 80 , window length: 277
[ChromosomeDataset] CDS length:  160 , flank left: 86 , flank right: 154 , window length: 400
[ChromosomeDataset] CDS length:  127 , flank left: 124 , flank right: 66 , window length: 317
[ChromosomeDataset] CDS length:  60 , flank left: 45 , flank right: 45 , window length: 150
[ChromosomeDataset] CDS length:  615 , flank left: 440 , flank right: 482 , window length: 1537
[ChromosomeDataset] CDS length:  23 , flank left: 20 , flank right: 14 , window length: 57
[ChromosomeDataset] CDS length:  554 , flank left: 351 , flank right: 480 , window length: 1385
[ChromosomeDataset] CDS length:  207 , flank left: 176 , flank right: 134 , window length: 517
[ChromosomeDataset] CDS length:  3807 , flank left: 2210 , flank right: 3500 , window length: 9517
[ChromosomeDataset] CDS length:  642 , flank left: 465 , flank right: 498 , window length: 1605
[ChromosomeDataset] CDS length:  148 , flank left: 117 , flank right: 105 , window length: 370
[ChromosomeDataset] CDS length:  207 , flank left: 118 , flank right: 192 , window length: 517
[ChromosomeDataset] CDS length:  3030 , flank left: 2396 , flank right: 2149 , window length: 7575
[ChromosomeDataset] CDS length:  609 , flank left: 509 , flank right: 404 , window length: 1522
[ChromosomeDataset] CDS length:  4449 , flank left: 4271 , flank right: 2402 , window length: 11122
[ChromosomeDataset] CDS length:  227 , flank left: 167 , flank right: 173 , window length: 567
[ChromosomeDataset] CDS length:  232 , flank left: 175 , flank right: 173 , window length: 580
[ChromosomeDataset] CDS length:  141 , flank left: 93 , flank right: 118 , window length: 352
[ChromosomeDataset] CDS length:  120 , flank left: 86 , flank right: 94 , window length: 300
[ChromosomeDataset] CDS length:  491 , flank left: 432 , flank right: 304 , window length: 1227
[ChromosomeDataset] CDS length:  1586 , flank left: 951 , flank right: 1428 , window length: 3965
[ChromosomeDataset] CDS length:  222 , flank left: 137 , flank right: 196 , window length: 555
[ChromosomeDataset] CDS length:  73 , flank left: 63 , flank right: 46 , window length: 182
[ChromosomeDataset] CDS length:  924 , flank left: 523 , flank right: 863 , window length: 2310
[ChromosomeDataset] CDS length:  125 , flank left: 87 , flank right: 100 , window length: 312
[ChromosomeDataset] CDS length:  972 , flank left: 495 , flank right: 963 , window length: 2430
[ChromosomeDataset] CDS length:  147 , flank left: 94 , flank right: 126 , window length: 367
[ChromosomeDataset] CDS length:  1759 , flank left: 1698 , flank right: 940 , window length: 4397
[ChromosomeDataset] CDS length:  109 , flank left: 102 , flank right: 61 , window length: 272
[ChromosomeDataset] CDS length:  81 , flank left: 81 , flank right: 40 , window length: 202
[ChromosomeDataset] CDS length:  206 , flank left: 137 , flank right: 172 , window length: 515
[ChromosomeDataset] CDS length:  152 , flank left: 108 , flank right: 120 , window length: 380
[ChromosomeDataset] CDS length:  2309 , flank left: 1738 , flank right: 1725 , window length: 5772
[ChromosomeDataset] CDS length:  300 , flank left: 238 , flank right: 212 , window length: 750
[ChromosomeDataset] CDS length:  176 , flank left: 152 , flank right: 112 , window length: 440
[ChromosomeDataset] CDS length:  7539 , flank left: 7184 , flank right: 4124 , window length: 18847
[ChromosomeDataset] CDS length:  101 , flank left: 54 , flank right: 97 , window length: 252
[ChromosomeDataset] CDS length:  108 , flank left: 93 , flank right: 69 , window length: 270
[ChromosomeDataset] CDS length:  144 , flank left: 76 , flank right: 140 , window length: 360
[ChromosomeDataset] CDS length:  143 , flank left: 119 , flank right: 95 , window length: 357
[ChromosomeDataset] CDS length:  109 , flank left: 59 , flank right: 104 , window length: 272
[ChromosomeDataset] CDS length:  179 , flank left: 120 , flank right: 148 , window length: 447
[ChromosomeDataset] CDS length:  70 , flank left: 44 , flank right: 61 , window length: 175
[ChromosomeDataset] CDS length:  128 , flank left: 89 , flank right: 103 , window length: 320
[ChromosomeDataset] CDS length:  95 , flank left: 85 , flank right: 57 , window length: 237
[ChromosomeDataset] CDS length:  167 , flank left: 113 , flank right: 137 , window length: 417
[ChromosomeDataset] CDS length:  987 , flank left: 912 , flank right: 568 , window length: 2467
[ChromosomeDataset] CDS length:  108 , flank left: 87 , flank right: 75 , window length: 270
[ChromosomeDataset] CDS length:  147 , flank left: 101 , flank right: 119 , window length: 367
[ChromosomeDataset] CDS length:  301 , flank left: 272 , flank right: 179 , window length: 752
[ChromosomeDataset] CDS length:  94 , flank left: 51 , flank right: 90 , window length: 235
[ChromosomeDataset] CDS length:  131 , flank left: 74 , flank right: 122 , window length: 327
[ChromosomeDataset] CDS length:  78 , flank left: 54 , flank right: 63 , window length: 195
[ChromosomeDataset] CDS length:  207 , flank left: 135 , flank right: 175 , window length: 517
[ChromosomeDataset] CDS length:  866 , flank left: 768 , flank right: 531 , window length: 2165
[ChromosomeDataset] CDS length:  264 , flank left: 141 , flank right: 255 , window length: 660
[ChromosomeDataset] CDS length:  1659 , flank left: 1020 , flank right: 1468 , window length: 4147
[ChromosomeDataset] CDS length:  718 , flank left: 716 , flank right: 361 , window length: 1795
[ChromosomeDataset] CDS length:  166 , flank left: 130 , flank right: 119 , window length: 415
[ChromosomeDataset] CDS length:  112 , flank left: 86 , flank right: 82 , window length: 280
[ChromosomeDataset] CDS length:  103 , flank left: 99 , flank right: 55 , window length: 257
[ChromosomeDataset] CDS length:  42 , flank left: 33 , flank right: 30 , window length: 105
[ChromosomeDataset] CDS length:  118 , flank left: 94 , flank right: 83 , window length: 295
[ChromosomeDataset] CDS length:  369 , flank left: 267 , flank right: 286 , window length: 922
[ChromosomeDataset] CDS length:  54 , flank left: 48 , flank right: 33 , window length: 135
[ChromosomeDataset] CDS length:  1020 , flank left: 650 , flank right: 880 , window length: 2550
[ChromosomeDataset] CDS length:  99 , flank left: 70 , flank right: 78 , window length: 247
[ChromosomeDataset] CDS length:  940 , flank left: 895 , flank right: 515 , window length: 2350
[ChromosomeDataset] CDS length:  240 , flank left: 200 , flank right: 160 , window length: 600
[ChromosomeDataset] CDS length:  150 , flank left: 124 , flank right: 101 , window length: 375
[ChromosomeDataset] CDS length:  395 , flank left: 286 , flank right: 306 , window length: 987
[ChromosomeDataset] CDS length:  599 , flank left: 502 , flank right: 396 , window length: 1497
[ChromosomeDataset] CDS length:  115 , flank left: 60 , flank right: 112 , window length: 287
[ChromosomeDataset] CDS length:  150 , flank left: 118 , flank right: 107 , window length: 375
{'loss': 7.3166, 'learning_rate': 4.1666666666666665e-05, 'epoch': 0.0}
[ChromosomeDataset] CDS length:  332 , flank left: 188 , flank right: 310 , window length: 830
[ChromosomeDataset] CDS length:  2280 , flank left: 2265 , flank right: 1155 , window length: 5700
[ChromosomeDataset] CDS length:  94 , flank left: 80 , flank right: 61 , window length: 235
[ChromosomeDataset] CDS length:  387 , flank left: 357 , flank right: 223 , window length: 967
[ChromosomeDataset] CDS length:  160 , flank left: 111 , flank right: 129 , window length: 400
[ChromosomeDataset] CDS length:  667 , flank left: 502 , flank right: 498 , window length: 1667
[ChromosomeDataset] CDS length:  149 , flank left: 135 , flank right: 88 , window length: 372
[ChromosomeDataset] CDS length:  906 , flank left: 788 , flank right: 571 , window length: 2265
[ChromosomeDataset] CDS length:  186 , flank left: 144 , flank right: 135 , window length: 465
[ChromosomeDataset] CDS length:  252 , flank left: 232 , flank right: 146 , window length: 630
[ChromosomeDataset] CDS length:  115 , flank left: 72 , flank right: 100 [ChromosomeDataset] CDS length: , window length:  149287 
, flank left: 120 , flank right: 103 , window length: 372
[ChromosomeDataset] CDS length:  1525 , flank left: 1468 , flank right: 819 , window length: 3812
[ChromosomeDataset] CDS length:  172 , flank left: 132 , flank right: 126 , window length: 430
[ChromosomeDataset] CDS length:  246 , flank left: 149 , flank right: 220 , window length: 615
[ChromosomeDataset] CDS length:  68 , flank left: 40 , flank right: 62 , window length: 170
[ChromosomeDataset] CDS length:  [ChromosomeDataset] CDS length: 6196  88, flank left:  , flank left:4297  72, flank right:  , flank right:4997  60, window length:  , window length:15490 
220
[ChromosomeDataset] CDS length:  567 , flank left: 427 , flank right: 423 , window length: 1417
[ChromosomeDataset] CDS length:  150 , flank left: 106 , flank right: 119 , window length: 375
[ChromosomeDataset] CDS length:  359 , flank left: 319 , flank right: 219 , window length: 897
[ChromosomeDataset] CDS length:  324 , flank left: 213 , flank right: 273 , window length: 810
[ChromosomeDataset] CDS length:  197 , flank left: 174 , flank right: 121 , window length: 492
[ChromosomeDataset] CDS length:  312 , flank left: 251 , flank right: 217 , window length: 780
[ChromosomeDataset] CDS length:  181 , flank left: 126 , flank right: 145 , window length: 452
[ChromosomeDataset] CDS length:  190 , flank left: 121 , flank right: 164 , window length: 475
[ChromosomeDataset] CDS length:  138 , flank left: 122 , flank right: 85 , window length: 345
[ChromosomeDataset] CDS length:  4176 , flank left: 3003 , flank right: 3261 , window length: 10440
[ChromosomeDataset] CDS length:  2015 , flank left: 1793 , flank right: 1229 , window length: 5037
[ChromosomeDataset] CDS length:  149 , flank left: 95 , flank right: 128 , window length: 372
[ChromosomeDataset] CDS length:  1358 , flank left: 780 , flank right: 1257 , window length: 3395
[ChromosomeDataset] CDS length:  165 , flank left: 161 , flank right: 86 , window length: 412
[ChromosomeDataset] CDS length:  231 , flank left: 133 , flank right: 213 , window length: 577
[ChromosomeDataset] CDS length:  92 , flank left: 81 , flank right: 57 , window length: 230
[ChromosomeDataset] CDS length:  229 , flank left: 145 , flank right: 198 , window length: 572
[ChromosomeDataset] CDS length:  214 , flank left: 121 , flank right: 200 , window length: 535
[ChromosomeDataset] CDS length:  207 , flank left: 128 , flank right: 182 , window length: 517
[ChromosomeDataset] CDS length:  1560 , flank left: 1535 , flank right: 805 , window length: 3900
[ChromosomeDataset] CDS length:  128 , flank left: 106 , flank right: 86 , window length: 320
[ChromosomeDataset] CDS length:  190 , flank left: 168 , flank right: 117 , window length: 475
[ChromosomeDataset] CDS length:  50 , flank left: 32 , flank right: 43 , window length: 125
[ChromosomeDataset] CDS length:  76 , flank left: 60 , flank right: 54 , window length: 190
[ChromosomeDataset] CDS length:  1912 , flank left: 1208 , flank right: 1660 , window length: 4780
[ChromosomeDataset] CDS length:  148 , flank left: 78 , flank right: 144 , window length: 370
[ChromosomeDataset] CDS length:  206 , flank left: 158 , flank right: 151 , window length: 515
[ChromosomeDataset] CDS length:  105 , flank left: 102 , flank right: 55 , window length: 262
[ChromosomeDataset] CDS length:  661 , flank left: 441 , flank right: 550 , window length: 1652
[ChromosomeDataset] CDS length:  94 , flank left: 68 , flank right: 73 , window length: 235
[ChromosomeDataset] CDS length:  1064 , flank left: 698 , flank right: 898 , window length: 2660
[ChromosomeDataset] CDS length:  180 , flank left: 91 , flank right: 179 , window length: 450
[ChromosomeDataset] CDS length:  121 , flank left: 72 , flank right: 109 , window length: 302
[ChromosomeDataset] CDS length:  4176 , flank left: 3731 , flank right: 2533 , window length: 10440
[ChromosomeDataset] CDS length:  788 , flank left: 603 , flank right: 579 , window length: 1970
[ChromosomeDataset] CDS length:  1487 , flank left: 827 , flank right: 1403 , window length: 3717
[ChromosomeDataset] CDS length:  448 , flank left: 282 , flank right: 390 , window length: 1120
[ChromosomeDataset] CDS length:  129 , flank left: 88 , flank right: 105 , window length: 322
[ChromosomeDataset] CDS length:  182 , flank left: 176 , flank right: 97 , window length: 455
[ChromosomeDataset] CDS length:  171 , flank left: 159 , flank right: 97 , window length: 427
[ChromosomeDataset] CDS length:  120 , flank left: 61 , flank right: 119 , window length: 300
[ChromosomeDataset] CDS length:  212 , flank left: 192 , flank right: 126 , window length: 530
[ChromosomeDataset] CDS length:  665 , flank left: 368 , flank right: 629 , window length: 1662
[ChromosomeDataset] CDS length:  114 , flank left: 73 , flank right: 98 , window length: 285
[ChromosomeDataset] CDS length:  78 , flank left: 42 , flank right: 75 , window length: 195
[ChromosomeDataset] CDS length:  131 , flank left: 114 , flank right: 82 , window length: 327
[ChromosomeDataset] CDS length:  107 , flank left: 78 , flank right: 82 , window length: 267
[ChromosomeDataset] CDS length:  914 , flank left: 765 , flank right: 606 , window length: 2285
[ChromosomeDataset] CDS length:  1146 , flank left: 897 , flank right: 822 , window length: 2865
[ChromosomeDataset] CDS length:  224 , flank left: 160 , flank right: 176 , window length: 560
[ChromosomeDataset] CDS length:  154 , flank left: 146 , flank right: 85 , window length: 385
[ChromosomeDataset] CDS length:  164 , flank left: 117 , flank right: 129 , window length: 410
[ChromosomeDataset] CDS length:  164 , flank left: 89 , flank right: 157 , window length: 410
[ChromosomeDataset] CDS length:  129 , flank left: 120 , flank right: 73 , window length: 322
[ChromosomeDataset] CDS length:  144 , flank left: 88 , flank right: 128 , window length: 360
[ChromosomeDataset] CDS length:  276 , flank left: 221 , flank right: 193 , window length: 690
[ChromosomeDataset] CDS length:  105 , flank left: 80 , flank right: 77 , window length: 262
[ChromosomeDataset] CDS length:  403 , flank left: 285 , flank right: 319 , window length: 1007
[ChromosomeDataset] CDS length:  73 , flank left: 60 , flank right: 49 , window length: 182
[ChromosomeDataset] CDS length:  144 , flank left: 130 , flank right: 86 , window length: 360
[ChromosomeDataset] CDS length:  258 , flank left: 154 , flank right: 233 , window length: 645
[ChromosomeDataset] CDS length:  109 , flank left: 99 , flank right: 64 , window length: 272
[ChromosomeDataset] CDS length:  1059 , flank left: 882 , flank right: 706 , window length: 2647
[ChromosomeDataset] CDS length:  144 , flank left: 83 , flank right: 133 , window length: 360
[ChromosomeDataset] CDS length:  168 , flank left: 158 , flank right: 94 , window length: 420
[ChromosomeDataset] CDS length:  213 , flank left: 116 , flank right: 203 , window length: 532
[ChromosomeDataset] CDS length:  57 , flank left: 52 , flank right: 33 , window length: 142
[ChromosomeDataset] CDS length:  148 , flank left: 83 , flank right: 139 , window length: 370
[ChromosomeDataset] CDS length:  150 , flank left: 76 , flank right: 149 , window length: 375
[ChromosomeDataset] CDS length:  99 , flank left: 53 , flank right: 95 , window length: 247
[ChromosomeDataset] CDS length:  1532 , flank left: 1305 , flank right: 993 , window length: 3830
[ChromosomeDataset] CDS length:  356 , flank left: 329 , flank right: 205 , window length: 890
[ChromosomeDataset] CDS length:  109 , flank left: 55 , flank right: 108 , window length: 272
[ChromosomeDataset] CDS length:  96 , flank left: 56 , flank right: 88 , window length: 240
[ChromosomeDataset] CDS length:  192 , flank left: 159 , flank right: 129 , window length: 480
[ChromosomeDataset] CDS length:  515 , flank left: 278 , flank right: 494 , window length: 1287
[ChromosomeDataset] CDS length:  236 , flank left: 203 , flank right: 151 , window length: 590
[ChromosomeDataset] CDS length:  484 , flank left: 285 , flank right: 441 , window length: 1210
[ChromosomeDataset] CDS length:  185 , flank left: 116 , flank right: 161 , window length: 462
[ChromosomeDataset] CDS length:  327 , flank left: 175 , flank right: 315 , window length: 817
[ChromosomeDataset] CDS length:  1757 , flank left: 1237 , flank right: 1398 , window length: 4392
[ChromosomeDataset] CDS length:  115 , flank left: 103 , flank right: 69 , window length: 287
[ChromosomeDataset] CDS length:  135 , flank left: 131 , flank right: 71 , window length: 337
[ChromosomeDataset] CDS length:  269 , flank left: 175 , flank right: 228 , window length: 672
[ChromosomeDataset] CDS length:  1029 , flank left: 986 , flank right: 557 , window length: 2572
[ChromosomeDataset] CDS length:  184 , flank left: 158 , flank right: 118 , window length: 460
[ChromosomeDataset] CDS length:  108 , flank left: 91 , flank right: 71 , window length: 270
[ChromosomeDataset] CDS length:  130 , flank left: 112 , flank right: 83 , window length: 325
[ChromosomeDataset] CDS length:  199 , flank left: 188 , flank right: 110 , window length: 497
[ChromosomeDataset] CDS length:  2306 , flank left: 1756 , flank right: 1703 , window length: 5765
[ChromosomeDataset] CDS length:  160 , flank left: 133 , flank right: 107 , window length: 400
[ChromosomeDataset] CDS length:  134 , flank left: 74 , flank right: 127 , window length: 335
[ChromosomeDataset] CDS length:  112 , flank left: 73 , flank right: 95 , window length: 280
[ChromosomeDataset] CDS length:  942 , flank left: 722 , flank right: 691 , window length: 2355
[ChromosomeDataset] CDS length:  410 , flank left: 336 , flank right: 279 , window length: 1025
[ChromosomeDataset] CDS length:  4752 , flank left: 3353 , flank right: 3775 , window length: 11880
[ChromosomeDataset] CDS length:  339 , flank left: 281 , flank right: 227 , window length: 847
[ChromosomeDataset] CDS length:  1364 , flank left: 1332 , flank right: 714 , window length: 3410
[ChromosomeDataset] CDS length:  104 , flank left: 65 , flank right: 91 , window length: 260
[ChromosomeDataset] CDS length:  179 , flank left: 176 , flank right: 92 , window length: 447
[ChromosomeDataset] CDS length:  103 , flank left: 94 , flank right: 60 , window length: 257
[ChromosomeDataset] CDS length:  157 , flank left: 156 , flank right: 79 , window length: 392
[ChromosomeDataset] CDS length:  153 , flank left: 110 , flank right: 119 , window length: 382
[ChromosomeDataset] CDS length:  98 , flank left: 74 , flank right: 73 , window length: 245
[ChromosomeDataset] CDS length:  133 , flank left: 126 , flank right: 73 , window length: 332
[ChromosomeDataset] CDS length:  179 , flank left: 146 , flank right: 122 , window length: 447
[ChromosomeDataset] CDS length:  154 , flank left: 116 , flank right: 115 , window length: 385
[ChromosomeDataset] CDS length:  209 , flank left: 190 , flank right: 123 , window length: 522
[ChromosomeDataset] CDS length:  3093 , flank left: 2567 , flank right: 2072 , window length: 7732
[ChromosomeDataset] CDS length:  1140 , flank left: 943 , flank right: 767 , window length: 2850
[ChromosomeDataset] CDS length:  395 , flank left: 207 , flank right: 385 , window length: 987
[ChromosomeDataset] CDS length:  246 , flank left: 164 , flank right: 205 , window length: 615
[ChromosomeDataset] CDS length:  467 , flank left: 381 , flank right: 319 , window length: 1167
[ChromosomeDataset] CDS length:  80 , flank left: 68 , flank right: 52 , window length: 200
[ChromosomeDataset] CDS length:  159 , flank left: 135 , flank right: 103 , window length: 397
[ChromosomeDataset] CDS length:  939 , flank left: 843 , flank right: 565 , window length: 2347
[ChromosomeDataset] CDS length:  87 , flank left: 82 , flank right: 48 , window length: 217
[ChromosomeDataset] CDS length:  159 , flank left: 148 , flank right: 90 , window length: 397
[ChromosomeDataset] CDS length:  127 , flank left: 117 , flank right: 73 , window length: 317
[ChromosomeDataset] CDS length:  329 , flank left: 282 , flank right: 211 , window length: 822
[ChromosomeDataset] CDS length:  81 , flank left: 73 , flank right: 48 , window length: 202
[ChromosomeDataset] CDS length:  161 , flank left: 139 , flank right: 102 , window length: 402
[ChromosomeDataset] CDS length:  139 , flank left: 92 , flank right: 116 , window length: 347
[ChromosomeDataset] CDS length:  148 , flank left: 75 , flank right: 147 , window length: 370
[ChromosomeDataset] CDS length:  101 , flank left: 60 , flank right: 91 , window length: 252
[ChromosomeDataset] CDS length:  160 , flank left: 104 , flank right: 136 , window length: 400
[ChromosomeDataset] CDS length:  3512 , flank left: 3170 , flank right: 2098 , window length: 8780
[ChromosomeDataset] CDS length:  84 , flank left: 44 , flank right: 82 , window length: 210
[ChromosomeDataset] CDS length:  1194 , flank left: 933 , flank right: 858 , window length: 2985
[ChromosomeDataset] CDS length:  6139 , flank left: 6083 , flank right: 3125 , window length: 15347
[ChromosomeDataset] CDS length:  367 , flank left: 355 , flank right: 195 , window length: 917
[ChromosomeDataset] CDS length:  944 , flank left: 569 , flank right: 847 , window length: 2360
[ChromosomeDataset] CDS length:  85 , flank left: 74 , flank right: 53 , window length: 212
[ChromosomeDataset] CDS length:  192 , flank left: 109 , flank right: 179 , window length: 480
[ChromosomeDataset] CDS length:  79 , flank left: 51 , flank right: 67 , window length: 197
[ChromosomeDataset] CDS length:  210 , flank left: 109 , flank right: 206 , window length: 525
[ChromosomeDataset] CDS length:  3203 , flank left: 2062 , flank right: 2742 , window length: 8007
[ChromosomeDataset] CDS length:  2149 , flank left: 1457 , flank right: 1766 , window length: 5372
[ChromosomeDataset] CDS length:  222 , flank left: 207 , flank right: 126 , window length: 555
[ChromosomeDataset] CDS length:  84 , flank left: 74 , flank right: 52 , window length: 210
[ChromosomeDataset] CDS length:  4564 , flank left: 3219 , flank right: 3627 , window length: 11410
[ChromosomeDataset] CDS length:  945 , flank left: 881 , flank right: 536 , window length: 2362
[ChromosomeDataset] CDS length:  196 , flank left: 195 , flank right: 99 , window length: 490
[ChromosomeDataset] CDS length:  1819 , flank left: 1651 , flank right: 1077 , window length: 4547
[ChromosomeDataset] CDS length:  128 , flank left: 88 , flank right: 104 , window length: 320
[ChromosomeDataset] CDS length:  213 , flank left: 127 , flank right: 192 , window length: 532
[ChromosomeDataset] CDS length:  1377 , flank left: 1294 , flank right: 771 , window length: 3442
[ChromosomeDataset] CDS length:  3319 , flank left: 1973 , flank right: 3005 , window length: 8297
[ChromosomeDataset] CDS length:  210 , flank left: 205 , flank right: 110 , window length: 525
[ChromosomeDataset] CDS length:  2082 , flank left: 1639 , flank right: 1484 , window length: 5205
[ChromosomeDataset] CDS length:  136 , flank left: 127 , flank right: 77 , window length: 340
[ChromosomeDataset] CDS length:  86 , flank left: 70 , flank right: 59 , window length: 215
[ChromosomeDataset] CDS length:  103 , flank left: 98 , flank right: 56 , window length: 257
[ChromosomeDataset] CDS length:  160 , flank left: 137 , flank right: 103 , window length: 400
[ChromosomeDataset] CDS length:  1388 , flank left: 1045 , flank right: 1037 , window length: 3470
[ChromosomeDataset] CDS length:  105 , flank left: 93 , flank right: 64 , window length: 262
[ChromosomeDataset] CDS length:  1059 , flank left: 540 , flank right: 1048 , window length: 2647
[ChromosomeDataset] CDS length:  151 , flank left: 94 , flank right: 132 [ChromosomeDataset] CDS length: , window length:  1704377 , flank left:
 1619 , flank right: 937 , window length: 4260
[ChromosomeDataset] CDS length:  154 , flank left: 104 , flank right: 127 , window length: 385
[ChromosomeDataset] CDS length:  149 , flank left: 96 , flank right: 127 , window length: 372
[ChromosomeDataset] CDS length:  233 , flank left: 118 , flank right: 231 , window length: 582
[ChromosomeDataset] CDS length:  171 , flank left: 148 , flank right: 108 , window length: 427
[ChromosomeDataset] CDS length:  6108 , flank left: 5833 , flank right: 3329 , window length: 15270
[ChromosomeDataset] CDS length:  1167 , flank left: 901 , flank right: 849 , window length: 2917
[ChromosomeDataset] CDS length:  202 , flank left: 175 , flank right: 128 , window length: 505
[ChromosomeDataset] CDS length:  3507 , flank left: 1994 , flank right: 3266 , window length: 8767
[ChromosomeDataset] CDS length:  338 , flank left: 173 , flank right: 334 , window length: 845
[ChromosomeDataset] CDS length:  313 , flank left: 266 , flank right: 203 , window length: 782
[ChromosomeDataset] CDS length:  103 , flank left: 70 , flank right: 84 , window length: 257
[ChromosomeDataset] CDS length:  153 , flank left: 108 , flank right: 121 , window length: 382
[ChromosomeDataset] CDS length:  873 , flank left: 610 , flank right: 699 , window length: 2182
[ChromosomeDataset] CDS length:  115 , flank left: 115 , flank right: 57 , window length: 287
[ChromosomeDataset] CDS length:  155 , flank left: 109 , flank right: 123 , window length: 387
[ChromosomeDataset] CDS length:  130 , flank left: 103 , flank right: 92 , window length: 325
[ChromosomeDataset] CDS length:  227 , flank left: 202 , flank right: 138 , window length: 567
[ChromosomeDataset] CDS length:  168 , flank left: 95 , flank right: 157 , window length: 420
[ChromosomeDataset] CDS length:  3902 , flank left: 1963 , flank right: 3890 , window length: 9755
[ChromosomeDataset] CDS length:  3045 , flank left: 2447 , flank right: 2120 , window length: 7612
[ChromosomeDataset] CDS length:  231 , flank left: 220 , flank right: 126 , window length: 577
[ChromosomeDataset] CDS length:  2937 , flank left: 1994 , flank right: 2411 , window length: 7342
[ChromosomeDataset] CDS length:  1792 , flank left: 922 , flank right: 1766 , window length: 4480
[ChromosomeDataset] CDS length:  307 , flank left: 179 , flank right: 281 , window length: 767
[ChromosomeDataset] CDS length:  76 , flank left: 71 , flank right: 43 , window length: 190
[ChromosomeDataset] CDS length:  107 , flank left: 58 , flank right: 102 , window length: 267
[ChromosomeDataset] CDS length:  144 , flank left: 92 , flank right: 124 , window length: 360
[ChromosomeDataset] CDS length:  520 , flank left: 471 , flank right: 309 , window length: 1300
[ChromosomeDataset] CDS length:  180 , flank left: 93 , flank right: 177 , window length: 450
[ChromosomeDataset] CDS length:  167 , flank left: 124 , flank right: 126 , window length: 417
[ChromosomeDataset] CDS length:  515 , flank left: 493 , flank right: 279 , window length: 1287
[ChromosomeDataset] CDS length:  1117 , flank left: 875 , flank right: 800 , window length: 2792
[ChromosomeDataset] CDS length:  82 , flank left: 69 , flank right: 54 , window length: 205
[ChromosomeDataset] CDS length:  1738 , flank left: 1186 , flank right: 1421 , window length: 4345
[ChromosomeDataset] CDS length:  98 , flank left: 88 , flank right: 59 , window length: 245
[ChromosomeDataset] CDS length:  3779 , flank left: 3037 , flank right: 2631 , window length: 9447
[ChromosomeDataset] CDS length:  1631 , flank left: 1174 , flank right: 1272 , window length: 4077
[ChromosomeDataset] CDS length:  1613 , flank left: 1548 , flank right: 871 , window length: 4032
[ChromosomeDataset] CDS length:  608 , flank left: 481 , flank right: 431 , window length: 1520
[ChromosomeDataset] CDS length:  135 , flank left: 99 , flank right: 103 , window length: 337
[ChromosomeDataset] CDS length:  536 , flank left: 461 , flank right: 343 , window length: 1340
[ChromosomeDataset] CDS length:  228 , flank left: 196 , flank right: 146 , window length: 570
[ChromosomeDataset] CDS length:  127 , flank left: 74 , flank right: 116 , window length: 317
[ChromosomeDataset] CDS length:  351 , flank left: 295 , flank right: 231 , window length: 877
[ChromosomeDataset] CDS length:  123 , flank left: 97 , flank right: 87 , window length: 307
[ChromosomeDataset] CDS length:  211 , flank left: 131 , flank right: 185 , window length: 527
[ChromosomeDataset] CDS length:  102 , flank left: 68 , flank right: 85 , window length: 255
[ChromosomeDataset] CDS length:  126 , flank left: 90 , flank right: 99 , window length: 315
[ChromosomeDataset] CDS length:  481 , flank left: 438 , flank right: 283 , window length: 1202
[ChromosomeDataset] CDS length:  71 , flank left: 48 , flank right: 58 , window length: 177
[ChromosomeDataset] CDS length:  107 , flank left: 63 , flank right: 97 , window length: 267
[ChromosomeDataset] CDS length:  83 , flank left: 73 , flank right: 51 , window length: 207
[ChromosomeDataset] CDS length:  84 , flank left: 51 , flank right: 75 , window length: 210
[ChromosomeDataset] CDS length:  300 , flank left: 154 , flank right: 296 , window length: 750
[ChromosomeDataset] CDS length:  112 , flank left: 98 , flank right: 70 , window length: 280
[ChromosomeDataset] CDS length:  1550 , flank left: 1413 , flank right: 912 , window length: 3875
[ChromosomeDataset] CDS length:  145 , flank left: 85 , flank right: 132 , window length: 362
[ChromosomeDataset] CDS length:  79 , flank left: 46 , flank right: 72 , window length: 197
[ChromosomeDataset] CDS length:  176 , flank left: 150 , flank right: 114 , window length: 440
[ChromosomeDataset] CDS length:  62 , flank left: 46 , flank right: 47 , window length: 155
[ChromosomeDataset] CDS length:  31 , flank left: 31 , flank right: 15 , window length: 77
[ChromosomeDataset] CDS length:  171 , flank left: 153 , flank right: 103 , window length: 427
[ChromosomeDataset] CDS length:  136 , flank left: 75 , flank right: 129 , window length: 340
[ChromosomeDataset] CDS length:  329 , flank left: 318 , flank right: 175 , window length: 822
[ChromosomeDataset] CDS length:  192 , flank left: 163 , flank right: 125 , window length: 480
[ChromosomeDataset] CDS length:  172 , flank left: 151 , flank right: 107 , window length: 430
[ChromosomeDataset] CDS length:  169 , flank left: 165 , flank right: 88 , window length: 422
[ChromosomeDataset] CDS length:  220 , flank left: 119 , flank right: 211 , window length: 550
[ChromosomeDataset] CDS length:  63 , flank left: 58 , flank right: 36 , window length: 157
[ChromosomeDataset] CDS length:  46 , flank left: 32 , flank right: 37 , window length: 115
[ChromosomeDataset] CDS length:  159 , flank left: 122 , flank right: 116 , window length: 397
[ChromosomeDataset] CDS length:  138 , flank left: 134 , flank right: 73 , window length: 345
[ChromosomeDataset] CDS length:  90 , flank left: 53 , flank right: 82 , window length: 225
[ChromosomeDataset] CDS length:  311 , flank left: 178 , flank right: 288 , window length: 777
[ChromosomeDataset] CDS length:  74 , flank left: 74 , flank right: 37 , window length: 185
[ChromosomeDataset] CDS length:  108 , flank left: 59 , flank right: 103 , window length: 270
[ChromosomeDataset] CDS length:  186 , flank left: 112 , flank right: 167 , window length: 465
[ChromosomeDataset] CDS length:  173 , flank left: 115 , flank right: 144 , window length: 432
[ChromosomeDataset] CDS length:  235 , flank left: 201 , flank right: 151 , window length: 587
[ChromosomeDataset] CDS length:  209 , flank left: 113 , flank right: 200 , window length: 522
[ChromosomeDataset] CDS length:  75 , flank left: 72 , flank right: 40 , window length: 187
[ChromosomeDataset] CDS length:  160 , flank left: 114 , flank right: 126 , window length: 400
[ChromosomeDataset] CDS length:  101 , flank left: 64 , flank right: 87 , window length: 252
[ChromosomeDataset] CDS length:  295 , flank left: 155 , flank right: 287 , window length: 737
[ChromosomeDataset] CDS length:  96 , flank left: 61 , flank right: 83 , window length: 240
[ChromosomeDataset] CDS length:  1297 , flank left: 764 , flank right: 1181 , window length: 3242
[ChromosomeDataset] CDS length:  105 , flank left: 81 , flank right: 76 , window length: 262
[ChromosomeDataset] CDS length:  125 , flank left: 80 , flank right: 107 , window length: 312
[ChromosomeDataset] CDS length:  54 , flank left: 44 , flank right: 37 , window length: 135
[ChromosomeDataset] CDS length:  121 , flank left: 92 , flank right: 89 , window length: 302
[ChromosomeDataset] CDS length:  213 , flank left: 180 , flank right: 139 , window length: 532
[ChromosomeDataset] CDS length:  132 , flank left: 113 , flank right: 85 , window length: 330
[ChromosomeDataset] CDS length:  1579 , flank left: 964 , flank right: 1404 , window length: 3947
[ChromosomeDataset] CDS length:  106 , flank left: 96 , flank right: 63 , window length: 265
[ChromosomeDataset] CDS length:  987 , flank left: 610 , flank right: 870 , window length: 2467
[ChromosomeDataset] CDS length:  231 , flank left: 196 , flank right: 150 , window length: 577
[ChromosomeDataset] CDS length:  178 , flank left: 155 , flank right: 112 , window length: 445
[ChromosomeDataset] CDS length:  1420 , flank left: 750 , flank right: 1380 , window length: 3550
[ChromosomeDataset] CDS length:  138 , flank left: 81 , flank right: 126 , window length: 345
[ChromosomeDataset] CDS length:  332 , flank left: 280 , flank right: 218 , window length: 830
[ChromosomeDataset] CDS length:  178 , flank left: 105 , flank right: 162 , window length: 445
[ChromosomeDataset] CDS length:  1191 , flank left: 1145 , flank right: 641 , window length: 2977
[ChromosomeDataset] CDS length:  77 , flank left: 52 , flank right: 63 , window length: 192
[ChromosomeDataset] CDS length:  111 , flank left: 109 , flank right: 57 , window length: 277
[ChromosomeDataset] CDS length:  187 , flank left: 116 , flank right: 164 , window length: 467
[ChromosomeDataset] CDS length:  139 , flank left: 99 , flank right: 109 , window length: 347
[ChromosomeDataset] CDS length:  302 , flank left: 167 , flank right: 286 , window length: 755
[ChromosomeDataset] CDS length:  131 , flank left: 85 , flank right: 111 , window length: 327
[ChromosomeDataset] CDS length:  800 , flank left: 585 , flank right: 615 , window length: 2000
[ChromosomeDataset] CDS length:  57 , flank left: 50 , flank right: 35 , window length: 142
[ChromosomeDataset] CDS length:  94 , flank left: 80 , flank right: 61 , window length: 235
[ChromosomeDataset] CDS length:  281 , flank left: 263 , flank right: 158 , window length: 702
[ChromosomeDataset] CDS length:  113 , flank left: 95 , flank right: 74 , window length: 282
[ChromosomeDataset] CDS length:  196 , flank left: 102 , flank right: 192 , window length: 490
[ChromosomeDataset] CDS length:  213 , flank left: 144 , flank right: 175 , window length: 532
[ChromosomeDataset] CDS length:  378 , flank left: 347 , flank right: 220 , window length: 945
[ChromosomeDataset] CDS length:  138 , flank left: 116 , flank right: 91 , window length: 345
[ChromosomeDataset] CDS length:  83 , flank left: 62 , flank right: 62 , window length: 207
[ChromosomeDataset] CDS length:  138 , flank left: 70 , flank right: 137 , window length: 345
[ChromosomeDataset] CDS length:  942 , flank left: 689 , flank right: 724 , window length: 2355
[ChromosomeDataset] CDS length:  194 , flank left: 178 , flank right: 113 , window length: 485
[ChromosomeDataset] CDS length:  4311 , flank left: 2352 , flank right: 4114 , window length: 10777
[ChromosomeDataset] CDS length:  921 , flank left: 725 , flank right: 656 , window length: 2302
[ChromosomeDataset] CDS length:  1318 , flank left: 959 , flank right: 1018 , window length: 3295
[ChromosomeDataset] CDS length:  1735 , flank left: 1151 , flank right: 1451 , window length: 4337
[ChromosomeDataset] CDS length:  555 , flank left: 521 , flank right: 311 , window length: 1387
[ChromosomeDataset] CDS length:  242 , flank left: 196 , flank right: 167 , window length: 605
[ChromosomeDataset] CDS length:  708 , flank left: 673 , flank right: 389 , window length: 1770
[ChromosomeDataset] CDS length:  84 , flank left: 49 , flank right: 77 , window length: 210
[ChromosomeDataset] CDS length:  5313 , flank left: 3991 , flank right: 3978 , window length: 13282
[ChromosomeDataset] CDS length:  91 , flank left: 74 , flank right: 62 , window length: 227
[ChromosomeDataset] CDS length:  222 , flank left: 125 , flank right: 208 , window length: 555
[ChromosomeDataset] CDS length:  804 , flank left: 599 , flank right: 607 , window length: 2010
[ChromosomeDataset] CDS length:  215 , flank left: 150 , flank right: 172 , window length: 537
[ChromosomeDataset] CDS length:  239 , flank left: 219 , flank right: 139 , window length: 597
[ChromosomeDataset] CDS length:  96 , flank left: 59 , flank right: 85 , window length: 240
[ChromosomeDataset] CDS length:  90 , flank left: 79 , flank right: 56 , window length: 225
[ChromosomeDataset] CDS length:  408 , flank left: 244 , flank right: 368 , window length: 1020
[ChromosomeDataset] CDS length:  1811 , flank left: 1663 , flank right: 1053 , window length: 4527
[ChromosomeDataset] CDS length:  67 , flank left: 47 , flank right: 53 , window length: 167
[ChromosomeDataset] CDS length:  171 , flank left: 123 , flank right: 133 , window length: 427
[ChromosomeDataset] CDS length:  76 , flank left: 45 , flank right: 69 , window length: 190
[ChromosomeDataset] CDS length:  381 , flank left: 277 , flank right: 294 , window length: 952
[ChromosomeDataset] CDS length:  64 , flank left: 62 , flank right: 34 , window length: 160
{'loss': 7.1605, 'learning_rate': 4.5833333333333334e-05, 'epoch': 0.0}
[ChromosomeDataset] CDS length:  179 , flank left: 95 , flank right: 173 , window length: 447
[ChromosomeDataset] CDS length:  188 , flank left: 132 , flank right: 150 , window length: 470
[ChromosomeDataset] CDS length:  175 , flank left: 165 , flank right: 97 , window length: 437
[ChromosomeDataset] CDS length:  223 , flank left: 184 , flank right: 150 , window length: 557
[ChromosomeDataset] CDS length:  144 , flank left: 86 , flank right: 130 , window length: [ChromosomeDataset] CDS length: 360 
698 , flank left: 603 , flank right: 444 , window length: 1745
[ChromosomeDataset] CDS length:  864 , flank left: 835 , flank right: 461 , window length: 2160
[ChromosomeDataset] CDS length:  114 , flank left: 110 , flank right: 61 , window length: 285
[ChromosomeDataset] CDS length:  115 , flank left: 98 , flank right: 74 , window length: 287
[ChromosomeDataset] CDS length:  181 [ChromosomeDataset] CDS length: , flank left:  87114  , flank left:, flank right:  54157  , flank right:, window length:  76452 
, window length: 217
[ChromosomeDataset] CDS length:  3693 , flank left: 2121 , flank right: 3418 , window length: 9232[ChromosomeDataset] CDS length: 
 310 , flank left: 266 , flank right: 199 , window length: 775
[ChromosomeDataset] CDS length:  99 , flank left: 77 , flank right: 71 , window length: 247
[ChromosomeDataset] CDS length:  2118 , flank left: 1327 , flank right: 1850 , window length: 5295
[ChromosomeDataset] CDS length:  1827 , flank left: 1479 , flank right: 1261 , window length: 4567
[ChromosomeDataset] CDS length:  91 , flank left: 90 , flank right: 46 , window length: 227
[ChromosomeDataset] CDS length:  2210 , flank left: 1692 , flank right: 1623 , window length: 5525
[ChromosomeDataset] CDS length:  312 , flank left: 220 , flank right: 248 , window length: 780
[ChromosomeDataset] CDS length:  82 , flank left: 76 , flank right: 47 , window length: 205
[ChromosomeDataset] CDS length:  171 , flank left: 91 , flank right: 165 , window length: 427
[ChromosomeDataset] CDS length:  99 , flank left: 86 , flank right: 62 , window length: 247
[ChromosomeDataset] CDS length:  62 , flank left: 51 , flank right: 42 , window length: 155
[ChromosomeDataset] CDS length:  675 , flank left: 610 , flank right: 402 , window length: 1687
[ChromosomeDataset] CDS length:  181 , flank left: 96 , flank right: 175 , window length: 452
[ChromosomeDataset] CDS length:  288 , flank left: 207 , flank right: 225 , window length: 720
[ChromosomeDataset] CDS length:  2710 , flank left: 1742 , flank right: 2323 , window length: 6775
[ChromosomeDataset] CDS length:  178 , flank left: 152 , flank right: 115 , window length: 445
[ChromosomeDataset] CDS length:  219 , flank left: 196 , flank right: 132 , window length: 547
[ChromosomeDataset] CDS length:  156 , flank left: 135 , flank right: 99 , window length: 390
[ChromosomeDataset] CDS length:  114 , flank left: 72 , flank right: 99 , window length: 285
[ChromosomeDataset] CDS length:  189 , flank left: 173 , flank right: 110 , window length: 472
[ChromosomeDataset] CDS length:  954 , flank left: 785 , flank right: 646 , window length: 2385
[ChromosomeDataset] CDS length:  578 , flank left: 300 , flank right: 567 , window length: 1445
[ChromosomeDataset] CDS length:  87 , flank left: 71 , flank right: 59 , window length: 217
[ChromosomeDataset] CDS length:  981 , flank left: 497 , flank right: 974 , window length: 2452
[ChromosomeDataset] CDS length:  936 , flank left: 481 , flank right: 923 , window length: 2340
[ChromosomeDataset] CDS length:  54 , flank left: 45 , flank right: 36 , window length: 135
[ChromosomeDataset] CDS length:  222 , flank left: 117 , flank right: 216 , window length: 555
[ChromosomeDataset] CDS length:  578 , flank left: 439 , flank right: 428 , window length: 1445
[ChromosomeDataset] CDS length:  946 , flank left: 631 , flank right: 788 , window length: 2365
[ChromosomeDataset] CDS length:  147 , flank left: 74 , flank right: 146 , window length: 367
[ChromosomeDataset] CDS length:  2363 , flank left: 1715 , flank right: 1829 , window length: 5907
[ChromosomeDataset] CDS length:  89 , flank left: 52 , flank right: 81 , window length: 222
[ChromosomeDataset] CDS length:  308 , flank left: 211 , flank right: 251 , window length: 770
[ChromosomeDataset] CDS length:  91 , flank left: 91 , flank right: 45 , window length: 227
[ChromosomeDataset] CDS length:  209 , flank left: 193 , flank right: 120 , window length: 522
[ChromosomeDataset] CDS length:  1596 , flank left: 1112 , flank right: 1282 , window length: 3990
[ChromosomeDataset] CDS length:  90 , flank left: 46 , flank right: 89 , window length: 225
[ChromosomeDataset] CDS length:  158 , flank left: 110 , flank right: 127 , window length: 395
[ChromosomeDataset] CDS length:  686 , flank left: 382 , flank right: 647 , window length: 1715
[ChromosomeDataset] CDS length:  675 , flank left: 668 , flank right: 344 , window length: 1687
[ChromosomeDataset] CDS length:  110 , flank left: 74 , flank right: 91 , window length: 275
[ChromosomeDataset] CDS length:  990 , flank left: 663 , flank right: 822 , window length: 2475
[ChromosomeDataset] CDS length:  33 , flank left: 30 , flank right: 19 , window length: 82
[ChromosomeDataset] CDS length:  178 , flank left: 142 , flank right: 125 , window length: 445
[ChromosomeDataset] CDS length:  1341 , flank left: 1067 , flank right: 944 , window length: 3352
[ChromosomeDataset] CDS length:  163 , flank left: 93 , flank right: 151 , window length: 407
[ChromosomeDataset] CDS length:  109 , flank left: 92 , flank right: 71 , window length: 272
[ChromosomeDataset] CDS length:  149 , flank left: 105 , flank right: 118 , window length: 372
[ChromosomeDataset] CDS length:  2246 , flank left: 1798 , flank right: 1571 , window length: 5615
[ChromosomeDataset] CDS length:  170 , flank left: 163 , flank right: 92 , window length: 425
[ChromosomeDataset] CDS length:  298 , flank left: 187 , flank right: 260 , window length: 745
[ChromosomeDataset] CDS length:  969 , flank left: 530 , flank right: 923 , window length: 2422
[ChromosomeDataset] CDS length:  98 , flank left: 72 , flank right: 75 , window length: 245
[ChromosomeDataset] CDS length:  81 , flank left: 74 , flank right: 47 , window length: 202
[ChromosomeDataset] CDS length:  1083 , flank left: 1047 , flank right: 577 , window length: 2707
[ChromosomeDataset] CDS length:  252 , flank left: 241 , flank right: 137 , window length: 630
[ChromosomeDataset] CDS length:  54 , flank left: 36 , flank right: 45 , window length: 135
[ChromosomeDataset] CDS length:  278 , flank left: 267 , flank right: 150 , window length: 695
[ChromosomeDataset] CDS length:  1174 , flank left: 747 , flank right: 1014 , window length: 2935
[ChromosomeDataset] CDS length:  1725 , flank left: 1016 , flank right: 1571 , window length: 4312
[ChromosomeDataset] CDS length:  279 , flank left: 179 , flank right: 239 , window length: 697
[ChromosomeDataset] CDS length:  150 , flank left: 77 , flank right: 148 , window length: 375
[ChromosomeDataset] CDS length:  144 , flank left: 115 , flank right: 101 , window length: 360
[ChromosomeDataset] CDS length:  363 , flank left: 308 , flank right: 236 , window length: 907
[ChromosomeDataset] CDS length:  212 , flank left: 210 , flank right: 108 , window length: 530
[ChromosomeDataset] CDS length:  177 , flank left: 124 , flank right: 141 , window length: 442
[ChromosomeDataset] CDS length:  117 , flank left: 87 , flank right: 88 , window length: 292
[ChromosomeDataset] CDS length:  617 , flank left: 551 , flank right: 374 , window length: 1542
[ChromosomeDataset] CDS length:  117 , flank left: 90 , flank right: 85 , window length: 292
[ChromosomeDataset] CDS length:  1047 , flank left: 552 , flank right: 1018 , window length: 2617
[ChromosomeDataset] CDS length:  165 , flank left: 153 , flank right: 94 , window length: 412
[ChromosomeDataset] CDS length:  4687 , flank left: 4580 , flank right: 2450 , window length: 11717
[ChromosomeDataset] CDS length:  710 , flank left: 614 , flank right: 451 , window length: 1775
[ChromosomeDataset] CDS length:  4249 , flank left: 2253 , flank right: 4120 , window length: 10622
[ChromosomeDataset] CDS length:  152 , flank left: 120 , flank right: 108 , window length: 380
[ChromosomeDataset] CDS length:  77 , flank left: 68 , flank right: 47 , window length: 192
[ChromosomeDataset] CDS length:  152 , flank left: 90 , flank right: 138 , window length: 380
[ChromosomeDataset] CDS length:  145 , flank left: 115 , flank right: 102 , window length: 362
[ChromosomeDataset] CDS length:  1162 , flank left: 969 , flank right: 774 , window length: 2905
[ChromosomeDataset] CDS length:  539 , flank left: 394 , flank right: 414 , window length: 1347
[ChromosomeDataset] CDS length:  2277 , flank left: 2031 , flank right: 1384 , window length: 5692
[ChromosomeDataset] CDS length:  317 , flank left: 286 , flank right: 189 , window length: 792
[ChromosomeDataset] CDS length:  71 , flank left: 52 , flank right: 54 , window length: 177
[ChromosomeDataset] CDS length:  169 , flank left: 110 , flank right: 143 , window length: 422
[ChromosomeDataset] CDS length:  78 , flank left: 48 , flank right: 69 , window length: 195
[ChromosomeDataset] CDS length:  118 , flank left: 105 , flank right: 72 , window length: 295
[ChromosomeDataset] CDS length:  127 , flank left: 64 , flank right: 126 , window length: 317
[ChromosomeDataset] CDS length:  875 , flank left: 513 , flank right: 799 , window length: 2187
[ChromosomeDataset] CDS length:  334 , flank left: 241 , flank right: 260 , window length: 835
[ChromosomeDataset] CDS length:  159 , flank left: 105 , flank right: 133 , window length: 397
[ChromosomeDataset] CDS length:  212 , flank left: 117 , flank right: 201 , window length: 530
[ChromosomeDataset] CDS length:  883 , flank left: 647 , flank right: 677 , window length: 2207
[ChromosomeDataset] CDS length:  144 , flank left: 133 , flank right: 83 , window length: 360
[ChromosomeDataset] CDS length:  729 , flank left: 653 , flank right: 440 , window length: 1822
[ChromosomeDataset] CDS length:  144 , flank left: 97 , flank right: 119 , window length: 360
[ChromosomeDataset] CDS length:  975 , flank left: 514 , flank right: 948 , window length: 2437
[ChromosomeDataset] CDS length:  2424 , flank left: 2398 , flank right: 1238 , window length: 6060
[ChromosomeDataset] CDS length:  804 , flank left: 803 , flank right: 403 , window length: 2010
[ChromosomeDataset] CDS length:  81 , flank left: 46 , flank right: 75 , window length: 202
[ChromosomeDataset] CDS length:  257 , flank left: 223 , flank right: 162 , window length: 642
[ChromosomeDataset] CDS length:  425 , flank left: 224 , flank right: 413 , window length: 1062
[ChromosomeDataset] CDS length:  2111 , flank left: 1948 , flank right: 1218 , window length: 5277
[ChromosomeDataset] CDS length:  167 , flank left: 113 , flank right: 137 , window length: 417
[ChromosomeDataset] CDS length:  81 , flank left: 69 , flank right: 52 , window length: 202
[ChromosomeDataset] CDS length:  320 , flank left: 208 , flank right: 272 , window length: 800
[ChromosomeDataset] CDS length:  153 , flank left: 78 , flank right: 151 , window length: 382
[ChromosomeDataset] CDS length:  980 , flank left: 923 , flank right: 547 , window length: 2450
[ChromosomeDataset] CDS length:  115 , flank left: 82 , flank right: 90 , window length: 287
[ChromosomeDataset] CDS length:  124 , flank left: 97 , flank right: 89 , window length: 310
[ChromosomeDataset] CDS length:  189 , flank left: 100 , flank right: 183 , window length: 472
[ChromosomeDataset] CDS length:  204 , flank left: 200 , flank right: 106 , window length: 510
[ChromosomeDataset] CDS length:  2442 , flank left: 1303 , flank right: 2360 , window length: 6105
[ChromosomeDataset] CDS length:  117 , flank left: 60 , flank right: 115 , window length: 292
[ChromosomeDataset] CDS length:  52 , flank left: 42 , flank right: 36 , window length: 130
[ChromosomeDataset] CDS length:  190 , flank left: 173 , flank right: 112 , window length: 475
[ChromosomeDataset] CDS length:  96 , flank left: 84 , flank right: 60 , window length: 240
[ChromosomeDataset] CDS length:  186 , flank left: 172 , flank right: 107 , window length: 465
[ChromosomeDataset] CDS length:  2214 , flank left: 1257 , flank right: 2064 , window length: 5535
[ChromosomeDataset] CDS length:  162 , flank left: 130 , flank right: 113 , window length: 405
[ChromosomeDataset] CDS length:  273 , flank left: 198 , flank right: 211 , window length: 682
[ChromosomeDataset] CDS length:  144 , flank left: 109 , flank right: 107 , window length: 360
[ChromosomeDataset] CDS length:  69 , flank left: 44 , flank right: 59 , window length: 172
[ChromosomeDataset] CDS length:  2388 , flank left: 2231 , flank right: 1351 , window length: 5970
[ChromosomeDataset] CDS length:  2917 , flank left: 1503 , flank right: 2872 , window length: 7292
[ChromosomeDataset] CDS length:  4212 , flank left: 2182 , flank right: 4136 , window length: 10530
[ChromosomeDataset] CDS length:  478 , flank left: 422 , flank right: 295 , window length: 1195
[ChromosomeDataset] CDS length:  269 , flank left: 187 , flank right: 216 , window length: 672
[ChromosomeDataset] CDS length:  183 , flank left: 165 , flank right: 109 , window length: 457
[ChromosomeDataset] CDS length:  240 , flank left: 167 , flank right: 193 , window length: 600
[ChromosomeDataset] CDS length:  1361 , flank left: 767 , flank right: 1274 , window length: 3402
[ChromosomeDataset] CDS length:  144 , flank left: 85 , flank right: 131 , window length: 360
[ChromosomeDataset] CDS length:  177 , flank left: 103 , flank right: 162 , window length: 442
[ChromosomeDataset] CDS length:  150 , flank left: 145 , flank right: 80 , window length: 375
[ChromosomeDataset] CDS length:  145 , flank left: 129 , flank right: 88 , window length: 362
[ChromosomeDataset] CDS length:  15790 , flank left: 14634 , flank right: 9051 , window length: 39475
[ChromosomeDataset] CDS length:  733 , flank left: 654 , flank right: 445 , window length: 1832
[ChromosomeDataset] CDS length:  162 , flank left: 111 , flank right: 132 , window length: 405
[ChromosomeDataset] CDS length:  72 , flank left: 56 , flank right: 52 , window length: 180
[ChromosomeDataset] CDS length:  55 , flank left: 54 , flank right: 28 , window length: 137
[ChromosomeDataset] CDS length:  184 , flank left: 154 , flank right: 122 , window length: 460
[ChromosomeDataset] CDS length:  278 , flank left: 260 , flank right: 157 , window length: 695
[ChromosomeDataset] CDS length:  131 , flank left: 72 , flank right: 124 , window length: 327
[ChromosomeDataset] CDS length:  172 , flank left: 138 , flank right: 120 , window length: 430
[ChromosomeDataset] CDS length:  294 , flank left: 271 , flank right: 170 , window length: 735
[ChromosomeDataset] CDS length:  161 , flank left: 110 , flank right: 131 , window length: 402
[ChromosomeDataset] CDS length:  110 , flank left: 86 , flank right: 79 , window length: 275
[ChromosomeDataset] CDS length:  147 , flank left: 113 , flank right: 107 , window length: 367
[ChromosomeDataset] CDS length:  102 , flank left: 77 , flank right: 76 , window length: 255
[ChromosomeDataset] CDS length:  122 , flank left: 72 , flank right: 111 , window length: 305
[ChromosomeDataset] CDS length:  305 , flank left: 256 , flank right: 201 , window length: 762
[ChromosomeDataset] CDS length:  178 , flank left: 175 , flank right: 92 , window length: 445
[ChromosomeDataset] CDS length:  3781 , flank left: 3090 , flank right: 2581 , window length: 9452
[ChromosomeDataset] CDS length:  111 , flank left: 110 , flank right: 56 , window length: 277
[ChromosomeDataset] CDS length:  312 , flank left: 199 , flank right: 269 , window length: 780
[ChromosomeDataset] CDS length:  124 , flank left: 79 , flank right: 107 , window length: 310
[ChromosomeDataset] CDS length:  241 , flank left: 149 , flank right: 212 , window length: 602
[ChromosomeDataset] CDS length:  80 , flank left: 55 , flank right: 65 , window length: 200
[ChromosomeDataset] CDS length:  174 , flank left: 171 , flank right: 90 , window length: 435
[ChromosomeDataset] CDS length:  2983 , flank left: 2291 , flank right: 2183 , window length: 7457
[ChromosomeDataset] CDS length:  166 , flank left: 165 , flank right: 84 , window length: 415
[ChromosomeDataset] CDS length:  98 , flank left: 68 , flank right: 79 , window length: 245
[ChromosomeDataset] CDS length:  96 , flank left: 82 , flank right: 62 , window length: 240
[ChromosomeDataset] CDS length:  100 , flank left: 73 , flank right: 77 , window length: 250
[ChromosomeDataset] CDS length:  444 , flank left: 274 , flank right: 392 , window length: 1110
[ChromosomeDataset] CDS length:  2172 , flank left: 1746 , flank right: 1512 , window length: 5430
[ChromosomeDataset] CDS length:  1527 , flank left: 1228 , flank right: 1062 , window length: 3817
[ChromosomeDataset] CDS length:  74 , flank left: 65 , flank right: 46 , window length: 185
[ChromosomeDataset] CDS length:  156 , flank left: 89 , flank right: 145 , window length: 390
[ChromosomeDataset] CDS length:  279 , flank left: 265 , flank right: 153 , window length: 697
[ChromosomeDataset] CDS length:  226 , flank left: 213 , flank right: 126 , window length: 565
[ChromosomeDataset] CDS length:  146 , flank left: 127 , flank right: 92 , window length: 365
[ChromosomeDataset] CDS length:  146 , flank left: 106 , flank right: 113 , window length: 365
[ChromosomeDataset] CDS length:  207 , flank left: 184 , flank right: 126 , window length: 517
[ChromosomeDataset] CDS length:  292 , flank left: 272 , flank right: 166 , window length: 730
[ChromosomeDataset] CDS length:  90 , flank left: 50 , flank right: 85 , window length: 225
[ChromosomeDataset] CDS length:  1274 , flank left: 1164 , flank right: 747 , window length: 3185
[ChromosomeDataset] CDS length:  344 , flank left: 221 , flank right: 295 , window length: 860
[ChromosomeDataset] CDS length:  141 , flank left: 87 , flank right: 124 , window length: 352
[ChromosomeDataset] CDS length:  162 , flank left: 132 , flank right: 111 , window length: 405
[ChromosomeDataset] CDS length:  140 , flank left: 122 , flank right: 88 , window length: 350
[ChromosomeDataset] CDS length:  633 , flank left: 454 , flank right: 495 , window length: 1582
[ChromosomeDataset] CDS length:  213 , flank left: 154 , flank right: 165 , window length: 532
[ChromosomeDataset] CDS length:  131 , flank left: 104 , flank right: 92 , window length: 327
[ChromosomeDataset] CDS length:  127 , flank left: 102 , flank right: 88 , window length: 317
[ChromosomeDataset] CDS length:  59 , flank left: 41 , flank right: 47 , window length: 147
[ChromosomeDataset] CDS length:  61 , flank left: 37 , flank right: 54 , window length: 152
[ChromosomeDataset] CDS length:  3006 , flank left: 1725 , flank right: 2784 , window length: 7515
[ChromosomeDataset] CDS length:  121 , flank left: 80 , flank right: 101 , window length: 302
[ChromosomeDataset] CDS length:  954 , flank left: 609 , flank right: 822 , window length: 2385
[ChromosomeDataset] CDS length:  153 , flank left: 112 , flank right: 117 , window length: 382
[ChromosomeDataset] CDS length:  197 , flank left: 125 , flank right: 170 , window length: 492
[ChromosomeDataset] CDS length:  163 , flank left: 89 , flank right: 155 , window length: 407
[ChromosomeDataset] CDS length:  897 , flank left: 868 , flank right: 477 , window length: 2242
[ChromosomeDataset] CDS length:  289 , flank left: 185 , flank right: 248 , window length: 722
[ChromosomeDataset] CDS length:  474 , flank left: 269 , flank right: 442 , window length: 1185
[ChromosomeDataset] CDS length:  78 , flank left: 48 , flank right: 69 , window length: 195
[ChromosomeDataset] CDS length:  234 , flank left: 130 , flank right: 221 , window length: 585
[ChromosomeDataset] CDS length:  130 , flank left: 114 , flank right: 81 , window length: 325
[ChromosomeDataset] CDS length:  390 , flank left: 318 , flank right: 267 , window length: 975
[ChromosomeDataset] CDS length:  179 , flank left: 147 , flank right: 121 , window length: 447
[ChromosomeDataset] CDS length:  258 , flank left: 153 , flank right: 234 , window length: 645
[ChromosomeDataset] CDS length:  234 , flank left: 142 , flank right: 209 , window length: 585
[ChromosomeDataset] CDS length:  2112 , flank left: 1786 , flank right: 1382 , window length: 5280
[ChromosomeDataset] CDS length:  163 , flank left: 103 , flank right: 141 , window length: 407
[ChromosomeDataset] CDS length:  183 , flank left: 128 , flank right: 146 , window length: 457
[ChromosomeDataset] CDS length:  206 , flank left: 162 , flank right: 147 , window length: 515
[ChromosomeDataset] CDS length:  140 , flank left: 118 , flank right: 92 , window length: 350
[ChromosomeDataset] CDS length:  170 , flank left: 129 , flank right: 126 , window length: 425
[ChromosomeDataset] CDS length:  322 , flank left: 285 , flank right: 198 , window length: 805
[ChromosomeDataset] CDS length:  464 , flank left: 238 , flank right: 458 , window length: 1160
[ChromosomeDataset] CDS length:  224 , flank left: 142 , flank right: 194 , window length: 560
[ChromosomeDataset] CDS length:  1499 , flank left: 780 , flank right: 1468 , window length: 3747
[ChromosomeDataset] CDS length:  129 , flank left: 110 , flank right: 83 , window length: 322
[ChromosomeDataset] CDS length:  196 , flank left: 164 , flank right: 130 , window length: 490
[ChromosomeDataset] CDS length:  104 , flank left: 94 , flank right: 62 , window length: 260
[ChromosomeDataset] CDS length:  82 , flank left: 76 , flank right: 47 , window length: 205
[ChromosomeDataset] CDS length:  172 , flank left: 94 , flank right: 164 , window length: 430
[ChromosomeDataset] CDS length:  147 , flank left: 142 , flank right: 78 , window length: 367
[ChromosomeDataset] CDS length:  186 , flank left: 173 , flank right: 106 , window length: 465
[ChromosomeDataset] CDS length:  115 , flank left: 104 , flank right: 68 , window length: 287
[ChromosomeDataset] CDS length:  99 , flank left: 67 , flank right: 81 , window length: 247
[ChromosomeDataset] CDS length:  45 , flank left: 38 , flank right: 29 , window length: 112
[ChromosomeDataset] CDS length:  212 , flank left: 156 , flank right: 162 , window length: 530
[ChromosomeDataset] CDS length:  113 , flank left: 82 , flank right: 87 , window length: 282
[ChromosomeDataset] CDS length:  279 , flank left: 226 , flank right: 192 , window length: 697
[ChromosomeDataset] CDS length:  165 , flank left: 109 , flank right: 138 , window length: 412
[ChromosomeDataset] CDS length:  208 , flank left: 105 , flank right: 207 , window length: 520
[ChromosomeDataset] CDS length:  7818 , flank left: 3930 , flank right: 7797 , window length: 19545
[ChromosomeDataset] CDS length:  487 , flank left: 426 , flank right: 304 , window length: 1217
[ChromosomeDataset] CDS length:  1526 , flank left: 1295 , flank right: 994 , window length: 3815
[ChromosomeDataset] CDS length:  169 , flank left: 111 , flank right: 142 , window length: 422
[ChromosomeDataset] CDS length:  498 , flank left: 389 , flank right: 358 , window length: 1245
[ChromosomeDataset] CDS length:  1619 , flank left: 969 , flank right: 1459 , window length: 4047
[ChromosomeDataset] CDS length:  96 , flank left: 59 , flank right: 85 , window length: 240
[ChromosomeDataset] CDS length:  169 , flank left: 155 , flank right: 98 , window length: 422
[ChromosomeDataset] CDS length:  1223 , flank left: 625 , flank right: 1209 , window length: 3057
[ChromosomeDataset] CDS length:  1041 , flank left: 678 , flank right: 883 , window length: 2602
[ChromosomeDataset] CDS length:  83 , flank left: 69 , flank right: 55 , window length: 207
[ChromosomeDataset] CDS length:  107 , flank left: 69 , flank right: 91 , window length: 267
[ChromosomeDataset] CDS length:  87 , flank left: 48 , flank right: 82 , window length: 217
[ChromosomeDataset] CDS length:  99 , flank left: 85 , flank right: 63 , window length: 247
[ChromosomeDataset] CDS length:  150 , flank left: 108 , flank right: 117 , window length: 375
[ChromosomeDataset] CDS length:  219 , flank left: 157 , flank right: 171 , window length: 547
[ChromosomeDataset] CDS length:  987 , flank left: 652 , flank right: 828 , window length: 2467
[ChromosomeDataset] CDS length:  267 , flank left: 250 , flank right: 150 , window length: 667
[ChromosomeDataset] CDS length:  2883 , flank left: 1944 , flank right: 2380 , window length: 7207
[ChromosomeDataset] CDS length:  748 , flank left: 587 , flank right: 535 , window length: 1870
[ChromosomeDataset] CDS length:  409 , flank left: 407 , flank right: 206 , window length: 1022
[ChromosomeDataset] CDS length:  155 , flank left: 132 , flank right: 100 , window length: 387
[ChromosomeDataset] CDS length:  1742 , flank left: 1554 , flank right: 1059 , window length: 4355
[ChromosomeDataset] CDS length:  1029 , flank left: 1020 , flank right: 523 , window length: 2572
[ChromosomeDataset] CDS length:  191 , flank left: 186 , flank right: 100 , window length: 477
[ChromosomeDataset] CDS length:  118 , flank left: 84 , flank right: 93 , window length: 295
[ChromosomeDataset] CDS length:  1074 , flank left: 938 , flank right: 673 , window length: 2685
[ChromosomeDataset] CDS length:  155 , flank left: 126 , flank right: 106 , window length: 387
[ChromosomeDataset] CDS length:  138 , flank left: 127 , flank right: 80 , window length: 345
[ChromosomeDataset] CDS length:  111 , flank left: 72 , flank right: 94 , window length: 277
[ChromosomeDataset] CDS length:  111 , flank left: 56 , flank right: 110 , window length: 277
[ChromosomeDataset] CDS length:  264 , flank left: 244 , flank right: 152 , window length: 660
[ChromosomeDataset] CDS length:  718 , flank left: 484 , flank right: 593 , window length: 1795
[ChromosomeDataset] CDS length:  149 , flank left: 104 , flank right: 119 , window length: 372
[ChromosomeDataset] CDS length:  173 , flank left: 134 , flank right: 125 , window length: 432
[ChromosomeDataset] CDS length:  165 , flank left: 102 , flank right: 145 , window length: 412
[ChromosomeDataset] CDS length:  282 , flank left: 184 , flank right: 239 , window length: 705
[ChromosomeDataset] CDS length:  196 , flank left: 191 , flank right: 103 , window length: 490
[ChromosomeDataset] CDS length:  192 , flank left: 187 , flank right: 101 , window length: 480
[ChromosomeDataset] CDS length:  733 , flank left: 416 , flank right: 683 , window length: 1832
[ChromosomeDataset] CDS length:  71 , flank left: 61 , flank right: 45 , window length: 177
[ChromosomeDataset] CDS length:  113 , flank left: 85 , flank right: 84 , window length: 282
[ChromosomeDataset] CDS length:  590 , flank left: 404 , flank right: 481 , window length: 1475
[ChromosomeDataset] CDS length:  200 , flank left: 184 , flank right: 116 , window length: 500
[ChromosomeDataset] CDS length:  160 , flank left: 136 , flank right: 104 , window length: 400
[ChromosomeDataset] CDS length:  218 , flank left: 118 , flank right: 209 , window length: 545
[ChromosomeDataset] CDS length:  186 , flank left: 108 , flank right: 171 , window length: 465
[ChromosomeDataset] CDS length:  8805 , flank left: 6814 , flank right: 6393 , window length: 22012
[ChromosomeDataset] CDS length:  8884 , flank left: 7934 , flank right: 5392 , window length: 22210
[ChromosomeDataset] CDS length:  1816 , flank left: 1495 , flank right: 1229 , window length: 4540
[ChromosomeDataset] CDS length:  123 , flank left: 62 , flank right: 122 , window length: 307
[ChromosomeDataset] CDS length:  75 , flank left: 60 , flank right: 52 , window length: 187
[ChromosomeDataset] CDS length:  1181 , flank left: 627 , flank right: 1144 , window length: 2952
[ChromosomeDataset] CDS length:  177 , flank left: 104 , flank right: 161 , window length: 442
[ChromosomeDataset] CDS length:  61 , flank left: 61 , flank right: 30 , window length: 152
[ChromosomeDataset] CDS length:  590 , flank left: 523 , flank right: 362 , window length: 1475
[ChromosomeDataset] CDS length:  178 , flank left: 91 , flank right: 176 , window length: 445
[ChromosomeDataset] CDS length:  1250 , flank left: 874 , flank right: 1001 , window length: 3125
[ChromosomeDataset] CDS length:  155 , flank left: 110 , flank right: 122 , window length: 387
[ChromosomeDataset] CDS length:  291 , flank left: 181 , flank right: 255 , window length: 727
[ChromosomeDataset] CDS length:  125 , flank left: 122 , flank right: 65 , window length: 312
[ChromosomeDataset] CDS length:  8884 , flank left: 5860 , flank right: 7466 , window length: 22210
[ChromosomeDataset] CDS length:  112 , flank left: 70 , flank right: 98 , window length: 280
[ChromosomeDataset] CDS length:  98 , flank left: 78 , flank right: 69 , window length: 245
[ChromosomeDataset] CDS length:  2046 , flank left: 1085 , flank right: 1984 , window length: 5115
[ChromosomeDataset] CDS length:  643 , flank left: 459 , flank right: 505 , window length: 1607
[ChromosomeDataset] CDS length:  76 , flank left: 72 , flank right: 42 , window length: 190
[ChromosomeDataset] CDS length:  1838 , flank left: 1248 , flank right: 1509 , window length: 4595
[ChromosomeDataset] CDS length:  112 , flank left: 112 , flank right: 56 , window length: 280
[ChromosomeDataset] CDS length:  206 , flank left: 109 , flank right: 200 , window length: 515
[ChromosomeDataset] CDS length:  190 , flank left: 163 , flank right: 122 , window length: 475
[ChromosomeDataset] CDS length:  357 , flank left: 299 , flank right: 236 , window length: 892
[ChromosomeDataset] CDS length:  122 , flank left: 114 , flank right: 69 , window length: 305
[ChromosomeDataset] CDS length:  418 , flank left: 276 , flank right: 351 , window length: 1045
[ChromosomeDataset] CDS length:  153 , flank left: 110 , flank right: 119 , window length: 382
[ChromosomeDataset] CDS length:  210 , flank left: 139 , flank right: 176 , window length: 525
[ChromosomeDataset] CDS length:  157 , flank left: 91 , flank right: 144 , window length: 392
[ChromosomeDataset] CDS length:  154 , flank left: 131 , flank right: 100 , window length: 385
[ChromosomeDataset] CDS length:  67 , flank left: 35 , flank right: 65 , window length: 167
[ChromosomeDataset] CDS length:  402 , flank left: 238 , flank right: 365 , window length: 1005
[ChromosomeDataset] CDS length:  128 , flank left: 83 , flank right: 109 , window length: 320
{'loss': 7.1002, 'learning_rate': 5e-05, 'epoch': 0.0}
[ChromosomeDataset] CDS length:  62 , flank left: 42 , flank right: 51 , window length: 155
[ChromosomeDataset] CDS length:  219 , flank left: 113 , flank right: 215 , window length: 547
[ChromosomeDataset] CDS length:  87 , flank left: 67 , flank right: 63 , window length: 217
[ChromosomeDataset] CDS length:  97 , flank left: 51 , flank right: 94 , window length: 242
[ChromosomeDataset] CDS length:  186 , flank left:[ChromosomeDataset] CDS length:   158145  , flank right:, flank left:  121114  , window length:, flank right:  465103
 , window length: 362
[ChromosomeDataset] CDS length:  119 , flank left: 83 , flank right:[ChromosomeDataset] CDS length:   95174  , window length:, flank left:  297104
 , flank right: 157 , window length: 435
[ChromosomeDataset] CDS length:  191 , flank left: 129 , flank right: 157 , window length: 477
[ChromosomeDataset] CDS length:  150 , flank left: 97 , flank right: 128 , window length: 375
[ChromosomeDataset] CDS length:  219 , flank left:[ChromosomeDataset] CDS length:   192144  , flank right:, flank left:  136137  , window length:, flank right:  54779
 , window length: 360
[ChromosomeDataset] CDS length:  [ChromosomeDataset] CDS length: 190  166, flank left:  , flank left:178  101, flank right:  , flank right:107  148, window length:  , window length:475 
415
[ChromosomeDataset] CDS length:  276 , flank left: 268 , flank right:[ChromosomeDataset] CDS length:   14695  , window length:, flank left:  69091
 , flank right: 51 , window length: 237
[ChromosomeDataset] CDS length:  440 , flank left: 355 , flank right: 305 , window length: 1100[ChromosomeDataset] CDS length: 
 141 , flank left: 121 , flank right: 90 , window length: 352
[ChromosomeDataset] CDS length:  53 , flank left: 31 , flank right: 48 [ChromosomeDataset] CDS length: , window length:  181132 
, flank left: 128 , flank right: 143 , window length: 452
[ChromosomeDataset] CDS length:  109 , flank left: 84 , flank right: 79 , window length: 272
[ChromosomeDataset] CDS length:  191 , flank left: 116 , flank right: 170 , window length: 477
[ChromosomeDataset] CDS length:  239 , flank left: 185 , flank right: 173 , window length: 597
[ChromosomeDataset] CDS length:  187 , flank left: 168 , flank right: 112 , window length: 467
[ChromosomeDataset] CDS length:  2023 , flank left: 1110 , flank right: 1924 , window length: 5057
[ChromosomeDataset] CDS length:  88 , flank left: 51 , flank right: 81 , window length: 220
[ChromosomeDataset] CDS length:  120 , flank left: 105 , flank right: 75 , window length: 300
[ChromosomeDataset] CDS length:  125 , flank left: 98 , flank right: 89 , window length: 312
[ChromosomeDataset] CDS length:  148 , flank left: 128 , flank right: 94 , window length: 370
[ChromosomeDataset] CDS length:  145 , flank left: 112 , flank right: 105 , window length: 362
[ChromosomeDataset] CDS length:  191 , flank left: 113 , flank right: 173 , window length: 477
