ERROR: Unable to locate a modulefile for 'anaconda3/2022.05'
ERROR: Unable to locate a modulefile for 'profile/deeplrn'
Loading cuda/11.8.0-none-none
  ERROR: Conflicting cuda is loaded
03/26/2026 17:02:04 - WARNING - graph_enc.src.model.run_mlm - Process rank: 1, device: cuda:1, n_gpu: 1distributed training: True, 16-bits training: False
03/26/2026 17:02:04 - WARNING - graph_enc.src.model.run_mlm - Process rank: 2, device: cuda:2, n_gpu: 1distributed training: True, 16-bits training: False
03/26/2026 17:02:04 - WARNING - graph_enc.src.model.run_mlm - Process rank: 0, device: cuda:0, n_gpu: 1distributed training: True, 16-bits training: False
03/26/2026 17:02:04 - INFO - graph_enc.src.model.run_mlm - Training/evaluation parameters TrainingArguments(
_n_gpu=1,
adafactor=False,
adam_beta1=0.9,
adam_beta2=0.98,
adam_epsilon=1e-06,
auto_find_batch_size=False,
bf16=False,
bf16_full_eval=False,
data_seed=None,
dataloader_drop_last=False,
dataloader_num_workers=0,
dataloader_pin_memory=True,
ddp_backend=None,
ddp_bucket_cap_mb=None,
ddp_find_unused_parameters=False,
ddp_timeout=1800,
debug=[],
deepspeed=None,
disable_tqdm=False,
do_eval=True,
do_predict=False,
do_train=True,
eval_accumulation_steps=None,
eval_delay=0,
eval_steps=None,
evaluation_strategy=epoch,
fp16=False,
fp16_backend=auto,
fp16_full_eval=False,
fp16_opt_level=O1,
fsdp=[],
fsdp_config={'fsdp_min_num_params': 0, 'xla': False, 'xla_fsdp_grad_ckpt': False},
fsdp_min_num_params=0,
fsdp_transformer_layer_cls_to_wrap=None,
full_determinism=False,
gradient_accumulation_steps=1,
gradient_checkpointing=False,
greater_is_better=None,
group_by_length=False,
half_precision_backend=auto,
hub_model_id=None,
hub_private_repo=False,
hub_strategy=every_save,
hub_token=<HUB_TOKEN>,
ignore_data_skip=False,
include_inputs_for_metrics=False,
jit_mode_eval=False,
label_names=None,
label_smoothing_factor=0.0,
learning_rate=0.0002,
length_column_name=length,
load_best_model_at_end=False,
local_rank=0,
log_level=passive,
log_level_replica=warning,
log_on_each_node=True,
logging_dir=/work/tesi_fgaragnani/checkpoints/ai4bio/dnabert2_cs_marta/runs/Mar26_17-01-59_rezzonico,
logging_first_step=True,
logging_nan_inf_filter=True,
logging_steps=10,
logging_strategy=steps,
lr_scheduler_type=linear,
max_grad_norm=1.0,
max_steps=40000,
metric_for_best_model=None,
mp_parameters=,
no_cuda=False,
num_train_epochs=3.0,
optim=adamw_hf,
optim_args=None,
output_dir=/work/tesi_fgaragnani/checkpoints/ai4bio/dnabert2_cs_marta,
overwrite_output_dir=True,
past_index=-1,
per_device_eval_batch_size=8,
per_device_train_batch_size=8,
prediction_loss_only=False,
push_to_hub=False,
push_to_hub_model_id=None,
push_to_hub_organization=None,
push_to_hub_token=<PUSH_TO_HUB_TOKEN>,
ray_scope=last,
remove_unused_columns=True,
report_to=[],
resume_from_checkpoint=None,
run_name=/work/tesi_fgaragnani/checkpoints/ai4bio/dnabert2_cs_marta,
save_on_each_node=False,
save_safetensors=False,
save_steps=20000,
save_strategy=steps,
save_total_limit=None,
seed=42,
sharded_ddp=[],
skip_memory_metrics=True,
tf32=None,
torch_compile=False,
torch_compile_backend=None,
torch_compile_mode=None,
torchdynamo=None,
tpu_metrics_debug=False,
tpu_num_cores=None,
use_ipex=False,
use_legacy_prediction_loop=False,
use_mps_device=False,
warmup_ratio=0.0,
warmup_steps=1200,
weight_decay=1e-05,
xpu_backend=None,
)
03/26/2026 17:02:04 - WARNING - graph_enc.src.model.run_mlm - Process rank: 3, device: cuda:3, n_gpu: 1distributed training: True, 16-bits training: False
03/26/2026 17:03:08 - INFO - graph_enc.src.model.run_mlm - Vocabulary size: 4096
03/26/2026 17:03:08 - INFO - graph_enc.src.model.run_mlm - Training new model from scratch
[Info] Computed num_train_epochs=1 (steps_per_epoch=531920, effective_batch_size=32, world_size=4)
[Info] Computed num_train_epochs=1 (steps_per_epoch=531920, effective_batch_size=32, world_size=4)
[Info] Computed num_train_epochs=1 (steps_per_epoch=531920, effective_batch_size=32, world_size=4)
[Info] Computed num_train_epochs=1 (steps_per_epoch=531920, effective_batch_size=32, world_size=4)
[BatchStats] sample=0 masked_tokens_pct=6.41 unique_token_ids=67
[BatchStats] sample=1 masked_tokens_pct=5.19 unique_token_ids=74
[BatchStats] sample=2 masked_tokens_pct=8.57 unique_token_ids=88
[BatchStats] sample=3 masked_tokens_pct=6.78 unique_token_ids=55
[BatchStats] sample=4 masked_tokens_pct=14.29 unique_token_ids=75
[BatchStats] sample=5 masked_tokens_pct=7.94 unique_token_ids=60
[BatchStats] sample=6 masked_tokens_pct=5.43 unique_token_ids=105
[BatchStats] sample=7 masked_tokens_pct=13.25 unique_token_ids=72
[BatchStats] sample=0 masked_tokens_pct=6.33 unique_token_ids=68
[BatchStats] sample=1 masked_tokens_pct=10.11 unique_token_ids=81
[BatchStats] sample=2 masked_tokens_pct=13.29 unique_token_ids=103
[BatchStats] sample=3 masked_tokens_pct=9.70 unique_token_ids=228
[BatchStats] sample=4 masked_tokens_pct=5.41 unique_token_ids=34
[BatchStats] sample=5 masked_tokens_pct=3.70 unique_token_ids=97
[BatchStats] sample=6 masked_tokens_pct=6.52 unique_token_ids=42
[BatchStats] sample=7 masked_tokens_pct=5.06 unique_token_ids=74
[BatchStats] sample=0 masked_tokens_pct=6.67 unique_token_ids=69
[BatchStats] sample=1 masked_tokens_pct=8.40 unique_token_ids=105
[BatchStats] sample=2 masked_tokens_pct=7.35 unique_token_ids=62
[BatchStats] sample=3 masked_tokens_pct=1.59 unique_token_ids=60
[BatchStats] sample=4 masked_tokens_pct=14.95 unique_token_ids=313
[BatchStats] sample=5 masked_tokens_pct=5.06 unique_token_ids=70
[BatchStats] sample=6 masked_tokens_pct=8.22 unique_token_ids=64
[BatchStats] sample=7 masked_tokens_pct=9.09 unique_token_ids=146
[BatchStats] sample=0 masked_tokens_pct=7.63 unique_token_ids=94
[BatchStats] sample=1 masked_tokens_pct=12.14 unique_token_ids=111
[BatchStats] sample=2 masked_tokens_pct=8.06 unique_token_ids=151
[BatchStats] sample=3 masked_tokens_pct=12.71 unique_token_ids=235
[BatchStats] sample=4 masked_tokens_pct=8.80 unique_token_ids=356
[BatchStats] sample=5 masked_tokens_pct=9.00 unique_token_ids=160
[BatchStats] sample=6 masked_tokens_pct=8.79 unique_token_ids=82
[BatchStats] sample=7 masked_tokens_pct=5.88 unique_token_ids=47
{'loss': 8.4108, 'learning_rate': 1.6666666666666668e-07, 'epoch': 0.0}
[BatchStats] sample=0 masked_tokens_pct=6.19 unique_token_ids=101
[BatchStats] sample=1 masked_tokens_pct=11.11 unique_token_ids=41
[BatchStats] sample=2 masked_tokens_pct=3.85 unique_token_ids=25
[BatchStats] sample=3 masked_tokens_pct=5.00 unique_token_ids=39
[BatchStats] sample=4 masked_tokens_pct=6.25 unique_token_ids=45
[BatchStats] sample=5 masked_tokens_pct=11.27 unique_token_ids=59
[BatchStats] sample=6 masked_tokens_pct=3.92 unique_token_ids=43
[BatchStats] sample=7 masked_tokens_pct=2.97 unique_token_ids=90
[BatchStats] sample=0 masked_tokens_pct=7.53 unique_token_ids=86
[BatchStats] sample=1 masked_tokens_pct=5.17 unique_token_ids=51
[BatchStats] sample=2 masked_tokens_pct=9.09 unique_token_ids=20
[BatchStats] sample=3 masked_tokens_pct=5.04 unique_token_ids=120
[BatchStats] sample=4 masked_tokens_pct=4.76 unique_token_ids=39
[BatchStats] sample=5 masked_tokens_pct=5.00 unique_token_ids=37
[BatchStats] sample=6 masked_tokens_pct=7.59 unique_token_ids=115
[BatchStats] sample=7 masked_tokens_pct=6.52 unique_token_ids=43
[BatchStats] sample=0 masked_tokens_pct=11.11 unique_token_ids=25
[BatchStats] sample=1 masked_tokens_pct=11.67 unique_token_ids=96
[BatchStats] sample=2 masked_tokens_pct=12.24 unique_token_ids=443
[BatchStats] sample=3 masked_tokens_pct=6.25 unique_token_ids=45
[BatchStats] sample=4 masked_tokens_pct=6.25 unique_token_ids=56
[BatchStats] sample=5 masked_tokens_pct=7.14 unique_token_ids=49
[BatchStats] sample=6 masked_tokens_pct=9.09 unique_token_ids=68
[BatchStats] sample=7 masked_tokens_pct=18.04 unique_token_ids=213
[BatchStats] sample=0 masked_tokens_pct=7.00 unique_token_ids=82
[BatchStats] sample=1 masked_tokens_pct=6.36 unique_token_ids=88
[BatchStats] sample=2 masked_tokens_pct=6.98 unique_token_ids=39
[BatchStats] sample=3 masked_tokens_pct=15.62 unique_token_ids=335
[BatchStats] sample=4 masked_tokens_pct=10.62 unique_token_ids=119
[BatchStats] sample=5 masked_tokens_pct=12.50 unique_token_ids=61
[BatchStats] sample=6 masked_tokens_pct=8.00 unique_token_ids=70
[BatchStats] sample=7 masked_tokens_pct=2.78 unique_token_ids=68
[BatchStats] sample=0 masked_tokens_pct=2.63 unique_token_ids=38
[BatchStats] sample=1 masked_tokens_pct=10.10 unique_token_ids=88
[BatchStats] sample=2 masked_tokens_pct=6.32 unique_token_ids=208
[BatchStats] sample=3 masked_tokens_pct=1.45 unique_token_ids=63
[BatchStats] sample=4 masked_tokens_pct=6.25 unique_token_ids=60
[BatchStats] sample=5 masked_tokens_pct=10.14 unique_token_ids=59
[BatchStats] sample=6 masked_tokens_pct=9.15 unique_token_ids=433
[BatchStats] sample=7 masked_tokens_pct=7.50 unique_token_ids=71
[BatchStats] sample=0 masked_tokens_pct=5.56 unique_token_ids=227
[BatchStats] sample=1 masked_tokens_pct=6.45 unique_token_ids=58
[BatchStats] sample=2 masked_tokens_pct=11.80 unique_token_ids=117
[BatchStats] sample=3 masked_tokens_pct=3.52 unique_token_ids=473
[BatchStats] sample=4 masked_tokens_pct=6.90 unique_token_ids=143
[BatchStats] sample=5 masked_tokens_pct=5.56 unique_token_ids=53
[BatchStats] sample=6 masked_tokens_pct=8.70 unique_token_ids=77
[BatchStats] sample=7 masked_tokens_pct=9.35 unique_token_ids=81
[BatchStats] sample=0 masked_tokens_pct=7.04 unique_token_ids=64
[BatchStats] sample=1 masked_tokens_pct=6.25 unique_token_ids=97
[BatchStats] sample=2 masked_tokens_pct=11.14 unique_token_ids=195
[BatchStats] sample=3 masked_tokens_pct=5.56 unique_token_ids=35
[BatchStats] sample=4 masked_tokens_pct=8.75 unique_token_ids=71
[BatchStats] sample=5 masked_tokens_pct=7.89 unique_token_ids=96
[BatchStats] sample=6 masked_tokens_pct=11.36 unique_token_ids=72
[BatchStats] sample=7 masked_tokens_pct=4.83 unique_token_ids=125
[BatchStats] sample=0 masked_tokens_pct=12.50 unique_token_ids=108
[BatchStats] sample=1 masked_tokens_pct=10.29 unique_token_ids=58
[BatchStats] sample=2 masked_tokens_pct=12.70 unique_token_ids=54
[BatchStats] sample=3 masked_tokens_pct=7.41 unique_token_ids=26
[BatchStats] sample=4 masked_tokens_pct=7.14 unique_token_ids=117
[BatchStats] sample=5 masked_tokens_pct=2.86 unique_token_ids=441
[BatchStats] sample=6 masked_tokens_pct=9.52 unique_token_ids=77
[BatchStats] sample=7 masked_tokens_pct=7.14 unique_token_ids=95
[BatchStats] sample=0 masked_tokens_pct=10.43 unique_token_ids=94
[BatchStats] sample=1 masked_tokens_pct=8.45 unique_token_ids=63
[BatchStats] sample=2 masked_tokens_pct=6.52 unique_token_ids=92
[BatchStats] sample=3 masked_tokens_pct=0.00 unique_token_ids=50
[BatchStats] sample=4 masked_tokens_pct=3.70 unique_token_ids=184
[BatchStats] sample=5 masked_tokens_pct=5.88 unique_token_ids=89
[BatchStats] sample=6 masked_tokens_pct=11.43 unique_token_ids=88
[BatchStats] sample=7 masked_tokens_pct=9.68 unique_token_ids=30
[BatchStats] sample=0 masked_tokens_pct=4.50 unique_token_ids=93
[BatchStats] sample=1 masked_tokens_pct=7.64 unique_token_ids=123
[BatchStats] sample=2 masked_tokens_pct=14.12 unique_token_ids=267
[BatchStats] sample=3 masked_tokens_pct=14.63 unique_token_ids=35
[BatchStats] sample=4 masked_tokens_pct=8.57 unique_token_ids=89
[BatchStats] sample=5 masked_tokens_pct=9.23 unique_token_ids=57
[BatchStats] sample=6 masked_tokens_pct=5.66 unique_token_ids=50
[BatchStats] sample=7 masked_tokens_pct=10.78 unique_token_ids=83
[BatchStats] sample=0 masked_tokens_pct=9.26 unique_token_ids=50
[BatchStats] sample=1 masked_tokens_pct=15.23 unique_token_ids=433
[BatchStats] sample=2 masked_tokens_pct=16.18 unique_token_ids=58
[BatchStats] sample=3 masked_tokens_pct=11.51 unique_token_ids=109
[BatchStats] sample=4 masked_tokens_pct=13.22 unique_token_ids=392
[BatchStats] sample=5 masked_tokens_pct=14.81 unique_token_ids=169
[BatchStats] sample=6 masked_tokens_pct=10.33 unique_token_ids=389
[BatchStats] sample=7 masked_tokens_pct=10.99 unique_token_ids=72
[BatchStats] sample=0 masked_tokens_pct=6.02 unique_token_ids=65
[BatchStats] sample=1 masked_tokens_pct=6.35 unique_token_ids=56
[BatchStats] sample=2 masked_tokens_pct=4.35 unique_token_ids=101
[BatchStats] sample=3 masked_tokens_pct=10.66 unique_token_ids=97
[BatchStats] sample=4 masked_tokens_pct=8.33 unique_token_ids=95
[BatchStats] sample=5 masked_tokens_pct=17.39 unique_token_ids=172
[BatchStats] sample=6 masked_tokens_pct=6.33 unique_token_ids=67
[BatchStats] sample=7 masked_tokens_pct=7.50 unique_token_ids=72
[BatchStats] sample=0 masked_tokens_pct=5.84 unique_token_ids=119
[BatchStats] sample=1 masked_tokens_pct=15.32 unique_token_ids=280
[BatchStats] sample=2 masked_tokens_pct=15.62 unique_token_ids=25
[BatchStats] sample=3 masked_tokens_pct=7.14 unique_token_ids=78
[BatchStats] sample=4 masked_tokens_pct=7.02 unique_token_ids=101
[BatchStats] sample=5 masked_tokens_pct=5.19 unique_token_ids=73
[BatchStats] sample=6 masked_tokens_pct=11.00 unique_token_ids=170
[BatchStats] sample=7 masked_tokens_pct=8.22 unique_token_ids=65
[BatchStats] sample=0 masked_tokens_pct=9.26 unique_token_ids=48
[BatchStats] sample=1 masked_tokens_pct=7.14 unique_token_ids=60
[BatchStats] sample=2 masked_tokens_pct=7.46 unique_token_ids=62
[BatchStats] sample=3 masked_tokens_pct=4.41 unique_token_ids=62
[BatchStats] sample=4 masked_tokens_pct=4.62 unique_token_ids=63
[BatchStats] sample=5 masked_tokens_pct=12.39 unique_token_ids=164
[BatchStats] sample=6 masked_tokens_pct=7.23 unique_token_ids=79
[BatchStats] sample=7 masked_tokens_pct=0.00 unique_token_ids=59
[BatchStats] sample=0 masked_tokens_pct=5.19 unique_token_ids=69
[BatchStats] sample=1 masked_tokens_pct=3.17 unique_token_ids=61
[BatchStats] sample=2 masked_tokens_pct=13.68 unique_token_ids=97
[BatchStats] sample=3 masked_tokens_pct=10.29 unique_token_ids=372
[BatchStats] sample=4 masked_tokens_pct=4.44 unique_token_ids=114
[BatchStats] sample=5 masked_tokens_pct=8.96 unique_token_ids=59
[BatchStats] sample=6 masked_tokens_pct=9.42 unique_token_ids=379
[BatchStats] sample=7 masked_tokens_pct=7.45 unique_token_ids=83
[BatchStats] sample=0 masked_tokens_pct=9.47 unique_token_ids=253
[BatchStats] sample=1 masked_tokens_pct=2.67 unique_token_ids=69
[BatchStats] sample=2 masked_tokens_pct=8.77 unique_token_ids=55
[BatchStats] sample=3 masked_tokens_pct=14.97 unique_token_ids=346
[BatchStats] sample=4 masked_tokens_pct=12.77 unique_token_ids=40
[BatchStats] sample=5 masked_tokens_pct=13.66 unique_token_ids=180
[BatchStats] sample=6 masked_tokens_pct=5.83 unique_token_ids=97
[BatchStats] sample=7 masked_tokens_pct=11.11 unique_token_ids=49
{'loss': 8.4579, 'learning_rate': 1.6666666666666667e-06, 'epoch': 0.0}
{'loss': 8.4493, 'learning_rate': 3.3333333333333333e-06, 'epoch': 0.0}
{'loss': 8.4072, 'learning_rate': 5e-06, 'epoch': 0.0}
{'loss': 8.3637, 'learning_rate': 6.666666666666667e-06, 'epoch': 0.0}
{'loss': 8.2857, 'learning_rate': 8.333333333333334e-06, 'epoch': 0.0}
{'loss': 8.1959, 'learning_rate': 1e-05, 'epoch': 0.0}
{'loss': 8.1187, 'learning_rate': 1.1666666666666668e-05, 'epoch': 0.0}
{'loss': 7.996, 'learning_rate': 1.3333333333333333e-05, 'epoch': 0.0}
{'loss': 7.9143, 'learning_rate': 1.5e-05, 'epoch': 0.0}
{'loss': 7.8452, 'learning_rate': 1.6666666666666667e-05, 'epoch': 0.0}
{'loss': 7.7412, 'learning_rate': 1.8333333333333333e-05, 'epoch': 0.0}
{'loss': 7.6671, 'learning_rate': 2e-05, 'epoch': 0.0}
{'loss': 7.557, 'learning_rate': 2.1666666666666667e-05, 'epoch': 0.0}
{'loss': 7.4746, 'learning_rate': 2.3333333333333336e-05, 'epoch': 0.0}
{'loss': 7.4272, 'learning_rate': 2.5e-05, 'epoch': 0.0}
{'loss': 7.3373, 'learning_rate': 2.6666666666666667e-05, 'epoch': 0.0}
{'loss': 7.239, 'learning_rate': 2.8333333333333335e-05, 'epoch': 0.0}
{'loss': 7.2047, 'learning_rate': 3e-05, 'epoch': 0.0}
{'loss': 7.1246, 'learning_rate': 3.1666666666666666e-05, 'epoch': 0.0}
{'loss': 7.1087, 'learning_rate': 3.3333333333333335e-05, 'epoch': 0.0}
{'loss': 7.0891, 'learning_rate': 3.5e-05, 'epoch': 0.0}
{'loss': 7.006, 'learning_rate': 3.6666666666666666e-05, 'epoch': 0.0}
{'loss': 7.0112, 'learning_rate': 3.8333333333333334e-05, 'epoch': 0.0}
{'loss': 7.0129, 'learning_rate': 4e-05, 'epoch': 0.0}
{'loss': 6.9803, 'learning_rate': 4.166666666666667e-05, 'epoch': 0.0}
{'loss': 7.0154, 'learning_rate': 4.3333333333333334e-05, 'epoch': 0.0}
{'loss': 6.9682, 'learning_rate': 4.5e-05, 'epoch': 0.0}
{'loss': 7.0036, 'learning_rate': 4.666666666666667e-05, 'epoch': 0.0}
{'loss': 6.9695, 'learning_rate': 4.8333333333333334e-05, 'epoch': 0.0}
{'loss': 7.0282, 'learning_rate': 5e-05, 'epoch': 0.0}
{'loss': 6.9509, 'learning_rate': 5.166666666666667e-05, 'epoch': 0.0}
{'loss': 6.9418, 'learning_rate': 5.333333333333333e-05, 'epoch': 0.0}
{'loss': 6.9413, 'learning_rate': 5.500000000000001e-05, 'epoch': 0.0}
{'loss': 7.008, 'learning_rate': 5.666666666666667e-05, 'epoch': 0.0}
{'loss': 6.9254, 'learning_rate': 5.833333333333334e-05, 'epoch': 0.0}
{'loss': 6.9832, 'learning_rate': 6e-05, 'epoch': 0.0}
{'loss': 7.048, 'learning_rate': 6.166666666666667e-05, 'epoch': 0.0}
{'loss': 6.9473, 'learning_rate': 6.333333333333333e-05, 'epoch': 0.0}
{'loss': 6.9732, 'learning_rate': 6.500000000000001e-05, 'epoch': 0.0}
{'loss': 6.9952, 'learning_rate': 6.666666666666667e-05, 'epoch': 0.0}
{'loss': 6.9793, 'learning_rate': 6.833333333333333e-05, 'epoch': 0.0}
{'loss': 6.9802, 'learning_rate': 7e-05, 'epoch': 0.0}
{'loss': 6.9635, 'learning_rate': 7.166666666666667e-05, 'epoch': 0.0}
{'loss': 6.9595, 'learning_rate': 7.333333333333333e-05, 'epoch': 0.0}
{'loss': 6.9975, 'learning_rate': 7.500000000000001e-05, 'epoch': 0.0}
{'loss': 7.0097, 'learning_rate': 7.666666666666667e-05, 'epoch': 0.0}
{'loss': 7.0081, 'learning_rate': 7.833333333333333e-05, 'epoch': 0.0}
{'loss': 6.9478, 'learning_rate': 8e-05, 'epoch': 0.0}
{'loss': 6.9447, 'learning_rate': 8.166666666666667e-05, 'epoch': 0.0}
{'loss': 6.9425, 'learning_rate': 8.333333333333334e-05, 'epoch': 0.0}
{'loss': 6.9757, 'learning_rate': 8.5e-05, 'epoch': 0.0}
{'loss': 6.9633, 'learning_rate': 8.666666666666667e-05, 'epoch': 0.0}
{'loss': 6.92, 'learning_rate': 8.833333333333333e-05, 'epoch': 0.0}
{'loss': 6.9472, 'learning_rate': 9e-05, 'epoch': 0.0}
{'loss': 6.9196, 'learning_rate': 9.166666666666667e-05, 'epoch': 0.0}
{'loss': 6.9532, 'learning_rate': 9.333333333333334e-05, 'epoch': 0.0}
{'loss': 7.011, 'learning_rate': 9.5e-05, 'epoch': 0.0}
{'loss': 6.9587, 'learning_rate': 9.666666666666667e-05, 'epoch': 0.0}
{'loss': 6.9211, 'learning_rate': 9.833333333333333e-05, 'epoch': 0.0}
{'loss': 6.9676, 'learning_rate': 0.0001, 'epoch': 0.0}
{'loss': 6.9409, 'learning_rate': 0.00010166666666666667, 'epoch': 0.0}
{'loss': 6.8727, 'learning_rate': 0.00010333333333333334, 'epoch': 0.0}
{'loss': 6.9672, 'learning_rate': 0.000105, 'epoch': 0.0}
{'loss': 6.8591, 'learning_rate': 0.00010666666666666667, 'epoch': 0.0}
{'loss': 6.8771, 'learning_rate': 0.00010833333333333333, 'epoch': 0.0}
{'loss': 6.8522, 'learning_rate': 0.00011000000000000002, 'epoch': 0.0}
{'loss': 6.8777, 'learning_rate': 0.00011166666666666668, 'epoch': 0.0}
{'loss': 6.8321, 'learning_rate': 0.00011333333333333334, 'epoch': 0.0}
{'loss': 6.8441, 'learning_rate': 0.00011499999999999999, 'epoch': 0.0}
{'loss': 6.8245, 'learning_rate': 0.00011666666666666668, 'epoch': 0.0}
{'loss': 6.8242, 'learning_rate': 0.00011833333333333334, 'epoch': 0.0}
{'loss': 6.796, 'learning_rate': 0.00012, 'epoch': 0.0}
{'loss': 6.8036, 'learning_rate': 0.00012166666666666667, 'epoch': 0.0}
{'loss': 6.8047, 'learning_rate': 0.00012333333333333334, 'epoch': 0.0}
{'loss': 6.762, 'learning_rate': 0.000125, 'epoch': 0.0}
{'loss': 6.7781, 'learning_rate': 0.00012666666666666666, 'epoch': 0.0}
{'loss': 6.751, 'learning_rate': 0.00012833333333333335, 'epoch': 0.0}
{'loss': 6.766, 'learning_rate': 0.00013000000000000002, 'epoch': 0.0}
{'loss': 6.7305, 'learning_rate': 0.00013166666666666668, 'epoch': 0.0}
{'loss': 6.7191, 'learning_rate': 0.00013333333333333334, 'epoch': 0.0}
{'loss': 6.7159, 'learning_rate': 0.00013500000000000003, 'epoch': 0.0}
{'loss': 6.6834, 'learning_rate': 0.00013666666666666666, 'epoch': 0.0}
{'loss': 6.7253, 'learning_rate': 0.00013833333333333333, 'epoch': 0.0}
{'loss': 6.6965, 'learning_rate': 0.00014, 'epoch': 0.0}
{'loss': 6.5973, 'learning_rate': 0.00014166666666666668, 'epoch': 0.0}
{'loss': 6.6982, 'learning_rate': 0.00014333333333333334, 'epoch': 0.0}
{'loss': 6.5898, 'learning_rate': 0.000145, 'epoch': 0.0}
{'loss': 6.61, 'learning_rate': 0.00014666666666666666, 'epoch': 0.0}
{'loss': 6.5626, 'learning_rate': 0.00014833333333333335, 'epoch': 0.0}
{'loss': 6.6582, 'learning_rate': 0.00015000000000000001, 'epoch': 0.0}
{'loss': 6.6428, 'learning_rate': 0.00015166666666666668, 'epoch': 0.0}
{'loss': 6.6076, 'learning_rate': 0.00015333333333333334, 'epoch': 0.0}
{'loss': 6.6347, 'learning_rate': 0.000155, 'epoch': 0.0}
{'loss': 6.6177, 'learning_rate': 0.00015666666666666666, 'epoch': 0.0}
{'loss': 6.6323, 'learning_rate': 0.00015833333333333332, 'epoch': 0.0}
{'loss': 6.5895, 'learning_rate': 0.00016, 'epoch': 0.0}
{'loss': 6.5939, 'learning_rate': 0.00016166666666666668, 'epoch': 0.0}
{'loss': 6.608, 'learning_rate': 0.00016333333333333334, 'epoch': 0.0}
{'loss': 6.5715, 'learning_rate': 0.000165, 'epoch': 0.0}
{'loss': 6.5475, 'learning_rate': 0.0001666666666666667, 'epoch': 0.0}
{'loss': 6.604, 'learning_rate': 0.00016833333333333335, 'epoch': 0.0}
{'loss': 6.5489, 'learning_rate': 0.00017, 'epoch': 0.0}
{'loss': 6.567, 'learning_rate': 0.00017166666666666667, 'epoch': 0.0}
{'loss': 6.5883, 'learning_rate': 0.00017333333333333334, 'epoch': 0.0}
{'loss': 6.5054, 'learning_rate': 0.000175, 'epoch': 0.0}
{'loss': 6.5729, 'learning_rate': 0.00017666666666666666, 'epoch': 0.0}
{'loss': 6.502, 'learning_rate': 0.00017833333333333335, 'epoch': 0.0}
{'loss': 6.5514, 'learning_rate': 0.00018, 'epoch': 0.0}
{'loss': 6.5286, 'learning_rate': 0.00018166666666666667, 'epoch': 0.0}
{'loss': 6.5902, 'learning_rate': 0.00018333333333333334, 'epoch': 0.0}
{'loss': 6.5427, 'learning_rate': 0.00018500000000000002, 'epoch': 0.0}
{'loss': 6.5209, 'learning_rate': 0.0001866666666666667, 'epoch': 0.0}
{'loss': 6.4528, 'learning_rate': 0.00018833333333333335, 'epoch': 0.0}
{'loss': 6.5071, 'learning_rate': 0.00019, 'epoch': 0.0}
{'loss': 6.5555, 'learning_rate': 0.00019166666666666667, 'epoch': 0.0}
{'loss': 6.4217, 'learning_rate': 0.00019333333333333333, 'epoch': 0.0}
{'loss': 6.5222, 'learning_rate': 0.000195, 'epoch': 0.0}
{'loss': 6.5149, 'learning_rate': 0.00019666666666666666, 'epoch': 0.0}
{'loss': 6.4458, 'learning_rate': 0.00019833333333333335, 'epoch': 0.0}
{'loss': 6.4751, 'learning_rate': 0.0002, 'epoch': 0.0}
{'loss': 6.4974, 'learning_rate': 0.00019994845360824743, 'epoch': 0.0}
{'loss': 6.4788, 'learning_rate': 0.00019989690721649485, 'epoch': 0.0}
{'loss': 6.5387, 'learning_rate': 0.00019984536082474227, 'epoch': 0.0}
{'loss': 6.4631, 'learning_rate': 0.0001997938144329897, 'epoch': 0.0}
{'loss': 6.4578, 'learning_rate': 0.00019974226804123711, 'epoch': 0.0}
{'loss': 6.4466, 'learning_rate': 0.00019969072164948453, 'epoch': 0.0}
{'loss': 6.4855, 'learning_rate': 0.00019963917525773198, 'epoch': 0.0}
{'loss': 6.4829, 'learning_rate': 0.0001995876288659794, 'epoch': 0.0}
{'loss': 6.4277, 'learning_rate': 0.00019953608247422682, 'epoch': 0.0}
{'loss': 6.4853, 'learning_rate': 0.00019948453608247425, 'epoch': 0.0}
{'loss': 6.448, 'learning_rate': 0.00019943298969072167, 'epoch': 0.0}
{'loss': 6.4007, 'learning_rate': 0.0001993814432989691, 'epoch': 0.0}
{'loss': 6.457, 'learning_rate': 0.0001993298969072165, 'epoch': 0.0}
{'loss': 6.4428, 'learning_rate': 0.00019927835051546393, 'epoch': 0.0}
{'loss': 6.4618, 'learning_rate': 0.00019922680412371135, 'epoch': 0.0}
{'loss': 6.4437, 'learning_rate': 0.00019917525773195877, 'epoch': 0.0}
{'loss': 6.439, 'learning_rate': 0.0001991237113402062, 'epoch': 0.0}
{'loss': 6.4121, 'learning_rate': 0.0001990721649484536, 'epoch': 0.0}
{'loss': 6.4742, 'learning_rate': 0.00019902061855670103, 'epoch': 0.0}
{'loss': 6.5243, 'learning_rate': 0.00019896907216494845, 'epoch': 0.0}
{'loss': 6.4054, 'learning_rate': 0.0001989175257731959, 'epoch': 0.0}
{'loss': 6.4563, 'learning_rate': 0.00019886597938144332, 'epoch': 0.0}
{'loss': 6.4184, 'learning_rate': 0.00019881443298969074, 'epoch': 0.0}
{'loss': 6.3687, 'learning_rate': 0.00019876288659793816, 'epoch': 0.0}
{'loss': 6.442, 'learning_rate': 0.00019871134020618559, 'epoch': 0.0}
{'loss': 6.4218, 'learning_rate': 0.000198659793814433, 'epoch': 0.0}
{'loss': 6.4311, 'learning_rate': 0.00019860824742268043, 'epoch': 0.0}
{'loss': 6.4286, 'learning_rate': 0.00019855670103092785, 'epoch': 0.0}
{'loss': 6.5067, 'learning_rate': 0.00019850515463917527, 'epoch': 0.0}
{'loss': 6.3839, 'learning_rate': 0.0001984536082474227, 'epoch': 0.0}
{'loss': 6.4223, 'learning_rate': 0.0001984020618556701, 'epoch': 0.0}
{'loss': 6.4085, 'learning_rate': 0.00019835051546391753, 'epoch': 0.0}
{'loss': 6.4351, 'learning_rate': 0.00019829896907216495, 'epoch': 0.0}
{'loss': 6.4804, 'learning_rate': 0.00019824742268041237, 'epoch': 0.0}
{'loss': 6.4613, 'learning_rate': 0.00019819587628865982, 'epoch': 0.0}
{'loss': 6.4111, 'learning_rate': 0.00019814432989690724, 'epoch': 0.0}
{'loss': 6.4449, 'learning_rate': 0.00019809278350515466, 'epoch': 0.0}
{'loss': 6.3775, 'learning_rate': 0.00019804123711340208, 'epoch': 0.0}
{'loss': 6.3987, 'learning_rate': 0.0001979896907216495, 'epoch': 0.0}
{'loss': 6.3773, 'learning_rate': 0.00019793814432989693, 'epoch': 0.0}
{'loss': 6.3738, 'learning_rate': 0.00019788659793814435, 'epoch': 0.0}
{'loss': 6.3499, 'learning_rate': 0.00019783505154639177, 'epoch': 0.0}
{'loss': 6.4172, 'learning_rate': 0.0001977835051546392, 'epoch': 0.0}
{'loss': 6.3509, 'learning_rate': 0.0001977319587628866, 'epoch': 0.0}
{'loss': 6.3805, 'learning_rate': 0.00019768041237113403, 'epoch': 0.0}
{'loss': 6.3393, 'learning_rate': 0.00019762886597938145, 'epoch': 0.0}
{'loss': 6.362, 'learning_rate': 0.00019757731958762887, 'epoch': 0.0}
{'loss': 6.4452, 'learning_rate': 0.00019752577319587632, 'epoch': 0.0}
{'loss': 6.3507, 'learning_rate': 0.00019747422680412374, 'epoch': 0.0}
{'loss': 6.3702, 'learning_rate': 0.00019742268041237116, 'epoch': 0.0}
{'loss': 6.3625, 'learning_rate': 0.00019737113402061858, 'epoch': 0.0}
{'loss': 6.4056, 'learning_rate': 0.000197319587628866, 'epoch': 0.0}
{'loss': 6.3574, 'learning_rate': 0.00019726804123711342, 'epoch': 0.0}
{'loss': 6.3242, 'learning_rate': 0.00019721649484536084, 'epoch': 0.0}
{'loss': 6.3921, 'learning_rate': 0.00019716494845360827, 'epoch': 0.0}
{'loss': 6.381, 'learning_rate': 0.0001971134020618557, 'epoch': 0.0}
{'loss': 6.4518, 'learning_rate': 0.0001970618556701031, 'epoch': 0.0}
{'loss': 6.334, 'learning_rate': 0.00019701030927835053, 'epoch': 0.0}
{'loss': 6.3864, 'learning_rate': 0.00019695876288659795, 'epoch': 0.0}
{'loss': 6.426, 'learning_rate': 0.00019690721649484537, 'epoch': 0.0}
{'loss': 6.4333, 'learning_rate': 0.0001968556701030928, 'epoch': 0.0}
{'loss': 6.4099, 'learning_rate': 0.0001968041237113402, 'epoch': 0.0}
{'loss': 6.4155, 'learning_rate': 0.00019675257731958763, 'epoch': 0.0}
{'loss': 6.4496, 'learning_rate': 0.00019670103092783505, 'epoch': 0.0}
{'loss': 6.2888, 'learning_rate': 0.00019664948453608247, 'epoch': 0.0}
{'loss': 6.3851, 'learning_rate': 0.0001965979381443299, 'epoch': 0.0}
{'loss': 6.3588, 'learning_rate': 0.00019654639175257732, 'epoch': 0.0}
{'loss': 6.3593, 'learning_rate': 0.00019649484536082474, 'epoch': 0.0}
{'loss': 6.2686, 'learning_rate': 0.00019644329896907216, 'epoch': 0.0}
{'loss': 6.2962, 'learning_rate': 0.00019639175257731958, 'epoch': 0.0}
{'loss': 6.3964, 'learning_rate': 0.000196340206185567, 'epoch': 0.0}
{'loss': 6.3788, 'learning_rate': 0.00019628865979381442, 'epoch': 0.0}
{'loss': 6.3252, 'learning_rate': 0.00019623711340206187, 'epoch': 0.0}
{'loss': 6.3337, 'learning_rate': 0.0001961855670103093, 'epoch': 0.0}
{'loss': 6.4188, 'learning_rate': 0.0001961340206185567, 'epoch': 0.0}
{'loss': 6.4136, 'learning_rate': 0.00019608247422680413, 'epoch': 0.0}
{'loss': 6.356, 'learning_rate': 0.00019603092783505155, 'epoch': 0.0}
{'loss': 6.2778, 'learning_rate': 0.00019597938144329897, 'epoch': 0.0}
{'loss': 6.3424, 'learning_rate': 0.0001959278350515464, 'epoch': 0.0}
{'loss': 6.2867, 'learning_rate': 0.00019587628865979381, 'epoch': 0.0}
{'loss': 6.4189, 'learning_rate': 0.00019582474226804124, 'epoch': 0.0}
{'loss': 6.2935, 'learning_rate': 0.00019577319587628866, 'epoch': 0.0}
{'loss': 6.3691, 'learning_rate': 0.00019572164948453608, 'epoch': 0.0}
{'loss': 6.3791, 'learning_rate': 0.0001956701030927835, 'epoch': 0.0}
{'loss': 6.375, 'learning_rate': 0.00019561855670103092, 'epoch': 0.0}
{'loss': 6.3731, 'learning_rate': 0.00019556701030927837, 'epoch': 0.0}
{'loss': 6.4307, 'learning_rate': 0.0001955154639175258, 'epoch': 0.0}
{'loss': 6.3804, 'learning_rate': 0.0001954639175257732, 'epoch': 0.0}
{'loss': 6.3153, 'learning_rate': 0.00019541237113402063, 'epoch': 0.0}
{'loss': 6.3278, 'learning_rate': 0.00019536082474226805, 'epoch': 0.0}
{'loss': 6.3743, 'learning_rate': 0.00019530927835051547, 'epoch': 0.0}
{'loss': 6.3805, 'learning_rate': 0.0001952577319587629, 'epoch': 0.0}
{'loss': 6.325, 'learning_rate': 0.0001952061855670103, 'epoch': 0.0}
{'loss': 6.3695, 'learning_rate': 0.00019515463917525773, 'epoch': 0.0}
{'loss': 6.4181, 'learning_rate': 0.00019510309278350515, 'epoch': 0.0}
{'loss': 6.3906, 'learning_rate': 0.00019505154639175258, 'epoch': 0.0}
{'loss': 6.3622, 'learning_rate': 0.000195, 'epoch': 0.0}
{'loss': 6.4125, 'learning_rate': 0.00019494845360824742, 'epoch': 0.0}
{'loss': 6.2374, 'learning_rate': 0.00019489690721649484, 'epoch': 0.0}
{'loss': 6.3176, 'learning_rate': 0.00019484536082474229, 'epoch': 0.0}
{'loss': 6.3543, 'learning_rate': 0.0001947938144329897, 'epoch': 0.0}
{'loss': 6.3918, 'learning_rate': 0.00019474226804123713, 'epoch': 0.0}
{'loss': 6.4226, 'learning_rate': 0.00019469072164948455, 'epoch': 0.0}
{'loss': 6.3529, 'learning_rate': 0.00019463917525773197, 'epoch': 0.0}
{'loss': 6.3163, 'learning_rate': 0.0001945876288659794, 'epoch': 0.0}
{'loss': 6.3897, 'learning_rate': 0.0001945360824742268, 'epoch': 0.0}
{'loss': 6.2881, 'learning_rate': 0.00019448453608247423, 'epoch': 0.0}
{'loss': 6.3472, 'learning_rate': 0.00019443298969072165, 'epoch': 0.0}
{'loss': 6.3279, 'learning_rate': 0.00019438144329896907, 'epoch': 0.0}
{'loss': 6.4086, 'learning_rate': 0.0001943298969072165, 'epoch': 0.0}
{'loss': 6.2817, 'learning_rate': 0.00019427835051546392, 'epoch': 0.0}
{'loss': 6.3934, 'learning_rate': 0.00019422680412371134, 'epoch': 0.0}
{'loss': 6.3515, 'learning_rate': 0.00019417525773195876, 'epoch': 0.0}
{'loss': 6.3778, 'learning_rate': 0.0001941237113402062, 'epoch': 0.0}
{'loss': 6.2925, 'learning_rate': 0.00019407216494845363, 'epoch': 0.0}
{'loss': 6.3551, 'learning_rate': 0.00019402061855670105, 'epoch': 0.0}
{'loss': 6.3386, 'learning_rate': 0.00019396907216494847, 'epoch': 0.0}
{'loss': 6.3062, 'learning_rate': 0.0001939175257731959, 'epoch': 0.0}
{'loss': 6.2672, 'learning_rate': 0.0001938659793814433, 'epoch': 0.0}
{'loss': 6.3661, 'learning_rate': 0.00019381443298969073, 'epoch': 0.0}
{'loss': 6.3428, 'learning_rate': 0.00019376288659793815, 'epoch': 0.0}
{'loss': 6.3065, 'learning_rate': 0.00019371134020618557, 'epoch': 0.0}
{'loss': 6.3475, 'learning_rate': 0.000193659793814433, 'epoch': 0.0}
{'loss': 6.3317, 'learning_rate': 0.00019360824742268041, 'epoch': 0.0}
{'loss': 6.292, 'learning_rate': 0.00019355670103092784, 'epoch': 0.0}
{'loss': 6.3762, 'learning_rate': 0.00019350515463917526, 'epoch': 0.0}
{'loss': 6.2938, 'learning_rate': 0.0001934536082474227, 'epoch': 0.0}
{'loss': 6.3204, 'learning_rate': 0.00019340206185567012, 'epoch': 0.0}
{'loss': 6.3207, 'learning_rate': 0.00019335051546391755, 'epoch': 0.0}
{'loss': 6.3068, 'learning_rate': 0.00019329896907216497, 'epoch': 0.0}
{'loss': 6.3448, 'learning_rate': 0.0001932474226804124, 'epoch': 0.0}
{'loss': 6.3952, 'learning_rate': 0.0001931958762886598, 'epoch': 0.0}
{'loss': 6.3169, 'learning_rate': 0.00019314432989690723, 'epoch': 0.0}
{'loss': 6.3593, 'learning_rate': 0.00019309278350515465, 'epoch': 0.0}
{'loss': 6.3577, 'learning_rate': 0.00019304123711340207, 'epoch': 0.0}
{'loss': 6.3779, 'learning_rate': 0.0001929896907216495, 'epoch': 0.0}
{'loss': 6.338, 'learning_rate': 0.0001929381443298969, 'epoch': 0.0}
{'loss': 6.2437, 'learning_rate': 0.00019288659793814433, 'epoch': 0.0}
{'loss': 6.276, 'learning_rate': 0.00019283505154639175, 'epoch': 0.0}
{'loss': 6.314, 'learning_rate': 0.00019278350515463918, 'epoch': 0.0}
{'loss': 6.3409, 'learning_rate': 0.00019273195876288662, 'epoch': 0.0}
{'loss': 6.349, 'learning_rate': 0.00019268041237113404, 'epoch': 0.0}
{'loss': 6.3197, 'learning_rate': 0.00019262886597938146, 'epoch': 0.0}
{'loss': 6.3608, 'learning_rate': 0.00019257731958762889, 'epoch': 0.0}
{'loss': 6.3454, 'learning_rate': 0.0001925257731958763, 'epoch': 0.0}
{'loss': 6.3645, 'learning_rate': 0.00019247422680412373, 'epoch': 0.01}
{'loss': 6.3506, 'learning_rate': 0.00019242268041237115, 'epoch': 0.01}
{'loss': 6.3352, 'learning_rate': 0.00019237113402061857, 'epoch': 0.01}
{'loss': 6.3245, 'learning_rate': 0.000192319587628866, 'epoch': 0.01}
{'loss': 6.385, 'learning_rate': 0.0001922680412371134, 'epoch': 0.01}
{'loss': 6.2505, 'learning_rate': 0.00019221649484536083, 'epoch': 0.01}
{'loss': 6.3903, 'learning_rate': 0.00019216494845360825, 'epoch': 0.01}
{'loss': 6.3616, 'learning_rate': 0.00019211340206185567, 'epoch': 0.01}
{'loss': 6.2976, 'learning_rate': 0.00019206185567010312, 'epoch': 0.01}
{'loss': 6.3384, 'learning_rate': 0.00019201030927835054, 'epoch': 0.01}
{'loss': 6.3368, 'learning_rate': 0.00019195876288659796, 'epoch': 0.01}
{'loss': 6.1942, 'learning_rate': 0.00019190721649484538, 'epoch': 0.01}
{'loss': 6.3955, 'learning_rate': 0.0001918556701030928, 'epoch': 0.01}
{'loss': 6.2621, 'learning_rate': 0.00019180412371134023, 'epoch': 0.01}
{'loss': 6.3266, 'learning_rate': 0.00019175257731958765, 'epoch': 0.01}
{'loss': 6.304, 'learning_rate': 0.00019170103092783507, 'epoch': 0.01}
{'loss': 6.3387, 'learning_rate': 0.0001916494845360825, 'epoch': 0.01}
{'loss': 6.3286, 'learning_rate': 0.0001915979381443299, 'epoch': 0.01}
{'loss': 6.3901, 'learning_rate': 0.00019154639175257733, 'epoch': 0.01}
{'loss': 6.2897, 'learning_rate': 0.00019149484536082475, 'epoch': 0.01}
{'loss': 6.2704, 'learning_rate': 0.00019144329896907217, 'epoch': 0.01}
{'loss': 6.4166, 'learning_rate': 0.0001913917525773196, 'epoch': 0.01}
{'loss': 6.3184, 'learning_rate': 0.00019134020618556704, 'epoch': 0.01}
{'loss': 6.3115, 'learning_rate': 0.00019128865979381446, 'epoch': 0.01}
{'loss': 6.3277, 'learning_rate': 0.00019123711340206188, 'epoch': 0.01}
{'loss': 6.3134, 'learning_rate': 0.0001911855670103093, 'epoch': 0.01}
{'loss': 6.3158, 'learning_rate': 0.00019113402061855672, 'epoch': 0.01}
{'loss': 6.313, 'learning_rate': 0.00019108247422680415, 'epoch': 0.01}
{'loss': 6.2237, 'learning_rate': 0.00019103092783505157, 'epoch': 0.01}
{'loss': 6.2787, 'learning_rate': 0.000190979381443299, 'epoch': 0.01}
{'loss': 6.3153, 'learning_rate': 0.0001909278350515464, 'epoch': 0.01}
{'loss': 6.2822, 'learning_rate': 0.00019087628865979383, 'epoch': 0.01}
{'loss': 6.2923, 'learning_rate': 0.00019082474226804125, 'epoch': 0.01}
{'loss': 6.3054, 'learning_rate': 0.00019077319587628867, 'epoch': 0.01}
{'loss': 6.3542, 'learning_rate': 0.0001907216494845361, 'epoch': 0.01}
{'loss': 6.3641, 'learning_rate': 0.0001906701030927835, 'epoch': 0.01}
{'loss': 6.3265, 'learning_rate': 0.00019061855670103093, 'epoch': 0.01}
{'loss': 6.2828, 'learning_rate': 0.00019056701030927835, 'epoch': 0.01}
{'loss': 6.3087, 'learning_rate': 0.00019051546391752577, 'epoch': 0.01}
{'loss': 6.3072, 'learning_rate': 0.0001904639175257732, 'epoch': 0.01}
{'loss': 6.2976, 'learning_rate': 0.00019041237113402062, 'epoch': 0.01}
{'loss': 6.343, 'learning_rate': 0.00019036082474226804, 'epoch': 0.01}
{'loss': 6.3466, 'learning_rate': 0.00019030927835051546, 'epoch': 0.01}
{'loss': 6.2715, 'learning_rate': 0.00019025773195876288, 'epoch': 0.01}
{'loss': 6.3345, 'learning_rate': 0.0001902061855670103, 'epoch': 0.01}
{'loss': 6.348, 'learning_rate': 0.00019015463917525772, 'epoch': 0.01}
{'loss': 6.3285, 'learning_rate': 0.00019010309278350514, 'epoch': 0.01}
{'loss': 6.3424, 'learning_rate': 0.0001900515463917526, 'epoch': 0.01}
{'loss': 6.2912, 'learning_rate': 0.00019, 'epoch': 0.01}
{'loss': 6.3622, 'learning_rate': 0.00018994845360824743, 'epoch': 0.01}
{'loss': 6.3119, 'learning_rate': 0.00018989690721649485, 'epoch': 0.01}
{'loss': 6.2832, 'learning_rate': 0.00018984536082474227, 'epoch': 0.01}
{'loss': 6.2778, 'learning_rate': 0.0001897938144329897, 'epoch': 0.01}
{'loss': 6.3265, 'learning_rate': 0.00018974226804123711, 'epoch': 0.01}
{'loss': 6.3508, 'learning_rate': 0.00018969072164948454, 'epoch': 0.01}
{'loss': 6.2826, 'learning_rate': 0.00018963917525773196, 'epoch': 0.01}
{'loss': 6.2575, 'learning_rate': 0.00018958762886597938, 'epoch': 0.01}
{'loss': 6.2475, 'learning_rate': 0.0001895360824742268, 'epoch': 0.01}
{'loss': 6.2842, 'learning_rate': 0.00018948453608247422, 'epoch': 0.01}
{'loss': 6.3143, 'learning_rate': 0.00018943298969072164, 'epoch': 0.01}
{'loss': 6.2943, 'learning_rate': 0.0001893814432989691, 'epoch': 0.01}
{'loss': 6.3115, 'learning_rate': 0.0001893298969072165, 'epoch': 0.01}
{'loss': 6.2448, 'learning_rate': 0.00018927835051546393, 'epoch': 0.01}
{'loss': 6.3357, 'learning_rate': 0.00018922680412371135, 'epoch': 0.01}
{'loss': 6.3434, 'learning_rate': 0.00018917525773195877, 'epoch': 0.01}
{'loss': 6.3596, 'learning_rate': 0.0001891237113402062, 'epoch': 0.01}
{'loss': 6.408, 'learning_rate': 0.0001890721649484536, 'epoch': 0.01}
{'loss': 6.3475, 'learning_rate': 0.00018902061855670103, 'epoch': 0.01}
{'loss': 6.3045, 'learning_rate': 0.00018896907216494845, 'epoch': 0.01}
{'loss': 6.2606, 'learning_rate': 0.00018891752577319588, 'epoch': 0.01}
{'loss': 6.4154, 'learning_rate': 0.0001888659793814433, 'epoch': 0.01}
{'loss': 6.2915, 'learning_rate': 0.00018881443298969072, 'epoch': 0.01}
{'loss': 6.4137, 'learning_rate': 0.00018876288659793814, 'epoch': 0.01}
{'loss': 6.3998, 'learning_rate': 0.00018871134020618556, 'epoch': 0.01}
{'loss': 6.3029, 'learning_rate': 0.000188659793814433, 'epoch': 0.01}
{'loss': 6.2683, 'learning_rate': 0.00018860824742268043, 'epoch': 0.01}
{'loss': 6.2761, 'learning_rate': 0.00018855670103092785, 'epoch': 0.01}
{'loss': 6.3054, 'learning_rate': 0.00018850515463917527, 'epoch': 0.01}
{'loss': 6.3101, 'learning_rate': 0.0001884536082474227, 'epoch': 0.01}
{'loss': 6.2804, 'learning_rate': 0.0001884020618556701, 'epoch': 0.01}
{'loss': 6.2812, 'learning_rate': 0.00018835051546391753, 'epoch': 0.01}
{'loss': 6.3405, 'learning_rate': 0.00018829896907216495, 'epoch': 0.01}
{'loss': 6.2906, 'learning_rate': 0.00018824742268041237, 'epoch': 0.01}
{'loss': 6.3694, 'learning_rate': 0.0001881958762886598, 'epoch': 0.01}
{'loss': 6.2018, 'learning_rate': 0.00018814432989690722, 'epoch': 0.01}
{'loss': 6.2959, 'learning_rate': 0.00018809278350515464, 'epoch': 0.01}
{'loss': 6.3249, 'learning_rate': 0.00018804123711340206, 'epoch': 0.01}
{'loss': 6.3997, 'learning_rate': 0.00018798969072164948, 'epoch': 0.01}
{'loss': 6.2458, 'learning_rate': 0.00018793814432989693, 'epoch': 0.01}
{'loss': 6.2871, 'learning_rate': 0.00018788659793814435, 'epoch': 0.01}
{'loss': 6.3651, 'learning_rate': 0.00018783505154639177, 'epoch': 0.01}
{'loss': 6.3275, 'learning_rate': 0.0001877835051546392, 'epoch': 0.01}
{'loss': 6.2875, 'learning_rate': 0.0001877319587628866, 'epoch': 0.01}
{'loss': 6.3416, 'learning_rate': 0.00018768041237113403, 'epoch': 0.01}
{'loss': 6.3022, 'learning_rate': 0.00018762886597938145, 'epoch': 0.01}
{'loss': 6.2355, 'learning_rate': 0.00018757731958762887, 'epoch': 0.01}
{'loss': 6.2813, 'learning_rate': 0.0001875257731958763, 'epoch': 0.01}
{'loss': 6.3558, 'learning_rate': 0.00018747422680412371, 'epoch': 0.01}
{'loss': 6.4241, 'learning_rate': 0.00018742268041237114, 'epoch': 0.01}
{'loss': 6.2698, 'learning_rate': 0.00018737113402061856, 'epoch': 0.01}
{'loss': 6.3204, 'learning_rate': 0.00018731958762886598, 'epoch': 0.01}
{'loss': 6.2985, 'learning_rate': 0.00018726804123711342, 'epoch': 0.01}
{'loss': 6.3209, 'learning_rate': 0.00018721649484536085, 'epoch': 0.01}
{'loss': 6.3343, 'learning_rate': 0.00018716494845360827, 'epoch': 0.01}
{'loss': 6.2903, 'learning_rate': 0.0001871134020618557, 'epoch': 0.01}
{'loss': 6.3393, 'learning_rate': 0.0001870618556701031, 'epoch': 0.01}
{'loss': 6.3925, 'learning_rate': 0.00018701030927835053, 'epoch': 0.01}
{'loss': 6.2991, 'learning_rate': 0.00018695876288659795, 'epoch': 0.01}
{'loss': 6.3326, 'learning_rate': 0.00018690721649484537, 'epoch': 0.01}
{'loss': 6.2367, 'learning_rate': 0.0001868556701030928, 'epoch': 0.01}
{'loss': 6.1737, 'learning_rate': 0.0001868041237113402, 'epoch': 0.01}
{'loss': 6.3111, 'learning_rate': 0.00018675257731958763, 'epoch': 0.01}
{'loss': 6.3468, 'learning_rate': 0.00018670103092783505, 'epoch': 0.01}
{'loss': 6.2636, 'learning_rate': 0.00018664948453608248, 'epoch': 0.01}
{'loss': 6.3311, 'learning_rate': 0.0001865979381443299, 'epoch': 0.01}
{'loss': 6.2965, 'learning_rate': 0.00018654639175257734, 'epoch': 0.01}
{'loss': 6.3102, 'learning_rate': 0.00018649484536082477, 'epoch': 0.01}
{'loss': 6.3915, 'learning_rate': 0.00018644329896907219, 'epoch': 0.01}
{'loss': 6.2822, 'learning_rate': 0.0001863917525773196, 'epoch': 0.01}
{'loss': 6.2302, 'learning_rate': 0.00018634020618556703, 'epoch': 0.01}
{'loss': 6.3795, 'learning_rate': 0.00018628865979381445, 'epoch': 0.01}
{'loss': 6.3525, 'learning_rate': 0.00018623711340206187, 'epoch': 0.01}
{'loss': 6.2854, 'learning_rate': 0.0001861855670103093, 'epoch': 0.01}
{'loss': 6.3245, 'learning_rate': 0.0001861340206185567, 'epoch': 0.01}
{'loss': 6.3006, 'learning_rate': 0.00018608247422680413, 'epoch': 0.01}
{'loss': 6.3445, 'learning_rate': 0.00018603092783505155, 'epoch': 0.01}
{'loss': 6.2705, 'learning_rate': 0.00018597938144329897, 'epoch': 0.01}
{'loss': 6.3312, 'learning_rate': 0.0001859278350515464, 'epoch': 0.01}
{'loss': 6.2248, 'learning_rate': 0.00018587628865979384, 'epoch': 0.01}
{'loss': 6.3422, 'learning_rate': 0.00018582474226804126, 'epoch': 0.01}
{'loss': 6.3697, 'learning_rate': 0.00018577319587628868, 'epoch': 0.01}
{'loss': 6.2815, 'learning_rate': 0.0001857216494845361, 'epoch': 0.01}
{'loss': 6.3241, 'learning_rate': 0.00018567010309278353, 'epoch': 0.01}
{'loss': 6.3004, 'learning_rate': 0.00018561855670103095, 'epoch': 0.01}
{'loss': 6.2089, 'learning_rate': 0.00018556701030927837, 'epoch': 0.01}
{'loss': 6.2472, 'learning_rate': 0.0001855154639175258, 'epoch': 0.01}
{'loss': 6.3786, 'learning_rate': 0.0001854639175257732, 'epoch': 0.01}
{'loss': 6.3739, 'learning_rate': 0.00018541237113402063, 'epoch': 0.01}
{'loss': 6.3688, 'learning_rate': 0.00018536082474226805, 'epoch': 0.01}
{'loss': 6.3277, 'learning_rate': 0.00018530927835051547, 'epoch': 0.01}
{'loss': 6.3513, 'learning_rate': 0.0001852577319587629, 'epoch': 0.01}
{'loss': 6.3483, 'learning_rate': 0.00018520618556701031, 'epoch': 0.01}
{'loss': 6.2856, 'learning_rate': 0.00018515463917525776, 'epoch': 0.01}
{'loss': 6.3661, 'learning_rate': 0.00018510309278350518, 'epoch': 0.01}
{'loss': 6.3177, 'learning_rate': 0.0001850515463917526, 'epoch': 0.01}
{'loss': 6.3255, 'learning_rate': 0.00018500000000000002, 'epoch': 0.01}
{'loss': 6.3098, 'learning_rate': 0.00018494845360824745, 'epoch': 0.01}
{'loss': 6.2833, 'learning_rate': 0.00018489690721649487, 'epoch': 0.01}
{'loss': 6.2691, 'learning_rate': 0.0001848453608247423, 'epoch': 0.01}
{'loss': 6.3252, 'learning_rate': 0.0001847938144329897, 'epoch': 0.01}
{'loss': 6.2661, 'learning_rate': 0.00018474226804123713, 'epoch': 0.01}
{'loss': 6.3527, 'learning_rate': 0.00018469072164948455, 'epoch': 0.01}
{'loss': 6.3403, 'learning_rate': 0.00018463917525773197, 'epoch': 0.01}
{'loss': 6.3822, 'learning_rate': 0.0001845876288659794, 'epoch': 0.01}
{'loss': 6.2928, 'learning_rate': 0.0001845360824742268, 'epoch': 0.01}
{'loss': 6.2633, 'learning_rate': 0.00018448453608247423, 'epoch': 0.01}
{'loss': 6.2473, 'learning_rate': 0.00018443298969072168, 'epoch': 0.01}
{'loss': 6.2561, 'learning_rate': 0.0001843814432989691, 'epoch': 0.01}
{'loss': 6.2876, 'learning_rate': 0.0001843298969072165, 'epoch': 0.01}
{'loss': 6.2437, 'learning_rate': 0.00018427835051546392, 'epoch': 0.01}
{'loss': 6.3189, 'learning_rate': 0.00018422680412371134, 'epoch': 0.01}
{'loss': 6.2951, 'learning_rate': 0.00018417525773195876, 'epoch': 0.01}
{'loss': 6.2746, 'learning_rate': 0.00018412371134020618, 'epoch': 0.01}
{'loss': 6.3282, 'learning_rate': 0.0001840721649484536, 'epoch': 0.01}
{'loss': 6.2717, 'learning_rate': 0.00018402061855670102, 'epoch': 0.01}
{'loss': 6.3064, 'learning_rate': 0.00018396907216494844, 'epoch': 0.01}
{'loss': 6.2887, 'learning_rate': 0.00018391752577319586, 'epoch': 0.01}
{'loss': 6.2424, 'learning_rate': 0.0001838659793814433, 'epoch': 0.01}
{'loss': 6.2365, 'learning_rate': 0.00018381443298969073, 'epoch': 0.01}
{'loss': 6.2298, 'learning_rate': 0.00018376288659793815, 'epoch': 0.01}
{'loss': 6.3214, 'learning_rate': 0.00018371134020618557, 'epoch': 0.01}
{'loss': 6.2417, 'learning_rate': 0.000183659793814433, 'epoch': 0.01}
{'loss': 6.3204, 'learning_rate': 0.00018360824742268042, 'epoch': 0.01}
{'loss': 6.3337, 'learning_rate': 0.00018355670103092784, 'epoch': 0.01}
{'loss': 6.3049, 'learning_rate': 0.00018350515463917526, 'epoch': 0.01}
{'loss': 6.2063, 'learning_rate': 0.00018345360824742268, 'epoch': 0.01}
{'loss': 6.2679, 'learning_rate': 0.0001834020618556701, 'epoch': 0.01}
{'loss': 6.3256, 'learning_rate': 0.00018335051546391752, 'epoch': 0.01}
{'loss': 6.2993, 'learning_rate': 0.00018329896907216494, 'epoch': 0.01}
{'loss': 6.2464, 'learning_rate': 0.00018324742268041236, 'epoch': 0.01}
{'loss': 6.3274, 'learning_rate': 0.0001831958762886598, 'epoch': 0.01}
{'loss': 6.3021, 'learning_rate': 0.00018314432989690723, 'epoch': 0.01}
{'loss': 6.3808, 'learning_rate': 0.00018309278350515465, 'epoch': 0.01}
{'loss': 6.2544, 'learning_rate': 0.00018304123711340207, 'epoch': 0.01}
{'loss': 6.2433, 'learning_rate': 0.0001829896907216495, 'epoch': 0.01}
{'loss': 6.2457, 'learning_rate': 0.0001829381443298969, 'epoch': 0.01}
{'loss': 6.3075, 'learning_rate': 0.00018288659793814433, 'epoch': 0.01}
{'loss': 6.3193, 'learning_rate': 0.00018283505154639176, 'epoch': 0.01}
{'loss': 6.2514, 'learning_rate': 0.00018278350515463918, 'epoch': 0.01}
{'loss': 6.222, 'learning_rate': 0.0001827319587628866, 'epoch': 0.01}
{'loss': 6.2354, 'learning_rate': 0.00018268041237113402, 'epoch': 0.01}
{'loss': 6.1849, 'learning_rate': 0.00018262886597938144, 'epoch': 0.01}
{'loss': 6.3335, 'learning_rate': 0.00018257731958762886, 'epoch': 0.01}
{'loss': 6.291, 'learning_rate': 0.00018252577319587628, 'epoch': 0.01}
{'loss': 6.2279, 'learning_rate': 0.00018247422680412373, 'epoch': 0.01}
{'loss': 6.3129, 'learning_rate': 0.00018242268041237115, 'epoch': 0.01}
{'loss': 6.3185, 'learning_rate': 0.00018237113402061857, 'epoch': 0.01}
{'loss': 6.2591, 'learning_rate': 0.000182319587628866, 'epoch': 0.01}
{'loss': 6.2942, 'learning_rate': 0.0001822680412371134, 'epoch': 0.01}
{'loss': 6.2957, 'learning_rate': 0.00018221649484536083, 'epoch': 0.01}
{'loss': 6.3039, 'learning_rate': 0.00018216494845360825, 'epoch': 0.01}
{'loss': 6.2867, 'learning_rate': 0.00018211340206185567, 'epoch': 0.01}
{'loss': 6.297, 'learning_rate': 0.0001820618556701031, 'epoch': 0.01}
{'loss': 6.2839, 'learning_rate': 0.00018201030927835052, 'epoch': 0.01}
{'loss': 6.3368, 'learning_rate': 0.00018195876288659794, 'epoch': 0.01}
{'loss': 6.2518, 'learning_rate': 0.00018190721649484536, 'epoch': 0.01}
{'loss': 6.3124, 'learning_rate': 0.00018185567010309278, 'epoch': 0.01}
{'loss': 6.2893, 'learning_rate': 0.0001818041237113402, 'epoch': 0.01}
{'loss': 6.2678, 'learning_rate': 0.00018175257731958765, 'epoch': 0.01}
{'loss': 6.3179, 'learning_rate': 0.00018170103092783507, 'epoch': 0.01}
{'loss': 6.2902, 'learning_rate': 0.0001816494845360825, 'epoch': 0.01}
{'loss': 6.2473, 'learning_rate': 0.0001815979381443299, 'epoch': 0.01}
{'loss': 6.2114, 'learning_rate': 0.00018154639175257733, 'epoch': 0.01}
{'loss': 6.2853, 'learning_rate': 0.00018149484536082475, 'epoch': 0.01}
{'loss': 6.2754, 'learning_rate': 0.00018144329896907217, 'epoch': 0.01}
{'loss': 6.3054, 'learning_rate': 0.0001813917525773196, 'epoch': 0.01}
{'loss': 6.25, 'learning_rate': 0.00018134020618556701, 'epoch': 0.01}
{'loss': 6.2941, 'learning_rate': 0.00018128865979381444, 'epoch': 0.01}
{'loss': 6.2533, 'learning_rate': 0.00018123711340206186, 'epoch': 0.01}
{'loss': 6.337, 'learning_rate': 0.00018118556701030928, 'epoch': 0.01}
{'loss': 6.198, 'learning_rate': 0.0001811340206185567, 'epoch': 0.01}
{'loss': 6.3046, 'learning_rate': 0.00018108247422680415, 'epoch': 0.01}
{'loss': 6.2605, 'learning_rate': 0.00018103092783505157, 'epoch': 0.01}
{'loss': 6.2647, 'learning_rate': 0.000180979381443299, 'epoch': 0.01}
{'loss': 6.2434, 'learning_rate': 0.0001809278350515464, 'epoch': 0.01}
{'loss': 6.308, 'learning_rate': 0.00018087628865979383, 'epoch': 0.01}
{'loss': 6.1999, 'learning_rate': 0.00018082474226804125, 'epoch': 0.01}
{'loss': 6.3251, 'learning_rate': 0.00018077319587628867, 'epoch': 0.01}
{'loss': 6.2928, 'learning_rate': 0.0001807216494845361, 'epoch': 0.01}
{'loss': 6.2574, 'learning_rate': 0.0001806701030927835, 'epoch': 0.01}
{'loss': 6.239, 'learning_rate': 0.00018061855670103093, 'epoch': 0.01}
{'loss': 6.3073, 'learning_rate': 0.00018056701030927835, 'epoch': 0.01}
{'loss': 6.2452, 'learning_rate': 0.00018051546391752578, 'epoch': 0.01}
{'loss': 6.2357, 'learning_rate': 0.0001804639175257732, 'epoch': 0.01}
{'loss': 6.2807, 'learning_rate': 0.00018041237113402062, 'epoch': 0.01}
{'loss': 6.3506, 'learning_rate': 0.00018036082474226807, 'epoch': 0.01}
{'loss': 6.2583, 'learning_rate': 0.00018030927835051549, 'epoch': 0.01}
{'loss': 6.246, 'learning_rate': 0.0001802577319587629, 'epoch': 0.01}
{'loss': 6.2583, 'learning_rate': 0.00018020618556701033, 'epoch': 0.01}
{'loss': 6.2348, 'learning_rate': 0.00018015463917525775, 'epoch': 0.01}
{'loss': 6.2482, 'learning_rate': 0.00018010309278350517, 'epoch': 0.01}
{'loss': 6.2345, 'learning_rate': 0.0001800515463917526, 'epoch': 0.01}
{'loss': 6.2922, 'learning_rate': 0.00018, 'epoch': 0.01}
{'loss': 6.1795, 'learning_rate': 0.00017994845360824743, 'epoch': 0.01}
{'loss': 6.2904, 'learning_rate': 0.00017989690721649485, 'epoch': 0.01}
{'loss': 6.2336, 'learning_rate': 0.00017984536082474227, 'epoch': 0.01}
{'loss': 6.269, 'learning_rate': 0.0001797938144329897, 'epoch': 0.01}
{'loss': 6.2292, 'learning_rate': 0.00017974226804123712, 'epoch': 0.01}
{'loss': 6.242, 'learning_rate': 0.00017969072164948456, 'epoch': 0.01}
{'loss': 6.2431, 'learning_rate': 0.00017963917525773198, 'epoch': 0.01}
{'loss': 6.2254, 'learning_rate': 0.0001795876288659794, 'epoch': 0.01}
{'loss': 6.2735, 'learning_rate': 0.00017953608247422683, 'epoch': 0.01}
{'loss': 6.2138, 'learning_rate': 0.00017948453608247425, 'epoch': 0.01}
{'loss': 6.3205, 'learning_rate': 0.00017943298969072167, 'epoch': 0.01}
{'loss': 6.2877, 'learning_rate': 0.0001793814432989691, 'epoch': 0.01}
{'loss': 6.2973, 'learning_rate': 0.0001793298969072165, 'epoch': 0.01}
{'loss': 6.2949, 'learning_rate': 0.00017927835051546393, 'epoch': 0.01}
{'loss': 6.2081, 'learning_rate': 0.00017922680412371135, 'epoch': 0.01}
{'loss': 6.188, 'learning_rate': 0.00017917525773195877, 'epoch': 0.01}
{'loss': 6.2946, 'learning_rate': 0.0001791237113402062, 'epoch': 0.01}
{'loss': 6.2568, 'learning_rate': 0.00017907216494845361, 'epoch': 0.01}
{'loss': 6.2841, 'learning_rate': 0.00017902061855670103, 'epoch': 0.01}
{'loss': 6.3066, 'learning_rate': 0.00017896907216494848, 'epoch': 0.01}
{'loss': 6.3205, 'learning_rate': 0.0001789175257731959, 'epoch': 0.01}
{'loss': 6.2502, 'learning_rate': 0.00017886597938144332, 'epoch': 0.01}
{'loss': 6.2491, 'learning_rate': 0.00017881443298969075, 'epoch': 0.01}
{'loss': 6.3806, 'learning_rate': 0.00017876288659793817, 'epoch': 0.01}
{'loss': 6.1873, 'learning_rate': 0.0001787113402061856, 'epoch': 0.01}
{'loss': 6.314, 'learning_rate': 0.000178659793814433, 'epoch': 0.01}
{'loss': 6.324, 'learning_rate': 0.00017860824742268043, 'epoch': 0.01}
{'loss': 6.2511, 'learning_rate': 0.00017855670103092785, 'epoch': 0.01}
{'loss': 6.3182, 'learning_rate': 0.00017850515463917527, 'epoch': 0.01}
{'loss': 6.3239, 'learning_rate': 0.0001784536082474227, 'epoch': 0.01}
{'loss': 6.2484, 'learning_rate': 0.0001784020618556701, 'epoch': 0.01}
{'loss': 6.3001, 'learning_rate': 0.00017835051546391753, 'epoch': 0.01}
{'loss': 6.1604, 'learning_rate': 0.00017829896907216495, 'epoch': 0.01}
{'loss': 6.2738, 'learning_rate': 0.0001782474226804124, 'epoch': 0.01}
{'loss': 6.2396, 'learning_rate': 0.00017819587628865982, 'epoch': 0.01}
{'loss': 6.2272, 'learning_rate': 0.00017814432989690724, 'epoch': 0.01}
{'loss': 6.2541, 'learning_rate': 0.00017809278350515464, 'epoch': 0.01}
{'loss': 6.3016, 'learning_rate': 0.00017804123711340206, 'epoch': 0.01}
{'loss': 6.2038, 'learning_rate': 0.00017798969072164948, 'epoch': 0.01}
{'loss': 6.2661, 'learning_rate': 0.0001779381443298969, 'epoch': 0.01}
{'loss': 6.2149, 'learning_rate': 0.00017788659793814432, 'epoch': 0.01}
{'loss': 6.3051, 'learning_rate': 0.00017783505154639174, 'epoch': 0.01}
{'loss': 6.1968, 'learning_rate': 0.00017778350515463916, 'epoch': 0.01}
{'loss': 6.3017, 'learning_rate': 0.00017773195876288658, 'epoch': 0.01}
{'loss': 6.2471, 'learning_rate': 0.00017768041237113403, 'epoch': 0.01}
{'loss': 6.2462, 'learning_rate': 0.00017762886597938145, 'epoch': 0.01}
{'loss': 6.3044, 'learning_rate': 0.00017757731958762887, 'epoch': 0.01}
{'loss': 6.3874, 'learning_rate': 0.0001775257731958763, 'epoch': 0.01}
{'loss': 6.3167, 'learning_rate': 0.00017747422680412372, 'epoch': 0.01}
{'loss': 6.3128, 'learning_rate': 0.00017742268041237114, 'epoch': 0.01}
{'loss': 6.3033, 'learning_rate': 0.00017737113402061856, 'epoch': 0.01}
{'loss': 6.2546, 'learning_rate': 0.00017731958762886598, 'epoch': 0.01}
{'loss': 6.3074, 'learning_rate': 0.0001772680412371134, 'epoch': 0.01}
{'loss': 6.3621, 'learning_rate': 0.00017721649484536082, 'epoch': 0.01}
{'loss': 6.3199, 'learning_rate': 0.00017716494845360824, 'epoch': 0.01}
{'loss': 6.2735, 'learning_rate': 0.00017711340206185566, 'epoch': 0.01}
{'loss': 6.2052, 'learning_rate': 0.00017706185567010308, 'epoch': 0.01}
{'loss': 6.296, 'learning_rate': 0.00017701030927835053, 'epoch': 0.01}
{'loss': 6.2734, 'learning_rate': 0.00017695876288659795, 'epoch': 0.01}
{'loss': 6.2473, 'learning_rate': 0.00017690721649484537, 'epoch': 0.01}
{'loss': 6.2265, 'learning_rate': 0.0001768556701030928, 'epoch': 0.01}
{'loss': 6.2757, 'learning_rate': 0.00017680412371134021, 'epoch': 0.01}
{'loss': 6.3669, 'learning_rate': 0.00017675257731958763, 'epoch': 0.01}
{'loss': 6.26, 'learning_rate': 0.00017670103092783506, 'epoch': 0.01}
{'loss': 6.2428, 'learning_rate': 0.00017664948453608248, 'epoch': 0.01}
{'loss': 6.4042, 'learning_rate': 0.0001765979381443299, 'epoch': 0.01}
{'loss': 6.2504, 'learning_rate': 0.00017654639175257732, 'epoch': 0.01}
{'loss': 6.2381, 'learning_rate': 0.00017649484536082474, 'epoch': 0.01}
{'loss': 6.2048, 'learning_rate': 0.00017644329896907216, 'epoch': 0.01}
{'loss': 6.3191, 'learning_rate': 0.00017639175257731958, 'epoch': 0.01}
{'loss': 6.2851, 'learning_rate': 0.000176340206185567, 'epoch': 0.01}
{'loss': 6.2715, 'learning_rate': 0.00017628865979381445, 'epoch': 0.01}
{'loss': 6.273, 'learning_rate': 0.00017623711340206187, 'epoch': 0.01}
{'loss': 6.2115, 'learning_rate': 0.0001761855670103093, 'epoch': 0.01}
{'loss': 6.2719, 'learning_rate': 0.0001761340206185567, 'epoch': 0.01}
{'loss': 6.1842, 'learning_rate': 0.00017608247422680413, 'epoch': 0.01}
{'loss': 6.2436, 'learning_rate': 0.00017603092783505155, 'epoch': 0.01}
{'loss': 6.2216, 'learning_rate': 0.00017597938144329897, 'epoch': 0.01}
{'loss': 6.2562, 'learning_rate': 0.0001759278350515464, 'epoch': 0.01}
{'loss': 6.2725, 'learning_rate': 0.00017587628865979382, 'epoch': 0.01}
{'loss': 6.2409, 'learning_rate': 0.00017582474226804124, 'epoch': 0.01}
{'loss': 6.2633, 'learning_rate': 0.00017577319587628866, 'epoch': 0.01}
{'loss': 6.3157, 'learning_rate': 0.00017572164948453608, 'epoch': 0.01}
{'loss': 6.2877, 'learning_rate': 0.0001756701030927835, 'epoch': 0.01}
{'loss': 6.2704, 'learning_rate': 0.00017561855670103092, 'epoch': 0.01}
{'loss': 6.2366, 'learning_rate': 0.00017556701030927837, 'epoch': 0.01}
{'loss': 6.3089, 'learning_rate': 0.0001755154639175258, 'epoch': 0.01}
{'loss': 6.3244, 'learning_rate': 0.0001754639175257732, 'epoch': 0.01}
{'loss': 6.3145, 'learning_rate': 0.00017541237113402063, 'epoch': 0.01}
{'loss': 6.22, 'learning_rate': 0.00017536082474226805, 'epoch': 0.01}
{'loss': 6.3025, 'learning_rate': 0.00017530927835051547, 'epoch': 0.01}
{'loss': 6.2217, 'learning_rate': 0.0001752577319587629, 'epoch': 0.01}
{'loss': 6.2007, 'learning_rate': 0.00017520618556701031, 'epoch': 0.01}
{'loss': 6.1861, 'learning_rate': 0.00017515463917525774, 'epoch': 0.01}
{'loss': 6.2903, 'learning_rate': 0.00017510309278350516, 'epoch': 0.01}
{'loss': 6.2723, 'learning_rate': 0.00017505154639175258, 'epoch': 0.01}
{'loss': 6.2578, 'learning_rate': 0.000175, 'epoch': 0.01}
{'loss': 6.2688, 'learning_rate': 0.00017494845360824742, 'epoch': 0.01}
{'loss': 6.2363, 'learning_rate': 0.00017489690721649487, 'epoch': 0.01}
{'loss': 6.2771, 'learning_rate': 0.0001748453608247423, 'epoch': 0.01}
{'loss': 6.2658, 'learning_rate': 0.0001747938144329897, 'epoch': 0.01}
{'loss': 6.2824, 'learning_rate': 0.00017474226804123713, 'epoch': 0.01}
{'loss': 6.2666, 'learning_rate': 0.00017469072164948455, 'epoch': 0.01}
{'loss': 6.4104, 'learning_rate': 0.00017463917525773197, 'epoch': 0.01}
{'loss': 6.262, 'learning_rate': 0.0001745876288659794, 'epoch': 0.01}
{'loss': 6.2774, 'learning_rate': 0.0001745360824742268, 'epoch': 0.01}
{'loss': 6.2693, 'learning_rate': 0.00017448453608247423, 'epoch': 0.01}
{'loss': 6.2923, 'learning_rate': 0.00017443298969072165, 'epoch': 0.01}
{'loss': 6.2593, 'learning_rate': 0.00017438144329896908, 'epoch': 0.01}
{'loss': 6.257, 'learning_rate': 0.0001743298969072165, 'epoch': 0.01}
{'loss': 6.2514, 'learning_rate': 0.00017427835051546392, 'epoch': 0.01}
{'loss': 6.238, 'learning_rate': 0.00017422680412371134, 'epoch': 0.01}
{'loss': 6.2771, 'learning_rate': 0.00017417525773195879, 'epoch': 0.01}
{'loss': 6.2387, 'learning_rate': 0.0001741237113402062, 'epoch': 0.01}
{'loss': 6.3158, 'learning_rate': 0.00017407216494845363, 'epoch': 0.01}
{'loss': 6.2023, 'learning_rate': 0.00017402061855670105, 'epoch': 0.01}
{'loss': 6.2898, 'learning_rate': 0.00017396907216494847, 'epoch': 0.01}
{'loss': 6.2446, 'learning_rate': 0.0001739175257731959, 'epoch': 0.01}
{'loss': 6.2651, 'learning_rate': 0.0001738659793814433, 'epoch': 0.01}
{'loss': 6.3061, 'learning_rate': 0.00017381443298969073, 'epoch': 0.01}
{'loss': 6.1956, 'learning_rate': 0.00017376288659793815, 'epoch': 0.01}
{'loss': 6.259, 'learning_rate': 0.00017371134020618557, 'epoch': 0.01}
{'loss': 6.2957, 'learning_rate': 0.000173659793814433, 'epoch': 0.01}
{'loss': 6.2744, 'learning_rate': 0.00017360824742268042, 'epoch': 0.01}
{'loss': 6.3128, 'learning_rate': 0.00017355670103092784, 'epoch': 0.01}
{'loss': 6.2861, 'learning_rate': 0.00017350515463917528, 'epoch': 0.01}
{'loss': 6.2908, 'learning_rate': 0.0001734536082474227, 'epoch': 0.01}
{'loss': 6.2643, 'learning_rate': 0.00017340206185567013, 'epoch': 0.01}
{'loss': 6.3132, 'learning_rate': 0.00017335051546391755, 'epoch': 0.01}
{'loss': 6.3073, 'learning_rate': 0.00017329896907216497, 'epoch': 0.01}
{'loss': 6.1852, 'learning_rate': 0.0001732474226804124, 'epoch': 0.01}
{'loss': 6.2329, 'learning_rate': 0.0001731958762886598, 'epoch': 0.01}
{'loss': 6.1478, 'learning_rate': 0.00017314432989690723, 'epoch': 0.01}
{'loss': 6.2551, 'learning_rate': 0.00017309278350515465, 'epoch': 0.01}
{'loss': 6.3126, 'learning_rate': 0.00017304123711340207, 'epoch': 0.01}
{'loss': 6.324, 'learning_rate': 0.0001729896907216495, 'epoch': 0.01}
{'loss': 6.2003, 'learning_rate': 0.00017293814432989691, 'epoch': 0.01}
{'loss': 6.243, 'learning_rate': 0.00017288659793814434, 'epoch': 0.01}
{'loss': 6.2057, 'learning_rate': 0.00017283505154639176, 'epoch': 0.01}
{'loss': 6.2867, 'learning_rate': 0.0001727835051546392, 'epoch': 0.01}
{'loss': 6.2893, 'learning_rate': 0.00017273195876288662, 'epoch': 0.01}
{'loss': 6.2469, 'learning_rate': 0.00017268041237113405, 'epoch': 0.01}
{'loss': 6.241, 'learning_rate': 0.00017262886597938147, 'epoch': 0.01}
{'loss': 6.1684, 'learning_rate': 0.0001725773195876289, 'epoch': 0.01}
{'loss': 6.2847, 'learning_rate': 0.0001725257731958763, 'epoch': 0.01}
{'loss': 6.2011, 'learning_rate': 0.00017247422680412373, 'epoch': 0.01}
{'loss': 6.1932, 'learning_rate': 0.00017242268041237115, 'epoch': 0.01}
{'loss': 6.2592, 'learning_rate': 0.00017237113402061857, 'epoch': 0.01}
{'loss': 6.2147, 'learning_rate': 0.000172319587628866, 'epoch': 0.01}
{'loss': 6.2233, 'learning_rate': 0.0001722680412371134, 'epoch': 0.01}
{'loss': 6.2136, 'learning_rate': 0.00017221649484536083, 'epoch': 0.01}
{'loss': 6.2848, 'learning_rate': 0.00017216494845360825, 'epoch': 0.01}
{'loss': 6.294, 'learning_rate': 0.00017211340206185568, 'epoch': 0.01}
{'loss': 6.2735, 'learning_rate': 0.00017206185567010312, 'epoch': 0.01}
{'loss': 6.3008, 'learning_rate': 0.00017201030927835054, 'epoch': 0.01}
{'loss': 6.2719, 'learning_rate': 0.00017195876288659796, 'epoch': 0.01}
{'loss': 6.2827, 'learning_rate': 0.00017190721649484539, 'epoch': 0.01}
{'loss': 6.1554, 'learning_rate': 0.00017185567010309278, 'epoch': 0.01}
{'loss': 6.2619, 'learning_rate': 0.0001718041237113402, 'epoch': 0.01}
{'loss': 6.2458, 'learning_rate': 0.00017175257731958762, 'epoch': 0.01}
{'loss': 6.185, 'learning_rate': 0.00017170103092783504, 'epoch': 0.01}
{'loss': 6.2792, 'learning_rate': 0.00017164948453608246, 'epoch': 0.01}
{'loss': 6.262, 'learning_rate': 0.00017159793814432988, 'epoch': 0.01}
{'loss': 6.2895, 'learning_rate': 0.0001715463917525773, 'epoch': 0.01}
{'loss': 6.249, 'learning_rate': 0.00017149484536082475, 'epoch': 0.01}
{'loss': 6.2247, 'learning_rate': 0.00017144329896907217, 'epoch': 0.01}
{'loss': 6.2396, 'learning_rate': 0.0001713917525773196, 'epoch': 0.01}
{'loss': 6.2412, 'learning_rate': 0.00017134020618556702, 'epoch': 0.01}
{'loss': 6.216, 'learning_rate': 0.00017128865979381444, 'epoch': 0.01}
{'loss': 6.2879, 'learning_rate': 0.00017123711340206186, 'epoch': 0.01}
{'loss': 6.2089, 'learning_rate': 0.00017118556701030928, 'epoch': 0.01}
{'loss': 6.2937, 'learning_rate': 0.0001711340206185567, 'epoch': 0.01}
{'loss': 6.2633, 'learning_rate': 0.00017108247422680412, 'epoch': 0.01}
{'loss': 6.2461, 'learning_rate': 0.00017103092783505154, 'epoch': 0.01}
{'loss': 6.3019, 'learning_rate': 0.00017097938144329896, 'epoch': 0.01}
{'loss': 6.2346, 'learning_rate': 0.00017092783505154638, 'epoch': 0.01}
{'loss': 6.2805, 'learning_rate': 0.0001708762886597938, 'epoch': 0.01}
{'loss': 6.3018, 'learning_rate': 0.00017082474226804125, 'epoch': 0.01}
{'loss': 6.3295, 'learning_rate': 0.00017077319587628867, 'epoch': 0.01}
{'loss': 6.1888, 'learning_rate': 0.0001707216494845361, 'epoch': 0.01}
{'loss': 6.1881, 'learning_rate': 0.00017067010309278351, 'epoch': 0.01}
{'loss': 6.2426, 'learning_rate': 0.00017061855670103093, 'epoch': 0.01}
{'loss': 6.2678, 'learning_rate': 0.00017056701030927836, 'epoch': 0.01}
{'loss': 6.3093, 'learning_rate': 0.00017051546391752578, 'epoch': 0.01}
{'loss': 6.2603, 'learning_rate': 0.0001704639175257732, 'epoch': 0.01}
{'loss': 6.203, 'learning_rate': 0.00017041237113402062, 'epoch': 0.01}
{'loss': 6.2825, 'learning_rate': 0.00017036082474226804, 'epoch': 0.01}
{'loss': 6.238, 'learning_rate': 0.00017030927835051546, 'epoch': 0.01}
{'loss': 6.1935, 'learning_rate': 0.00017025773195876288, 'epoch': 0.01}
{'loss': 6.222, 'learning_rate': 0.0001702061855670103, 'epoch': 0.01}
{'loss': 6.298, 'learning_rate': 0.00017015463917525772, 'epoch': 0.01}
{'loss': 6.1964, 'learning_rate': 0.00017010309278350517, 'epoch': 0.01}
{'loss': 6.2299, 'learning_rate': 0.0001700515463917526, 'epoch': 0.01}
{'loss': 6.2146, 'learning_rate': 0.00017, 'epoch': 0.01}
{'loss': 6.2648, 'learning_rate': 0.00016994845360824743, 'epoch': 0.01}
{'loss': 6.2167, 'learning_rate': 0.00016989690721649485, 'epoch': 0.01}
{'loss': 6.2503, 'learning_rate': 0.00016984536082474227, 'epoch': 0.01}
{'loss': 6.2718, 'learning_rate': 0.0001697938144329897, 'epoch': 0.01}
{'loss': 6.2713, 'learning_rate': 0.00016974226804123712, 'epoch': 0.01}
{'loss': 6.2704, 'learning_rate': 0.00016969072164948454, 'epoch': 0.01}
{'loss': 6.2195, 'learning_rate': 0.00016963917525773196, 'epoch': 0.01}
{'loss': 6.2305, 'learning_rate': 0.00016958762886597938, 'epoch': 0.01}
{'loss': 6.2907, 'learning_rate': 0.0001695360824742268, 'epoch': 0.01}
{'loss': 6.2793, 'learning_rate': 0.00016948453608247422, 'epoch': 0.01}
{'loss': 6.1882, 'learning_rate': 0.00016943298969072164, 'epoch': 0.01}
{'loss': 6.1735, 'learning_rate': 0.0001693814432989691, 'epoch': 0.01}
{'loss': 6.2577, 'learning_rate': 0.0001693298969072165, 'epoch': 0.01}
{'loss': 6.1774, 'learning_rate': 0.00016927835051546393, 'epoch': 0.01}
{'loss': 6.207, 'learning_rate': 0.00016922680412371135, 'epoch': 0.01}
{'loss': 6.1811, 'learning_rate': 0.00016917525773195877, 'epoch': 0.01}
{'loss': 6.2009, 'learning_rate': 0.0001691237113402062, 'epoch': 0.01}
{'loss': 6.3077, 'learning_rate': 0.00016907216494845361, 'epoch': 0.01}
{'loss': 6.2778, 'learning_rate': 0.00016902061855670104, 'epoch': 0.01}
{'loss': 6.234, 'learning_rate': 0.00016896907216494846, 'epoch': 0.01}
{'loss': 6.2502, 'learning_rate': 0.00016891752577319588, 'epoch': 0.01}
{'loss': 6.214, 'learning_rate': 0.0001688659793814433, 'epoch': 0.01}
{'loss': 6.374, 'learning_rate': 0.00016881443298969072, 'epoch': 0.01}
{'loss': 6.2668, 'learning_rate': 0.00016876288659793814, 'epoch': 0.01}
{'loss': 6.1814, 'learning_rate': 0.0001687113402061856, 'epoch': 0.01}
{'loss': 6.2492, 'learning_rate': 0.000168659793814433, 'epoch': 0.01}
{'loss': 6.3145, 'learning_rate': 0.00016860824742268043, 'epoch': 0.01}
{'loss': 6.2467, 'learning_rate': 0.00016855670103092785, 'epoch': 0.01}
{'loss': 6.2792, 'learning_rate': 0.00016850515463917527, 'epoch': 0.01}
{'loss': 6.2591, 'learning_rate': 0.0001684536082474227, 'epoch': 0.01}
{'loss': 6.2664, 'learning_rate': 0.0001684020618556701, 'epoch': 0.01}
{'loss': 6.2569, 'learning_rate': 0.00016835051546391753, 'epoch': 0.01}
{'loss': 6.2802, 'learning_rate': 0.00016829896907216496, 'epoch': 0.01}
{'loss': 6.2321, 'learning_rate': 0.00016824742268041238, 'epoch': 0.01}
{'loss': 6.2332, 'learning_rate': 0.0001681958762886598, 'epoch': 0.01}
{'loss': 6.3036, 'learning_rate': 0.00016814432989690722, 'epoch': 0.01}
{'loss': 6.2673, 'learning_rate': 0.00016809278350515464, 'epoch': 0.01}
{'loss': 6.1959, 'learning_rate': 0.00016804123711340206, 'epoch': 0.01}
{'loss': 6.2477, 'learning_rate': 0.0001679896907216495, 'epoch': 0.01}
{'loss': 6.2083, 'learning_rate': 0.00016793814432989693, 'epoch': 0.01}
{'loss': 6.3112, 'learning_rate': 0.00016788659793814435, 'epoch': 0.01}
{'loss': 6.3304, 'learning_rate': 0.00016783505154639177, 'epoch': 0.01}
{'loss': 6.2422, 'learning_rate': 0.0001677835051546392, 'epoch': 0.01}
{'loss': 6.3138, 'learning_rate': 0.0001677319587628866, 'epoch': 0.01}
{'loss': 6.2803, 'learning_rate': 0.00016768041237113403, 'epoch': 0.01}
{'loss': 6.2537, 'learning_rate': 0.00016762886597938145, 'epoch': 0.01}
{'loss': 6.2419, 'learning_rate': 0.00016757731958762887, 'epoch': 0.01}
{'loss': 6.2884, 'learning_rate': 0.0001675257731958763, 'epoch': 0.01}
{'loss': 6.2217, 'learning_rate': 0.00016747422680412372, 'epoch': 0.01}
{'loss': 6.1798, 'learning_rate': 0.00016742268041237114, 'epoch': 0.01}
{'loss': 6.2389, 'learning_rate': 0.00016737113402061856, 'epoch': 0.01}
{'loss': 6.3392, 'learning_rate': 0.000167319587628866, 'epoch': 0.01}
{'loss': 6.2122, 'learning_rate': 0.00016726804123711343, 'epoch': 0.01}
{'loss': 6.2726, 'learning_rate': 0.00016721649484536085, 'epoch': 0.01}
{'loss': 6.2034, 'learning_rate': 0.00016716494845360827, 'epoch': 0.01}
{'loss': 6.2591, 'learning_rate': 0.0001671134020618557, 'epoch': 0.01}
{'loss': 6.261, 'learning_rate': 0.0001670618556701031, 'epoch': 0.01}
{'loss': 6.2947, 'learning_rate': 0.00016701030927835053, 'epoch': 0.01}
{'loss': 6.2039, 'learning_rate': 0.00016695876288659795, 'epoch': 0.01}
{'loss': 6.2119, 'learning_rate': 0.00016690721649484537, 'epoch': 0.01}
{'loss': 6.2013, 'learning_rate': 0.0001668556701030928, 'epoch': 0.01}
{'loss': 6.2564, 'learning_rate': 0.00016680412371134021, 'epoch': 0.01}
{'loss': 6.2428, 'learning_rate': 0.00016675257731958764, 'epoch': 0.01}
{'loss': 6.2071, 'learning_rate': 0.00016670103092783506, 'epoch': 0.01}
{'loss': 6.2594, 'learning_rate': 0.00016664948453608248, 'epoch': 0.01}
{'loss': 6.2207, 'learning_rate': 0.00016659793814432993, 'epoch': 0.01}
{'loss': 6.2168, 'learning_rate': 0.00016654639175257735, 'epoch': 0.01}
{'loss': 6.2448, 'learning_rate': 0.00016649484536082477, 'epoch': 0.01}
{'loss': 6.1596, 'learning_rate': 0.0001664432989690722, 'epoch': 0.01}
{'loss': 6.2141, 'learning_rate': 0.0001663917525773196, 'epoch': 0.01}
{'loss': 6.2702, 'learning_rate': 0.00016634020618556703, 'epoch': 0.01}
{'loss': 6.2359, 'learning_rate': 0.00016628865979381445, 'epoch': 0.01}
{'loss': 6.205, 'learning_rate': 0.00016623711340206187, 'epoch': 0.01}
{'loss': 6.3602, 'learning_rate': 0.0001661855670103093, 'epoch': 0.01}
{'loss': 6.2967, 'learning_rate': 0.0001661340206185567, 'epoch': 0.01}
{'loss': 6.2764, 'learning_rate': 0.00016608247422680413, 'epoch': 0.01}
{'loss': 6.2622, 'learning_rate': 0.00016603092783505155, 'epoch': 0.01}
{'loss': 6.2156, 'learning_rate': 0.00016597938144329898, 'epoch': 0.01}
{'loss': 6.2632, 'learning_rate': 0.0001659278350515464, 'epoch': 0.01}
{'loss': 6.1179, 'learning_rate': 0.00016587628865979384, 'epoch': 0.01}
{'loss': 6.32, 'learning_rate': 0.00016582474226804127, 'epoch': 0.01}
{'loss': 6.2415, 'learning_rate': 0.00016577319587628869, 'epoch': 0.01}
{'loss': 6.2248, 'learning_rate': 0.0001657216494845361, 'epoch': 0.01}
{'loss': 6.2504, 'learning_rate': 0.00016567010309278353, 'epoch': 0.01}
{'loss': 6.2544, 'learning_rate': 0.00016561855670103092, 'epoch': 0.01}
{'loss': 6.2406, 'learning_rate': 0.00016556701030927834, 'epoch': 0.01}
{'loss': 6.2115, 'learning_rate': 0.00016551546391752576, 'epoch': 0.01}
{'loss': 6.2081, 'learning_rate': 0.00016546391752577318, 'epoch': 0.01}
{'loss': 6.2751, 'learning_rate': 0.0001654123711340206, 'epoch': 0.01}
{'loss': 6.2614, 'learning_rate': 0.00016536082474226803, 'epoch': 0.01}
{'loss': 6.2433, 'learning_rate': 0.00016530927835051547, 'epoch': 0.01}
{'loss': 6.2176, 'learning_rate': 0.0001652577319587629, 'epoch': 0.01}
{'loss': 6.1841, 'learning_rate': 0.00016520618556701032, 'epoch': 0.01}
{'loss': 6.2442, 'learning_rate': 0.00016515463917525774, 'epoch': 0.01}
{'loss': 6.1642, 'learning_rate': 0.00016510309278350516, 'epoch': 0.01}
{'loss': 6.219, 'learning_rate': 0.00016505154639175258, 'epoch': 0.02}
{'loss': 6.1671, 'learning_rate': 0.000165, 'epoch': 0.02}
{'loss': 6.1951, 'learning_rate': 0.00016494845360824742, 'epoch': 0.02}
{'loss': 6.2183, 'learning_rate': 0.00016489690721649484, 'epoch': 0.02}
{'loss': 6.2075, 'learning_rate': 0.00016484536082474226, 'epoch': 0.02}
{'loss': 6.2583, 'learning_rate': 0.00016479381443298968, 'epoch': 0.02}
{'loss': 6.2114, 'learning_rate': 0.0001647422680412371, 'epoch': 0.02}
{'loss': 6.2221, 'learning_rate': 0.00016469072164948452, 'epoch': 0.02}
{'loss': 6.2447, 'learning_rate': 0.00016463917525773197, 'epoch': 0.02}
{'loss': 6.1656, 'learning_rate': 0.0001645876288659794, 'epoch': 0.02}
{'loss': 6.2483, 'learning_rate': 0.00016453608247422681, 'epoch': 0.02}
{'loss': 6.2347, 'learning_rate': 0.00016448453608247423, 'epoch': 0.02}
{'loss': 6.1713, 'learning_rate': 0.00016443298969072166, 'epoch': 0.02}
{'loss': 6.2099, 'learning_rate': 0.00016438144329896908, 'epoch': 0.02}
{'loss': 6.245, 'learning_rate': 0.0001643298969072165, 'epoch': 0.02}
{'loss': 6.2578, 'learning_rate': 0.00016427835051546392, 'epoch': 0.02}
{'loss': 6.3259, 'learning_rate': 0.00016422680412371134, 'epoch': 0.02}
{'loss': 6.188, 'learning_rate': 0.00016417525773195876, 'epoch': 0.02}
{'loss': 6.295, 'learning_rate': 0.00016412371134020618, 'epoch': 0.02}
{'loss': 6.1894, 'learning_rate': 0.0001640721649484536, 'epoch': 0.02}
{'loss': 6.2454, 'learning_rate': 0.00016402061855670102, 'epoch': 0.02}
{'loss': 6.1905, 'learning_rate': 0.00016396907216494844, 'epoch': 0.02}
{'loss': 6.3177, 'learning_rate': 0.0001639175257731959, 'epoch': 0.02}
{'loss': 6.2182, 'learning_rate': 0.0001638659793814433, 'epoch': 0.02}
{'loss': 6.2789, 'learning_rate': 0.00016381443298969073, 'epoch': 0.02}
{'loss': 6.2467, 'learning_rate': 0.00016376288659793815, 'epoch': 0.02}
{'loss': 6.2126, 'learning_rate': 0.00016371134020618558, 'epoch': 0.02}
{'loss': 6.2623, 'learning_rate': 0.000163659793814433, 'epoch': 0.02}
{'loss': 6.2229, 'learning_rate': 0.00016360824742268042, 'epoch': 0.02}
{'loss': 6.248, 'learning_rate': 0.00016355670103092784, 'epoch': 0.02}
{'loss': 6.2543, 'learning_rate': 0.00016350515463917526, 'epoch': 0.02}
{'loss': 6.273, 'learning_rate': 0.00016345360824742268, 'epoch': 0.02}
{'loss': 6.1496, 'learning_rate': 0.0001634020618556701, 'epoch': 0.02}
{'loss': 6.1991, 'learning_rate': 0.00016335051546391752, 'epoch': 0.02}
{'loss': 6.2411, 'learning_rate': 0.00016329896907216494, 'epoch': 0.02}
{'loss': 6.2029, 'learning_rate': 0.00016324742268041236, 'epoch': 0.02}
{'loss': 6.3016, 'learning_rate': 0.0001631958762886598, 'epoch': 0.02}
{'loss': 6.2905, 'learning_rate': 0.00016314432989690723, 'epoch': 0.02}
{'loss': 6.2437, 'learning_rate': 0.00016309278350515465, 'epoch': 0.02}
{'loss': 6.1664, 'learning_rate': 0.00016304123711340207, 'epoch': 0.02}
{'loss': 6.1853, 'learning_rate': 0.0001629896907216495, 'epoch': 0.02}
{'loss': 6.3084, 'learning_rate': 0.00016293814432989692, 'epoch': 0.02}
{'loss': 6.3312, 'learning_rate': 0.00016288659793814434, 'epoch': 0.02}
{'loss': 6.2801, 'learning_rate': 0.00016283505154639176, 'epoch': 0.02}
{'loss': 6.249, 'learning_rate': 0.00016278350515463918, 'epoch': 0.02}
{'loss': 6.2676, 'learning_rate': 0.0001627319587628866, 'epoch': 0.02}
{'loss': 6.1209, 'learning_rate': 0.00016268041237113402, 'epoch': 0.02}
{'loss': 6.1847, 'learning_rate': 0.00016262886597938144, 'epoch': 0.02}
{'loss': 6.3066, 'learning_rate': 0.00016257731958762886, 'epoch': 0.02}
{'loss': 6.2467, 'learning_rate': 0.0001625257731958763, 'epoch': 0.02}
{'loss': 6.3016, 'learning_rate': 0.00016247422680412373, 'epoch': 0.02}
{'loss': 6.2502, 'learning_rate': 0.00016242268041237115, 'epoch': 0.02}
{'loss': 6.2105, 'learning_rate': 0.00016237113402061857, 'epoch': 0.02}
{'loss': 6.2366, 'learning_rate': 0.000162319587628866, 'epoch': 0.02}
{'loss': 6.2288, 'learning_rate': 0.00016226804123711341, 'epoch': 0.02}
{'loss': 6.2206, 'learning_rate': 0.00016221649484536083, 'epoch': 0.02}
{'loss': 6.2444, 'learning_rate': 0.00016216494845360826, 'epoch': 0.02}
{'loss': 6.2107, 'learning_rate': 0.00016211340206185568, 'epoch': 0.02}
{'loss': 6.1898, 'learning_rate': 0.0001620618556701031, 'epoch': 0.02}
{'loss': 6.2683, 'learning_rate': 0.00016201030927835052, 'epoch': 0.02}
{'loss': 6.2471, 'learning_rate': 0.00016195876288659794, 'epoch': 0.02}
{'loss': 6.2853, 'learning_rate': 0.00016190721649484536, 'epoch': 0.02}
{'loss': 6.2577, 'learning_rate': 0.00016185567010309278, 'epoch': 0.02}
{'loss': 6.3251, 'learning_rate': 0.00016180412371134023, 'epoch': 0.02}
{'loss': 6.2555, 'learning_rate': 0.00016175257731958765, 'epoch': 0.02}
{'loss': 6.2369, 'learning_rate': 0.00016170103092783507, 'epoch': 0.02}
{'loss': 6.1779, 'learning_rate': 0.0001616494845360825, 'epoch': 0.02}
{'loss': 6.2691, 'learning_rate': 0.0001615979381443299, 'epoch': 0.02}
{'loss': 6.2433, 'learning_rate': 0.00016154639175257733, 'epoch': 0.02}
{'loss': 6.2604, 'learning_rate': 0.00016149484536082475, 'epoch': 0.02}
{'loss': 6.2577, 'learning_rate': 0.00016144329896907217, 'epoch': 0.02}
{'loss': 6.1612, 'learning_rate': 0.0001613917525773196, 'epoch': 0.02}
{'loss': 6.235, 'learning_rate': 0.00016134020618556702, 'epoch': 0.02}
{'loss': 6.1661, 'learning_rate': 0.00016128865979381444, 'epoch': 0.02}
{'loss': 6.2113, 'learning_rate': 0.00016123711340206186, 'epoch': 0.02}
{'loss': 6.2351, 'learning_rate': 0.00016118556701030928, 'epoch': 0.02}
{'loss': 6.2975, 'learning_rate': 0.00016113402061855673, 'epoch': 0.02}
{'loss': 6.2428, 'learning_rate': 0.00016108247422680415, 'epoch': 0.02}
{'loss': 6.2278, 'learning_rate': 0.00016103092783505157, 'epoch': 0.02}
{'loss': 6.216, 'learning_rate': 0.000160979381443299, 'epoch': 0.02}
{'loss': 6.2756, 'learning_rate': 0.0001609278350515464, 'epoch': 0.02}
{'loss': 6.2566, 'learning_rate': 0.00016087628865979383, 'epoch': 0.02}
{'loss': 6.2292, 'learning_rate': 0.00016082474226804125, 'epoch': 0.02}
{'loss': 6.2379, 'learning_rate': 0.00016077319587628867, 'epoch': 0.02}
{'loss': 6.2395, 'learning_rate': 0.0001607216494845361, 'epoch': 0.02}
{'loss': 6.2572, 'learning_rate': 0.00016067010309278351, 'epoch': 0.02}
{'loss': 6.2623, 'learning_rate': 0.00016061855670103094, 'epoch': 0.02}
{'loss': 6.2716, 'learning_rate': 0.00016056701030927836, 'epoch': 0.02}
{'loss': 6.2292, 'learning_rate': 0.00016051546391752578, 'epoch': 0.02}
{'loss': 6.2559, 'learning_rate': 0.0001604639175257732, 'epoch': 0.02}
{'loss': 6.1998, 'learning_rate': 0.00016041237113402065, 'epoch': 0.02}
{'loss': 6.2506, 'learning_rate': 0.00016036082474226807, 'epoch': 0.02}
{'loss': 6.1846, 'learning_rate': 0.0001603092783505155, 'epoch': 0.02}
{'loss': 6.2148, 'learning_rate': 0.0001602577319587629, 'epoch': 0.02}
{'loss': 6.352, 'learning_rate': 0.00016020618556701033, 'epoch': 0.02}
{'loss': 6.2471, 'learning_rate': 0.00016015463917525775, 'epoch': 0.02}
{'loss': 6.2041, 'learning_rate': 0.00016010309278350517, 'epoch': 0.02}
{'loss': 6.2628, 'learning_rate': 0.0001600515463917526, 'epoch': 0.02}
{'loss': 6.1899, 'learning_rate': 0.00016, 'epoch': 0.02}
{'loss': 6.1645, 'learning_rate': 0.00015994845360824743, 'epoch': 0.02}
{'loss': 6.2253, 'learning_rate': 0.00015989690721649485, 'epoch': 0.02}
{'loss': 6.2158, 'learning_rate': 0.00015984536082474228, 'epoch': 0.02}
{'loss': 6.1813, 'learning_rate': 0.0001597938144329897, 'epoch': 0.02}
{'loss': 6.2003, 'learning_rate': 0.00015974226804123712, 'epoch': 0.02}
{'loss': 6.1154, 'learning_rate': 0.00015969072164948457, 'epoch': 0.02}
{'loss': 6.1541, 'learning_rate': 0.00015963917525773199, 'epoch': 0.02}
{'loss': 6.1823, 'learning_rate': 0.0001595876288659794, 'epoch': 0.02}
{'loss': 6.212, 'learning_rate': 0.00015953608247422683, 'epoch': 0.02}
{'loss': 6.1308, 'learning_rate': 0.00015948453608247425, 'epoch': 0.02}
{'loss': 6.1598, 'learning_rate': 0.00015943298969072167, 'epoch': 0.02}
{'loss': 6.252, 'learning_rate': 0.0001593814432989691, 'epoch': 0.02}
{'loss': 6.2503, 'learning_rate': 0.00015932989690721648, 'epoch': 0.02}
{'loss': 6.109, 'learning_rate': 0.0001592783505154639, 'epoch': 0.02}
{'loss': 6.1855, 'learning_rate': 0.00015922680412371133, 'epoch': 0.02}
{'loss': 6.2155, 'learning_rate': 0.00015917525773195875, 'epoch': 0.02}
{'loss': 6.2388, 'learning_rate': 0.0001591237113402062, 'epoch': 0.02}
{'loss': 6.2072, 'learning_rate': 0.00015907216494845362, 'epoch': 0.02}
{'loss': 6.2765, 'learning_rate': 0.00015902061855670104, 'epoch': 0.02}
{'loss': 6.2954, 'learning_rate': 0.00015896907216494846, 'epoch': 0.02}
{'loss': 6.2347, 'learning_rate': 0.00015891752577319588, 'epoch': 0.02}
{'loss': 6.2169, 'learning_rate': 0.0001588659793814433, 'epoch': 0.02}
{'loss': 6.2022, 'learning_rate': 0.00015881443298969072, 'epoch': 0.02}
{'loss': 6.1956, 'learning_rate': 0.00015876288659793814, 'epoch': 0.02}
{'loss': 6.1735, 'learning_rate': 0.00015871134020618556, 'epoch': 0.02}
{'loss': 6.2348, 'learning_rate': 0.00015865979381443298, 'epoch': 0.02}
{'loss': 6.1592, 'learning_rate': 0.0001586082474226804, 'epoch': 0.02}
{'loss': 6.2485, 'learning_rate': 0.00015855670103092782, 'epoch': 0.02}
{'loss': 6.1372, 'learning_rate': 0.00015850515463917525, 'epoch': 0.02}
{'loss': 6.3056, 'learning_rate': 0.0001584536082474227, 'epoch': 0.02}
{'loss': 6.207, 'learning_rate': 0.00015840206185567011, 'epoch': 0.02}
{'loss': 6.2057, 'learning_rate': 0.00015835051546391754, 'epoch': 0.02}
{'loss': 6.1242, 'learning_rate': 0.00015829896907216496, 'epoch': 0.02}
{'loss': 6.2125, 'learning_rate': 0.00015824742268041238, 'epoch': 0.02}
{'loss': 6.2518, 'learning_rate': 0.0001581958762886598, 'epoch': 0.02}
{'loss': 6.2066, 'learning_rate': 0.00015814432989690722, 'epoch': 0.02}
{'loss': 6.169, 'learning_rate': 0.00015809278350515464, 'epoch': 0.02}
{'loss': 6.1716, 'learning_rate': 0.00015804123711340206, 'epoch': 0.02}
{'loss': 6.2921, 'learning_rate': 0.00015798969072164948, 'epoch': 0.02}
{'loss': 6.2205, 'learning_rate': 0.0001579381443298969, 'epoch': 0.02}
{'loss': 6.1836, 'learning_rate': 0.00015788659793814432, 'epoch': 0.02}
{'loss': 6.2583, 'learning_rate': 0.00015783505154639174, 'epoch': 0.02}
{'loss': 6.268, 'learning_rate': 0.00015778350515463916, 'epoch': 0.02}
{'loss': 6.2867, 'learning_rate': 0.0001577319587628866, 'epoch': 0.02}
{'loss': 6.2415, 'learning_rate': 0.00015768041237113403, 'epoch': 0.02}
{'loss': 6.2495, 'learning_rate': 0.00015762886597938145, 'epoch': 0.02}
{'loss': 6.1995, 'learning_rate': 0.00015757731958762888, 'epoch': 0.02}
{'loss': 6.2557, 'learning_rate': 0.0001575257731958763, 'epoch': 0.02}
{'loss': 6.2515, 'learning_rate': 0.00015747422680412372, 'epoch': 0.02}
{'loss': 6.2197, 'learning_rate': 0.00015742268041237114, 'epoch': 0.02}
{'loss': 6.1944, 'learning_rate': 0.00015737113402061856, 'epoch': 0.02}
{'loss': 6.266, 'learning_rate': 0.00015731958762886598, 'epoch': 0.02}
{'loss': 6.2347, 'learning_rate': 0.0001572680412371134, 'epoch': 0.02}
{'loss': 6.1199, 'learning_rate': 0.00015721649484536082, 'epoch': 0.02}
{'loss': 6.3127, 'learning_rate': 0.00015716494845360824, 'epoch': 0.02}
{'loss': 6.1643, 'learning_rate': 0.00015711340206185566, 'epoch': 0.02}
{'loss': 6.2275, 'learning_rate': 0.00015706185567010308, 'epoch': 0.02}
{'loss': 6.148, 'learning_rate': 0.00015701030927835053, 'epoch': 0.02}
{'loss': 6.2201, 'learning_rate': 0.00015695876288659795, 'epoch': 0.02}
{'loss': 6.2475, 'learning_rate': 0.00015690721649484537, 'epoch': 0.02}
{'loss': 6.2061, 'learning_rate': 0.0001568556701030928, 'epoch': 0.02}
{'loss': 6.2302, 'learning_rate': 0.00015680412371134022, 'epoch': 0.02}
{'loss': 6.2788, 'learning_rate': 0.00015675257731958764, 'epoch': 0.02}
{'loss': 6.2424, 'learning_rate': 0.00015670103092783506, 'epoch': 0.02}
{'loss': 6.2548, 'learning_rate': 0.00015664948453608248, 'epoch': 0.02}
{'loss': 6.2281, 'learning_rate': 0.0001565979381443299, 'epoch': 0.02}
{'loss': 6.1614, 'learning_rate': 0.00015654639175257732, 'epoch': 0.02}
{'loss': 6.2663, 'learning_rate': 0.00015649484536082474, 'epoch': 0.02}
{'loss': 6.1893, 'learning_rate': 0.00015644329896907216, 'epoch': 0.02}
{'loss': 6.2748, 'learning_rate': 0.00015639175257731958, 'epoch': 0.02}
{'loss': 6.2249, 'learning_rate': 0.00015634020618556703, 'epoch': 0.02}
{'loss': 6.2134, 'learning_rate': 0.00015628865979381445, 'epoch': 0.02}
{'loss': 6.2484, 'learning_rate': 0.00015623711340206187, 'epoch': 0.02}
{'loss': 6.1397, 'learning_rate': 0.0001561855670103093, 'epoch': 0.02}
{'loss': 6.1872, 'learning_rate': 0.00015613402061855671, 'epoch': 0.02}
{'loss': 6.1552, 'learning_rate': 0.00015608247422680413, 'epoch': 0.02}
{'loss': 6.2008, 'learning_rate': 0.00015603092783505156, 'epoch': 0.02}
{'loss': 6.2587, 'learning_rate': 0.00015597938144329898, 'epoch': 0.02}
{'loss': 6.2632, 'learning_rate': 0.0001559278350515464, 'epoch': 0.02}
{'loss': 6.2062, 'learning_rate': 0.00015587628865979382, 'epoch': 0.02}
{'loss': 6.2542, 'learning_rate': 0.00015582474226804124, 'epoch': 0.02}
{'loss': 6.2085, 'learning_rate': 0.00015577319587628866, 'epoch': 0.02}
{'loss': 6.2346, 'learning_rate': 0.00015572164948453608, 'epoch': 0.02}
{'loss': 6.1659, 'learning_rate': 0.0001556701030927835, 'epoch': 0.02}
{'loss': 6.182, 'learning_rate': 0.00015561855670103095, 'epoch': 0.02}
{'loss': 6.2593, 'learning_rate': 0.00015556701030927837, 'epoch': 0.02}
{'loss': 6.2041, 'learning_rate': 0.0001555154639175258, 'epoch': 0.02}
{'loss': 6.2137, 'learning_rate': 0.0001554639175257732, 'epoch': 0.02}
{'loss': 6.2213, 'learning_rate': 0.00015541237113402063, 'epoch': 0.02}
{'loss': 6.2351, 'learning_rate': 0.00015536082474226805, 'epoch': 0.02}
{'loss': 6.2803, 'learning_rate': 0.00015530927835051547, 'epoch': 0.02}
{'loss': 6.2195, 'learning_rate': 0.0001552577319587629, 'epoch': 0.02}
{'loss': 6.221, 'learning_rate': 0.00015520618556701032, 'epoch': 0.02}
{'loss': 6.241, 'learning_rate': 0.00015515463917525774, 'epoch': 0.02}
{'loss': 6.153, 'learning_rate': 0.00015510309278350516, 'epoch': 0.02}
{'loss': 6.2503, 'learning_rate': 0.00015505154639175258, 'epoch': 0.02}
{'loss': 6.1929, 'learning_rate': 0.000155, 'epoch': 0.02}
{'loss': 6.2342, 'learning_rate': 0.00015494845360824745, 'epoch': 0.02}
{'loss': 6.1931, 'learning_rate': 0.00015489690721649487, 'epoch': 0.02}
{'loss': 6.256, 'learning_rate': 0.0001548453608247423, 'epoch': 0.02}
{'loss': 6.2133, 'learning_rate': 0.0001547938144329897, 'epoch': 0.02}
{'loss': 6.2063, 'learning_rate': 0.00015474226804123713, 'epoch': 0.02}
{'loss': 6.2355, 'learning_rate': 0.00015469072164948455, 'epoch': 0.02}
{'loss': 6.2668, 'learning_rate': 0.00015463917525773197, 'epoch': 0.02}
{'loss': 6.1813, 'learning_rate': 0.0001545876288659794, 'epoch': 0.02}
{'loss': 6.2032, 'learning_rate': 0.00015453608247422681, 'epoch': 0.02}
{'loss': 6.2544, 'learning_rate': 0.00015448453608247424, 'epoch': 0.02}
{'loss': 6.0956, 'learning_rate': 0.00015443298969072166, 'epoch': 0.02}
{'loss': 6.1733, 'learning_rate': 0.00015438144329896908, 'epoch': 0.02}
{'loss': 6.1316, 'learning_rate': 0.0001543298969072165, 'epoch': 0.02}
{'loss': 6.2526, 'learning_rate': 0.00015427835051546392, 'epoch': 0.02}
{'loss': 6.1526, 'learning_rate': 0.00015422680412371137, 'epoch': 0.02}
{'loss': 6.2103, 'learning_rate': 0.0001541752577319588, 'epoch': 0.02}
{'loss': 6.2204, 'learning_rate': 0.0001541237113402062, 'epoch': 0.02}
{'loss': 6.1741, 'learning_rate': 0.00015407216494845363, 'epoch': 0.02}
{'loss': 6.1856, 'learning_rate': 0.00015402061855670105, 'epoch': 0.02}
{'loss': 6.1685, 'learning_rate': 0.00015396907216494847, 'epoch': 0.02}
{'loss': 6.223, 'learning_rate': 0.0001539175257731959, 'epoch': 0.02}
{'loss': 6.2595, 'learning_rate': 0.0001538659793814433, 'epoch': 0.02}
{'loss': 6.2227, 'learning_rate': 0.00015381443298969073, 'epoch': 0.02}
{'loss': 6.1961, 'learning_rate': 0.00015376288659793816, 'epoch': 0.02}
{'loss': 6.3084, 'learning_rate': 0.00015371134020618558, 'epoch': 0.02}
{'loss': 6.2441, 'learning_rate': 0.000153659793814433, 'epoch': 0.02}
{'loss': 6.1845, 'learning_rate': 0.00015360824742268042, 'epoch': 0.02}
{'loss': 6.1829, 'learning_rate': 0.00015355670103092784, 'epoch': 0.02}
{'loss': 6.3075, 'learning_rate': 0.0001535051546391753, 'epoch': 0.02}
{'loss': 6.2273, 'learning_rate': 0.0001534536082474227, 'epoch': 0.02}
{'loss': 6.3001, 'learning_rate': 0.00015340206185567013, 'epoch': 0.02}
{'loss': 6.2732, 'learning_rate': 0.00015335051546391755, 'epoch': 0.02}
{'loss': 6.2028, 'learning_rate': 0.00015329896907216497, 'epoch': 0.02}
{'loss': 6.1507, 'learning_rate': 0.0001532474226804124, 'epoch': 0.02}
{'loss': 6.2102, 'learning_rate': 0.0001531958762886598, 'epoch': 0.02}
{'loss': 6.2535, 'learning_rate': 0.00015314432989690723, 'epoch': 0.02}
{'loss': 6.1893, 'learning_rate': 0.00015309278350515463, 'epoch': 0.02}
{'loss': 6.2477, 'learning_rate': 0.00015304123711340205, 'epoch': 0.02}
{'loss': 6.1925, 'learning_rate': 0.00015298969072164947, 'epoch': 0.02}
{'loss': 6.2439, 'learning_rate': 0.00015293814432989692, 'epoch': 0.02}
{'loss': 6.2504, 'learning_rate': 0.00015288659793814434, 'epoch': 0.02}
{'loss': 6.1521, 'learning_rate': 0.00015283505154639176, 'epoch': 0.02}
{'loss': 6.2596, 'learning_rate': 0.00015278350515463918, 'epoch': 0.02}
{'loss': 6.202, 'learning_rate': 0.0001527319587628866, 'epoch': 0.02}
{'loss': 6.2743, 'learning_rate': 0.00015268041237113402, 'epoch': 0.02}
{'loss': 6.1858, 'learning_rate': 0.00015262886597938144, 'epoch': 0.02}
{'loss': 6.1901, 'learning_rate': 0.00015257731958762886, 'epoch': 0.02}
{'loss': 6.2829, 'learning_rate': 0.00015252577319587628, 'epoch': 0.02}
{'loss': 6.2164, 'learning_rate': 0.0001524742268041237, 'epoch': 0.02}
{'loss': 6.2282, 'learning_rate': 0.00015242268041237112, 'epoch': 0.02}
{'loss': 6.2899, 'learning_rate': 0.00015237113402061855, 'epoch': 0.02}
{'loss': 6.2496, 'learning_rate': 0.00015231958762886597, 'epoch': 0.02}
{'loss': 6.2428, 'learning_rate': 0.00015226804123711341, 'epoch': 0.02}
{'loss': 6.2978, 'learning_rate': 0.00015221649484536084, 'epoch': 0.02}
{'loss': 6.1506, 'learning_rate': 0.00015216494845360826, 'epoch': 0.02}
{'loss': 6.2438, 'learning_rate': 0.00015211340206185568, 'epoch': 0.02}
{'loss': 6.2251, 'learning_rate': 0.0001520618556701031, 'epoch': 0.02}
{'loss': 6.1495, 'learning_rate': 0.00015201030927835052, 'epoch': 0.02}
{'loss': 6.1574, 'learning_rate': 0.00015195876288659794, 'epoch': 0.02}
{'loss': 6.2576, 'learning_rate': 0.00015190721649484536, 'epoch': 0.02}
{'loss': 6.222, 'learning_rate': 0.00015185567010309278, 'epoch': 0.02}
{'loss': 6.2054, 'learning_rate': 0.0001518041237113402, 'epoch': 0.02}
{'loss': 6.1809, 'learning_rate': 0.00015175257731958762, 'epoch': 0.02}
{'loss': 6.1617, 'learning_rate': 0.00015170103092783504, 'epoch': 0.02}
{'loss': 6.1445, 'learning_rate': 0.00015164948453608246, 'epoch': 0.02}
{'loss': 6.1913, 'learning_rate': 0.00015159793814432989, 'epoch': 0.02}
{'loss': 6.2119, 'learning_rate': 0.00015154639175257733, 'epoch': 0.02}
{'loss': 6.1833, 'learning_rate': 0.00015149484536082475, 'epoch': 0.02}
{'loss': 6.2337, 'learning_rate': 0.00015144329896907218, 'epoch': 0.02}
{'loss': 6.1613, 'learning_rate': 0.0001513917525773196, 'epoch': 0.02}
{'loss': 6.1844, 'learning_rate': 0.00015134020618556702, 'epoch': 0.02}
{'loss': 6.25, 'learning_rate': 0.00015128865979381444, 'epoch': 0.02}
{'loss': 6.2353, 'learning_rate': 0.00015123711340206186, 'epoch': 0.02}
{'loss': 6.2085, 'learning_rate': 0.00015118556701030928, 'epoch': 0.02}
{'loss': 6.2433, 'learning_rate': 0.0001511340206185567, 'epoch': 0.02}
{'loss': 6.2764, 'learning_rate': 0.00015108247422680412, 'epoch': 0.02}
{'loss': 6.1743, 'learning_rate': 0.00015103092783505154, 'epoch': 0.02}
{'loss': 6.2737, 'learning_rate': 0.00015097938144329896, 'epoch': 0.02}
{'loss': 6.2409, 'learning_rate': 0.00015092783505154638, 'epoch': 0.02}
{'loss': 6.1858, 'learning_rate': 0.00015087628865979383, 'epoch': 0.02}
{'loss': 6.2209, 'learning_rate': 0.00015082474226804125, 'epoch': 0.02}
{'loss': 6.2829, 'learning_rate': 0.00015077319587628867, 'epoch': 0.02}
{'loss': 6.2969, 'learning_rate': 0.0001507216494845361, 'epoch': 0.02}
{'loss': 6.1573, 'learning_rate': 0.00015067010309278352, 'epoch': 0.02}
{'loss': 6.2178, 'learning_rate': 0.00015061855670103094, 'epoch': 0.02}
{'loss': 6.186, 'learning_rate': 0.00015056701030927836, 'epoch': 0.02}
{'loss': 6.2532, 'learning_rate': 0.00015051546391752578, 'epoch': 0.02}
{'loss': 6.1687, 'learning_rate': 0.0001504639175257732, 'epoch': 0.02}
{'loss': 6.2351, 'learning_rate': 0.00015041237113402062, 'epoch': 0.02}
{'loss': 6.1953, 'learning_rate': 0.00015036082474226804, 'epoch': 0.02}
{'loss': 6.2169, 'learning_rate': 0.00015030927835051546, 'epoch': 0.02}
{'loss': 6.2346, 'learning_rate': 0.00015025773195876288, 'epoch': 0.02}
{'loss': 6.159, 'learning_rate': 0.0001502061855670103, 'epoch': 0.02}
{'loss': 6.1711, 'learning_rate': 0.00015015463917525775, 'epoch': 0.02}
{'loss': 6.1326, 'learning_rate': 0.00015010309278350517, 'epoch': 0.02}
{'loss': 6.243, 'learning_rate': 0.0001500515463917526, 'epoch': 0.02}
{'loss': 6.2735, 'learning_rate': 0.00015000000000000001, 'epoch': 0.02}
{'loss': 6.2398, 'learning_rate': 0.00014994845360824743, 'epoch': 0.02}
{'loss': 6.2595, 'learning_rate': 0.00014989690721649486, 'epoch': 0.02}
{'loss': 6.1984, 'learning_rate': 0.00014984536082474228, 'epoch': 0.02}
{'loss': 6.1662, 'learning_rate': 0.0001497938144329897, 'epoch': 0.02}
{'loss': 6.1058, 'learning_rate': 0.00014974226804123712, 'epoch': 0.02}
{'loss': 6.2867, 'learning_rate': 0.00014969072164948454, 'epoch': 0.02}
{'loss': 6.2117, 'learning_rate': 0.00014963917525773196, 'epoch': 0.02}
{'loss': 6.2672, 'learning_rate': 0.00014958762886597938, 'epoch': 0.02}
{'loss': 6.2127, 'learning_rate': 0.0001495360824742268, 'epoch': 0.02}
{'loss': 6.2449, 'learning_rate': 0.00014948453608247422, 'epoch': 0.02}
{'loss': 6.1417, 'learning_rate': 0.00014943298969072167, 'epoch': 0.02}
{'loss': 6.1899, 'learning_rate': 0.0001493814432989691, 'epoch': 0.02}
{'loss': 6.2908, 'learning_rate': 0.0001493298969072165, 'epoch': 0.02}
{'loss': 6.2575, 'learning_rate': 0.00014927835051546393, 'epoch': 0.02}
{'loss': 6.2776, 'learning_rate': 0.00014922680412371135, 'epoch': 0.02}
{'loss': 6.2028, 'learning_rate': 0.00014917525773195877, 'epoch': 0.02}
{'loss': 6.2271, 'learning_rate': 0.0001491237113402062, 'epoch': 0.02}
{'loss': 6.1681, 'learning_rate': 0.00014907216494845362, 'epoch': 0.02}
{'loss': 6.3145, 'learning_rate': 0.00014902061855670104, 'epoch': 0.02}
{'loss': 6.2578, 'learning_rate': 0.00014896907216494846, 'epoch': 0.02}
{'loss': 6.2468, 'learning_rate': 0.00014891752577319588, 'epoch': 0.02}
{'loss': 6.2514, 'learning_rate': 0.0001488659793814433, 'epoch': 0.02}
{'loss': 6.3263, 'learning_rate': 0.00014881443298969072, 'epoch': 0.02}
{'loss': 6.2344, 'learning_rate': 0.00014876288659793817, 'epoch': 0.02}
{'loss': 6.2067, 'learning_rate': 0.0001487113402061856, 'epoch': 0.02}
{'loss': 6.2406, 'learning_rate': 0.000148659793814433, 'epoch': 0.02}
{'loss': 6.1898, 'learning_rate': 0.00014860824742268043, 'epoch': 0.02}
{'loss': 6.3088, 'learning_rate': 0.00014855670103092785, 'epoch': 0.02}
{'loss': 6.1156, 'learning_rate': 0.00014850515463917527, 'epoch': 0.02}
{'loss': 6.2305, 'learning_rate': 0.0001484536082474227, 'epoch': 0.02}
{'loss': 6.1948, 'learning_rate': 0.00014840206185567012, 'epoch': 0.02}
{'loss': 6.1704, 'learning_rate': 0.00014835051546391754, 'epoch': 0.02}
{'loss': 6.1773, 'learning_rate': 0.00014829896907216496, 'epoch': 0.02}
{'loss': 6.1819, 'learning_rate': 0.00014824742268041238, 'epoch': 0.02}
{'loss': 6.3199, 'learning_rate': 0.0001481958762886598, 'epoch': 0.02}
{'loss': 6.2659, 'learning_rate': 0.00014814432989690722, 'epoch': 0.02}
{'loss': 6.1829, 'learning_rate': 0.00014809278350515464, 'epoch': 0.02}
{'loss': 6.129, 'learning_rate': 0.0001480412371134021, 'epoch': 0.02}
{'loss': 6.2122, 'learning_rate': 0.0001479896907216495, 'epoch': 0.02}
{'loss': 6.2267, 'learning_rate': 0.00014793814432989693, 'epoch': 0.02}
{'loss': 6.2568, 'learning_rate': 0.00014788659793814435, 'epoch': 0.02}
{'loss': 6.3013, 'learning_rate': 0.00014783505154639177, 'epoch': 0.02}
{'loss': 6.1743, 'learning_rate': 0.0001477835051546392, 'epoch': 0.02}
{'loss': 6.0965, 'learning_rate': 0.0001477319587628866, 'epoch': 0.02}
{'loss': 6.2783, 'learning_rate': 0.00014768041237113403, 'epoch': 0.02}
{'loss': 6.1914, 'learning_rate': 0.00014762886597938146, 'epoch': 0.02}
{'loss': 6.2104, 'learning_rate': 0.00014757731958762888, 'epoch': 0.02}
{'loss': 6.2442, 'learning_rate': 0.0001475257731958763, 'epoch': 0.02}
{'loss': 6.2043, 'learning_rate': 0.00014747422680412372, 'epoch': 0.02}
{'loss': 6.1831, 'learning_rate': 0.00014742268041237114, 'epoch': 0.02}
{'loss': 6.1607, 'learning_rate': 0.00014737113402061856, 'epoch': 0.02}
{'loss': 6.192, 'learning_rate': 0.000147319587628866, 'epoch': 0.02}
{'loss': 6.1409, 'learning_rate': 0.00014726804123711343, 'epoch': 0.02}
{'loss': 6.2587, 'learning_rate': 0.00014721649484536085, 'epoch': 0.02}
{'loss': 6.1994, 'learning_rate': 0.00014716494845360827, 'epoch': 0.02}
{'loss': 6.1903, 'learning_rate': 0.0001471134020618557, 'epoch': 0.02}
{'loss': 6.2458, 'learning_rate': 0.0001470618556701031, 'epoch': 0.02}
{'loss': 6.1952, 'learning_rate': 0.00014701030927835053, 'epoch': 0.02}
{'loss': 6.1174, 'learning_rate': 0.00014695876288659795, 'epoch': 0.02}
{'loss': 6.2094, 'learning_rate': 0.00014690721649484537, 'epoch': 0.02}
{'loss': 6.2103, 'learning_rate': 0.00014685567010309277, 'epoch': 0.02}
{'loss': 6.137, 'learning_rate': 0.0001468041237113402, 'epoch': 0.02}
{'loss': 6.1372, 'learning_rate': 0.00014675257731958764, 'epoch': 0.02}
{'loss': 6.1883, 'learning_rate': 0.00014670103092783506, 'epoch': 0.02}
{'loss': 6.1603, 'learning_rate': 0.00014664948453608248, 'epoch': 0.02}
{'loss': 6.1705, 'learning_rate': 0.0001465979381443299, 'epoch': 0.02}
{'loss': 6.1281, 'learning_rate': 0.00014654639175257732, 'epoch': 0.02}
{'loss': 6.2034, 'learning_rate': 0.00014649484536082474, 'epoch': 0.02}
{'loss': 6.2892, 'learning_rate': 0.00014644329896907216, 'epoch': 0.02}
{'loss': 6.1486, 'learning_rate': 0.00014639175257731958, 'epoch': 0.02}
{'loss': 6.0259, 'learning_rate': 0.000146340206185567, 'epoch': 0.02}
{'loss': 6.2266, 'learning_rate': 0.00014628865979381442, 'epoch': 0.02}
{'loss': 6.2406, 'learning_rate': 0.00014623711340206185, 'epoch': 0.02}
{'loss': 6.2168, 'learning_rate': 0.00014618556701030927, 'epoch': 0.02}
{'loss': 6.225, 'learning_rate': 0.0001461340206185567, 'epoch': 0.02}
{'loss': 6.1516, 'learning_rate': 0.00014608247422680414, 'epoch': 0.02}
{'loss': 6.1468, 'learning_rate': 0.00014603092783505156, 'epoch': 0.02}
{'loss': 6.227, 'learning_rate': 0.00014597938144329898, 'epoch': 0.02}
{'loss': 6.2987, 'learning_rate': 0.0001459278350515464, 'epoch': 0.02}
{'loss': 6.2117, 'learning_rate': 0.00014587628865979382, 'epoch': 0.02}
{'loss': 6.3341, 'learning_rate': 0.00014582474226804124, 'epoch': 0.02}
{'loss': 6.1742, 'learning_rate': 0.00014577319587628866, 'epoch': 0.02}
{'loss': 6.1145, 'learning_rate': 0.00014572164948453608, 'epoch': 0.02}
{'loss': 6.1557, 'learning_rate': 0.0001456701030927835, 'epoch': 0.02}
{'loss': 6.234, 'learning_rate': 0.00014561855670103092, 'epoch': 0.02}
{'loss': 6.2144, 'learning_rate': 0.00014556701030927834, 'epoch': 0.02}
{'loss': 6.249, 'learning_rate': 0.00014551546391752577, 'epoch': 0.02}
{'loss': 6.1795, 'learning_rate': 0.00014546391752577319, 'epoch': 0.02}
{'loss': 6.2971, 'learning_rate': 0.0001454123711340206, 'epoch': 0.02}
{'loss': 6.1317, 'learning_rate': 0.00014536082474226805, 'epoch': 0.02}
{'loss': 6.2341, 'learning_rate': 0.00014530927835051548, 'epoch': 0.02}
{'loss': 6.2206, 'learning_rate': 0.0001452577319587629, 'epoch': 0.02}
{'loss': 6.2255, 'learning_rate': 0.00014520618556701032, 'epoch': 0.02}
{'loss': 6.1882, 'learning_rate': 0.00014515463917525774, 'epoch': 0.02}
{'loss': 6.2038, 'learning_rate': 0.00014510309278350516, 'epoch': 0.02}
{'loss': 6.1802, 'learning_rate': 0.00014505154639175258, 'epoch': 0.02}
{'loss': 6.2354, 'learning_rate': 0.000145, 'epoch': 0.02}
{'loss': 6.234, 'learning_rate': 0.00014494845360824742, 'epoch': 0.02}
{'loss': 6.2271, 'learning_rate': 0.00014489690721649484, 'epoch': 0.02}
{'loss': 6.1588, 'learning_rate': 0.00014484536082474226, 'epoch': 0.02}
{'loss': 6.1683, 'learning_rate': 0.00014479381443298968, 'epoch': 0.02}
{'loss': 6.1706, 'learning_rate': 0.0001447422680412371, 'epoch': 0.02}
{'loss': 6.1749, 'learning_rate': 0.00014469072164948455, 'epoch': 0.02}
{'loss': 6.2452, 'learning_rate': 0.00014463917525773197, 'epoch': 0.02}
{'loss': 6.154, 'learning_rate': 0.0001445876288659794, 'epoch': 0.02}
{'loss': 6.1974, 'learning_rate': 0.00014453608247422682, 'epoch': 0.02}
{'loss': 6.1821, 'learning_rate': 0.00014448453608247424, 'epoch': 0.02}
{'loss': 6.23, 'learning_rate': 0.00014443298969072166, 'epoch': 0.02}
{'loss': 6.2588, 'learning_rate': 0.00014438144329896908, 'epoch': 0.02}
{'loss': 6.2733, 'learning_rate': 0.0001443298969072165, 'epoch': 0.02}
{'loss': 6.2115, 'learning_rate': 0.00014427835051546392, 'epoch': 0.02}
{'loss': 6.1698, 'learning_rate': 0.00014422680412371134, 'epoch': 0.02}
{'loss': 6.027, 'learning_rate': 0.00014417525773195876, 'epoch': 0.02}
{'loss': 6.2846, 'learning_rate': 0.00014412371134020618, 'epoch': 0.02}
{'loss': 6.2454, 'learning_rate': 0.0001440721649484536, 'epoch': 0.02}
{'loss': 6.124, 'learning_rate': 0.00014402061855670102, 'epoch': 0.02}
{'loss': 6.3222, 'learning_rate': 0.00014396907216494847, 'epoch': 0.02}
{'loss': 6.2052, 'learning_rate': 0.0001439175257731959, 'epoch': 0.02}
{'loss': 6.1455, 'learning_rate': 0.00014386597938144331, 'epoch': 0.02}
{'loss': 6.2702, 'learning_rate': 0.00014381443298969074, 'epoch': 0.02}
{'loss': 6.2254, 'learning_rate': 0.00014376288659793816, 'epoch': 0.02}
{'loss': 6.2746, 'learning_rate': 0.00014371134020618558, 'epoch': 0.02}
{'loss': 6.1684, 'learning_rate': 0.000143659793814433, 'epoch': 0.02}
{'loss': 6.2977, 'learning_rate': 0.00014360824742268042, 'epoch': 0.02}
{'loss': 6.2832, 'learning_rate': 0.00014355670103092784, 'epoch': 0.02}
{'loss': 6.2052, 'learning_rate': 0.00014350515463917526, 'epoch': 0.02}
{'loss': 6.2002, 'learning_rate': 0.00014345360824742268, 'epoch': 0.02}
{'loss': 6.1702, 'learning_rate': 0.0001434020618556701, 'epoch': 0.02}
{'loss': 6.2102, 'learning_rate': 0.00014335051546391752, 'epoch': 0.02}
{'loss': 6.1426, 'learning_rate': 0.00014329896907216494, 'epoch': 0.02}
{'loss': 6.2928, 'learning_rate': 0.0001432474226804124, 'epoch': 0.02}
{'loss': 6.2724, 'learning_rate': 0.0001431958762886598, 'epoch': 0.02}
{'loss': 6.2424, 'learning_rate': 0.00014314432989690723, 'epoch': 0.02}
{'loss': 6.174, 'learning_rate': 0.00014309278350515465, 'epoch': 0.02}
{'loss': 6.1772, 'learning_rate': 0.00014304123711340208, 'epoch': 0.02}
{'loss': 6.2094, 'learning_rate': 0.0001429896907216495, 'epoch': 0.02}
{'loss': 6.2166, 'learning_rate': 0.00014293814432989692, 'epoch': 0.02}
{'loss': 6.2895, 'learning_rate': 0.00014288659793814434, 'epoch': 0.02}
{'loss': 6.2116, 'learning_rate': 0.00014283505154639176, 'epoch': 0.02}
{'loss': 6.2255, 'learning_rate': 0.00014278350515463918, 'epoch': 0.02}
{'loss': 6.2239, 'learning_rate': 0.0001427319587628866, 'epoch': 0.02}
{'loss': 6.2772, 'learning_rate': 0.00014268041237113402, 'epoch': 0.02}
{'loss': 6.2116, 'learning_rate': 0.00014262886597938144, 'epoch': 0.02}
{'loss': 6.1757, 'learning_rate': 0.0001425773195876289, 'epoch': 0.02}
{'loss': 6.2283, 'learning_rate': 0.0001425257731958763, 'epoch': 0.02}
{'loss': 6.1984, 'learning_rate': 0.00014247422680412373, 'epoch': 0.02}
{'loss': 6.2785, 'learning_rate': 0.00014242268041237115, 'epoch': 0.02}
{'loss': 6.2796, 'learning_rate': 0.00014237113402061857, 'epoch': 0.02}
{'loss': 6.2308, 'learning_rate': 0.000142319587628866, 'epoch': 0.02}
{'loss': 6.308, 'learning_rate': 0.00014226804123711342, 'epoch': 0.02}
{'loss': 6.205, 'learning_rate': 0.00014221649484536084, 'epoch': 0.02}
{'loss': 6.1659, 'learning_rate': 0.00014216494845360826, 'epoch': 0.02}
{'loss': 6.2276, 'learning_rate': 0.00014211340206185568, 'epoch': 0.02}
{'loss': 6.1419, 'learning_rate': 0.0001420618556701031, 'epoch': 0.02}
{'loss': 6.1713, 'learning_rate': 0.00014201030927835052, 'epoch': 0.02}
{'loss': 6.1447, 'learning_rate': 0.00014195876288659794, 'epoch': 0.02}
{'loss': 6.1749, 'learning_rate': 0.00014190721649484536, 'epoch': 0.02}
{'loss': 6.2253, 'learning_rate': 0.0001418556701030928, 'epoch': 0.02}
{'loss': 6.2078, 'learning_rate': 0.00014180412371134023, 'epoch': 0.02}
{'loss': 6.1409, 'learning_rate': 0.00014175257731958765, 'epoch': 0.02}
{'loss': 6.1181, 'learning_rate': 0.00014170103092783507, 'epoch': 0.02}
{'loss': 6.1099, 'learning_rate': 0.0001416494845360825, 'epoch': 0.02}
{'loss': 6.167, 'learning_rate': 0.00014159793814432991, 'epoch': 0.02}
{'loss': 6.298, 'learning_rate': 0.00014154639175257733, 'epoch': 0.02}
{'loss': 6.1508, 'learning_rate': 0.00014149484536082476, 'epoch': 0.02}
{'loss': 6.2596, 'learning_rate': 0.00014144329896907218, 'epoch': 0.02}
{'loss': 6.1877, 'learning_rate': 0.0001413917525773196, 'epoch': 0.02}
{'loss': 6.2609, 'learning_rate': 0.00014134020618556702, 'epoch': 0.02}
{'loss': 6.2296, 'learning_rate': 0.00014128865979381444, 'epoch': 0.02}
{'loss': 6.1729, 'learning_rate': 0.00014123711340206186, 'epoch': 0.02}
{'loss': 6.18, 'learning_rate': 0.0001411855670103093, 'epoch': 0.02}
{'loss': 6.2536, 'learning_rate': 0.00014113402061855673, 'epoch': 0.02}
{'loss': 6.1685, 'learning_rate': 0.00014108247422680415, 'epoch': 0.02}
{'loss': 6.1798, 'learning_rate': 0.00014103092783505157, 'epoch': 0.02}
{'loss': 6.1358, 'learning_rate': 0.000140979381443299, 'epoch': 0.02}
{'loss': 6.1747, 'learning_rate': 0.0001409278350515464, 'epoch': 0.02}
{'loss': 6.2221, 'learning_rate': 0.00014087628865979383, 'epoch': 0.02}
{'loss': 6.2, 'learning_rate': 0.00014082474226804125, 'epoch': 0.02}
{'loss': 6.1353, 'learning_rate': 0.00014077319587628867, 'epoch': 0.02}
{'loss': 6.2148, 'learning_rate': 0.0001407216494845361, 'epoch': 0.02}
{'loss': 6.1511, 'learning_rate': 0.00014067010309278352, 'epoch': 0.02}
{'loss': 6.2128, 'learning_rate': 0.0001406185567010309, 'epoch': 0.02}
{'loss': 6.2749, 'learning_rate': 0.00014056701030927836, 'epoch': 0.02}
{'loss': 6.1628, 'learning_rate': 0.00014051546391752578, 'epoch': 0.02}
{'loss': 6.1381, 'learning_rate': 0.0001404639175257732, 'epoch': 0.02}
{'loss': 6.1792, 'learning_rate': 0.00014041237113402062, 'epoch': 0.02}
{'loss': 6.25, 'learning_rate': 0.00014036082474226804, 'epoch': 0.02}
{'loss': 6.21, 'learning_rate': 0.00014030927835051546, 'epoch': 0.02}
{'loss': 6.2334, 'learning_rate': 0.00014025773195876288, 'epoch': 0.02}
{'loss': 6.2616, 'learning_rate': 0.0001402061855670103, 'epoch': 0.02}
{'loss': 6.1711, 'learning_rate': 0.00014015463917525773, 'epoch': 0.02}
{'loss': 6.2185, 'learning_rate': 0.00014010309278350515, 'epoch': 0.02}
{'loss': 6.2362, 'learning_rate': 0.00014005154639175257, 'epoch': 0.02}
{'loss': 6.1606, 'learning_rate': 0.00014, 'epoch': 0.02}
{'loss': 6.2059, 'learning_rate': 0.0001399484536082474, 'epoch': 0.02}
{'loss': 6.1469, 'learning_rate': 0.00013989690721649486, 'epoch': 0.02}
{'loss': 6.147, 'learning_rate': 0.00013984536082474228, 'epoch': 0.02}
{'loss': 6.1624, 'learning_rate': 0.0001397938144329897, 'epoch': 0.02}
{'loss': 6.2337, 'learning_rate': 0.00013974226804123712, 'epoch': 0.02}
{'loss': 6.1269, 'learning_rate': 0.00013969072164948454, 'epoch': 0.02}
{'loss': 6.186, 'learning_rate': 0.00013963917525773196, 'epoch': 0.02}
{'loss': 6.1818, 'learning_rate': 0.00013958762886597938, 'epoch': 0.02}
{'loss': 6.2478, 'learning_rate': 0.0001395360824742268, 'epoch': 0.02}
{'loss': 6.195, 'learning_rate': 0.00013948453608247422, 'epoch': 0.02}
{'loss': 6.2813, 'learning_rate': 0.00013943298969072164, 'epoch': 0.02}
{'loss': 6.135, 'learning_rate': 0.00013938144329896907, 'epoch': 0.02}
{'loss': 6.1735, 'learning_rate': 0.00013932989690721649, 'epoch': 0.02}
{'loss': 6.1431, 'learning_rate': 0.0001392783505154639, 'epoch': 0.02}
{'loss': 6.2338, 'learning_rate': 0.00013922680412371133, 'epoch': 0.02}
{'loss': 6.0998, 'learning_rate': 0.00013917525773195878, 'epoch': 0.02}
{'loss': 6.1599, 'learning_rate': 0.0001391237113402062, 'epoch': 0.02}
{'loss': 6.1405, 'learning_rate': 0.00013907216494845362, 'epoch': 0.02}
{'loss': 6.1658, 'learning_rate': 0.00013902061855670104, 'epoch': 0.02}
{'loss': 6.1506, 'learning_rate': 0.00013896907216494846, 'epoch': 0.02}
{'loss': 6.1969, 'learning_rate': 0.00013891752577319588, 'epoch': 0.02}
{'loss': 6.1548, 'learning_rate': 0.0001388659793814433, 'epoch': 0.02}
{'loss': 6.2075, 'learning_rate': 0.00013881443298969072, 'epoch': 0.02}
{'loss': 6.2033, 'learning_rate': 0.00013876288659793814, 'epoch': 0.02}
{'loss': 6.1562, 'learning_rate': 0.00013871134020618556, 'epoch': 0.02}
{'loss': 6.1533, 'learning_rate': 0.00013865979381443298, 'epoch': 0.02}
{'loss': 6.1455, 'learning_rate': 0.0001386082474226804, 'epoch': 0.02}
{'loss': 6.2441, 'learning_rate': 0.00013855670103092783, 'epoch': 0.02}
{'loss': 6.1901, 'learning_rate': 0.00013850515463917527, 'epoch': 0.02}
{'loss': 6.1903, 'learning_rate': 0.0001384536082474227, 'epoch': 0.02}
{'loss': 6.1682, 'learning_rate': 0.00013840206185567012, 'epoch': 0.02}
{'loss': 6.1451, 'learning_rate': 0.00013835051546391754, 'epoch': 0.02}
{'loss': 6.1603, 'learning_rate': 0.00013829896907216496, 'epoch': 0.02}
{'loss': 6.2212, 'learning_rate': 0.00013824742268041238, 'epoch': 0.02}
{'loss': 6.1151, 'learning_rate': 0.0001381958762886598, 'epoch': 0.02}
{'loss': 6.2244, 'learning_rate': 0.00013814432989690722, 'epoch': 0.02}
{'loss': 6.1567, 'learning_rate': 0.00013809278350515464, 'epoch': 0.02}
{'loss': 6.1039, 'learning_rate': 0.00013804123711340206, 'epoch': 0.02}
{'loss': 6.1585, 'learning_rate': 0.00013798969072164948, 'epoch': 0.02}
{'loss': 6.1536, 'learning_rate': 0.0001379381443298969, 'epoch': 0.02}
{'loss': 6.1507, 'learning_rate': 0.00013788659793814432, 'epoch': 0.02}
{'loss': 6.1863, 'learning_rate': 0.00013783505154639175, 'epoch': 0.02}
{'loss': 6.1772, 'learning_rate': 0.0001377835051546392, 'epoch': 0.02}
{'loss': 6.1983, 'learning_rate': 0.00013773195876288661, 'epoch': 0.02}
{'loss': 6.2097, 'learning_rate': 0.00013768041237113404, 'epoch': 0.02}
{'loss': 6.2762, 'learning_rate': 0.00013762886597938146, 'epoch': 0.03}
{'loss': 6.2483, 'learning_rate': 0.00013757731958762888, 'epoch': 0.03}
{'loss': 6.138, 'learning_rate': 0.0001375257731958763, 'epoch': 0.03}
{'loss': 6.1169, 'learning_rate': 0.00013747422680412372, 'epoch': 0.03}
{'loss': 6.2209, 'learning_rate': 0.00013742268041237114, 'epoch': 0.03}
{'loss': 6.192, 'learning_rate': 0.00013737113402061856, 'epoch': 0.03}
{'loss': 6.1583, 'learning_rate': 0.00013731958762886598, 'epoch': 0.03}
{'loss': 6.1415, 'learning_rate': 0.0001372680412371134, 'epoch': 0.03}
{'loss': 6.2432, 'learning_rate': 0.00013721649484536082, 'epoch': 0.03}
{'loss': 6.143, 'learning_rate': 0.00013716494845360824, 'epoch': 0.03}
{'loss': 6.2262, 'learning_rate': 0.00013711340206185566, 'epoch': 0.03}
{'loss': 6.1839, 'learning_rate': 0.0001370618556701031, 'epoch': 0.03}
{'loss': 6.246, 'learning_rate': 0.00013701030927835053, 'epoch': 0.03}
{'loss': 6.1979, 'learning_rate': 0.00013695876288659795, 'epoch': 0.03}
{'loss': 6.2734, 'learning_rate': 0.00013690721649484538, 'epoch': 0.03}
{'loss': 6.1601, 'learning_rate': 0.0001368556701030928, 'epoch': 0.03}
{'loss': 6.1268, 'learning_rate': 0.00013680412371134022, 'epoch': 0.03}
{'loss': 6.2009, 'learning_rate': 0.00013675257731958764, 'epoch': 0.03}
{'loss': 6.2019, 'learning_rate': 0.00013670103092783506, 'epoch': 0.03}
{'loss': 6.1564, 'learning_rate': 0.00013664948453608248, 'epoch': 0.03}
{'loss': 6.208, 'learning_rate': 0.0001365979381443299, 'epoch': 0.03}
{'loss': 6.2229, 'learning_rate': 0.00013654639175257732, 'epoch': 0.03}
{'loss': 6.2496, 'learning_rate': 0.00013649484536082474, 'epoch': 0.03}
{'loss': 6.1821, 'learning_rate': 0.00013644329896907216, 'epoch': 0.03}
{'loss': 6.1104, 'learning_rate': 0.0001363917525773196, 'epoch': 0.03}
{'loss': 6.1779, 'learning_rate': 0.00013634020618556703, 'epoch': 0.03}
{'loss': 6.2154, 'learning_rate': 0.00013628865979381445, 'epoch': 0.03}
{'loss': 6.1362, 'learning_rate': 0.00013623711340206187, 'epoch': 0.03}
{'loss': 6.2222, 'learning_rate': 0.0001361855670103093, 'epoch': 0.03}
{'loss': 6.1621, 'learning_rate': 0.00013613402061855672, 'epoch': 0.03}
{'loss': 6.2377, 'learning_rate': 0.00013608247422680414, 'epoch': 0.03}
{'loss': 6.2103, 'learning_rate': 0.00013603092783505156, 'epoch': 0.03}
{'loss': 6.2166, 'learning_rate': 0.00013597938144329898, 'epoch': 0.03}
{'loss': 6.1309, 'learning_rate': 0.0001359278350515464, 'epoch': 0.03}
{'loss': 6.142, 'learning_rate': 0.00013587628865979382, 'epoch': 0.03}
{'loss': 6.2868, 'learning_rate': 0.00013582474226804124, 'epoch': 0.03}
{'loss': 6.1817, 'learning_rate': 0.00013577319587628866, 'epoch': 0.03}
{'loss': 6.1595, 'learning_rate': 0.00013572164948453608, 'epoch': 0.03}
{'loss': 6.0966, 'learning_rate': 0.00013567010309278353, 'epoch': 0.03}
{'loss': 6.1144, 'learning_rate': 0.00013561855670103095, 'epoch': 0.03}
{'loss': 6.1462, 'learning_rate': 0.00013556701030927837, 'epoch': 0.03}
{'loss': 6.1464, 'learning_rate': 0.0001355154639175258, 'epoch': 0.03}
{'loss': 6.1837, 'learning_rate': 0.00013546391752577321, 'epoch': 0.03}
{'loss': 6.1676, 'learning_rate': 0.00013541237113402063, 'epoch': 0.03}
{'loss': 6.1197, 'learning_rate': 0.00013536082474226806, 'epoch': 0.03}
{'loss': 6.1448, 'learning_rate': 0.00013530927835051548, 'epoch': 0.03}
{'loss': 6.1416, 'learning_rate': 0.0001352577319587629, 'epoch': 0.03}
{'loss': 6.1528, 'learning_rate': 0.00013520618556701032, 'epoch': 0.03}
{'loss': 6.2474, 'learning_rate': 0.00013515463917525774, 'epoch': 0.03}
{'loss': 6.1475, 'learning_rate': 0.00013510309278350516, 'epoch': 0.03}
{'loss': 6.1243, 'learning_rate': 0.00013505154639175258, 'epoch': 0.03}
{'loss': 6.2017, 'learning_rate': 0.00013500000000000003, 'epoch': 0.03}
{'loss': 6.1568, 'learning_rate': 0.00013494845360824745, 'epoch': 0.03}
{'loss': 6.1678, 'learning_rate': 0.00013489690721649487, 'epoch': 0.03}
{'loss': 6.1344, 'learning_rate': 0.0001348453608247423, 'epoch': 0.03}
{'loss': 6.2119, 'learning_rate': 0.0001347938144329897, 'epoch': 0.03}
{'loss': 6.2278, 'learning_rate': 0.00013474226804123713, 'epoch': 0.03}
{'loss': 6.1675, 'learning_rate': 0.00013469072164948455, 'epoch': 0.03}
{'loss': 6.1179, 'learning_rate': 0.00013463917525773197, 'epoch': 0.03}
{'loss': 6.1717, 'learning_rate': 0.0001345876288659794, 'epoch': 0.03}
{'loss': 6.2215, 'learning_rate': 0.00013453608247422682, 'epoch': 0.03}
{'loss': 6.2167, 'learning_rate': 0.00013448453608247424, 'epoch': 0.03}
{'loss': 6.1298, 'learning_rate': 0.00013443298969072166, 'epoch': 0.03}
{'loss': 6.1245, 'learning_rate': 0.00013438144329896908, 'epoch': 0.03}
{'loss': 6.2281, 'learning_rate': 0.0001343298969072165, 'epoch': 0.03}
{'loss': 6.2581, 'learning_rate': 0.00013427835051546392, 'epoch': 0.03}
{'loss': 6.1919, 'learning_rate': 0.00013422680412371134, 'epoch': 0.03}
{'loss': 6.2173, 'learning_rate': 0.00013417525773195876, 'epoch': 0.03}
{'loss': 6.2932, 'learning_rate': 0.00013412371134020618, 'epoch': 0.03}
{'loss': 6.1351, 'learning_rate': 0.0001340721649484536, 'epoch': 0.03}
{'loss': 6.1997, 'learning_rate': 0.00013402061855670103, 'epoch': 0.03}
{'loss': 6.2347, 'learning_rate': 0.00013396907216494845, 'epoch': 0.03}
{'loss': 6.1901, 'learning_rate': 0.00013391752577319587, 'epoch': 0.03}
{'loss': 6.0415, 'learning_rate': 0.0001338659793814433, 'epoch': 0.03}
{'loss': 6.1253, 'learning_rate': 0.0001338144329896907, 'epoch': 0.03}
{'loss': 6.1658, 'learning_rate': 0.00013376288659793813, 'epoch': 0.03}
{'loss': 6.2186, 'learning_rate': 0.00013371134020618558, 'epoch': 0.03}
{'loss': 6.2087, 'learning_rate': 0.000133659793814433, 'epoch': 0.03}
{'loss': 6.1601, 'learning_rate': 0.00013360824742268042, 'epoch': 0.03}
{'loss': 6.2253, 'learning_rate': 0.00013355670103092784, 'epoch': 0.03}
{'loss': 6.1608, 'learning_rate': 0.00013350515463917526, 'epoch': 0.03}
{'loss': 6.128, 'learning_rate': 0.00013345360824742268, 'epoch': 0.03}
{'loss': 6.1378, 'learning_rate': 0.0001334020618556701, 'epoch': 0.03}
{'loss': 6.2009, 'learning_rate': 0.00013335051546391752, 'epoch': 0.03}
{'loss': 6.2171, 'learning_rate': 0.00013329896907216494, 'epoch': 0.03}
{'loss': 6.147, 'learning_rate': 0.00013324742268041237, 'epoch': 0.03}
{'loss': 6.1389, 'learning_rate': 0.00013319587628865979, 'epoch': 0.03}
{'loss': 6.2205, 'learning_rate': 0.0001331443298969072, 'epoch': 0.03}
{'loss': 6.1226, 'learning_rate': 0.00013309278350515463, 'epoch': 0.03}
{'loss': 6.2769, 'learning_rate': 0.00013304123711340205, 'epoch': 0.03}
{'loss': 6.1566, 'learning_rate': 0.0001329896907216495, 'epoch': 0.03}
{'loss': 6.1256, 'learning_rate': 0.00013293814432989692, 'epoch': 0.03}
{'loss': 6.1425, 'learning_rate': 0.00013288659793814434, 'epoch': 0.03}
{'loss': 6.1403, 'learning_rate': 0.00013283505154639176, 'epoch': 0.03}
{'loss': 6.1155, 'learning_rate': 0.00013278350515463918, 'epoch': 0.03}
{'loss': 6.1576, 'learning_rate': 0.0001327319587628866, 'epoch': 0.03}
{'loss': 6.1956, 'learning_rate': 0.00013268041237113402, 'epoch': 0.03}
{'loss': 6.198, 'learning_rate': 0.00013262886597938144, 'epoch': 0.03}
{'loss': 6.1371, 'learning_rate': 0.00013257731958762886, 'epoch': 0.03}
{'loss': 6.1875, 'learning_rate': 0.00013252577319587628, 'epoch': 0.03}
{'loss': 6.1501, 'learning_rate': 0.0001324742268041237, 'epoch': 0.03}
{'loss': 6.1535, 'learning_rate': 0.00013242268041237113, 'epoch': 0.03}
{'loss': 6.1468, 'learning_rate': 0.00013237113402061855, 'epoch': 0.03}
{'loss': 6.2755, 'learning_rate': 0.000132319587628866, 'epoch': 0.03}
{'loss': 6.0884, 'learning_rate': 0.00013226804123711342, 'epoch': 0.03}
{'loss': 6.1708, 'learning_rate': 0.00013221649484536084, 'epoch': 0.03}
{'loss': 6.1763, 'learning_rate': 0.00013216494845360826, 'epoch': 0.03}
{'loss': 6.2096, 'learning_rate': 0.00013211340206185568, 'epoch': 0.03}
{'loss': 6.1346, 'learning_rate': 0.0001320618556701031, 'epoch': 0.03}
{'loss': 6.2265, 'learning_rate': 0.00013201030927835052, 'epoch': 0.03}
{'loss': 6.1281, 'learning_rate': 0.00013195876288659794, 'epoch': 0.03}
{'loss': 6.2317, 'learning_rate': 0.00013190721649484536, 'epoch': 0.03}
{'loss': 6.1575, 'learning_rate': 0.00013185567010309278, 'epoch': 0.03}
{'loss': 6.169, 'learning_rate': 0.0001318041237113402, 'epoch': 0.03}
{'loss': 6.1717, 'learning_rate': 0.00013175257731958762, 'epoch': 0.03}
{'loss': 6.2163, 'learning_rate': 0.00013170103092783505, 'epoch': 0.03}
{'loss': 6.1971, 'learning_rate': 0.00013164948453608247, 'epoch': 0.03}
{'loss': 6.1074, 'learning_rate': 0.00013159793814432991, 'epoch': 0.03}
{'loss': 6.1508, 'learning_rate': 0.00013154639175257734, 'epoch': 0.03}
{'loss': 6.2157, 'learning_rate': 0.00013149484536082476, 'epoch': 0.03}
{'loss': 6.1353, 'learning_rate': 0.00013144329896907218, 'epoch': 0.03}
{'loss': 6.153, 'learning_rate': 0.0001313917525773196, 'epoch': 0.03}
{'loss': 6.1958, 'learning_rate': 0.00013134020618556702, 'epoch': 0.03}
{'loss': 6.1074, 'learning_rate': 0.00013128865979381444, 'epoch': 0.03}
{'loss': 6.1663, 'learning_rate': 0.00013123711340206186, 'epoch': 0.03}
{'loss': 6.1891, 'learning_rate': 0.00013118556701030928, 'epoch': 0.03}
{'loss': 6.1683, 'learning_rate': 0.0001311340206185567, 'epoch': 0.03}
{'loss': 6.1365, 'learning_rate': 0.00013108247422680412, 'epoch': 0.03}
{'loss': 6.1963, 'learning_rate': 0.00013103092783505154, 'epoch': 0.03}
{'loss': 6.1284, 'learning_rate': 0.00013097938144329897, 'epoch': 0.03}
{'loss': 6.2251, 'learning_rate': 0.00013092783505154639, 'epoch': 0.03}
{'loss': 6.1102, 'learning_rate': 0.00013087628865979383, 'epoch': 0.03}
{'loss': 6.1522, 'learning_rate': 0.00013082474226804125, 'epoch': 0.03}
{'loss': 6.1947, 'learning_rate': 0.00013077319587628868, 'epoch': 0.03}
{'loss': 6.1112, 'learning_rate': 0.0001307216494845361, 'epoch': 0.03}
{'loss': 6.2456, 'learning_rate': 0.00013067010309278352, 'epoch': 0.03}
{'loss': 6.1785, 'learning_rate': 0.00013061855670103094, 'epoch': 0.03}
{'loss': 6.15, 'learning_rate': 0.00013056701030927836, 'epoch': 0.03}
{'loss': 6.1303, 'learning_rate': 0.00013051546391752578, 'epoch': 0.03}
{'loss': 6.2018, 'learning_rate': 0.0001304639175257732, 'epoch': 0.03}
{'loss': 6.202, 'learning_rate': 0.00013041237113402062, 'epoch': 0.03}
{'loss': 6.1412, 'learning_rate': 0.00013036082474226804, 'epoch': 0.03}
{'loss': 6.1617, 'learning_rate': 0.00013030927835051546, 'epoch': 0.03}
{'loss': 6.214, 'learning_rate': 0.00013025773195876288, 'epoch': 0.03}
{'loss': 6.0558, 'learning_rate': 0.00013020618556701033, 'epoch': 0.03}
{'loss': 6.2443, 'learning_rate': 0.00013015463917525775, 'epoch': 0.03}
{'loss': 6.2426, 'learning_rate': 0.00013010309278350517, 'epoch': 0.03}
{'loss': 6.1728, 'learning_rate': 0.0001300515463917526, 'epoch': 0.03}
{'loss': 6.2337, 'learning_rate': 0.00013000000000000002, 'epoch': 0.03}
{'loss': 6.0885, 'learning_rate': 0.00012994845360824744, 'epoch': 0.03}
{'loss': 6.1329, 'learning_rate': 0.00012989690721649486, 'epoch': 0.03}
{'loss': 6.1085, 'learning_rate': 0.00012984536082474228, 'epoch': 0.03}
{'loss': 6.1657, 'learning_rate': 0.0001297938144329897, 'epoch': 0.03}
{'loss': 6.0761, 'learning_rate': 0.00012974226804123712, 'epoch': 0.03}
{'loss': 6.1361, 'learning_rate': 0.00012969072164948454, 'epoch': 0.03}
{'loss': 6.1889, 'learning_rate': 0.00012963917525773196, 'epoch': 0.03}
{'loss': 6.1755, 'learning_rate': 0.00012958762886597938, 'epoch': 0.03}
{'loss': 6.1965, 'learning_rate': 0.0001295360824742268, 'epoch': 0.03}
{'loss': 6.1478, 'learning_rate': 0.00012948453608247425, 'epoch': 0.03}
{'loss': 6.2074, 'learning_rate': 0.00012943298969072167, 'epoch': 0.03}
{'loss': 6.1539, 'learning_rate': 0.0001293814432989691, 'epoch': 0.03}
{'loss': 6.1838, 'learning_rate': 0.00012932989690721651, 'epoch': 0.03}
{'loss': 6.2056, 'learning_rate': 0.00012927835051546393, 'epoch': 0.03}
{'loss': 6.1935, 'learning_rate': 0.00012922680412371136, 'epoch': 0.03}
{'loss': 6.1752, 'learning_rate': 0.00012917525773195878, 'epoch': 0.03}
{'loss': 6.224, 'learning_rate': 0.0001291237113402062, 'epoch': 0.03}
{'loss': 6.1735, 'learning_rate': 0.00012907216494845362, 'epoch': 0.03}
{'loss': 6.2397, 'learning_rate': 0.00012902061855670104, 'epoch': 0.03}
{'loss': 6.1504, 'learning_rate': 0.00012896907216494846, 'epoch': 0.03}
{'loss': 6.2339, 'learning_rate': 0.00012891752577319588, 'epoch': 0.03}
{'loss': 6.2014, 'learning_rate': 0.0001288659793814433, 'epoch': 0.03}
{'loss': 6.1578, 'learning_rate': 0.00012881443298969075, 'epoch': 0.03}
{'loss': 6.1571, 'learning_rate': 0.00012876288659793817, 'epoch': 0.03}
{'loss': 6.0718, 'learning_rate': 0.0001287113402061856, 'epoch': 0.03}
{'loss': 6.2605, 'learning_rate': 0.000128659793814433, 'epoch': 0.03}
{'loss': 6.1631, 'learning_rate': 0.00012860824742268043, 'epoch': 0.03}
{'loss': 6.1235, 'learning_rate': 0.00012855670103092785, 'epoch': 0.03}
{'loss': 6.1697, 'learning_rate': 0.00012850515463917528, 'epoch': 0.03}
{'loss': 6.1248, 'learning_rate': 0.0001284536082474227, 'epoch': 0.03}
{'loss': 6.0831, 'learning_rate': 0.00012840206185567012, 'epoch': 0.03}
{'loss': 6.184, 'learning_rate': 0.00012835051546391754, 'epoch': 0.03}
{'loss': 6.1881, 'learning_rate': 0.00012829896907216496, 'epoch': 0.03}
{'loss': 6.1207, 'learning_rate': 0.00012824742268041238, 'epoch': 0.03}
{'loss': 6.1522, 'learning_rate': 0.0001281958762886598, 'epoch': 0.03}
{'loss': 6.1318, 'learning_rate': 0.00012814432989690722, 'epoch': 0.03}
{'loss': 6.1342, 'learning_rate': 0.00012809278350515464, 'epoch': 0.03}
{'loss': 6.2305, 'learning_rate': 0.00012804123711340206, 'epoch': 0.03}
{'loss': 6.1232, 'learning_rate': 0.00012798969072164948, 'epoch': 0.03}
{'loss': 6.205, 'learning_rate': 0.0001279381443298969, 'epoch': 0.03}
{'loss': 6.1028, 'learning_rate': 0.00012788659793814433, 'epoch': 0.03}
{'loss': 6.1217, 'learning_rate': 0.00012783505154639175, 'epoch': 0.03}
{'loss': 6.1545, 'learning_rate': 0.00012778350515463917, 'epoch': 0.03}
{'loss': 6.0638, 'learning_rate': 0.0001277319587628866, 'epoch': 0.03}
{'loss': 6.1689, 'learning_rate': 0.000127680412371134, 'epoch': 0.03}
{'loss': 6.1671, 'learning_rate': 0.00012762886597938143, 'epoch': 0.03}
{'loss': 6.1156, 'learning_rate': 0.00012757731958762885, 'epoch': 0.03}
{'loss': 6.1219, 'learning_rate': 0.0001275257731958763, 'epoch': 0.03}
{'loss': 6.1734, 'learning_rate': 0.00012747422680412372, 'epoch': 0.03}
{'loss': 6.0643, 'learning_rate': 0.00012742268041237114, 'epoch': 0.03}
{'loss': 6.224, 'learning_rate': 0.00012737113402061856, 'epoch': 0.03}
{'loss': 6.1779, 'learning_rate': 0.00012731958762886598, 'epoch': 0.03}
{'loss': 6.1276, 'learning_rate': 0.0001272680412371134, 'epoch': 0.03}
{'loss': 6.1427, 'learning_rate': 0.00012721649484536082, 'epoch': 0.03}
{'loss': 6.268, 'learning_rate': 0.00012716494845360824, 'epoch': 0.03}
{'loss': 6.1569, 'learning_rate': 0.00012711340206185567, 'epoch': 0.03}
{'loss': 6.1159, 'learning_rate': 0.0001270618556701031, 'epoch': 0.03}
{'loss': 6.0602, 'learning_rate': 0.0001270103092783505, 'epoch': 0.03}
{'loss': 6.1225, 'learning_rate': 0.00012695876288659793, 'epoch': 0.03}
{'loss': 6.2237, 'learning_rate': 0.00012690721649484535, 'epoch': 0.03}
{'loss': 6.1963, 'learning_rate': 0.00012685567010309277, 'epoch': 0.03}
{'loss': 6.1954, 'learning_rate': 0.00012680412371134022, 'epoch': 0.03}
{'loss': 6.1529, 'learning_rate': 0.00012675257731958764, 'epoch': 0.03}
{'loss': 6.1759, 'learning_rate': 0.00012670103092783506, 'epoch': 0.03}
{'loss': 6.155, 'learning_rate': 0.00012664948453608248, 'epoch': 0.03}
{'loss': 6.1175, 'learning_rate': 0.0001265979381443299, 'epoch': 0.03}
{'loss': 6.1073, 'learning_rate': 0.00012654639175257732, 'epoch': 0.03}
{'loss': 6.2517, 'learning_rate': 0.00012649484536082474, 'epoch': 0.03}
{'loss': 6.1238, 'learning_rate': 0.00012644329896907216, 'epoch': 0.03}
{'loss': 6.1555, 'learning_rate': 0.00012639175257731958, 'epoch': 0.03}
{'loss': 6.0959, 'learning_rate': 0.000126340206185567, 'epoch': 0.03}
{'loss': 6.1368, 'learning_rate': 0.00012628865979381443, 'epoch': 0.03}
{'loss': 6.1587, 'learning_rate': 0.00012623711340206185, 'epoch': 0.03}
{'loss': 6.2454, 'learning_rate': 0.00012618556701030927, 'epoch': 0.03}
{'loss': 6.2373, 'learning_rate': 0.00012613402061855672, 'epoch': 0.03}
{'loss': 6.072, 'learning_rate': 0.00012608247422680414, 'epoch': 0.03}
{'loss': 6.2371, 'learning_rate': 0.00012603092783505156, 'epoch': 0.03}
{'loss': 6.1496, 'learning_rate': 0.00012597938144329898, 'epoch': 0.03}
{'loss': 6.241, 'learning_rate': 0.0001259278350515464, 'epoch': 0.03}
{'loss': 6.1878, 'learning_rate': 0.00012587628865979382, 'epoch': 0.03}
{'loss': 6.2294, 'learning_rate': 0.00012582474226804124, 'epoch': 0.03}
{'loss': 6.1085, 'learning_rate': 0.00012577319587628866, 'epoch': 0.03}
{'loss': 6.1465, 'learning_rate': 0.00012572164948453608, 'epoch': 0.03}
{'loss': 6.1849, 'learning_rate': 0.0001256701030927835, 'epoch': 0.03}
{'loss': 6.2289, 'learning_rate': 0.00012561855670103093, 'epoch': 0.03}
{'loss': 6.112, 'learning_rate': 0.00012556701030927835, 'epoch': 0.03}
{'loss': 6.1413, 'learning_rate': 0.00012551546391752577, 'epoch': 0.03}
{'loss': 6.208, 'learning_rate': 0.0001254639175257732, 'epoch': 0.03}
{'loss': 6.1596, 'learning_rate': 0.00012541237113402064, 'epoch': 0.03}
{'loss': 6.1566, 'learning_rate': 0.00012536082474226806, 'epoch': 0.03}
{'loss': 6.1249, 'learning_rate': 0.00012530927835051548, 'epoch': 0.03}
{'loss': 6.116, 'learning_rate': 0.0001252577319587629, 'epoch': 0.03}
{'loss': 6.1833, 'learning_rate': 0.00012520618556701032, 'epoch': 0.03}
{'loss': 6.2381, 'learning_rate': 0.00012515463917525774, 'epoch': 0.03}
{'loss': 6.1652, 'learning_rate': 0.00012510309278350516, 'epoch': 0.03}
{'loss': 6.1685, 'learning_rate': 0.00012505154639175258, 'epoch': 0.03}
{'loss': 6.2107, 'learning_rate': 0.000125, 'epoch': 0.03}
{'loss': 6.2181, 'learning_rate': 0.00012494845360824742, 'epoch': 0.03}
{'loss': 6.2471, 'learning_rate': 0.00012489690721649484, 'epoch': 0.03}
{'loss': 6.1311, 'learning_rate': 0.00012484536082474227, 'epoch': 0.03}
{'loss': 6.2063, 'learning_rate': 0.00012479381443298969, 'epoch': 0.03}
{'loss': 6.1593, 'learning_rate': 0.0001247422680412371, 'epoch': 0.03}
{'loss': 6.1308, 'learning_rate': 0.00012469072164948455, 'epoch': 0.03}
{'loss': 6.2291, 'learning_rate': 0.00012463917525773198, 'epoch': 0.03}
{'loss': 6.1057, 'learning_rate': 0.0001245876288659794, 'epoch': 0.03}
{'loss': 6.1994, 'learning_rate': 0.00012453608247422682, 'epoch': 0.03}
{'loss': 6.056, 'learning_rate': 0.00012448453608247424, 'epoch': 0.03}
{'loss': 6.0495, 'learning_rate': 0.00012443298969072166, 'epoch': 0.03}
{'loss': 6.134, 'learning_rate': 0.00012438144329896908, 'epoch': 0.03}
{'loss': 6.1641, 'learning_rate': 0.0001243298969072165, 'epoch': 0.03}
{'loss': 6.1572, 'learning_rate': 0.00012427835051546392, 'epoch': 0.03}
{'loss': 6.1626, 'learning_rate': 0.00012422680412371134, 'epoch': 0.03}
{'loss': 6.0662, 'learning_rate': 0.00012417525773195876, 'epoch': 0.03}
{'loss': 6.1759, 'learning_rate': 0.00012412371134020618, 'epoch': 0.03}
{'loss': 6.1657, 'learning_rate': 0.0001240721649484536, 'epoch': 0.03}
{'loss': 6.1826, 'learning_rate': 0.00012402061855670105, 'epoch': 0.03}
{'loss': 6.101, 'learning_rate': 0.00012396907216494847, 'epoch': 0.03}
{'loss': 6.1136, 'learning_rate': 0.0001239175257731959, 'epoch': 0.03}
{'loss': 6.1748, 'learning_rate': 0.00012386597938144332, 'epoch': 0.03}
{'loss': 6.2286, 'learning_rate': 0.00012381443298969074, 'epoch': 0.03}
{'loss': 6.2244, 'learning_rate': 0.00012376288659793816, 'epoch': 0.03}
{'loss': 6.224, 'learning_rate': 0.00012371134020618558, 'epoch': 0.03}
{'loss': 6.1488, 'learning_rate': 0.000123659793814433, 'epoch': 0.03}
{'loss': 6.1688, 'learning_rate': 0.00012360824742268042, 'epoch': 0.03}
{'loss': 6.0684, 'learning_rate': 0.00012355670103092784, 'epoch': 0.03}
{'loss': 6.121, 'learning_rate': 0.00012350515463917526, 'epoch': 0.03}
{'loss': 6.16, 'learning_rate': 0.00012345360824742268, 'epoch': 0.03}
{'loss': 6.156, 'learning_rate': 0.0001234020618556701, 'epoch': 0.03}
{'loss': 6.1429, 'learning_rate': 0.00012335051546391752, 'epoch': 0.03}
{'loss': 6.1643, 'learning_rate': 0.00012329896907216497, 'epoch': 0.03}
{'loss': 6.1019, 'learning_rate': 0.0001232474226804124, 'epoch': 0.03}
{'loss': 6.1465, 'learning_rate': 0.00012319587628865981, 'epoch': 0.03}
{'loss': 6.1505, 'learning_rate': 0.00012314432989690724, 'epoch': 0.03}
{'loss': 6.1811, 'learning_rate': 0.00012309278350515466, 'epoch': 0.03}
{'loss': 6.0768, 'learning_rate': 0.00012304123711340208, 'epoch': 0.03}
{'loss': 6.1864, 'learning_rate': 0.0001229896907216495, 'epoch': 0.03}
{'loss': 6.1774, 'learning_rate': 0.00012293814432989692, 'epoch': 0.03}
{'loss': 6.2192, 'learning_rate': 0.00012288659793814434, 'epoch': 0.03}
{'loss': 6.2075, 'learning_rate': 0.00012283505154639176, 'epoch': 0.03}
{'loss': 6.1155, 'learning_rate': 0.00012278350515463918, 'epoch': 0.03}
{'loss': 6.1693, 'learning_rate': 0.0001227319587628866, 'epoch': 0.03}
{'loss': 6.0796, 'learning_rate': 0.00012268041237113402, 'epoch': 0.03}
{'loss': 6.2021, 'learning_rate': 0.00012262886597938147, 'epoch': 0.03}
{'loss': 6.1425, 'learning_rate': 0.0001225773195876289, 'epoch': 0.03}
{'loss': 6.2142, 'learning_rate': 0.0001225257731958763, 'epoch': 0.03}
{'loss': 6.1276, 'learning_rate': 0.00012247422680412373, 'epoch': 0.03}
{'loss': 5.9922, 'learning_rate': 0.00012242268041237115, 'epoch': 0.03}
{'loss': 6.1577, 'learning_rate': 0.00012237113402061858, 'epoch': 0.03}
{'loss': 6.212, 'learning_rate': 0.000122319587628866, 'epoch': 0.03}
{'loss': 6.087, 'learning_rate': 0.00012226804123711342, 'epoch': 0.03}
{'loss': 6.1697, 'learning_rate': 0.00012221649484536084, 'epoch': 0.03}
{'loss': 6.1219, 'learning_rate': 0.00012216494845360826, 'epoch': 0.03}
{'loss': 6.1731, 'learning_rate': 0.00012211340206185568, 'epoch': 0.03}
{'loss': 6.205, 'learning_rate': 0.00012206185567010311, 'epoch': 0.03}
{'loss': 6.113, 'learning_rate': 0.00012201030927835053, 'epoch': 0.03}
{'loss': 6.144, 'learning_rate': 0.00012195876288659796, 'epoch': 0.03}
{'loss': 6.2131, 'learning_rate': 0.00012190721649484538, 'epoch': 0.03}
{'loss': 6.1439, 'learning_rate': 0.00012185567010309278, 'epoch': 0.03}
{'loss': 6.0438, 'learning_rate': 0.0001218041237113402, 'epoch': 0.03}
{'loss': 6.0925, 'learning_rate': 0.00012175257731958763, 'epoch': 0.03}
{'loss': 6.1848, 'learning_rate': 0.00012170103092783505, 'epoch': 0.03}
{'loss': 6.1805, 'learning_rate': 0.00012164948453608247, 'epoch': 0.03}
{'loss': 6.1904, 'learning_rate': 0.00012159793814432989, 'epoch': 0.03}
{'loss': 6.1506, 'learning_rate': 0.00012154639175257731, 'epoch': 0.03}
{'loss': 6.2072, 'learning_rate': 0.00012149484536082474, 'epoch': 0.03}
{'loss': 6.1099, 'learning_rate': 0.00012144329896907216, 'epoch': 0.03}
{'loss': 6.0973, 'learning_rate': 0.00012139175257731959, 'epoch': 0.03}
{'loss': 6.1283, 'learning_rate': 0.000121340206185567, 'epoch': 0.03}
{'loss': 6.1537, 'learning_rate': 0.00012128865979381443, 'epoch': 0.03}
{'loss': 6.1963, 'learning_rate': 0.00012123711340206185, 'epoch': 0.03}
{'loss': 6.226, 'learning_rate': 0.00012118556701030927, 'epoch': 0.03}
{'loss': 6.0719, 'learning_rate': 0.0001211340206185567, 'epoch': 0.03}
{'loss': 6.1495, 'learning_rate': 0.00012108247422680412, 'epoch': 0.03}
{'loss': 6.1737, 'learning_rate': 0.00012103092783505155, 'epoch': 0.03}
{'loss': 6.0872, 'learning_rate': 0.00012097938144329897, 'epoch': 0.03}
{'loss': 6.0972, 'learning_rate': 0.00012092783505154639, 'epoch': 0.03}
{'loss': 6.1347, 'learning_rate': 0.00012087628865979381, 'epoch': 0.03}
{'loss': 6.1299, 'learning_rate': 0.00012082474226804124, 'epoch': 0.03}
{'loss': 6.1326, 'learning_rate': 0.00012077319587628866, 'epoch': 0.03}
{'loss': 6.1374, 'learning_rate': 0.00012072164948453608, 'epoch': 0.03}
{'loss': 6.0919, 'learning_rate': 0.0001206701030927835, 'epoch': 0.03}
{'loss': 6.1923, 'learning_rate': 0.00012061855670103093, 'epoch': 0.03}
{'loss': 6.128, 'learning_rate': 0.00012056701030927835, 'epoch': 0.03}
{'loss': 6.2634, 'learning_rate': 0.00012051546391752577, 'epoch': 0.03}
{'loss': 6.1015, 'learning_rate': 0.0001204639175257732, 'epoch': 0.03}
{'loss': 6.158, 'learning_rate': 0.00012041237113402062, 'epoch': 0.03}
{'loss': 6.2523, 'learning_rate': 0.00012036082474226804, 'epoch': 0.03}
{'loss': 6.0769, 'learning_rate': 0.00012030927835051546, 'epoch': 0.03}
{'loss': 6.184, 'learning_rate': 0.00012025773195876289, 'epoch': 0.03}
{'loss': 6.1116, 'learning_rate': 0.0001202061855670103, 'epoch': 0.03}
{'loss': 6.1477, 'learning_rate': 0.00012015463917525773, 'epoch': 0.03}
{'loss': 6.127, 'learning_rate': 0.00012010309278350516, 'epoch': 0.03}
{'loss': 6.1679, 'learning_rate': 0.00012005154639175258, 'epoch': 0.03}
{'loss': 6.1754, 'learning_rate': 0.00012, 'epoch': 0.03}
{'loss': 6.2044, 'learning_rate': 0.00011994845360824742, 'epoch': 0.03}
{'loss': 6.1928, 'learning_rate': 0.00011989690721649484, 'epoch': 0.03}
{'loss': 6.1604, 'learning_rate': 0.00011984536082474227, 'epoch': 0.03}
{'loss': 6.1406, 'learning_rate': 0.00011979381443298969, 'epoch': 0.03}
{'loss': 6.1649, 'learning_rate': 0.00011974226804123712, 'epoch': 0.03}
{'loss': 6.1372, 'learning_rate': 0.00011969072164948454, 'epoch': 0.03}
{'loss': 6.2263, 'learning_rate': 0.00011963917525773196, 'epoch': 0.03}
{'loss': 6.2766, 'learning_rate': 0.00011958762886597938, 'epoch': 0.03}
{'loss': 6.1304, 'learning_rate': 0.0001195360824742268, 'epoch': 0.03}
{'loss': 6.1806, 'learning_rate': 0.00011948453608247423, 'epoch': 0.03}
{'loss': 6.2095, 'learning_rate': 0.00011943298969072165, 'epoch': 0.03}
{'loss': 6.1672, 'learning_rate': 0.00011938144329896908, 'epoch': 0.03}
{'loss': 6.2379, 'learning_rate': 0.0001193298969072165, 'epoch': 0.03}
{'loss': 6.1401, 'learning_rate': 0.00011927835051546392, 'epoch': 0.03}
{'loss': 6.1074, 'learning_rate': 0.00011922680412371134, 'epoch': 0.03}
{'loss': 6.1646, 'learning_rate': 0.00011917525773195876, 'epoch': 0.03}
{'loss': 6.2238, 'learning_rate': 0.00011912371134020618, 'epoch': 0.03}
{'loss': 6.0857, 'learning_rate': 0.00011907216494845362, 'epoch': 0.03}
{'loss': 6.0712, 'learning_rate': 0.00011902061855670104, 'epoch': 0.03}
{'loss': 6.142, 'learning_rate': 0.00011896907216494846, 'epoch': 0.03}
{'loss': 6.0767, 'learning_rate': 0.00011891752577319588, 'epoch': 0.03}
{'loss': 6.1938, 'learning_rate': 0.0001188659793814433, 'epoch': 0.03}
{'loss': 6.1139, 'learning_rate': 0.00011881443298969072, 'epoch': 0.03}
{'loss': 6.1709, 'learning_rate': 0.00011876288659793814, 'epoch': 0.03}
{'loss': 6.2098, 'learning_rate': 0.00011871134020618558, 'epoch': 0.03}
{'loss': 6.1916, 'learning_rate': 0.000118659793814433, 'epoch': 0.03}
{'loss': 6.1105, 'learning_rate': 0.00011860824742268042, 'epoch': 0.03}
{'loss': 6.1121, 'learning_rate': 0.00011855670103092784, 'epoch': 0.03}
{'loss': 6.1181, 'learning_rate': 0.00011850515463917526, 'epoch': 0.03}
{'loss': 6.1462, 'learning_rate': 0.00011845360824742268, 'epoch': 0.03}
{'loss': 6.2731, 'learning_rate': 0.0001184020618556701, 'epoch': 0.03}
{'loss': 6.1441, 'learning_rate': 0.00011835051546391754, 'epoch': 0.03}
{'loss': 6.2041, 'learning_rate': 0.00011829896907216496, 'epoch': 0.03}
{'loss': 6.1295, 'learning_rate': 0.00011824742268041238, 'epoch': 0.03}
{'loss': 6.1653, 'learning_rate': 0.0001181958762886598, 'epoch': 0.03}
{'loss': 6.1955, 'learning_rate': 0.00011814432989690722, 'epoch': 0.03}
{'loss': 6.1524, 'learning_rate': 0.00011809278350515464, 'epoch': 0.03}
{'loss': 6.2032, 'learning_rate': 0.00011804123711340206, 'epoch': 0.03}
{'loss': 6.1889, 'learning_rate': 0.0001179896907216495, 'epoch': 0.03}
{'loss': 6.0729, 'learning_rate': 0.00011793814432989692, 'epoch': 0.03}
{'loss': 6.1045, 'learning_rate': 0.00011788659793814434, 'epoch': 0.03}
{'loss': 6.0958, 'learning_rate': 0.00011783505154639176, 'epoch': 0.03}
{'loss': 6.1171, 'learning_rate': 0.00011778350515463918, 'epoch': 0.03}
{'loss': 6.0748, 'learning_rate': 0.0001177319587628866, 'epoch': 0.03}
{'loss': 6.1773, 'learning_rate': 0.00011768041237113402, 'epoch': 0.03}
{'loss': 6.0898, 'learning_rate': 0.00011762886597938146, 'epoch': 0.03}
{'loss': 6.1104, 'learning_rate': 0.00011757731958762888, 'epoch': 0.03}
{'loss': 6.1068, 'learning_rate': 0.0001175257731958763, 'epoch': 0.03}
{'loss': 6.0896, 'learning_rate': 0.00011747422680412372, 'epoch': 0.03}
{'loss': 6.0942, 'learning_rate': 0.00011742268041237114, 'epoch': 0.03}
{'loss': 6.0522, 'learning_rate': 0.00011737113402061856, 'epoch': 0.03}
{'loss': 6.1612, 'learning_rate': 0.000117319587628866, 'epoch': 0.03}
{'loss': 6.1902, 'learning_rate': 0.00011726804123711342, 'epoch': 0.03}
{'loss': 6.2374, 'learning_rate': 0.00011721649484536084, 'epoch': 0.03}
{'loss': 6.0931, 'learning_rate': 0.00011716494845360826, 'epoch': 0.03}
{'loss': 6.099, 'learning_rate': 0.00011711340206185568, 'epoch': 0.03}
{'loss': 6.1468, 'learning_rate': 0.0001170618556701031, 'epoch': 0.03}
{'loss': 6.177, 'learning_rate': 0.00011701030927835052, 'epoch': 0.03}
{'loss': 6.1357, 'learning_rate': 0.00011695876288659796, 'epoch': 0.03}
{'loss': 6.2321, 'learning_rate': 0.00011690721649484538, 'epoch': 0.03}
{'loss': 6.0653, 'learning_rate': 0.0001168556701030928, 'epoch': 0.03}
{'loss': 6.1594, 'learning_rate': 0.00011680412371134022, 'epoch': 0.03}
{'loss': 6.2087, 'learning_rate': 0.00011675257731958764, 'epoch': 0.03}
{'loss': 6.1213, 'learning_rate': 0.00011670103092783506, 'epoch': 0.03}
{'loss': 6.2334, 'learning_rate': 0.00011664948453608248, 'epoch': 0.03}
{'loss': 6.2037, 'learning_rate': 0.00011659793814432992, 'epoch': 0.03}
{'loss': 6.1071, 'learning_rate': 0.00011654639175257734, 'epoch': 0.03}
{'loss': 6.1791, 'learning_rate': 0.00011649484536082476, 'epoch': 0.03}
{'loss': 6.0518, 'learning_rate': 0.00011644329896907218, 'epoch': 0.03}
{'loss': 6.1622, 'learning_rate': 0.0001163917525773196, 'epoch': 0.03}
{'loss': 6.1926, 'learning_rate': 0.00011634020618556702, 'epoch': 0.03}
{'loss': 6.1445, 'learning_rate': 0.00011628865979381444, 'epoch': 0.03}
{'loss': 6.1764, 'learning_rate': 0.00011623711340206188, 'epoch': 0.03}
{'loss': 6.137, 'learning_rate': 0.0001161855670103093, 'epoch': 0.03}
{'loss': 6.1336, 'learning_rate': 0.00011613402061855672, 'epoch': 0.03}
{'loss': 6.0975, 'learning_rate': 0.00011608247422680414, 'epoch': 0.03}
{'loss': 6.0607, 'learning_rate': 0.00011603092783505156, 'epoch': 0.03}
{'loss': 6.0836, 'learning_rate': 0.00011597938144329898, 'epoch': 0.03}
{'loss': 6.2271, 'learning_rate': 0.0001159278350515464, 'epoch': 0.03}
{'loss': 6.1166, 'learning_rate': 0.00011587628865979384, 'epoch': 0.03}
{'loss': 6.16, 'learning_rate': 0.00011582474226804126, 'epoch': 0.03}
{'loss': 6.0768, 'learning_rate': 0.00011577319587628868, 'epoch': 0.03}
{'loss': 6.1487, 'learning_rate': 0.0001157216494845361, 'epoch': 0.03}
{'loss': 6.1996, 'learning_rate': 0.00011567010309278352, 'epoch': 0.03}
{'loss': 6.1651, 'learning_rate': 0.00011561855670103093, 'epoch': 0.03}
{'loss': 6.1677, 'learning_rate': 0.00011556701030927835, 'epoch': 0.03}
{'loss': 6.1715, 'learning_rate': 0.00011551546391752577, 'epoch': 0.03}
{'loss': 6.145, 'learning_rate': 0.00011546391752577319, 'epoch': 0.03}
{'loss': 6.2154, 'learning_rate': 0.00011541237113402061, 'epoch': 0.03}
{'loss': 6.1742, 'learning_rate': 0.00011536082474226803, 'epoch': 0.03}
{'loss': 6.163, 'learning_rate': 0.00011530927835051546, 'epoch': 0.03}
{'loss': 6.098, 'learning_rate': 0.00011525773195876289, 'epoch': 0.03}
{'loss': 6.1721, 'learning_rate': 0.0001152061855670103, 'epoch': 0.03}
{'loss': 6.1171, 'learning_rate': 0.00011515463917525773, 'epoch': 0.03}
{'loss': 6.1708, 'learning_rate': 0.00011510309278350515, 'epoch': 0.03}
{'loss': 6.1177, 'learning_rate': 0.00011505154639175257, 'epoch': 0.03}
{'loss': 6.1488, 'learning_rate': 0.00011499999999999999, 'epoch': 0.03}
{'loss': 6.1475, 'learning_rate': 0.00011494845360824742, 'epoch': 0.03}
{'loss': 6.0754, 'learning_rate': 0.00011489690721649485, 'epoch': 0.03}
{'loss': 6.1322, 'learning_rate': 0.00011484536082474227, 'epoch': 0.03}
{'loss': 6.1208, 'learning_rate': 0.00011479381443298969, 'epoch': 0.03}
{'loss': 6.1671, 'learning_rate': 0.00011474226804123711, 'epoch': 0.03}
{'loss': 6.1069, 'learning_rate': 0.00011469072164948453, 'epoch': 0.03}
{'loss': 6.1328, 'learning_rate': 0.00011463917525773196, 'epoch': 0.03}
{'loss': 6.0858, 'learning_rate': 0.00011458762886597938, 'epoch': 0.03}
{'loss': 6.1176, 'learning_rate': 0.0001145360824742268, 'epoch': 0.03}
{'loss': 6.1024, 'learning_rate': 0.00011448453608247423, 'epoch': 0.03}
{'loss': 6.1573, 'learning_rate': 0.00011443298969072165, 'epoch': 0.03}
{'loss': 6.1336, 'learning_rate': 0.00011438144329896907, 'epoch': 0.03}
{'loss': 6.1643, 'learning_rate': 0.00011432989690721649, 'epoch': 0.03}
{'loss': 6.2146, 'learning_rate': 0.00011427835051546392, 'epoch': 0.03}
{'loss': 6.1372, 'learning_rate': 0.00011422680412371134, 'epoch': 0.03}
{'loss': 6.1652, 'learning_rate': 0.00011417525773195876, 'epoch': 0.03}
{'loss': 6.1896, 'learning_rate': 0.00011412371134020619, 'epoch': 0.03}
{'loss': 6.0801, 'learning_rate': 0.0001140721649484536, 'epoch': 0.03}
{'loss': 6.1413, 'learning_rate': 0.00011402061855670103, 'epoch': 0.03}
{'loss': 6.1383, 'learning_rate': 0.00011396907216494845, 'epoch': 0.03}
{'loss': 6.1274, 'learning_rate': 0.00011391752577319588, 'epoch': 0.03}
{'loss': 6.1671, 'learning_rate': 0.0001138659793814433, 'epoch': 0.03}
{'loss': 6.1376, 'learning_rate': 0.00011381443298969072, 'epoch': 0.03}
{'loss': 6.1522, 'learning_rate': 0.00011376288659793814, 'epoch': 0.03}
{'loss': 5.9983, 'learning_rate': 0.00011371134020618557, 'epoch': 0.03}
{'loss': 6.1542, 'learning_rate': 0.00011365979381443299, 'epoch': 0.03}
{'loss': 6.2288, 'learning_rate': 0.00011360824742268041, 'epoch': 0.03}
{'loss': 6.0825, 'learning_rate': 0.00011355670103092784, 'epoch': 0.03}
{'loss': 6.0914, 'learning_rate': 0.00011350515463917526, 'epoch': 0.03}
{'loss': 6.2166, 'learning_rate': 0.00011345360824742268, 'epoch': 0.03}
{'loss': 6.1417, 'learning_rate': 0.0001134020618556701, 'epoch': 0.03}
{'loss': 6.187, 'learning_rate': 0.00011335051546391753, 'epoch': 0.03}
{'loss': 6.1708, 'learning_rate': 0.00011329896907216495, 'epoch': 0.03}
{'loss': 6.1832, 'learning_rate': 0.00011324742268041237, 'epoch': 0.03}
{'loss': 6.1225, 'learning_rate': 0.0001131958762886598, 'epoch': 0.03}
{'loss': 6.113, 'learning_rate': 0.00011314432989690722, 'epoch': 0.03}
{'loss': 6.2047, 'learning_rate': 0.00011309278350515464, 'epoch': 0.03}
{'loss': 6.1367, 'learning_rate': 0.00011304123711340206, 'epoch': 0.03}
{'loss': 6.1529, 'learning_rate': 0.00011298969072164949, 'epoch': 0.03}
{'loss': 6.0782, 'learning_rate': 0.0001129381443298969, 'epoch': 0.03}
{'loss': 6.0956, 'learning_rate': 0.00011288659793814434, 'epoch': 0.03}
{'loss': 6.1643, 'learning_rate': 0.00011283505154639176, 'epoch': 0.03}
{'loss': 6.1213, 'learning_rate': 0.00011278350515463918, 'epoch': 0.03}
{'loss': 6.0396, 'learning_rate': 0.0001127319587628866, 'epoch': 0.03}
{'loss': 6.2568, 'learning_rate': 0.00011268041237113402, 'epoch': 0.03}
{'loss': 6.1334, 'learning_rate': 0.00011262886597938144, 'epoch': 0.03}
{'loss': 6.1574, 'learning_rate': 0.00011257731958762887, 'epoch': 0.03}
{'loss': 6.1356, 'learning_rate': 0.0001125257731958763, 'epoch': 0.03}
{'loss': 6.0417, 'learning_rate': 0.00011247422680412372, 'epoch': 0.03}
{'loss': 6.0449, 'learning_rate': 0.00011242268041237114, 'epoch': 0.03}
{'loss': 6.0964, 'learning_rate': 0.00011237113402061856, 'epoch': 0.03}
{'loss': 6.0514, 'learning_rate': 0.00011231958762886598, 'epoch': 0.03}
{'loss': 6.1615, 'learning_rate': 0.0001122680412371134, 'epoch': 0.03}
{'loss': 6.1275, 'learning_rate': 0.00011221649484536083, 'epoch': 0.03}
{'loss': 6.257, 'learning_rate': 0.00011216494845360826, 'epoch': 0.03}
{'loss': 6.1424, 'learning_rate': 0.00011211340206185568, 'epoch': 0.03}
{'loss': 6.1295, 'learning_rate': 0.0001120618556701031, 'epoch': 0.03}
{'loss': 6.1594, 'learning_rate': 0.00011201030927835052, 'epoch': 0.03}
{'loss': 6.122, 'learning_rate': 0.00011195876288659794, 'epoch': 0.03}
{'loss': 6.121, 'learning_rate': 0.00011190721649484536, 'epoch': 0.03}
{'loss': 6.0697, 'learning_rate': 0.00011185567010309278, 'epoch': 0.03}
{'loss': 6.1664, 'learning_rate': 0.00011180412371134022, 'epoch': 0.03}
{'loss': 6.1269, 'learning_rate': 0.00011175257731958764, 'epoch': 0.03}
{'loss': 6.2311, 'learning_rate': 0.00011170103092783506, 'epoch': 0.03}
{'loss': 6.1202, 'learning_rate': 0.00011164948453608248, 'epoch': 0.03}
{'loss': 6.1164, 'learning_rate': 0.0001115979381443299, 'epoch': 0.03}
{'loss': 6.1378, 'learning_rate': 0.00011154639175257732, 'epoch': 0.03}
{'loss': 6.1534, 'learning_rate': 0.00011149484536082474, 'epoch': 0.03}
{'loss': 6.1733, 'learning_rate': 0.00011144329896907218, 'epoch': 0.03}
{'loss': 6.0958, 'learning_rate': 0.0001113917525773196, 'epoch': 0.03}
{'loss': 6.0941, 'learning_rate': 0.00011134020618556702, 'epoch': 0.03}
{'loss': 6.1644, 'learning_rate': 0.00011128865979381444, 'epoch': 0.03}
{'loss': 6.1596, 'learning_rate': 0.00011123711340206186, 'epoch': 0.03}
{'loss': 6.1068, 'learning_rate': 0.00011118556701030928, 'epoch': 0.03}
{'loss': 6.0405, 'learning_rate': 0.00011113402061855672, 'epoch': 0.03}
{'loss': 6.1257, 'learning_rate': 0.00011108247422680414, 'epoch': 0.03}
{'loss': 6.1883, 'learning_rate': 0.00011103092783505156, 'epoch': 0.03}
{'loss': 6.1198, 'learning_rate': 0.00011097938144329898, 'epoch': 0.03}
{'loss': 6.1611, 'learning_rate': 0.0001109278350515464, 'epoch': 0.03}
{'loss': 6.0627, 'learning_rate': 0.00011087628865979382, 'epoch': 0.03}
{'loss': 6.1332, 'learning_rate': 0.00011082474226804124, 'epoch': 0.03}
{'loss': 6.1609, 'learning_rate': 0.00011077319587628868, 'epoch': 0.03}
{'loss': 6.1818, 'learning_rate': 0.0001107216494845361, 'epoch': 0.03}
{'loss': 6.0656, 'learning_rate': 0.00011067010309278352, 'epoch': 0.03}
{'loss': 6.1674, 'learning_rate': 0.00011061855670103094, 'epoch': 0.03}
{'loss': 6.0948, 'learning_rate': 0.00011056701030927836, 'epoch': 0.03}
{'loss': 6.15, 'learning_rate': 0.00011051546391752578, 'epoch': 0.03}
{'loss': 6.076, 'learning_rate': 0.0001104639175257732, 'epoch': 0.03}
{'loss': 6.0559, 'learning_rate': 0.00011041237113402064, 'epoch': 0.03}
{'loss': 6.1545, 'learning_rate': 0.00011036082474226806, 'epoch': 0.03}
{'loss': 6.0375, 'learning_rate': 0.00011030927835051548, 'epoch': 0.03}
{'loss': 6.2031, 'learning_rate': 0.0001102577319587629, 'epoch': 0.03}
{'loss': 6.1603, 'learning_rate': 0.00011020618556701032, 'epoch': 0.04}
{'loss': 6.092, 'learning_rate': 0.00011015463917525774, 'epoch': 0.04}
{'loss': 6.0726, 'learning_rate': 0.00011010309278350516, 'epoch': 0.04}
{'loss': 6.1211, 'learning_rate': 0.0001100515463917526, 'epoch': 0.04}
{'loss': 6.1396, 'learning_rate': 0.00011000000000000002, 'epoch': 0.04}
{'loss': 6.1314, 'learning_rate': 0.00010994845360824744, 'epoch': 0.04}
{'loss': 6.2246, 'learning_rate': 0.00010989690721649486, 'epoch': 0.04}
{'loss': 6.1014, 'learning_rate': 0.00010984536082474228, 'epoch': 0.04}
{'loss': 6.1034, 'learning_rate': 0.0001097938144329897, 'epoch': 0.04}
{'loss': 6.1357, 'learning_rate': 0.00010974226804123712, 'epoch': 0.04}
{'loss': 6.1452, 'learning_rate': 0.00010969072164948456, 'epoch': 0.04}
{'loss': 6.0872, 'learning_rate': 0.00010963917525773198, 'epoch': 0.04}
{'loss': 6.0301, 'learning_rate': 0.0001095876288659794, 'epoch': 0.04}
{'loss': 6.1915, 'learning_rate': 0.00010953608247422682, 'epoch': 0.04}
{'loss': 6.1679, 'learning_rate': 0.00010948453608247424, 'epoch': 0.04}
{'loss': 6.0816, 'learning_rate': 0.00010943298969072166, 'epoch': 0.04}
{'loss': 6.2201, 'learning_rate': 0.0001093814432989691, 'epoch': 0.04}
{'loss': 6.0817, 'learning_rate': 0.00010932989690721649, 'epoch': 0.04}
{'loss': 6.0495, 'learning_rate': 0.00010927835051546391, 'epoch': 0.04}
{'loss': 6.0845, 'learning_rate': 0.00010922680412371133, 'epoch': 0.04}
{'loss': 6.1463, 'learning_rate': 0.00010917525773195875, 'epoch': 0.04}
{'loss': 6.1459, 'learning_rate': 0.00010912371134020619, 'epoch': 0.04}
{'loss': 6.2244, 'learning_rate': 0.0001090721649484536, 'epoch': 0.04}
{'loss': 6.1367, 'learning_rate': 0.00010902061855670103, 'epoch': 0.04}
{'loss': 6.1768, 'learning_rate': 0.00010896907216494845, 'epoch': 0.04}
{'loss': 6.0944, 'learning_rate': 0.00010891752577319587, 'epoch': 0.04}
{'loss': 6.1418, 'learning_rate': 0.00010886597938144329, 'epoch': 0.04}
{'loss': 6.1594, 'learning_rate': 0.00010881443298969071, 'epoch': 0.04}
{'loss': 6.1097, 'learning_rate': 0.00010876288659793815, 'epoch': 0.04}
{'loss': 6.1626, 'learning_rate': 0.00010871134020618557, 'epoch': 0.04}
{'loss': 6.0493, 'learning_rate': 0.00010865979381443299, 'epoch': 0.04}
{'loss': 6.1234, 'learning_rate': 0.00010860824742268041, 'epoch': 0.04}
{'loss': 6.1246, 'learning_rate': 0.00010855670103092783, 'epoch': 0.04}
{'loss': 6.2063, 'learning_rate': 0.00010850515463917525, 'epoch': 0.04}
{'loss': 6.0794, 'learning_rate': 0.00010845360824742268, 'epoch': 0.04}
{'loss': 6.0511, 'learning_rate': 0.0001084020618556701, 'epoch': 0.04}
{'loss': 6.2434, 'learning_rate': 0.00010835051546391753, 'epoch': 0.04}
{'loss': 6.1641, 'learning_rate': 0.00010829896907216495, 'epoch': 0.04}
{'loss': 6.1845, 'learning_rate': 0.00010824742268041237, 'epoch': 0.04}
{'loss': 6.0851, 'learning_rate': 0.00010819587628865979, 'epoch': 0.04}
{'loss': 6.1316, 'learning_rate': 0.00010814432989690721, 'epoch': 0.04}
{'loss': 6.0473, 'learning_rate': 0.00010809278350515464, 'epoch': 0.04}
{'loss': 6.1696, 'learning_rate': 0.00010804123711340206, 'epoch': 0.04}
{'loss': 6.1502, 'learning_rate': 0.00010798969072164949, 'epoch': 0.04}
{'loss': 6.1101, 'learning_rate': 0.0001079381443298969, 'epoch': 0.04}
{'loss': 6.0803, 'learning_rate': 0.00010788659793814433, 'epoch': 0.04}
{'loss': 6.0948, 'learning_rate': 0.00010783505154639175, 'epoch': 0.04}
{'loss': 6.1056, 'learning_rate': 0.00010778350515463917, 'epoch': 0.04}
{'loss': 6.1655, 'learning_rate': 0.0001077319587628866, 'epoch': 0.04}
{'loss': 6.1231, 'learning_rate': 0.00010768041237113402, 'epoch': 0.04}
{'loss': 6.2192, 'learning_rate': 0.00010762886597938145, 'epoch': 0.04}
{'loss': 6.1321, 'learning_rate': 0.00010757731958762887, 'epoch': 0.04}
{'loss': 6.1695, 'learning_rate': 0.00010752577319587629, 'epoch': 0.04}
{'loss': 6.1733, 'learning_rate': 0.00010747422680412371, 'epoch': 0.04}
{'loss': 6.1533, 'learning_rate': 0.00010742268041237113, 'epoch': 0.04}
{'loss': 6.1444, 'learning_rate': 0.00010737113402061856, 'epoch': 0.04}
{'loss': 6.1572, 'learning_rate': 0.00010731958762886598, 'epoch': 0.04}
{'loss': 6.1234, 'learning_rate': 0.0001072680412371134, 'epoch': 0.04}
{'loss': 6.1579, 'learning_rate': 0.00010721649484536083, 'epoch': 0.04}
{'loss': 6.0814, 'learning_rate': 0.00010716494845360825, 'epoch': 0.04}
{'loss': 6.2086, 'learning_rate': 0.00010711340206185567, 'epoch': 0.04}
{'loss': 6.1597, 'learning_rate': 0.00010706185567010309, 'epoch': 0.04}
{'loss': 6.1664, 'learning_rate': 0.00010701030927835052, 'epoch': 0.04}
{'loss': 6.1519, 'learning_rate': 0.00010695876288659794, 'epoch': 0.04}
{'loss': 6.0792, 'learning_rate': 0.00010690721649484536, 'epoch': 0.04}
{'loss': 6.1288, 'learning_rate': 0.00010685567010309279, 'epoch': 0.04}
{'loss': 6.14, 'learning_rate': 0.0001068041237113402, 'epoch': 0.04}
{'loss': 6.0938, 'learning_rate': 0.00010675257731958763, 'epoch': 0.04}
{'loss': 6.1052, 'learning_rate': 0.00010670103092783506, 'epoch': 0.04}
{'loss': 6.1542, 'learning_rate': 0.00010664948453608248, 'epoch': 0.04}
{'loss': 6.18, 'learning_rate': 0.0001065979381443299, 'epoch': 0.04}
{'loss': 6.1764, 'learning_rate': 0.00010654639175257732, 'epoch': 0.04}
{'loss': 6.0413, 'learning_rate': 0.00010649484536082474, 'epoch': 0.04}
{'loss': 6.1964, 'learning_rate': 0.00010644329896907217, 'epoch': 0.04}
{'loss': 6.0963, 'learning_rate': 0.00010639175257731959, 'epoch': 0.04}
{'loss': 6.1065, 'learning_rate': 0.00010634020618556702, 'epoch': 0.04}
{'loss': 6.09, 'learning_rate': 0.00010628865979381444, 'epoch': 0.04}
{'loss': 6.1258, 'learning_rate': 0.00010623711340206186, 'epoch': 0.04}
{'loss': 6.05, 'learning_rate': 0.00010618556701030928, 'epoch': 0.04}
{'loss': 6.0875, 'learning_rate': 0.0001061340206185567, 'epoch': 0.04}
{'loss': 6.0994, 'learning_rate': 0.00010608247422680413, 'epoch': 0.04}
{'loss': 6.1458, 'learning_rate': 0.00010603092783505155, 'epoch': 0.04}
{'loss': 6.1968, 'learning_rate': 0.00010597938144329898, 'epoch': 0.04}
{'loss': 6.1268, 'learning_rate': 0.0001059278350515464, 'epoch': 0.04}
{'loss': 6.0824, 'learning_rate': 0.00010587628865979382, 'epoch': 0.04}
{'loss': 6.1786, 'learning_rate': 0.00010582474226804124, 'epoch': 0.04}
{'loss': 6.1735, 'learning_rate': 0.00010577319587628866, 'epoch': 0.04}
{'loss': 6.1359, 'learning_rate': 0.00010572164948453609, 'epoch': 0.04}
{'loss': 6.1107, 'learning_rate': 0.0001056701030927835, 'epoch': 0.04}
{'loss': 6.0761, 'learning_rate': 0.00010561855670103094, 'epoch': 0.04}
{'loss': 6.1888, 'learning_rate': 0.00010556701030927836, 'epoch': 0.04}
{'loss': 6.1685, 'learning_rate': 0.00010551546391752578, 'epoch': 0.04}
{'loss': 6.1646, 'learning_rate': 0.0001054639175257732, 'epoch': 0.04}
{'loss': 6.1645, 'learning_rate': 0.00010541237113402062, 'epoch': 0.04}
{'loss': 6.0979, 'learning_rate': 0.00010536082474226804, 'epoch': 0.04}
{'loss': 6.104, 'learning_rate': 0.00010530927835051547, 'epoch': 0.04}
{'loss': 6.0715, 'learning_rate': 0.0001052577319587629, 'epoch': 0.04}
{'loss': 6.1332, 'learning_rate': 0.00010520618556701032, 'epoch': 0.04}
{'loss': 6.1823, 'learning_rate': 0.00010515463917525774, 'epoch': 0.04}
{'loss': 6.077, 'learning_rate': 0.00010510309278350516, 'epoch': 0.04}
{'loss': 6.108, 'learning_rate': 0.00010505154639175258, 'epoch': 0.04}
{'loss': 6.1336, 'learning_rate': 0.000105, 'epoch': 0.04}
{'loss': 6.1031, 'learning_rate': 0.00010494845360824744, 'epoch': 0.04}
{'loss': 6.1049, 'learning_rate': 0.00010489690721649486, 'epoch': 0.04}
{'loss': 6.0687, 'learning_rate': 0.00010484536082474228, 'epoch': 0.04}
{'loss': 6.1436, 'learning_rate': 0.0001047938144329897, 'epoch': 0.04}
{'loss': 6.13, 'learning_rate': 0.00010474226804123712, 'epoch': 0.04}
{'loss': 6.1665, 'learning_rate': 0.00010469072164948454, 'epoch': 0.04}
{'loss': 6.1381, 'learning_rate': 0.00010463917525773196, 'epoch': 0.04}
{'loss': 6.0771, 'learning_rate': 0.0001045876288659794, 'epoch': 0.04}
{'loss': 6.1185, 'learning_rate': 0.00010453608247422682, 'epoch': 0.04}
{'loss': 6.0545, 'learning_rate': 0.00010448453608247424, 'epoch': 0.04}
{'loss': 6.1063, 'learning_rate': 0.00010443298969072166, 'epoch': 0.04}
{'loss': 6.1068, 'learning_rate': 0.00010438144329896908, 'epoch': 0.04}
{'loss': 6.1406, 'learning_rate': 0.0001043298969072165, 'epoch': 0.04}
{'loss': 6.1055, 'learning_rate': 0.00010427835051546392, 'epoch': 0.04}
{'loss': 6.0265, 'learning_rate': 0.00010422680412371136, 'epoch': 0.04}
{'loss': 6.097, 'learning_rate': 0.00010417525773195878, 'epoch': 0.04}
{'loss': 6.1092, 'learning_rate': 0.0001041237113402062, 'epoch': 0.04}
{'loss': 6.091, 'learning_rate': 0.00010407216494845362, 'epoch': 0.04}
{'loss': 6.1294, 'learning_rate': 0.00010402061855670104, 'epoch': 0.04}
{'loss': 6.1656, 'learning_rate': 0.00010396907216494846, 'epoch': 0.04}
{'loss': 6.1666, 'learning_rate': 0.00010391752577319588, 'epoch': 0.04}
{'loss': 6.1902, 'learning_rate': 0.00010386597938144332, 'epoch': 0.04}
{'loss': 6.079, 'learning_rate': 0.00010381443298969074, 'epoch': 0.04}
{'loss': 6.0447, 'learning_rate': 0.00010376288659793816, 'epoch': 0.04}
{'loss': 6.0924, 'learning_rate': 0.00010371134020618558, 'epoch': 0.04}
{'loss': 6.0952, 'learning_rate': 0.000103659793814433, 'epoch': 0.04}
{'loss': 6.1774, 'learning_rate': 0.00010360824742268042, 'epoch': 0.04}
{'loss': 6.1331, 'learning_rate': 0.00010355670103092784, 'epoch': 0.04}
{'loss': 6.1099, 'learning_rate': 0.00010350515463917528, 'epoch': 0.04}
{'loss': 6.1423, 'learning_rate': 0.0001034536082474227, 'epoch': 0.04}
{'loss': 6.0915, 'learning_rate': 0.00010340206185567012, 'epoch': 0.04}
{'loss': 6.0894, 'learning_rate': 0.00010335051546391754, 'epoch': 0.04}
{'loss': 6.0971, 'learning_rate': 0.00010329896907216496, 'epoch': 0.04}
{'loss': 6.2042, 'learning_rate': 0.00010324742268041238, 'epoch': 0.04}
{'loss': 6.2111, 'learning_rate': 0.00010319587628865982, 'epoch': 0.04}
{'loss': 6.1029, 'learning_rate': 0.00010314432989690724, 'epoch': 0.04}
{'loss': 5.9973, 'learning_rate': 0.00010309278350515463, 'epoch': 0.04}
{'loss': 6.0744, 'learning_rate': 0.00010304123711340205, 'epoch': 0.04}
{'loss': 6.1338, 'learning_rate': 0.00010298969072164947, 'epoch': 0.04}
{'loss': 6.0932, 'learning_rate': 0.00010293814432989691, 'epoch': 0.04}
{'loss': 6.123, 'learning_rate': 0.00010288659793814433, 'epoch': 0.04}
{'loss': 6.0959, 'learning_rate': 0.00010283505154639175, 'epoch': 0.04}
{'loss': 6.1342, 'learning_rate': 0.00010278350515463917, 'epoch': 0.04}
{'loss': 6.0932, 'learning_rate': 0.00010273195876288659, 'epoch': 0.04}
{'loss': 6.2018, 'learning_rate': 0.00010268041237113401, 'epoch': 0.04}
{'loss': 6.0786, 'learning_rate': 0.00010262886597938145, 'epoch': 0.04}
{'loss': 5.9956, 'learning_rate': 0.00010257731958762887, 'epoch': 0.04}
{'loss': 6.0506, 'learning_rate': 0.00010252577319587629, 'epoch': 0.04}
{'loss': 6.1735, 'learning_rate': 0.00010247422680412371, 'epoch': 0.04}
{'loss': 6.1786, 'learning_rate': 0.00010242268041237113, 'epoch': 0.04}
{'loss': 6.0965, 'learning_rate': 0.00010237113402061855, 'epoch': 0.04}
{'loss': 6.0542, 'learning_rate': 0.00010231958762886597, 'epoch': 0.04}
{'loss': 6.1304, 'learning_rate': 0.0001022680412371134, 'epoch': 0.04}
{'loss': 6.1466, 'learning_rate': 0.00010221649484536083, 'epoch': 0.04}
{'loss': 6.1585, 'learning_rate': 0.00010216494845360825, 'epoch': 0.04}
{'loss': 6.0602, 'learning_rate': 0.00010211340206185567, 'epoch': 0.04}
{'loss': 6.1281, 'learning_rate': 0.00010206185567010309, 'epoch': 0.04}
{'loss': 6.1302, 'learning_rate': 0.00010201030927835051, 'epoch': 0.04}
{'loss': 6.1332, 'learning_rate': 0.00010195876288659793, 'epoch': 0.04}
{'loss': 6.1063, 'learning_rate': 0.00010190721649484536, 'epoch': 0.04}
{'loss': 6.1458, 'learning_rate': 0.00010185567010309279, 'epoch': 0.04}
{'loss': 6.0624, 'learning_rate': 0.0001018041237113402, 'epoch': 0.04}
{'loss': 6.1204, 'learning_rate': 0.00010175257731958763, 'epoch': 0.04}
{'loss': 6.2683, 'learning_rate': 0.00010170103092783505, 'epoch': 0.04}
{'loss': 6.1278, 'learning_rate': 0.00010164948453608247, 'epoch': 0.04}
{'loss': 6.1691, 'learning_rate': 0.00010159793814432989, 'epoch': 0.04}
{'loss': 6.097, 'learning_rate': 0.00010154639175257732, 'epoch': 0.04}
{'loss': 6.1175, 'learning_rate': 0.00010149484536082475, 'epoch': 0.04}
{'loss': 6.1689, 'learning_rate': 0.00010144329896907217, 'epoch': 0.04}
{'loss': 6.1054, 'learning_rate': 0.00010139175257731959, 'epoch': 0.04}
{'loss': 6.1342, 'learning_rate': 0.00010134020618556701, 'epoch': 0.04}
{'loss': 6.1476, 'learning_rate': 0.00010128865979381443, 'epoch': 0.04}
{'loss': 6.1139, 'learning_rate': 0.00010123711340206185, 'epoch': 0.04}
{'loss': 6.0742, 'learning_rate': 0.00010118556701030928, 'epoch': 0.04}
{'loss': 6.1956, 'learning_rate': 0.0001011340206185567, 'epoch': 0.04}
{'loss': 6.0859, 'learning_rate': 0.00010108247422680413, 'epoch': 0.04}
{'loss': 6.2001, 'learning_rate': 0.00010103092783505155, 'epoch': 0.04}
{'loss': 6.0612, 'learning_rate': 0.00010097938144329897, 'epoch': 0.04}
{'loss': 6.1431, 'learning_rate': 0.00010092783505154639, 'epoch': 0.04}
{'loss': 6.0508, 'learning_rate': 0.00010087628865979382, 'epoch': 0.04}
{'loss': 6.0993, 'learning_rate': 0.00010082474226804124, 'epoch': 0.04}
{'loss': 6.1593, 'learning_rate': 0.00010077319587628866, 'epoch': 0.04}
{'loss': 6.2446, 'learning_rate': 0.00010072164948453609, 'epoch': 0.04}
{'loss': 6.1447, 'learning_rate': 0.0001006701030927835, 'epoch': 0.04}
{'loss': 6.0279, 'learning_rate': 0.00010061855670103093, 'epoch': 0.04}
{'loss': 6.1627, 'learning_rate': 0.00010056701030927835, 'epoch': 0.04}
{'loss': 6.1122, 'learning_rate': 0.00010051546391752578, 'epoch': 0.04}
{'loss': 6.1873, 'learning_rate': 0.0001004639175257732, 'epoch': 0.04}
{'loss': 6.0816, 'learning_rate': 0.00010041237113402062, 'epoch': 0.04}
{'loss': 6.1257, 'learning_rate': 0.00010036082474226805, 'epoch': 0.04}
{'loss': 6.0748, 'learning_rate': 0.00010030927835051547, 'epoch': 0.04}
{'loss': 6.0842, 'learning_rate': 0.00010025773195876289, 'epoch': 0.04}
{'loss': 6.1816, 'learning_rate': 0.00010020618556701031, 'epoch': 0.04}
{'loss': 6.2073, 'learning_rate': 0.00010015463917525774, 'epoch': 0.04}
{'loss': 6.1249, 'learning_rate': 0.00010010309278350516, 'epoch': 0.04}
{'loss': 6.0897, 'learning_rate': 0.00010005154639175258, 'epoch': 0.04}
{'loss': 6.0181, 'learning_rate': 0.0001, 'epoch': 0.04}
{'loss': 6.1899, 'learning_rate': 9.994845360824743e-05, 'epoch': 0.04}
{'loss': 6.1142, 'learning_rate': 9.989690721649485e-05, 'epoch': 0.04}
{'loss': 6.194, 'learning_rate': 9.984536082474227e-05, 'epoch': 0.04}
{'loss': 6.192, 'learning_rate': 9.97938144329897e-05, 'epoch': 0.04}
{'loss': 6.125, 'learning_rate': 9.974226804123712e-05, 'epoch': 0.04}
{'loss': 5.9788, 'learning_rate': 9.969072164948454e-05, 'epoch': 0.04}
{'loss': 6.1801, 'learning_rate': 9.963917525773196e-05, 'epoch': 0.04}
{'loss': 6.0656, 'learning_rate': 9.958762886597939e-05, 'epoch': 0.04}
{'loss': 6.1919, 'learning_rate': 9.95360824742268e-05, 'epoch': 0.04}
{'loss': 6.1515, 'learning_rate': 9.948453608247423e-05, 'epoch': 0.04}
{'loss': 6.1138, 'learning_rate': 9.943298969072166e-05, 'epoch': 0.04}
{'loss': 6.0429, 'learning_rate': 9.938144329896908e-05, 'epoch': 0.04}
{'loss': 6.0861, 'learning_rate': 9.93298969072165e-05, 'epoch': 0.04}
{'loss': 6.174, 'learning_rate': 9.927835051546392e-05, 'epoch': 0.04}
{'loss': 6.0956, 'learning_rate': 9.922680412371134e-05, 'epoch': 0.04}
{'loss': 6.1759, 'learning_rate': 9.917525773195877e-05, 'epoch': 0.04}
{'loss': 6.1041, 'learning_rate': 9.912371134020619e-05, 'epoch': 0.04}
{'loss': 6.2014, 'learning_rate': 9.907216494845362e-05, 'epoch': 0.04}
{'loss': 6.0386, 'learning_rate': 9.902061855670104e-05, 'epoch': 0.04}
{'loss': 6.1483, 'learning_rate': 9.896907216494846e-05, 'epoch': 0.04}
{'loss': 6.0657, 'learning_rate': 9.891752577319588e-05, 'epoch': 0.04}
{'loss': 6.1262, 'learning_rate': 9.88659793814433e-05, 'epoch': 0.04}
{'loss': 6.157, 'learning_rate': 9.881443298969073e-05, 'epoch': 0.04}
{'loss': 6.0983, 'learning_rate': 9.876288659793816e-05, 'epoch': 0.04}
{'loss': 6.1912, 'learning_rate': 9.871134020618558e-05, 'epoch': 0.04}
{'loss': 6.1489, 'learning_rate': 9.8659793814433e-05, 'epoch': 0.04}
{'loss': 6.1475, 'learning_rate': 9.860824742268042e-05, 'epoch': 0.04}
{'loss': 6.1246, 'learning_rate': 9.855670103092784e-05, 'epoch': 0.04}
{'loss': 6.1176, 'learning_rate': 9.850515463917526e-05, 'epoch': 0.04}
{'loss': 6.1672, 'learning_rate': 9.845360824742269e-05, 'epoch': 0.04}
{'loss': 5.9593, 'learning_rate': 9.84020618556701e-05, 'epoch': 0.04}
{'loss': 6.0941, 'learning_rate': 9.835051546391753e-05, 'epoch': 0.04}
{'loss': 6.1033, 'learning_rate': 9.829896907216495e-05, 'epoch': 0.04}
{'loss': 6.1704, 'learning_rate': 9.824742268041237e-05, 'epoch': 0.04}
{'loss': 6.0097, 'learning_rate': 9.819587628865979e-05, 'epoch': 0.04}
{'loss': 6.0908, 'learning_rate': 9.814432989690721e-05, 'epoch': 0.04}
{'loss': 6.037, 'learning_rate': 9.809278350515464e-05, 'epoch': 0.04}
{'loss': 6.0902, 'learning_rate': 9.804123711340207e-05, 'epoch': 0.04}
{'loss': 5.9945, 'learning_rate': 9.798969072164949e-05, 'epoch': 0.04}
{'loss': 6.1388, 'learning_rate': 9.793814432989691e-05, 'epoch': 0.04}
{'loss': 6.0758, 'learning_rate': 9.788659793814433e-05, 'epoch': 0.04}
{'loss': 6.0795, 'learning_rate': 9.783505154639175e-05, 'epoch': 0.04}
{'loss': 6.1499, 'learning_rate': 9.778350515463918e-05, 'epoch': 0.04}
{'loss': 6.0186, 'learning_rate': 9.77319587628866e-05, 'epoch': 0.04}
{'loss': 6.1595, 'learning_rate': 9.768041237113403e-05, 'epoch': 0.04}
{'loss': 6.0627, 'learning_rate': 9.762886597938145e-05, 'epoch': 0.04}
{'loss': 6.1156, 'learning_rate': 9.757731958762887e-05, 'epoch': 0.04}
{'loss': 6.0478, 'learning_rate': 9.752577319587629e-05, 'epoch': 0.04}
{'loss': 6.1657, 'learning_rate': 9.747422680412371e-05, 'epoch': 0.04}
{'loss': 6.2157, 'learning_rate': 9.742268041237114e-05, 'epoch': 0.04}
{'loss': 6.0934, 'learning_rate': 9.737113402061856e-05, 'epoch': 0.04}
{'loss': 6.0934, 'learning_rate': 9.731958762886598e-05, 'epoch': 0.04}
{'loss': 6.1245, 'learning_rate': 9.72680412371134e-05, 'epoch': 0.04}
{'loss': 6.1229, 'learning_rate': 9.721649484536083e-05, 'epoch': 0.04}
{'loss': 6.1397, 'learning_rate': 9.716494845360825e-05, 'epoch': 0.04}
{'loss': 6.1341, 'learning_rate': 9.711340206185567e-05, 'epoch': 0.04}
{'loss': 6.125, 'learning_rate': 9.70618556701031e-05, 'epoch': 0.04}
{'loss': 6.1554, 'learning_rate': 9.701030927835052e-05, 'epoch': 0.04}
{'loss': 6.1382, 'learning_rate': 9.695876288659794e-05, 'epoch': 0.04}
{'loss': 6.052, 'learning_rate': 9.690721649484537e-05, 'epoch': 0.04}
{'loss': 6.158, 'learning_rate': 9.685567010309279e-05, 'epoch': 0.04}
{'loss': 6.1575, 'learning_rate': 9.680412371134021e-05, 'epoch': 0.04}
{'loss': 6.155, 'learning_rate': 9.675257731958763e-05, 'epoch': 0.04}
{'loss': 6.0466, 'learning_rate': 9.670103092783506e-05, 'epoch': 0.04}
{'loss': 6.1199, 'learning_rate': 9.664948453608248e-05, 'epoch': 0.04}
{'loss': 6.082, 'learning_rate': 9.65979381443299e-05, 'epoch': 0.04}
{'loss': 6.1068, 'learning_rate': 9.654639175257732e-05, 'epoch': 0.04}
{'loss': 6.143, 'learning_rate': 9.649484536082475e-05, 'epoch': 0.04}
{'loss': 6.0477, 'learning_rate': 9.644329896907217e-05, 'epoch': 0.04}
{'loss': 6.1687, 'learning_rate': 9.639175257731959e-05, 'epoch': 0.04}
{'loss': 6.0369, 'learning_rate': 9.634020618556702e-05, 'epoch': 0.04}
{'loss': 6.1324, 'learning_rate': 9.628865979381444e-05, 'epoch': 0.04}
{'loss': 6.1131, 'learning_rate': 9.623711340206186e-05, 'epoch': 0.04}
{'loss': 6.187, 'learning_rate': 9.618556701030928e-05, 'epoch': 0.04}
{'loss': 6.1536, 'learning_rate': 9.61340206185567e-05, 'epoch': 0.04}
{'loss': 6.0698, 'learning_rate': 9.608247422680413e-05, 'epoch': 0.04}
{'loss': 6.1164, 'learning_rate': 9.603092783505156e-05, 'epoch': 0.04}
{'loss': 6.2338, 'learning_rate': 9.597938144329898e-05, 'epoch': 0.04}
{'loss': 6.0896, 'learning_rate': 9.59278350515464e-05, 'epoch': 0.04}
{'loss': 6.1782, 'learning_rate': 9.587628865979382e-05, 'epoch': 0.04}
{'loss': 6.0962, 'learning_rate': 9.582474226804124e-05, 'epoch': 0.04}
{'loss': 6.1037, 'learning_rate': 9.577319587628867e-05, 'epoch': 0.04}
{'loss': 6.1149, 'learning_rate': 9.572164948453609e-05, 'epoch': 0.04}
{'loss': 6.0512, 'learning_rate': 9.567010309278352e-05, 'epoch': 0.04}
{'loss': 6.1268, 'learning_rate': 9.561855670103094e-05, 'epoch': 0.04}
{'loss': 6.1039, 'learning_rate': 9.556701030927836e-05, 'epoch': 0.04}
{'loss': 6.0589, 'learning_rate': 9.551546391752578e-05, 'epoch': 0.04}
{'loss': 6.1099, 'learning_rate': 9.54639175257732e-05, 'epoch': 0.04}
{'loss': 6.1187, 'learning_rate': 9.541237113402062e-05, 'epoch': 0.04}
{'loss': 6.0829, 'learning_rate': 9.536082474226805e-05, 'epoch': 0.04}
{'loss': 6.1171, 'learning_rate': 9.530927835051547e-05, 'epoch': 0.04}
{'loss': 5.9972, 'learning_rate': 9.525773195876289e-05, 'epoch': 0.04}
{'loss': 6.1225, 'learning_rate': 9.520618556701031e-05, 'epoch': 0.04}
{'loss': 6.1318, 'learning_rate': 9.515463917525773e-05, 'epoch': 0.04}
{'loss': 6.1258, 'learning_rate': 9.510309278350515e-05, 'epoch': 0.04}
{'loss': 6.1597, 'learning_rate': 9.505154639175257e-05, 'epoch': 0.04}
{'loss': 6.0376, 'learning_rate': 9.5e-05, 'epoch': 0.04}
{'loss': 6.1631, 'learning_rate': 9.494845360824743e-05, 'epoch': 0.04}
{'loss': 6.0419, 'learning_rate': 9.489690721649485e-05, 'epoch': 0.04}
{'loss': 6.1041, 'learning_rate': 9.484536082474227e-05, 'epoch': 0.04}
{'loss': 6.1581, 'learning_rate': 9.479381443298969e-05, 'epoch': 0.04}
{'loss': 6.0462, 'learning_rate': 9.474226804123711e-05, 'epoch': 0.04}
{'loss': 6.0705, 'learning_rate': 9.469072164948454e-05, 'epoch': 0.04}
{'loss': 6.0459, 'learning_rate': 9.463917525773196e-05, 'epoch': 0.04}
{'loss': 6.1281, 'learning_rate': 9.458762886597939e-05, 'epoch': 0.04}
{'loss': 6.0332, 'learning_rate': 9.45360824742268e-05, 'epoch': 0.04}
{'loss': 5.9802, 'learning_rate': 9.448453608247423e-05, 'epoch': 0.04}
{'loss': 6.0833, 'learning_rate': 9.443298969072165e-05, 'epoch': 0.04}
{'loss': 6.1054, 'learning_rate': 9.438144329896907e-05, 'epoch': 0.04}
{'loss': 6.1156, 'learning_rate': 9.43298969072165e-05, 'epoch': 0.04}
{'loss': 6.064, 'learning_rate': 9.427835051546392e-05, 'epoch': 0.04}
{'loss': 6.0866, 'learning_rate': 9.422680412371135e-05, 'epoch': 0.04}
{'loss': 6.1649, 'learning_rate': 9.417525773195877e-05, 'epoch': 0.04}
{'loss': 6.1225, 'learning_rate': 9.412371134020619e-05, 'epoch': 0.04}
{'loss': 6.0881, 'learning_rate': 9.407216494845361e-05, 'epoch': 0.04}
{'loss': 6.1169, 'learning_rate': 9.402061855670103e-05, 'epoch': 0.04}
{'loss': 6.0701, 'learning_rate': 9.396907216494846e-05, 'epoch': 0.04}
{'loss': 6.0407, 'learning_rate': 9.391752577319588e-05, 'epoch': 0.04}
{'loss': 6.1714, 'learning_rate': 9.38659793814433e-05, 'epoch': 0.04}
{'loss': 6.1531, 'learning_rate': 9.381443298969073e-05, 'epoch': 0.04}
{'loss': 5.9629, 'learning_rate': 9.376288659793815e-05, 'epoch': 0.04}
{'loss': 6.106, 'learning_rate': 9.371134020618557e-05, 'epoch': 0.04}
{'loss': 6.1841, 'learning_rate': 9.365979381443299e-05, 'epoch': 0.04}
{'loss': 6.0939, 'learning_rate': 9.360824742268042e-05, 'epoch': 0.04}
{'loss': 6.0667, 'learning_rate': 9.355670103092784e-05, 'epoch': 0.04}
{'loss': 6.0908, 'learning_rate': 9.350515463917526e-05, 'epoch': 0.04}
{'loss': 6.1256, 'learning_rate': 9.345360824742269e-05, 'epoch': 0.04}
{'loss': 6.0859, 'learning_rate': 9.34020618556701e-05, 'epoch': 0.04}
{'loss': 6.1204, 'learning_rate': 9.335051546391753e-05, 'epoch': 0.04}
{'loss': 6.0096, 'learning_rate': 9.329896907216495e-05, 'epoch': 0.04}
{'loss': 6.0398, 'learning_rate': 9.324742268041238e-05, 'epoch': 0.04}
{'loss': 6.119, 'learning_rate': 9.31958762886598e-05, 'epoch': 0.04}
{'loss': 6.1002, 'learning_rate': 9.314432989690722e-05, 'epoch': 0.04}
{'loss': 6.0706, 'learning_rate': 9.309278350515465e-05, 'epoch': 0.04}
{'loss': 6.0675, 'learning_rate': 9.304123711340207e-05, 'epoch': 0.04}
{'loss': 6.1501, 'learning_rate': 9.298969072164949e-05, 'epoch': 0.04}
{'loss': 6.0134, 'learning_rate': 9.293814432989692e-05, 'epoch': 0.04}
{'loss': 6.0575, 'learning_rate': 9.288659793814434e-05, 'epoch': 0.04}
{'loss': 6.0392, 'learning_rate': 9.283505154639176e-05, 'epoch': 0.04}
{'loss': 6.1725, 'learning_rate': 9.278350515463918e-05, 'epoch': 0.04}
{'loss': 6.0684, 'learning_rate': 9.27319587628866e-05, 'epoch': 0.04}
{'loss': 6.1019, 'learning_rate': 9.268041237113403e-05, 'epoch': 0.04}
{'loss': 6.1857, 'learning_rate': 9.262886597938145e-05, 'epoch': 0.04}
{'loss': 6.1172, 'learning_rate': 9.257731958762888e-05, 'epoch': 0.04}
{'loss': 6.1884, 'learning_rate': 9.25257731958763e-05, 'epoch': 0.04}
{'loss': 6.0358, 'learning_rate': 9.247422680412372e-05, 'epoch': 0.04}
{'loss': 6.0533, 'learning_rate': 9.242268041237114e-05, 'epoch': 0.04}
{'loss': 6.1263, 'learning_rate': 9.237113402061856e-05, 'epoch': 0.04}
{'loss': 6.0608, 'learning_rate': 9.231958762886599e-05, 'epoch': 0.04}
{'loss': 6.0284, 'learning_rate': 9.22680412371134e-05, 'epoch': 0.04}
{'loss': 6.2291, 'learning_rate': 9.221649484536084e-05, 'epoch': 0.04}
{'loss': 6.1192, 'learning_rate': 9.216494845360825e-05, 'epoch': 0.04}
{'loss': 6.1072, 'learning_rate': 9.211340206185567e-05, 'epoch': 0.04}
{'loss': 6.1439, 'learning_rate': 9.206185567010309e-05, 'epoch': 0.04}
{'loss': 6.0393, 'learning_rate': 9.201030927835051e-05, 'epoch': 0.04}
{'loss': 6.0753, 'learning_rate': 9.195876288659793e-05, 'epoch': 0.04}
{'loss': 6.1523, 'learning_rate': 9.190721649484537e-05, 'epoch': 0.04}
{'loss': 6.158, 'learning_rate': 9.185567010309279e-05, 'epoch': 0.04}
{'loss': 6.109, 'learning_rate': 9.180412371134021e-05, 'epoch': 0.04}
{'loss': 6.146, 'learning_rate': 9.175257731958763e-05, 'epoch': 0.04}
{'loss': 6.147, 'learning_rate': 9.170103092783505e-05, 'epoch': 0.04}
{'loss': 6.0651, 'learning_rate': 9.164948453608247e-05, 'epoch': 0.04}
{'loss': 6.0447, 'learning_rate': 9.15979381443299e-05, 'epoch': 0.04}
{'loss': 6.101, 'learning_rate': 9.154639175257733e-05, 'epoch': 0.04}
{'loss': 6.1714, 'learning_rate': 9.149484536082475e-05, 'epoch': 0.04}
{'loss': 6.0889, 'learning_rate': 9.144329896907217e-05, 'epoch': 0.04}
{'loss': 6.2264, 'learning_rate': 9.139175257731959e-05, 'epoch': 0.04}
{'loss': 6.1549, 'learning_rate': 9.134020618556701e-05, 'epoch': 0.04}
{'loss': 6.0596, 'learning_rate': 9.128865979381443e-05, 'epoch': 0.04}
{'loss': 6.1502, 'learning_rate': 9.123711340206186e-05, 'epoch': 0.04}
{'loss': 6.0639, 'learning_rate': 9.118556701030929e-05, 'epoch': 0.04}
{'loss': 6.1272, 'learning_rate': 9.11340206185567e-05, 'epoch': 0.04}
{'loss': 6.1214, 'learning_rate': 9.108247422680413e-05, 'epoch': 0.04}
{'loss': 6.0996, 'learning_rate': 9.103092783505155e-05, 'epoch': 0.04}
{'loss': 6.0501, 'learning_rate': 9.097938144329897e-05, 'epoch': 0.04}
{'loss': 6.029, 'learning_rate': 9.092783505154639e-05, 'epoch': 0.04}
{'loss': 6.0877, 'learning_rate': 9.087628865979382e-05, 'epoch': 0.04}
{'loss': 6.0728, 'learning_rate': 9.082474226804124e-05, 'epoch': 0.04}
{'loss': 6.0624, 'learning_rate': 9.077319587628867e-05, 'epoch': 0.04}
{'loss': 5.9623, 'learning_rate': 9.072164948453609e-05, 'epoch': 0.04}
{'loss': 6.0696, 'learning_rate': 9.067010309278351e-05, 'epoch': 0.04}
{'loss': 6.1036, 'learning_rate': 9.061855670103093e-05, 'epoch': 0.04}
{'loss': 6.0645, 'learning_rate': 9.056701030927835e-05, 'epoch': 0.04}
{'loss': 6.107, 'learning_rate': 9.051546391752578e-05, 'epoch': 0.04}
{'loss': 6.0799, 'learning_rate': 9.04639175257732e-05, 'epoch': 0.04}
{'loss': 6.0862, 'learning_rate': 9.041237113402063e-05, 'epoch': 0.04}
{'loss': 6.0682, 'learning_rate': 9.036082474226805e-05, 'epoch': 0.04}
{'loss': 6.0841, 'learning_rate': 9.030927835051547e-05, 'epoch': 0.04}
{'loss': 6.0596, 'learning_rate': 9.025773195876289e-05, 'epoch': 0.04}
{'loss': 6.1011, 'learning_rate': 9.020618556701031e-05, 'epoch': 0.04}
{'loss': 6.0462, 'learning_rate': 9.015463917525774e-05, 'epoch': 0.04}
{'loss': 6.0573, 'learning_rate': 9.010309278350516e-05, 'epoch': 0.04}
{'loss': 6.1078, 'learning_rate': 9.005154639175258e-05, 'epoch': 0.04}
{'loss': 6.012, 'learning_rate': 9e-05, 'epoch': 0.04}
{'loss': 6.129, 'learning_rate': 8.994845360824743e-05, 'epoch': 0.04}
{'loss': 6.2362, 'learning_rate': 8.989690721649485e-05, 'epoch': 0.04}
{'loss': 6.1269, 'learning_rate': 8.984536082474228e-05, 'epoch': 0.04}
{'loss': 6.0485, 'learning_rate': 8.97938144329897e-05, 'epoch': 0.04}
{'loss': 6.1472, 'learning_rate': 8.974226804123712e-05, 'epoch': 0.04}
{'loss': 6.1003, 'learning_rate': 8.969072164948454e-05, 'epoch': 0.04}
{'loss': 6.1201, 'learning_rate': 8.963917525773197e-05, 'epoch': 0.04}
{'loss': 6.1766, 'learning_rate': 8.958762886597939e-05, 'epoch': 0.04}
{'loss': 5.9762, 'learning_rate': 8.953608247422681e-05, 'epoch': 0.04}
{'loss': 6.1032, 'learning_rate': 8.948453608247424e-05, 'epoch': 0.04}
{'loss': 6.0992, 'learning_rate': 8.943298969072166e-05, 'epoch': 0.04}
{'loss': 6.0232, 'learning_rate': 8.938144329896908e-05, 'epoch': 0.04}
{'loss': 6.0705, 'learning_rate': 8.93298969072165e-05, 'epoch': 0.04}
{'loss': 6.0688, 'learning_rate': 8.927835051546392e-05, 'epoch': 0.04}
{'loss': 6.1483, 'learning_rate': 8.922680412371135e-05, 'epoch': 0.04}
{'loss': 6.1587, 'learning_rate': 8.917525773195877e-05, 'epoch': 0.04}
{'loss': 6.1279, 'learning_rate': 8.91237113402062e-05, 'epoch': 0.04}
{'loss': 6.1317, 'learning_rate': 8.907216494845362e-05, 'epoch': 0.04}
{'loss': 6.0663, 'learning_rate': 8.902061855670103e-05, 'epoch': 0.04}
{'loss': 6.0986, 'learning_rate': 8.896907216494845e-05, 'epoch': 0.04}
{'loss': 6.0418, 'learning_rate': 8.891752577319587e-05, 'epoch': 0.04}
{'loss': 6.043, 'learning_rate': 8.886597938144329e-05, 'epoch': 0.04}
{'loss': 6.2131, 'learning_rate': 8.881443298969073e-05, 'epoch': 0.04}
{'loss': 6.0908, 'learning_rate': 8.876288659793815e-05, 'epoch': 0.04}
{'loss': 6.054, 'learning_rate': 8.871134020618557e-05, 'epoch': 0.04}
{'loss': 6.0929, 'learning_rate': 8.865979381443299e-05, 'epoch': 0.04}
{'loss': 6.0299, 'learning_rate': 8.860824742268041e-05, 'epoch': 0.04}
{'loss': 6.0071, 'learning_rate': 8.855670103092783e-05, 'epoch': 0.04}
{'loss': 6.109, 'learning_rate': 8.850515463917527e-05, 'epoch': 0.04}
{'loss': 6.018, 'learning_rate': 8.845360824742269e-05, 'epoch': 0.04}
{'loss': 6.0403, 'learning_rate': 8.840206185567011e-05, 'epoch': 0.04}
{'loss': 6.0297, 'learning_rate': 8.835051546391753e-05, 'epoch': 0.04}
{'loss': 6.1306, 'learning_rate': 8.829896907216495e-05, 'epoch': 0.04}
{'loss': 6.0451, 'learning_rate': 8.824742268041237e-05, 'epoch': 0.04}
{'loss': 6.1307, 'learning_rate': 8.819587628865979e-05, 'epoch': 0.04}
{'loss': 6.1206, 'learning_rate': 8.814432989690722e-05, 'epoch': 0.04}
{'loss': 6.1669, 'learning_rate': 8.809278350515465e-05, 'epoch': 0.04}
{'loss': 6.025, 'learning_rate': 8.804123711340207e-05, 'epoch': 0.04}
{'loss': 6.1004, 'learning_rate': 8.798969072164949e-05, 'epoch': 0.04}
{'loss': 6.0625, 'learning_rate': 8.793814432989691e-05, 'epoch': 0.04}
{'loss': 6.1005, 'learning_rate': 8.788659793814433e-05, 'epoch': 0.04}
{'loss': 5.9906, 'learning_rate': 8.783505154639175e-05, 'epoch': 0.04}
{'loss': 6.1384, 'learning_rate': 8.778350515463918e-05, 'epoch': 0.04}
{'loss': 6.1087, 'learning_rate': 8.77319587628866e-05, 'epoch': 0.04}
{'loss': 6.0611, 'learning_rate': 8.768041237113403e-05, 'epoch': 0.04}
{'loss': 6.0771, 'learning_rate': 8.762886597938145e-05, 'epoch': 0.04}
{'loss': 6.104, 'learning_rate': 8.757731958762887e-05, 'epoch': 0.04}
{'loss': 6.1535, 'learning_rate': 8.752577319587629e-05, 'epoch': 0.04}
{'loss': 6.0646, 'learning_rate': 8.747422680412371e-05, 'epoch': 0.04}
{'loss': 6.0419, 'learning_rate': 8.742268041237114e-05, 'epoch': 0.04}
{'loss': 6.1379, 'learning_rate': 8.737113402061856e-05, 'epoch': 0.04}
{'loss': 6.0742, 'learning_rate': 8.731958762886599e-05, 'epoch': 0.04}
{'loss': 6.0773, 'learning_rate': 8.72680412371134e-05, 'epoch': 0.04}
{'loss': 6.1175, 'learning_rate': 8.721649484536083e-05, 'epoch': 0.04}
{'loss': 6.0882, 'learning_rate': 8.716494845360825e-05, 'epoch': 0.04}
{'loss': 6.0098, 'learning_rate': 8.711340206185567e-05, 'epoch': 0.04}
{'loss': 6.0319, 'learning_rate': 8.70618556701031e-05, 'epoch': 0.04}
{'loss': 6.0677, 'learning_rate': 8.701030927835052e-05, 'epoch': 0.04}
{'loss': 5.9861, 'learning_rate': 8.695876288659795e-05, 'epoch': 0.04}
{'loss': 6.047, 'learning_rate': 8.690721649484537e-05, 'epoch': 0.04}
{'loss': 6.1261, 'learning_rate': 8.685567010309279e-05, 'epoch': 0.04}
{'loss': 6.1024, 'learning_rate': 8.680412371134021e-05, 'epoch': 0.04}
{'loss': 6.069, 'learning_rate': 8.675257731958764e-05, 'epoch': 0.04}
{'loss': 6.1272, 'learning_rate': 8.670103092783506e-05, 'epoch': 0.04}
{'loss': 6.1846, 'learning_rate': 8.664948453608248e-05, 'epoch': 0.04}
{'loss': 6.123, 'learning_rate': 8.65979381443299e-05, 'epoch': 0.04}
{'loss': 5.9799, 'learning_rate': 8.654639175257733e-05, 'epoch': 0.04}
{'loss': 6.1475, 'learning_rate': 8.649484536082475e-05, 'epoch': 0.04}
{'loss': 6.1896, 'learning_rate': 8.644329896907217e-05, 'epoch': 0.04}
{'loss': 6.1612, 'learning_rate': 8.63917525773196e-05, 'epoch': 0.04}
{'loss': 6.1629, 'learning_rate': 8.634020618556702e-05, 'epoch': 0.04}
{'loss': 6.0665, 'learning_rate': 8.628865979381444e-05, 'epoch': 0.04}
{'loss': 6.0628, 'learning_rate': 8.623711340206186e-05, 'epoch': 0.04}
{'loss': 6.1565, 'learning_rate': 8.618556701030929e-05, 'epoch': 0.04}
{'loss': 6.0371, 'learning_rate': 8.61340206185567e-05, 'epoch': 0.04}
{'loss': 6.1845, 'learning_rate': 8.608247422680413e-05, 'epoch': 0.04}
{'loss': 6.0959, 'learning_rate': 8.603092783505156e-05, 'epoch': 0.04}
{'loss': 6.1002, 'learning_rate': 8.597938144329898e-05, 'epoch': 0.04}
{'loss': 6.1274, 'learning_rate': 8.592783505154639e-05, 'epoch': 0.04}
{'loss': 6.2104, 'learning_rate': 8.587628865979381e-05, 'epoch': 0.04}
{'loss': 6.0883, 'learning_rate': 8.582474226804123e-05, 'epoch': 0.04}
{'loss': 6.0199, 'learning_rate': 8.577319587628865e-05, 'epoch': 0.04}
{'loss': 6.0334, 'learning_rate': 8.572164948453609e-05, 'epoch': 0.04}
{'loss': 6.0719, 'learning_rate': 8.567010309278351e-05, 'epoch': 0.04}
{'loss': 6.0686, 'learning_rate': 8.561855670103093e-05, 'epoch': 0.04}
{'loss': 6.1217, 'learning_rate': 8.556701030927835e-05, 'epoch': 0.04}
{'loss': 6.1287, 'learning_rate': 8.551546391752577e-05, 'epoch': 0.04}
{'loss': 6.0951, 'learning_rate': 8.546391752577319e-05, 'epoch': 0.04}
{'loss': 6.0676, 'learning_rate': 8.541237113402063e-05, 'epoch': 0.04}
{'loss': 5.9958, 'learning_rate': 8.536082474226805e-05, 'epoch': 0.04}
{'loss': 6.0713, 'learning_rate': 8.530927835051547e-05, 'epoch': 0.04}
{'loss': 6.0685, 'learning_rate': 8.525773195876289e-05, 'epoch': 0.04}
{'loss': 6.0838, 'learning_rate': 8.520618556701031e-05, 'epoch': 0.04}
{'loss': 6.0642, 'learning_rate': 8.515463917525773e-05, 'epoch': 0.04}
{'loss': 6.0784, 'learning_rate': 8.510309278350515e-05, 'epoch': 0.04}
{'loss': 6.0645, 'learning_rate': 8.505154639175259e-05, 'epoch': 0.04}
{'loss': 6.1179, 'learning_rate': 8.5e-05, 'epoch': 0.04}
{'loss': 6.0941, 'learning_rate': 8.494845360824743e-05, 'epoch': 0.04}
{'loss': 6.1703, 'learning_rate': 8.489690721649485e-05, 'epoch': 0.04}
{'loss': 6.1235, 'learning_rate': 8.484536082474227e-05, 'epoch': 0.04}
{'loss': 6.1062, 'learning_rate': 8.479381443298969e-05, 'epoch': 0.04}
{'loss': 6.1293, 'learning_rate': 8.474226804123711e-05, 'epoch': 0.04}
{'loss': 6.1972, 'learning_rate': 8.469072164948454e-05, 'epoch': 0.04}
{'loss': 6.1012, 'learning_rate': 8.463917525773197e-05, 'epoch': 0.04}
{'loss': 6.0894, 'learning_rate': 8.458762886597939e-05, 'epoch': 0.04}
{'loss': 6.0977, 'learning_rate': 8.453608247422681e-05, 'epoch': 0.04}
{'loss': 6.051, 'learning_rate': 8.448453608247423e-05, 'epoch': 0.04}
{'loss': 6.1211, 'learning_rate': 8.443298969072165e-05, 'epoch': 0.04}
{'loss': 6.1513, 'learning_rate': 8.438144329896907e-05, 'epoch': 0.04}
{'loss': 6.1374, 'learning_rate': 8.43298969072165e-05, 'epoch': 0.04}
{'loss': 6.0696, 'learning_rate': 8.427835051546393e-05, 'epoch': 0.04}
{'loss': 6.0629, 'learning_rate': 8.422680412371135e-05, 'epoch': 0.04}
{'loss': 6.0767, 'learning_rate': 8.417525773195877e-05, 'epoch': 0.04}
{'loss': 6.1241, 'learning_rate': 8.412371134020619e-05, 'epoch': 0.04}
{'loss': 6.1185, 'learning_rate': 8.407216494845361e-05, 'epoch': 0.04}
{'loss': 6.135, 'learning_rate': 8.402061855670103e-05, 'epoch': 0.04}
{'loss': 6.0393, 'learning_rate': 8.396907216494846e-05, 'epoch': 0.04}
{'loss': 6.0601, 'learning_rate': 8.391752577319589e-05, 'epoch': 0.04}
{'loss': 5.9418, 'learning_rate': 8.38659793814433e-05, 'epoch': 0.04}
{'loss': 6.0721, 'learning_rate': 8.381443298969073e-05, 'epoch': 0.04}
{'loss': 6.0472, 'learning_rate': 8.376288659793815e-05, 'epoch': 0.04}
{'loss': 6.0219, 'learning_rate': 8.371134020618557e-05, 'epoch': 0.04}
{'loss': 6.0562, 'learning_rate': 8.3659793814433e-05, 'epoch': 0.04}
{'loss': 6.1372, 'learning_rate': 8.360824742268042e-05, 'epoch': 0.04}
{'loss': 6.1568, 'learning_rate': 8.355670103092784e-05, 'epoch': 0.04}
{'loss': 6.0632, 'learning_rate': 8.350515463917527e-05, 'epoch': 0.04}
{'loss': 6.1882, 'learning_rate': 8.345360824742269e-05, 'epoch': 0.04}
{'loss': 6.0444, 'learning_rate': 8.340206185567011e-05, 'epoch': 0.04}
{'loss': 6.0732, 'learning_rate': 8.335051546391753e-05, 'epoch': 0.04}
{'loss': 6.1125, 'learning_rate': 8.329896907216496e-05, 'epoch': 0.04}
{'loss': 6.0503, 'learning_rate': 8.324742268041238e-05, 'epoch': 0.04}
{'loss': 6.0581, 'learning_rate': 8.31958762886598e-05, 'epoch': 0.04}
{'loss': 6.0612, 'learning_rate': 8.314432989690723e-05, 'epoch': 0.04}
{'loss': 6.0582, 'learning_rate': 8.309278350515465e-05, 'epoch': 0.04}
{'loss': 6.0237, 'learning_rate': 8.304123711340207e-05, 'epoch': 0.04}
{'loss': 6.1157, 'learning_rate': 8.298969072164949e-05, 'epoch': 0.04}
{'loss': 6.0245, 'learning_rate': 8.293814432989692e-05, 'epoch': 0.04}
{'loss': 6.1149, 'learning_rate': 8.288659793814434e-05, 'epoch': 0.04}
{'loss': 6.0001, 'learning_rate': 8.283505154639176e-05, 'epoch': 0.04}
{'loss': 6.119, 'learning_rate': 8.278350515463917e-05, 'epoch': 0.05}
{'loss': 6.0177, 'learning_rate': 8.273195876288659e-05, 'epoch': 0.05}
{'loss': 6.0827, 'learning_rate': 8.268041237113401e-05, 'epoch': 0.05}
{'loss': 6.0793, 'learning_rate': 8.262886597938145e-05, 'epoch': 0.05}
{'loss': 6.1278, 'learning_rate': 8.257731958762887e-05, 'epoch': 0.05}
{'loss': 5.953, 'learning_rate': 8.252577319587629e-05, 'epoch': 0.05}
{'loss': 6.0733, 'learning_rate': 8.247422680412371e-05, 'epoch': 0.05}
{'loss': 6.0283, 'learning_rate': 8.242268041237113e-05, 'epoch': 0.05}
{'loss': 6.0721, 'learning_rate': 8.237113402061855e-05, 'epoch': 0.05}
{'loss': 6.0486, 'learning_rate': 8.231958762886599e-05, 'epoch': 0.05}
{'loss': 6.1207, 'learning_rate': 8.226804123711341e-05, 'epoch': 0.05}
{'loss': 6.0551, 'learning_rate': 8.221649484536083e-05, 'epoch': 0.05}
{'loss': 6.1031, 'learning_rate': 8.216494845360825e-05, 'epoch': 0.05}
{'loss': 6.1155, 'learning_rate': 8.211340206185567e-05, 'epoch': 0.05}
{'loss': 6.1209, 'learning_rate': 8.206185567010309e-05, 'epoch': 0.05}
{'loss': 6.0719, 'learning_rate': 8.201030927835051e-05, 'epoch': 0.05}
{'loss': 6.0943, 'learning_rate': 8.195876288659795e-05, 'epoch': 0.05}
{'loss': 6.1055, 'learning_rate': 8.190721649484537e-05, 'epoch': 0.05}
{'loss': 6.0247, 'learning_rate': 8.185567010309279e-05, 'epoch': 0.05}
{'loss': 6.0319, 'learning_rate': 8.180412371134021e-05, 'epoch': 0.05}
{'loss': 6.1057, 'learning_rate': 8.175257731958763e-05, 'epoch': 0.05}
{'loss': 6.1172, 'learning_rate': 8.170103092783505e-05, 'epoch': 0.05}
{'loss': 6.087, 'learning_rate': 8.164948453608247e-05, 'epoch': 0.05}
{'loss': 6.1376, 'learning_rate': 8.15979381443299e-05, 'epoch': 0.05}
{'loss': 6.0762, 'learning_rate': 8.154639175257733e-05, 'epoch': 0.05}
{'loss': 5.9914, 'learning_rate': 8.149484536082475e-05, 'epoch': 0.05}
{'loss': 6.1313, 'learning_rate': 8.144329896907217e-05, 'epoch': 0.05}
{'loss': 6.0542, 'learning_rate': 8.139175257731959e-05, 'epoch': 0.05}
{'loss': 6.1299, 'learning_rate': 8.134020618556701e-05, 'epoch': 0.05}
{'loss': 6.1418, 'learning_rate': 8.128865979381443e-05, 'epoch': 0.05}
{'loss': 6.0274, 'learning_rate': 8.123711340206187e-05, 'epoch': 0.05}
{'loss': 5.9993, 'learning_rate': 8.118556701030929e-05, 'epoch': 0.05}
{'loss': 6.0626, 'learning_rate': 8.113402061855671e-05, 'epoch': 0.05}
{'loss': 6.0726, 'learning_rate': 8.108247422680413e-05, 'epoch': 0.05}
{'loss': 6.0602, 'learning_rate': 8.103092783505155e-05, 'epoch': 0.05}
{'loss': 6.0575, 'learning_rate': 8.097938144329897e-05, 'epoch': 0.05}
{'loss': 6.1214, 'learning_rate': 8.092783505154639e-05, 'epoch': 0.05}
{'loss': 6.0511, 'learning_rate': 8.087628865979382e-05, 'epoch': 0.05}
{'loss': 6.0541, 'learning_rate': 8.082474226804125e-05, 'epoch': 0.05}
{'loss': 6.0853, 'learning_rate': 8.077319587628867e-05, 'epoch': 0.05}
{'loss': 6.0695, 'learning_rate': 8.072164948453609e-05, 'epoch': 0.05}
{'loss': 6.1489, 'learning_rate': 8.067010309278351e-05, 'epoch': 0.05}
{'loss': 6.1559, 'learning_rate': 8.061855670103093e-05, 'epoch': 0.05}
{'loss': 5.9929, 'learning_rate': 8.056701030927836e-05, 'epoch': 0.05}
{'loss': 6.0909, 'learning_rate': 8.051546391752578e-05, 'epoch': 0.05}
{'loss': 6.089, 'learning_rate': 8.04639175257732e-05, 'epoch': 0.05}
{'loss': 6.1139, 'learning_rate': 8.041237113402063e-05, 'epoch': 0.05}
{'loss': 6.0847, 'learning_rate': 8.036082474226805e-05, 'epoch': 0.05}
{'loss': 6.0222, 'learning_rate': 8.030927835051547e-05, 'epoch': 0.05}
{'loss': 6.0904, 'learning_rate': 8.025773195876289e-05, 'epoch': 0.05}
{'loss': 6.093, 'learning_rate': 8.020618556701032e-05, 'epoch': 0.05}
{'loss': 6.0687, 'learning_rate': 8.015463917525774e-05, 'epoch': 0.05}
{'loss': 6.0881, 'learning_rate': 8.010309278350516e-05, 'epoch': 0.05}
{'loss': 6.0927, 'learning_rate': 8.005154639175259e-05, 'epoch': 0.05}
{'loss': 6.0713, 'learning_rate': 8e-05, 'epoch': 0.05}
{'loss': 6.0623, 'learning_rate': 7.994845360824743e-05, 'epoch': 0.05}
{'loss': 6.0088, 'learning_rate': 7.989690721649485e-05, 'epoch': 0.05}
{'loss': 6.045, 'learning_rate': 7.984536082474228e-05, 'epoch': 0.05}
{'loss': 6.1855, 'learning_rate': 7.97938144329897e-05, 'epoch': 0.05}
{'loss': 5.9491, 'learning_rate': 7.974226804123712e-05, 'epoch': 0.05}
{'loss': 6.113, 'learning_rate': 7.969072164948455e-05, 'epoch': 0.05}
{'loss': 5.9982, 'learning_rate': 7.963917525773195e-05, 'epoch': 0.05}
{'loss': 5.9968, 'learning_rate': 7.958762886597937e-05, 'epoch': 0.05}
{'loss': 6.1431, 'learning_rate': 7.953608247422681e-05, 'epoch': 0.05}
{'loss': 6.0984, 'learning_rate': 7.948453608247423e-05, 'epoch': 0.05}
{'loss': 6.1546, 'learning_rate': 7.943298969072165e-05, 'epoch': 0.05}
{'loss': 6.0965, 'learning_rate': 7.938144329896907e-05, 'epoch': 0.05}
{'loss': 6.071, 'learning_rate': 7.932989690721649e-05, 'epoch': 0.05}
{'loss': 6.1066, 'learning_rate': 7.927835051546391e-05, 'epoch': 0.05}
{'loss': 6.0275, 'learning_rate': 7.922680412371135e-05, 'epoch': 0.05}
{'loss': 6.1185, 'learning_rate': 7.917525773195877e-05, 'epoch': 0.05}
{'loss': 6.1128, 'learning_rate': 7.912371134020619e-05, 'epoch': 0.05}
{'loss': 6.1853, 'learning_rate': 7.907216494845361e-05, 'epoch': 0.05}
{'loss': 6.0533, 'learning_rate': 7.902061855670103e-05, 'epoch': 0.05}
{'loss': 6.0182, 'learning_rate': 7.896907216494845e-05, 'epoch': 0.05}
{'loss': 6.1126, 'learning_rate': 7.891752577319587e-05, 'epoch': 0.05}
{'loss': 6.0519, 'learning_rate': 7.88659793814433e-05, 'epoch': 0.05}
{'loss': 6.0832, 'learning_rate': 7.881443298969073e-05, 'epoch': 0.05}
{'loss': 6.0767, 'learning_rate': 7.876288659793815e-05, 'epoch': 0.05}
{'loss': 6.0041, 'learning_rate': 7.871134020618557e-05, 'epoch': 0.05}
{'loss': 6.0933, 'learning_rate': 7.865979381443299e-05, 'epoch': 0.05}
{'loss': 6.1467, 'learning_rate': 7.860824742268041e-05, 'epoch': 0.05}
{'loss': 5.9251, 'learning_rate': 7.855670103092783e-05, 'epoch': 0.05}
{'loss': 6.1708, 'learning_rate': 7.850515463917527e-05, 'epoch': 0.05}
{'loss': 6.0291, 'learning_rate': 7.845360824742269e-05, 'epoch': 0.05}
{'loss': 6.1085, 'learning_rate': 7.840206185567011e-05, 'epoch': 0.05}
{'loss': 6.0306, 'learning_rate': 7.835051546391753e-05, 'epoch': 0.05}
{'loss': 6.1633, 'learning_rate': 7.829896907216495e-05, 'epoch': 0.05}
{'loss': 6.0115, 'learning_rate': 7.824742268041237e-05, 'epoch': 0.05}
{'loss': 6.0193, 'learning_rate': 7.819587628865979e-05, 'epoch': 0.05}
{'loss': 6.0041, 'learning_rate': 7.814432989690723e-05, 'epoch': 0.05}
{'loss': 6.1395, 'learning_rate': 7.809278350515465e-05, 'epoch': 0.05}
{'loss': 6.1247, 'learning_rate': 7.804123711340207e-05, 'epoch': 0.05}
{'loss': 6.0789, 'learning_rate': 7.798969072164949e-05, 'epoch': 0.05}
{'loss': 6.063, 'learning_rate': 7.793814432989691e-05, 'epoch': 0.05}
{'loss': 5.9768, 'learning_rate': 7.788659793814433e-05, 'epoch': 0.05}
{'loss': 5.9917, 'learning_rate': 7.783505154639175e-05, 'epoch': 0.05}
{'loss': 6.1181, 'learning_rate': 7.778350515463919e-05, 'epoch': 0.05}
{'loss': 6.0664, 'learning_rate': 7.77319587628866e-05, 'epoch': 0.05}
{'loss': 6.1611, 'learning_rate': 7.768041237113403e-05, 'epoch': 0.05}
{'loss': 6.0295, 'learning_rate': 7.762886597938145e-05, 'epoch': 0.05}
{'loss': 6.1338, 'learning_rate': 7.757731958762887e-05, 'epoch': 0.05}
{'loss': 6.0179, 'learning_rate': 7.752577319587629e-05, 'epoch': 0.05}
{'loss': 6.0679, 'learning_rate': 7.747422680412372e-05, 'epoch': 0.05}
{'loss': 6.0185, 'learning_rate': 7.742268041237114e-05, 'epoch': 0.05}
{'loss': 6.0816, 'learning_rate': 7.737113402061857e-05, 'epoch': 0.05}
{'loss': 6.1209, 'learning_rate': 7.731958762886599e-05, 'epoch': 0.05}
{'loss': 6.0626, 'learning_rate': 7.726804123711341e-05, 'epoch': 0.05}
{'loss': 6.1226, 'learning_rate': 7.721649484536083e-05, 'epoch': 0.05}
{'loss': 5.9797, 'learning_rate': 7.716494845360825e-05, 'epoch': 0.05}
{'loss': 6.0836, 'learning_rate': 7.711340206185568e-05, 'epoch': 0.05}
{'loss': 6.0971, 'learning_rate': 7.70618556701031e-05, 'epoch': 0.05}
{'loss': 6.1021, 'learning_rate': 7.701030927835053e-05, 'epoch': 0.05}
{'loss': 6.0889, 'learning_rate': 7.695876288659795e-05, 'epoch': 0.05}
{'loss': 6.0426, 'learning_rate': 7.690721649484537e-05, 'epoch': 0.05}
{'loss': 6.0186, 'learning_rate': 7.685567010309279e-05, 'epoch': 0.05}
{'loss': 5.9756, 'learning_rate': 7.680412371134021e-05, 'epoch': 0.05}
{'loss': 6.1337, 'learning_rate': 7.675257731958764e-05, 'epoch': 0.05}
{'loss': 6.1115, 'learning_rate': 7.670103092783506e-05, 'epoch': 0.05}
{'loss': 6.0893, 'learning_rate': 7.664948453608248e-05, 'epoch': 0.05}
{'loss': 5.9987, 'learning_rate': 7.65979381443299e-05, 'epoch': 0.05}
{'loss': 6.0047, 'learning_rate': 7.654639175257731e-05, 'epoch': 0.05}
{'loss': 6.1571, 'learning_rate': 7.649484536082473e-05, 'epoch': 0.05}
{'loss': 6.0179, 'learning_rate': 7.644329896907217e-05, 'epoch': 0.05}
{'loss': 5.9849, 'learning_rate': 7.639175257731959e-05, 'epoch': 0.05}
{'loss': 6.0539, 'learning_rate': 7.634020618556701e-05, 'epoch': 0.05}
{'loss': 6.1934, 'learning_rate': 7.628865979381443e-05, 'epoch': 0.05}
{'loss': 5.9288, 'learning_rate': 7.623711340206185e-05, 'epoch': 0.05}
{'loss': 5.942, 'learning_rate': 7.618556701030927e-05, 'epoch': 0.05}
{'loss': 6.0564, 'learning_rate': 7.613402061855671e-05, 'epoch': 0.05}
{'loss': 6.0471, 'learning_rate': 7.608247422680413e-05, 'epoch': 0.05}
{'loss': 6.1096, 'learning_rate': 7.603092783505155e-05, 'epoch': 0.05}
{'loss': 6.0322, 'learning_rate': 7.597938144329897e-05, 'epoch': 0.05}
{'loss': 5.9928, 'learning_rate': 7.592783505154639e-05, 'epoch': 0.05}
{'loss': 6.0266, 'learning_rate': 7.587628865979381e-05, 'epoch': 0.05}
{'loss': 6.0122, 'learning_rate': 7.582474226804123e-05, 'epoch': 0.05}
{'loss': 6.0735, 'learning_rate': 7.577319587628867e-05, 'epoch': 0.05}
{'loss': 6.0765, 'learning_rate': 7.572164948453609e-05, 'epoch': 0.05}
{'loss': 6.0527, 'learning_rate': 7.567010309278351e-05, 'epoch': 0.05}
{'loss': 6.0572, 'learning_rate': 7.561855670103093e-05, 'epoch': 0.05}
{'loss': 6.036, 'learning_rate': 7.556701030927835e-05, 'epoch': 0.05}
{'loss': 6.1711, 'learning_rate': 7.551546391752577e-05, 'epoch': 0.05}
{'loss': 6.098, 'learning_rate': 7.546391752577319e-05, 'epoch': 0.05}
{'loss': 6.0654, 'learning_rate': 7.541237113402063e-05, 'epoch': 0.05}
{'loss': 6.0994, 'learning_rate': 7.536082474226805e-05, 'epoch': 0.05}
{'loss': 6.0216, 'learning_rate': 7.530927835051547e-05, 'epoch': 0.05}
{'loss': 6.0791, 'learning_rate': 7.525773195876289e-05, 'epoch': 0.05}
{'loss': 6.0321, 'learning_rate': 7.520618556701031e-05, 'epoch': 0.05}
{'loss': 6.0916, 'learning_rate': 7.515463917525773e-05, 'epoch': 0.05}
{'loss': 6.1171, 'learning_rate': 7.510309278350515e-05, 'epoch': 0.05}
{'loss': 6.1471, 'learning_rate': 7.505154639175259e-05, 'epoch': 0.05}
{'loss': 6.1431, 'learning_rate': 7.500000000000001e-05, 'epoch': 0.05}
{'loss': 5.9614, 'learning_rate': 7.494845360824743e-05, 'epoch': 0.05}
{'loss': 6.0549, 'learning_rate': 7.489690721649485e-05, 'epoch': 0.05}
{'loss': 6.137, 'learning_rate': 7.484536082474227e-05, 'epoch': 0.05}
{'loss': 6.1191, 'learning_rate': 7.479381443298969e-05, 'epoch': 0.05}
{'loss': 6.1161, 'learning_rate': 7.474226804123711e-05, 'epoch': 0.05}
{'loss': 6.0614, 'learning_rate': 7.469072164948455e-05, 'epoch': 0.05}
{'loss': 6.065, 'learning_rate': 7.463917525773197e-05, 'epoch': 0.05}
{'loss': 6.0232, 'learning_rate': 7.458762886597939e-05, 'epoch': 0.05}
{'loss': 6.0111, 'learning_rate': 7.453608247422681e-05, 'epoch': 0.05}
{'loss': 6.0963, 'learning_rate': 7.448453608247423e-05, 'epoch': 0.05}
{'loss': 6.0865, 'learning_rate': 7.443298969072165e-05, 'epoch': 0.05}
{'loss': 5.978, 'learning_rate': 7.438144329896908e-05, 'epoch': 0.05}
{'loss': 6.0569, 'learning_rate': 7.43298969072165e-05, 'epoch': 0.05}
{'loss': 6.1246, 'learning_rate': 7.427835051546393e-05, 'epoch': 0.05}
{'loss': 6.0605, 'learning_rate': 7.422680412371135e-05, 'epoch': 0.05}
{'loss': 6.1058, 'learning_rate': 7.417525773195877e-05, 'epoch': 0.05}
{'loss': 6.0436, 'learning_rate': 7.412371134020619e-05, 'epoch': 0.05}
{'loss': 6.0911, 'learning_rate': 7.407216494845361e-05, 'epoch': 0.05}
{'loss': 5.9337, 'learning_rate': 7.402061855670104e-05, 'epoch': 0.05}
{'loss': 6.1477, 'learning_rate': 7.396907216494847e-05, 'epoch': 0.05}
{'loss': 5.9931, 'learning_rate': 7.391752577319589e-05, 'epoch': 0.05}
{'loss': 6.081, 'learning_rate': 7.38659793814433e-05, 'epoch': 0.05}
{'loss': 6.0811, 'learning_rate': 7.381443298969073e-05, 'epoch': 0.05}
{'loss': 6.0525, 'learning_rate': 7.376288659793815e-05, 'epoch': 0.05}
{'loss': 6.0569, 'learning_rate': 7.371134020618557e-05, 'epoch': 0.05}
{'loss': 6.0838, 'learning_rate': 7.3659793814433e-05, 'epoch': 0.05}
{'loss': 6.0044, 'learning_rate': 7.360824742268042e-05, 'epoch': 0.05}
{'loss': 6.0962, 'learning_rate': 7.355670103092785e-05, 'epoch': 0.05}
{'loss': 6.0928, 'learning_rate': 7.350515463917527e-05, 'epoch': 0.05}
{'loss': 6.0445, 'learning_rate': 7.345360824742269e-05, 'epoch': 0.05}
{'loss': 6.1598, 'learning_rate': 7.34020618556701e-05, 'epoch': 0.05}
{'loss': 6.0896, 'learning_rate': 7.335051546391753e-05, 'epoch': 0.05}
{'loss': 6.1415, 'learning_rate': 7.329896907216495e-05, 'epoch': 0.05}
{'loss': 6.1318, 'learning_rate': 7.324742268041237e-05, 'epoch': 0.05}
{'loss': 6.0767, 'learning_rate': 7.319587628865979e-05, 'epoch': 0.05}
{'loss': 5.9353, 'learning_rate': 7.314432989690721e-05, 'epoch': 0.05}
{'loss': 6.0362, 'learning_rate': 7.309278350515463e-05, 'epoch': 0.05}
{'loss': 6.0715, 'learning_rate': 7.304123711340207e-05, 'epoch': 0.05}
{'loss': 6.0469, 'learning_rate': 7.298969072164949e-05, 'epoch': 0.05}
{'loss': 6.0593, 'learning_rate': 7.293814432989691e-05, 'epoch': 0.05}
{'loss': 6.0625, 'learning_rate': 7.288659793814433e-05, 'epoch': 0.05}
{'loss': 6.1009, 'learning_rate': 7.283505154639175e-05, 'epoch': 0.05}
{'loss': 6.0997, 'learning_rate': 7.278350515463917e-05, 'epoch': 0.05}
{'loss': 5.9601, 'learning_rate': 7.273195876288659e-05, 'epoch': 0.05}
{'loss': 5.9174, 'learning_rate': 7.268041237113403e-05, 'epoch': 0.05}
{'loss': 6.13, 'learning_rate': 7.262886597938145e-05, 'epoch': 0.05}
{'loss': 6.0527, 'learning_rate': 7.257731958762887e-05, 'epoch': 0.05}
{'loss': 6.1447, 'learning_rate': 7.252577319587629e-05, 'epoch': 0.05}
{'loss': 6.0904, 'learning_rate': 7.247422680412371e-05, 'epoch': 0.05}
{'loss': 6.0979, 'learning_rate': 7.242268041237113e-05, 'epoch': 0.05}
{'loss': 6.0385, 'learning_rate': 7.237113402061855e-05, 'epoch': 0.05}
{'loss': 6.0038, 'learning_rate': 7.231958762886599e-05, 'epoch': 0.05}
{'loss': 6.1234, 'learning_rate': 7.226804123711341e-05, 'epoch': 0.05}
{'loss': 6.0863, 'learning_rate': 7.221649484536083e-05, 'epoch': 0.05}
{'loss': 6.0548, 'learning_rate': 7.216494845360825e-05, 'epoch': 0.05}
{'loss': 6.0174, 'learning_rate': 7.211340206185567e-05, 'epoch': 0.05}
{'loss': 6.1032, 'learning_rate': 7.206185567010309e-05, 'epoch': 0.05}
{'loss': 6.0083, 'learning_rate': 7.201030927835051e-05, 'epoch': 0.05}
{'loss': 6.0294, 'learning_rate': 7.195876288659795e-05, 'epoch': 0.05}
{'loss': 6.1736, 'learning_rate': 7.190721649484537e-05, 'epoch': 0.05}
{'loss': 6.0489, 'learning_rate': 7.185567010309279e-05, 'epoch': 0.05}
{'loss': 6.0482, 'learning_rate': 7.180412371134021e-05, 'epoch': 0.05}
{'loss': 6.1182, 'learning_rate': 7.175257731958763e-05, 'epoch': 0.05}
{'loss': 6.052, 'learning_rate': 7.170103092783505e-05, 'epoch': 0.05}
{'loss': 5.9942, 'learning_rate': 7.164948453608247e-05, 'epoch': 0.05}
{'loss': 5.9774, 'learning_rate': 7.15979381443299e-05, 'epoch': 0.05}
{'loss': 6.0822, 'learning_rate': 7.154639175257733e-05, 'epoch': 0.05}
{'loss': 6.117, 'learning_rate': 7.149484536082475e-05, 'epoch': 0.05}
{'loss': 6.0309, 'learning_rate': 7.144329896907217e-05, 'epoch': 0.05}
{'loss': 5.9889, 'learning_rate': 7.139175257731959e-05, 'epoch': 0.05}
{'loss': 6.1117, 'learning_rate': 7.134020618556701e-05, 'epoch': 0.05}
{'loss': 5.9877, 'learning_rate': 7.128865979381445e-05, 'epoch': 0.05}
{'loss': 6.0371, 'learning_rate': 7.123711340206187e-05, 'epoch': 0.05}
{'loss': 6.1071, 'learning_rate': 7.118556701030929e-05, 'epoch': 0.05}
{'loss': 5.9859, 'learning_rate': 7.113402061855671e-05, 'epoch': 0.05}
{'loss': 6.0843, 'learning_rate': 7.108247422680413e-05, 'epoch': 0.05}
{'loss': 6.0763, 'learning_rate': 7.103092783505155e-05, 'epoch': 0.05}
{'loss': 6.0598, 'learning_rate': 7.097938144329897e-05, 'epoch': 0.05}
{'loss': 6.0015, 'learning_rate': 7.09278350515464e-05, 'epoch': 0.05}
{'loss': 6.1855, 'learning_rate': 7.087628865979383e-05, 'epoch': 0.05}
{'loss': 6.1157, 'learning_rate': 7.082474226804125e-05, 'epoch': 0.05}
{'loss': 6.1391, 'learning_rate': 7.077319587628867e-05, 'epoch': 0.05}
{'loss': 6.0641, 'learning_rate': 7.072164948453609e-05, 'epoch': 0.05}
{'loss': 6.0299, 'learning_rate': 7.067010309278351e-05, 'epoch': 0.05}
{'loss': 5.9197, 'learning_rate': 7.061855670103093e-05, 'epoch': 0.05}
{'loss': 6.0167, 'learning_rate': 7.056701030927836e-05, 'epoch': 0.05}
{'loss': 6.0858, 'learning_rate': 7.051546391752579e-05, 'epoch': 0.05}
{'loss': 6.058, 'learning_rate': 7.04639175257732e-05, 'epoch': 0.05}
{'loss': 5.8912, 'learning_rate': 7.041237113402063e-05, 'epoch': 0.05}
{'loss': 6.0848, 'learning_rate': 7.036082474226805e-05, 'epoch': 0.05}
{'loss': 6.0569, 'learning_rate': 7.030927835051546e-05, 'epoch': 0.05}
{'loss': 6.0011, 'learning_rate': 7.025773195876289e-05, 'epoch': 0.05}
{'loss': 6.0379, 'learning_rate': 7.020618556701031e-05, 'epoch': 0.05}
{'loss': 6.0572, 'learning_rate': 7.015463917525773e-05, 'epoch': 0.05}
{'loss': 6.0622, 'learning_rate': 7.010309278350515e-05, 'epoch': 0.05}
{'loss': 5.9401, 'learning_rate': 7.005154639175257e-05, 'epoch': 0.05}
{'loss': 6.1248, 'learning_rate': 7e-05, 'epoch': 0.05}
{'loss': 6.106, 'learning_rate': 6.994845360824743e-05, 'epoch': 0.05}
{'loss': 6.0026, 'learning_rate': 6.989690721649485e-05, 'epoch': 0.05}
{'loss': 6.013, 'learning_rate': 6.984536082474227e-05, 'epoch': 0.05}
{'loss': 6.0444, 'learning_rate': 6.979381443298969e-05, 'epoch': 0.05}
{'loss': 6.0721, 'learning_rate': 6.974226804123711e-05, 'epoch': 0.05}
{'loss': 6.0949, 'learning_rate': 6.969072164948453e-05, 'epoch': 0.05}
{'loss': 6.056, 'learning_rate': 6.963917525773195e-05, 'epoch': 0.05}
{'loss': 6.0015, 'learning_rate': 6.958762886597939e-05, 'epoch': 0.05}
{'loss': 6.0706, 'learning_rate': 6.953608247422681e-05, 'epoch': 0.05}
{'loss': 6.0512, 'learning_rate': 6.948453608247423e-05, 'epoch': 0.05}
{'loss': 6.0628, 'learning_rate': 6.943298969072165e-05, 'epoch': 0.05}
{'loss': 6.1062, 'learning_rate': 6.938144329896907e-05, 'epoch': 0.05}
{'loss': 6.0382, 'learning_rate': 6.932989690721649e-05, 'epoch': 0.05}
{'loss': 5.9284, 'learning_rate': 6.927835051546391e-05, 'epoch': 0.05}
{'loss': 6.0662, 'learning_rate': 6.922680412371135e-05, 'epoch': 0.05}
{'loss': 6.072, 'learning_rate': 6.917525773195877e-05, 'epoch': 0.05}
{'loss': 6.0824, 'learning_rate': 6.912371134020619e-05, 'epoch': 0.05}
{'loss': 6.0108, 'learning_rate': 6.907216494845361e-05, 'epoch': 0.05}
{'loss': 6.1202, 'learning_rate': 6.902061855670103e-05, 'epoch': 0.05}
{'loss': 6.044, 'learning_rate': 6.896907216494845e-05, 'epoch': 0.05}
{'loss': 6.1093, 'learning_rate': 6.891752577319587e-05, 'epoch': 0.05}
{'loss': 6.078, 'learning_rate': 6.886597938144331e-05, 'epoch': 0.05}
{'loss': 6.0683, 'learning_rate': 6.881443298969073e-05, 'epoch': 0.05}
{'loss': 6.0429, 'learning_rate': 6.876288659793815e-05, 'epoch': 0.05}
{'loss': 6.1176, 'learning_rate': 6.871134020618557e-05, 'epoch': 0.05}
{'loss': 6.1761, 'learning_rate': 6.865979381443299e-05, 'epoch': 0.05}
{'loss': 6.0882, 'learning_rate': 6.860824742268041e-05, 'epoch': 0.05}
{'loss': 5.9948, 'learning_rate': 6.855670103092783e-05, 'epoch': 0.05}
{'loss': 6.0222, 'learning_rate': 6.850515463917527e-05, 'epoch': 0.05}
{'loss': 6.0055, 'learning_rate': 6.845360824742269e-05, 'epoch': 0.05}
{'loss': 6.1055, 'learning_rate': 6.840206185567011e-05, 'epoch': 0.05}
{'loss': 6.0797, 'learning_rate': 6.835051546391753e-05, 'epoch': 0.05}
{'loss': 6.1106, 'learning_rate': 6.829896907216495e-05, 'epoch': 0.05}
{'loss': 5.9184, 'learning_rate': 6.824742268041237e-05, 'epoch': 0.05}
{'loss': 6.0414, 'learning_rate': 6.81958762886598e-05, 'epoch': 0.05}
{'loss': 6.0865, 'learning_rate': 6.814432989690723e-05, 'epoch': 0.05}
{'loss': 6.1429, 'learning_rate': 6.809278350515465e-05, 'epoch': 0.05}
{'loss': 6.0667, 'learning_rate': 6.804123711340207e-05, 'epoch': 0.05}
{'loss': 5.9852, 'learning_rate': 6.798969072164949e-05, 'epoch': 0.05}
{'loss': 6.1236, 'learning_rate': 6.793814432989691e-05, 'epoch': 0.05}
{'loss': 5.9919, 'learning_rate': 6.788659793814433e-05, 'epoch': 0.05}
{'loss': 6.0551, 'learning_rate': 6.783505154639177e-05, 'epoch': 0.05}
{'loss': 6.0043, 'learning_rate': 6.778350515463919e-05, 'epoch': 0.05}
{'loss': 6.0382, 'learning_rate': 6.773195876288661e-05, 'epoch': 0.05}
{'loss': 6.0111, 'learning_rate': 6.768041237113403e-05, 'epoch': 0.05}
{'loss': 6.0046, 'learning_rate': 6.762886597938145e-05, 'epoch': 0.05}
{'loss': 5.9701, 'learning_rate': 6.757731958762887e-05, 'epoch': 0.05}
{'loss': 6.1283, 'learning_rate': 6.752577319587629e-05, 'epoch': 0.05}
{'loss': 5.9926, 'learning_rate': 6.747422680412372e-05, 'epoch': 0.05}
{'loss': 6.147, 'learning_rate': 6.742268041237115e-05, 'epoch': 0.05}
{'loss': 6.0271, 'learning_rate': 6.737113402061857e-05, 'epoch': 0.05}
{'loss': 6.1041, 'learning_rate': 6.731958762886599e-05, 'epoch': 0.05}
{'loss': 6.0867, 'learning_rate': 6.726804123711341e-05, 'epoch': 0.05}
{'loss': 6.0819, 'learning_rate': 6.721649484536083e-05, 'epoch': 0.05}
{'loss': 6.0473, 'learning_rate': 6.716494845360825e-05, 'epoch': 0.05}
{'loss': 6.0166, 'learning_rate': 6.711340206185567e-05, 'epoch': 0.05}
{'loss': 5.9643, 'learning_rate': 6.706185567010309e-05, 'epoch': 0.05}
{'loss': 6.0205, 'learning_rate': 6.701030927835051e-05, 'epoch': 0.05}
{'loss': 5.9999, 'learning_rate': 6.695876288659793e-05, 'epoch': 0.05}
{'loss': 6.0496, 'learning_rate': 6.690721649484535e-05, 'epoch': 0.05}
{'loss': 5.9874, 'learning_rate': 6.685567010309279e-05, 'epoch': 0.05}
{'loss': 6.1095, 'learning_rate': 6.680412371134021e-05, 'epoch': 0.05}
{'loss': 6.1111, 'learning_rate': 6.675257731958763e-05, 'epoch': 0.05}
{'loss': 6.1419, 'learning_rate': 6.670103092783505e-05, 'epoch': 0.05}
{'loss': 6.0672, 'learning_rate': 6.664948453608247e-05, 'epoch': 0.05}
{'loss': 5.9818, 'learning_rate': 6.659793814432989e-05, 'epoch': 0.05}
{'loss': 6.0317, 'learning_rate': 6.654639175257731e-05, 'epoch': 0.05}
{'loss': 6.0658, 'learning_rate': 6.649484536082475e-05, 'epoch': 0.05}
{'loss': 6.1236, 'learning_rate': 6.644329896907217e-05, 'epoch': 0.05}
{'loss': 5.9369, 'learning_rate': 6.639175257731959e-05, 'epoch': 0.05}
{'loss': 6.0139, 'learning_rate': 6.634020618556701e-05, 'epoch': 0.05}
{'loss': 5.9748, 'learning_rate': 6.628865979381443e-05, 'epoch': 0.05}
{'loss': 6.0521, 'learning_rate': 6.623711340206185e-05, 'epoch': 0.05}
{'loss': 6.1151, 'learning_rate': 6.618556701030927e-05, 'epoch': 0.05}
{'loss': 6.0695, 'learning_rate': 6.613402061855671e-05, 'epoch': 0.05}
{'loss': 6.016, 'learning_rate': 6.608247422680413e-05, 'epoch': 0.05}
{'loss': 5.9529, 'learning_rate': 6.603092783505155e-05, 'epoch': 0.05}
{'loss': 6.0288, 'learning_rate': 6.597938144329897e-05, 'epoch': 0.05}
{'loss': 6.037, 'learning_rate': 6.592783505154639e-05, 'epoch': 0.05}
{'loss': 6.0102, 'learning_rate': 6.587628865979381e-05, 'epoch': 0.05}
{'loss': 6.095, 'learning_rate': 6.582474226804123e-05, 'epoch': 0.05}
{'loss': 6.1063, 'learning_rate': 6.577319587628867e-05, 'epoch': 0.05}
{'loss': 6.1474, 'learning_rate': 6.572164948453609e-05, 'epoch': 0.05}
{'loss': 6.02, 'learning_rate': 6.567010309278351e-05, 'epoch': 0.05}
{'loss': 5.9867, 'learning_rate': 6.561855670103093e-05, 'epoch': 0.05}
{'loss': 5.9493, 'learning_rate': 6.556701030927835e-05, 'epoch': 0.05}
{'loss': 6.1637, 'learning_rate': 6.551546391752577e-05, 'epoch': 0.05}
{'loss': 6.0284, 'learning_rate': 6.546391752577319e-05, 'epoch': 0.05}
{'loss': 6.0901, 'learning_rate': 6.541237113402063e-05, 'epoch': 0.05}
{'loss': 6.0682, 'learning_rate': 6.536082474226805e-05, 'epoch': 0.05}
{'loss': 6.0562, 'learning_rate': 6.530927835051547e-05, 'epoch': 0.05}
{'loss': 6.0585, 'learning_rate': 6.525773195876289e-05, 'epoch': 0.05}
{'loss': 5.9915, 'learning_rate': 6.520618556701031e-05, 'epoch': 0.05}
{'loss': 6.1157, 'learning_rate': 6.515463917525773e-05, 'epoch': 0.05}
{'loss': 6.0777, 'learning_rate': 6.510309278350517e-05, 'epoch': 0.05}
{'loss': 6.1372, 'learning_rate': 6.505154639175259e-05, 'epoch': 0.05}
{'loss': 6.0202, 'learning_rate': 6.500000000000001e-05, 'epoch': 0.05}
{'loss': 6.1716, 'learning_rate': 6.494845360824743e-05, 'epoch': 0.05}
{'loss': 6.0036, 'learning_rate': 6.489690721649485e-05, 'epoch': 0.05}
{'loss': 6.0854, 'learning_rate': 6.484536082474227e-05, 'epoch': 0.05}
{'loss': 5.9855, 'learning_rate': 6.479381443298969e-05, 'epoch': 0.05}
{'loss': 6.0254, 'learning_rate': 6.474226804123713e-05, 'epoch': 0.05}
{'loss': 6.0826, 'learning_rate': 6.469072164948455e-05, 'epoch': 0.05}
{'loss': 6.0836, 'learning_rate': 6.463917525773197e-05, 'epoch': 0.05}
{'loss': 6.0393, 'learning_rate': 6.458762886597939e-05, 'epoch': 0.05}
{'loss': 6.0326, 'learning_rate': 6.453608247422681e-05, 'epoch': 0.05}
{'loss': 6.0396, 'learning_rate': 6.448453608247423e-05, 'epoch': 0.05}
{'loss': 6.0505, 'learning_rate': 6.443298969072165e-05, 'epoch': 0.05}
{'loss': 6.107, 'learning_rate': 6.438144329896909e-05, 'epoch': 0.05}
{'loss': 6.096, 'learning_rate': 6.43298969072165e-05, 'epoch': 0.05}
{'loss': 6.0516, 'learning_rate': 6.427835051546393e-05, 'epoch': 0.05}
{'loss': 6.0801, 'learning_rate': 6.422680412371135e-05, 'epoch': 0.05}
{'loss': 6.069, 'learning_rate': 6.417525773195877e-05, 'epoch': 0.05}
{'loss': 6.0463, 'learning_rate': 6.412371134020619e-05, 'epoch': 0.05}
{'loss': 6.008, 'learning_rate': 6.407216494845361e-05, 'epoch': 0.05}
{'loss': 6.1539, 'learning_rate': 6.402061855670103e-05, 'epoch': 0.05}
{'loss': 5.9684, 'learning_rate': 6.396907216494845e-05, 'epoch': 0.05}
{'loss': 6.0205, 'learning_rate': 6.391752577319587e-05, 'epoch': 0.05}
{'loss': 6.0831, 'learning_rate': 6.38659793814433e-05, 'epoch': 0.05}
{'loss': 6.0442, 'learning_rate': 6.381443298969071e-05, 'epoch': 0.05}
{'loss': 6.065, 'learning_rate': 6.376288659793815e-05, 'epoch': 0.05}
{'loss': 5.973, 'learning_rate': 6.371134020618557e-05, 'epoch': 0.05}
{'loss': 6.0008, 'learning_rate': 6.365979381443299e-05, 'epoch': 0.05}
{'loss': 6.0735, 'learning_rate': 6.360824742268041e-05, 'epoch': 0.05}
{'loss': 5.9509, 'learning_rate': 6.355670103092783e-05, 'epoch': 0.05}
{'loss': 6.0322, 'learning_rate': 6.350515463917525e-05, 'epoch': 0.05}
{'loss': 6.0736, 'learning_rate': 6.345360824742267e-05, 'epoch': 0.05}
{'loss': 6.0411, 'learning_rate': 6.340206185567011e-05, 'epoch': 0.05}
{'loss': 5.9521, 'learning_rate': 6.335051546391753e-05, 'epoch': 0.05}
{'loss': 6.0788, 'learning_rate': 6.329896907216495e-05, 'epoch': 0.05}
{'loss': 6.0171, 'learning_rate': 6.324742268041237e-05, 'epoch': 0.05}
{'loss': 6.0221, 'learning_rate': 6.319587628865979e-05, 'epoch': 0.05}
{'loss': 6.1077, 'learning_rate': 6.314432989690721e-05, 'epoch': 0.05}
{'loss': 6.0033, 'learning_rate': 6.309278350515463e-05, 'epoch': 0.05}
{'loss': 6.0377, 'learning_rate': 6.304123711340207e-05, 'epoch': 0.05}
{'loss': 5.9938, 'learning_rate': 6.298969072164949e-05, 'epoch': 0.05}
{'loss': 5.9813, 'learning_rate': 6.293814432989691e-05, 'epoch': 0.05}
{'loss': 6.0183, 'learning_rate': 6.288659793814433e-05, 'epoch': 0.05}
{'loss': 6.0638, 'learning_rate': 6.283505154639175e-05, 'epoch': 0.05}
{'loss': 6.0269, 'learning_rate': 6.278350515463917e-05, 'epoch': 0.05}
{'loss': 6.0975, 'learning_rate': 6.27319587628866e-05, 'epoch': 0.05}
{'loss': 5.9315, 'learning_rate': 6.268041237113403e-05, 'epoch': 0.05}
{'loss': 6.0013, 'learning_rate': 6.262886597938145e-05, 'epoch': 0.05}
{'loss': 6.1195, 'learning_rate': 6.257731958762887e-05, 'epoch': 0.05}
{'loss': 6.0556, 'learning_rate': 6.252577319587629e-05, 'epoch': 0.05}
{'loss': 6.0911, 'learning_rate': 6.247422680412371e-05, 'epoch': 0.05}
{'loss': 6.0217, 'learning_rate': 6.242268041237113e-05, 'epoch': 0.05}
{'loss': 6.2143, 'learning_rate': 6.237113402061855e-05, 'epoch': 0.05}
{'loss': 6.067, 'learning_rate': 6.231958762886599e-05, 'epoch': 0.05}
{'loss': 6.0389, 'learning_rate': 6.226804123711341e-05, 'epoch': 0.05}
{'loss': 5.9451, 'learning_rate': 6.221649484536083e-05, 'epoch': 0.05}
{'loss': 6.1076, 'learning_rate': 6.216494845360825e-05, 'epoch': 0.05}
{'loss': 6.0994, 'learning_rate': 6.211340206185567e-05, 'epoch': 0.05}
{'loss': 6.083, 'learning_rate': 6.206185567010309e-05, 'epoch': 0.05}
{'loss': 5.9873, 'learning_rate': 6.201030927835053e-05, 'epoch': 0.05}
{'loss': 6.0407, 'learning_rate': 6.195876288659795e-05, 'epoch': 0.05}
{'loss': 5.9374, 'learning_rate': 6.190721649484537e-05, 'epoch': 0.05}
{'loss': 6.0154, 'learning_rate': 6.185567010309279e-05, 'epoch': 0.05}
{'loss': 6.0192, 'learning_rate': 6.180412371134021e-05, 'epoch': 0.05}
{'loss': 6.1002, 'learning_rate': 6.175257731958763e-05, 'epoch': 0.05}
{'loss': 6.0716, 'learning_rate': 6.170103092783505e-05, 'epoch': 0.05}
{'loss': 6.0385, 'learning_rate': 6.164948453608249e-05, 'epoch': 0.05}
{'loss': 5.9613, 'learning_rate': 6.159793814432991e-05, 'epoch': 0.05}
{'loss': 5.9995, 'learning_rate': 6.154639175257733e-05, 'epoch': 0.05}
{'loss': 6.1198, 'learning_rate': 6.149484536082475e-05, 'epoch': 0.05}
{'loss': 6.0302, 'learning_rate': 6.144329896907217e-05, 'epoch': 0.05}
{'loss': 6.0754, 'learning_rate': 6.139175257731959e-05, 'epoch': 0.05}
{'loss': 5.9747, 'learning_rate': 6.134020618556701e-05, 'epoch': 0.05}
{'loss': 6.024, 'learning_rate': 6.128865979381445e-05, 'epoch': 0.05}
{'loss': 6.112, 'learning_rate': 6.123711340206187e-05, 'epoch': 0.05}
{'loss': 6.0575, 'learning_rate': 6.118556701030929e-05, 'epoch': 0.05}
{'loss': 5.9967, 'learning_rate': 6.113402061855671e-05, 'epoch': 0.05}
{'loss': 6.0267, 'learning_rate': 6.108247422680413e-05, 'epoch': 0.05}
{'loss': 5.9092, 'learning_rate': 6.103092783505156e-05, 'epoch': 0.05}
{'loss': 6.0797, 'learning_rate': 6.097938144329898e-05, 'epoch': 0.05}
{'loss': 6.1447, 'learning_rate': 6.092783505154639e-05, 'epoch': 0.05}
{'loss': 6.0768, 'learning_rate': 6.087628865979381e-05, 'epoch': 0.05}
{'loss': 6.0081, 'learning_rate': 6.0824742268041234e-05, 'epoch': 0.05}
{'loss': 6.0502, 'learning_rate': 6.0773195876288655e-05, 'epoch': 0.05}
{'loss': 6.0695, 'learning_rate': 6.072164948453608e-05, 'epoch': 0.05}
{'loss': 5.9922, 'learning_rate': 6.06701030927835e-05, 'epoch': 0.05}
{'loss': 6.0706, 'learning_rate': 6.0618556701030924e-05, 'epoch': 0.05}
{'loss': 6.1065, 'learning_rate': 6.056701030927835e-05, 'epoch': 0.05}
{'loss': 6.0884, 'learning_rate': 6.051546391752577e-05, 'epoch': 0.05}
{'loss': 5.9701, 'learning_rate': 6.046391752577319e-05, 'epoch': 0.05}
{'loss': 6.0781, 'learning_rate': 6.041237113402062e-05, 'epoch': 0.05}
{'loss': 6.0555, 'learning_rate': 6.036082474226804e-05, 'epoch': 0.05}
{'loss': 6.1264, 'learning_rate': 6.030927835051546e-05, 'epoch': 0.05}
{'loss': 5.9968, 'learning_rate': 6.0257731958762884e-05, 'epoch': 0.05}
{'loss': 6.0988, 'learning_rate': 6.020618556701031e-05, 'epoch': 0.05}
{'loss': 6.0286, 'learning_rate': 6.015463917525773e-05, 'epoch': 0.05}
{'loss': 5.9348, 'learning_rate': 6.010309278350515e-05, 'epoch': 0.05}
{'loss': 6.0079, 'learning_rate': 6.005154639175258e-05, 'epoch': 0.05}
{'loss': 6.0408, 'learning_rate': 6e-05, 'epoch': 0.05}
{'loss': 6.0205, 'learning_rate': 5.994845360824742e-05, 'epoch': 0.05}
{'loss': 6.009, 'learning_rate': 5.989690721649484e-05, 'epoch': 0.05}
{'loss': 6.0839, 'learning_rate': 5.984536082474227e-05, 'epoch': 0.05}
{'loss': 6.0384, 'learning_rate': 5.979381443298969e-05, 'epoch': 0.05}
{'loss': 6.012, 'learning_rate': 5.974226804123711e-05, 'epoch': 0.05}
{'loss': 6.0687, 'learning_rate': 5.969072164948454e-05, 'epoch': 0.05}
{'loss': 6.079, 'learning_rate': 5.963917525773196e-05, 'epoch': 0.05}
{'loss': 6.0689, 'learning_rate': 5.958762886597938e-05, 'epoch': 0.05}
{'loss': 5.9184, 'learning_rate': 5.953608247422681e-05, 'epoch': 0.05}
{'loss': 5.9622, 'learning_rate': 5.948453608247423e-05, 'epoch': 0.05}
{'loss': 6.0145, 'learning_rate': 5.943298969072165e-05, 'epoch': 0.05}
{'loss': 6.0186, 'learning_rate': 5.938144329896907e-05, 'epoch': 0.05}
{'loss': 5.9827, 'learning_rate': 5.93298969072165e-05, 'epoch': 0.05}
{'loss': 5.9731, 'learning_rate': 5.927835051546392e-05, 'epoch': 0.05}
{'loss': 5.9891, 'learning_rate': 5.922680412371134e-05, 'epoch': 0.05}
{'loss': 6.1111, 'learning_rate': 5.917525773195877e-05, 'epoch': 0.05}
{'loss': 6.0644, 'learning_rate': 5.912371134020619e-05, 'epoch': 0.05}
{'loss': 6.075, 'learning_rate': 5.907216494845361e-05, 'epoch': 0.05}
{'loss': 5.985, 'learning_rate': 5.902061855670103e-05, 'epoch': 0.05}
{'loss': 5.9759, 'learning_rate': 5.896907216494846e-05, 'epoch': 0.05}
{'loss': 6.032, 'learning_rate': 5.891752577319588e-05, 'epoch': 0.05}
{'loss': 6.0363, 'learning_rate': 5.88659793814433e-05, 'epoch': 0.05}
{'loss': 6.083, 'learning_rate': 5.881443298969073e-05, 'epoch': 0.05}
{'loss': 6.0697, 'learning_rate': 5.876288659793815e-05, 'epoch': 0.05}
{'loss': 6.0342, 'learning_rate': 5.871134020618557e-05, 'epoch': 0.05}
{'loss': 6.0718, 'learning_rate': 5.8659793814433e-05, 'epoch': 0.05}
{'loss': 5.982, 'learning_rate': 5.860824742268042e-05, 'epoch': 0.05}
{'loss': 5.932, 'learning_rate': 5.855670103092784e-05, 'epoch': 0.05}
{'loss': 6.0566, 'learning_rate': 5.850515463917526e-05, 'epoch': 0.05}
{'loss': 5.9684, 'learning_rate': 5.845360824742269e-05, 'epoch': 0.05}
{'loss': 6.0858, 'learning_rate': 5.840206185567011e-05, 'epoch': 0.05}
{'loss': 6.0043, 'learning_rate': 5.835051546391753e-05, 'epoch': 0.05}
{'loss': 5.9851, 'learning_rate': 5.829896907216496e-05, 'epoch': 0.05}
{'loss': 5.8535, 'learning_rate': 5.824742268041238e-05, 'epoch': 0.05}
{'loss': 6.1098, 'learning_rate': 5.81958762886598e-05, 'epoch': 0.05}
{'loss': 6.0633, 'learning_rate': 5.814432989690722e-05, 'epoch': 0.05}
{'loss': 6.0491, 'learning_rate': 5.809278350515465e-05, 'epoch': 0.05}
{'loss': 5.9697, 'learning_rate': 5.804123711340207e-05, 'epoch': 0.05}
{'loss': 6.0706, 'learning_rate': 5.798969072164949e-05, 'epoch': 0.05}
{'loss': 6.0668, 'learning_rate': 5.793814432989692e-05, 'epoch': 0.05}
{'loss': 6.0718, 'learning_rate': 5.788659793814434e-05, 'epoch': 0.05}
{'loss': 5.9952, 'learning_rate': 5.783505154639176e-05, 'epoch': 0.05}
{'loss': 6.101, 'learning_rate': 5.7783505154639173e-05, 'epoch': 0.05}
{'loss': 6.03, 'learning_rate': 5.7731958762886594e-05, 'epoch': 0.05}
{'loss': 6.0376, 'learning_rate': 5.7680412371134015e-05, 'epoch': 0.05}
{'loss': 6.015, 'learning_rate': 5.762886597938144e-05, 'epoch': 0.05}
{'loss': 6.0381, 'learning_rate': 5.7577319587628864e-05, 'epoch': 0.05}
{'loss': 6.0158, 'learning_rate': 5.7525773195876285e-05, 'epoch': 0.05}
{'loss': 6.0197, 'learning_rate': 5.747422680412371e-05, 'epoch': 0.05}
{'loss': 5.9946, 'learning_rate': 5.742268041237113e-05, 'epoch': 0.05}
{'loss': 6.0046, 'learning_rate': 5.7371134020618554e-05, 'epoch': 0.05}
{'loss': 5.9579, 'learning_rate': 5.731958762886598e-05, 'epoch': 0.05}
{'loss': 6.1307, 'learning_rate': 5.72680412371134e-05, 'epoch': 0.05}
{'loss': 5.9987, 'learning_rate': 5.721649484536082e-05, 'epoch': 0.05}
{'loss': 6.0789, 'learning_rate': 5.7164948453608244e-05, 'epoch': 0.05}
{'loss': 6.0558, 'learning_rate': 5.711340206185567e-05, 'epoch': 0.05}
{'loss': 5.8736, 'learning_rate': 5.706185567010309e-05, 'epoch': 0.05}
{'loss': 6.0186, 'learning_rate': 5.7010309278350514e-05, 'epoch': 0.05}
{'loss': 6.0161, 'learning_rate': 5.695876288659794e-05, 'epoch': 0.05}
{'loss': 5.9821, 'learning_rate': 5.690721649484536e-05, 'epoch': 0.05}
{'loss': 6.091, 'learning_rate': 5.685567010309278e-05, 'epoch': 0.05}
{'loss': 5.9953, 'learning_rate': 5.6804123711340204e-05, 'epoch': 0.05}
{'loss': 5.996, 'learning_rate': 5.675257731958763e-05, 'epoch': 0.05}
{'loss': 5.9862, 'learning_rate': 5.670103092783505e-05, 'epoch': 0.05}
{'loss': 6.0298, 'learning_rate': 5.664948453608247e-05, 'epoch': 0.05}
{'loss': 6.077, 'learning_rate': 5.65979381443299e-05, 'epoch': 0.05}
{'loss': 6.0004, 'learning_rate': 5.654639175257732e-05, 'epoch': 0.05}
{'loss': 6.0666, 'learning_rate': 5.649484536082474e-05, 'epoch': 0.05}
{'loss': 6.0268, 'learning_rate': 5.644329896907217e-05, 'epoch': 0.05}
{'loss': 5.9986, 'learning_rate': 5.639175257731959e-05, 'epoch': 0.05}
{'loss': 6.0355, 'learning_rate': 5.634020618556701e-05, 'epoch': 0.05}
{'loss': 6.045, 'learning_rate': 5.628865979381443e-05, 'epoch': 0.05}
{'loss': 6.0162, 'learning_rate': 5.623711340206186e-05, 'epoch': 0.05}
{'loss': 5.9485, 'learning_rate': 5.618556701030928e-05, 'epoch': 0.05}
{'loss': 6.0032, 'learning_rate': 5.61340206185567e-05, 'epoch': 0.05}
{'loss': 6.0543, 'learning_rate': 5.608247422680413e-05, 'epoch': 0.05}
{'loss': 6.0576, 'learning_rate': 5.603092783505155e-05, 'epoch': 0.05}
{'loss': 6.0255, 'learning_rate': 5.597938144329897e-05, 'epoch': 0.05}
{'loss': 5.95, 'learning_rate': 5.592783505154639e-05, 'epoch': 0.05}
{'loss': 6.0348, 'learning_rate': 5.587628865979382e-05, 'epoch': 0.05}
{'loss': 5.929, 'learning_rate': 5.582474226804124e-05, 'epoch': 0.05}
{'loss': 6.0117, 'learning_rate': 5.577319587628866e-05, 'epoch': 0.05}
{'loss': 6.0234, 'learning_rate': 5.572164948453609e-05, 'epoch': 0.05}
{'loss': 6.0374, 'learning_rate': 5.567010309278351e-05, 'epoch': 0.05}
{'loss': 6.0996, 'learning_rate': 5.561855670103093e-05, 'epoch': 0.05}
{'loss': 6.0131, 'learning_rate': 5.556701030927836e-05, 'epoch': 0.05}
{'loss': 6.0953, 'learning_rate': 5.551546391752578e-05, 'epoch': 0.05}
{'loss': 6.0101, 'learning_rate': 5.54639175257732e-05, 'epoch': 0.05}
{'loss': 6.0312, 'learning_rate': 5.541237113402062e-05, 'epoch': 0.05}
{'loss': 6.0019, 'learning_rate': 5.536082474226805e-05, 'epoch': 0.06}
{'loss': 6.0017, 'learning_rate': 5.530927835051547e-05, 'epoch': 0.06}
{'loss': 5.9591, 'learning_rate': 5.525773195876289e-05, 'epoch': 0.06}
{'loss': 6.0374, 'learning_rate': 5.520618556701032e-05, 'epoch': 0.06}
{'loss': 6.0669, 'learning_rate': 5.515463917525774e-05, 'epoch': 0.06}
{'loss': 5.9865, 'learning_rate': 5.510309278350516e-05, 'epoch': 0.06}
{'loss': 5.9332, 'learning_rate': 5.505154639175258e-05, 'epoch': 0.06}
{'loss': 6.0789, 'learning_rate': 5.500000000000001e-05, 'epoch': 0.06}
{'loss': 6.0049, 'learning_rate': 5.494845360824743e-05, 'epoch': 0.06}
{'loss': 6.0432, 'learning_rate': 5.489690721649485e-05, 'epoch': 0.06}
{'loss': 6.0603, 'learning_rate': 5.484536082474228e-05, 'epoch': 0.06}
{'loss': 6.0875, 'learning_rate': 5.47938144329897e-05, 'epoch': 0.06}
{'loss': 6.0485, 'learning_rate': 5.474226804123712e-05, 'epoch': 0.06}
{'loss': 6.0137, 'learning_rate': 5.469072164948455e-05, 'epoch': 0.06}
{'loss': 5.9999, 'learning_rate': 5.4639175257731955e-05, 'epoch': 0.06}
{'loss': 5.9813, 'learning_rate': 5.4587628865979376e-05, 'epoch': 0.06}
{'loss': 6.0358, 'learning_rate': 5.45360824742268e-05, 'epoch': 0.06}
{'loss': 5.9869, 'learning_rate': 5.4484536082474224e-05, 'epoch': 0.06}
{'loss': 5.9855, 'learning_rate': 5.4432989690721645e-05, 'epoch': 0.06}
{'loss': 6.1108, 'learning_rate': 5.438144329896907e-05, 'epoch': 0.06}
{'loss': 6.0455, 'learning_rate': 5.4329896907216494e-05, 'epoch': 0.06}
{'loss': 5.9899, 'learning_rate': 5.4278350515463914e-05, 'epoch': 0.06}
{'loss': 6.0576, 'learning_rate': 5.422680412371134e-05, 'epoch': 0.06}
{'loss': 6.0618, 'learning_rate': 5.417525773195876e-05, 'epoch': 0.06}
{'loss': 6.0722, 'learning_rate': 5.4123711340206184e-05, 'epoch': 0.06}
{'loss': 6.0094, 'learning_rate': 5.4072164948453605e-05, 'epoch': 0.06}
{'loss': 6.0373, 'learning_rate': 5.402061855670103e-05, 'epoch': 0.06}
{'loss': 5.9567, 'learning_rate': 5.396907216494845e-05, 'epoch': 0.06}
{'loss': 6.0146, 'learning_rate': 5.3917525773195874e-05, 'epoch': 0.06}
{'loss': 6.0322, 'learning_rate': 5.38659793814433e-05, 'epoch': 0.06}
{'loss': 6.0175, 'learning_rate': 5.381443298969072e-05, 'epoch': 0.06}
{'loss': 6.0646, 'learning_rate': 5.3762886597938143e-05, 'epoch': 0.06}
{'loss': 5.9683, 'learning_rate': 5.3711340206185564e-05, 'epoch': 0.06}
{'loss': 5.9093, 'learning_rate': 5.365979381443299e-05, 'epoch': 0.06}
{'loss': 6.1292, 'learning_rate': 5.360824742268041e-05, 'epoch': 0.06}
{'loss': 5.9993, 'learning_rate': 5.3556701030927834e-05, 'epoch': 0.06}
{'loss': 5.9368, 'learning_rate': 5.350515463917526e-05, 'epoch': 0.06}
{'loss': 6.0291, 'learning_rate': 5.345360824742268e-05, 'epoch': 0.06}
{'loss': 6.0751, 'learning_rate': 5.34020618556701e-05, 'epoch': 0.06}
{'loss': 6.0863, 'learning_rate': 5.335051546391753e-05, 'epoch': 0.06}
{'loss': 6.0238, 'learning_rate': 5.329896907216495e-05, 'epoch': 0.06}
{'loss': 6.1281, 'learning_rate': 5.324742268041237e-05, 'epoch': 0.06}
{'loss': 5.9808, 'learning_rate': 5.319587628865979e-05, 'epoch': 0.06}
{'loss': 5.987, 'learning_rate': 5.314432989690722e-05, 'epoch': 0.06}
{'loss': 6.0186, 'learning_rate': 5.309278350515464e-05, 'epoch': 0.06}
{'loss': 6.0106, 'learning_rate': 5.304123711340206e-05, 'epoch': 0.06}
{'loss': 6.0378, 'learning_rate': 5.298969072164949e-05, 'epoch': 0.06}
{'loss': 6.0544, 'learning_rate': 5.293814432989691e-05, 'epoch': 0.06}
{'loss': 5.9237, 'learning_rate': 5.288659793814433e-05, 'epoch': 0.06}
{'loss': 6.0382, 'learning_rate': 5.283505154639175e-05, 'epoch': 0.06}
{'loss': 5.9223, 'learning_rate': 5.278350515463918e-05, 'epoch': 0.06}
{'loss': 5.8959, 'learning_rate': 5.27319587628866e-05, 'epoch': 0.06}
{'loss': 6.0904, 'learning_rate': 5.268041237113402e-05, 'epoch': 0.06}
{'loss': 6.0346, 'learning_rate': 5.262886597938145e-05, 'epoch': 0.06}
{'loss': 5.9632, 'learning_rate': 5.257731958762887e-05, 'epoch': 0.06}
{'loss': 6.0978, 'learning_rate': 5.252577319587629e-05, 'epoch': 0.06}
{'loss': 5.9684, 'learning_rate': 5.247422680412372e-05, 'epoch': 0.06}
{'loss': 6.0721, 'learning_rate': 5.242268041237114e-05, 'epoch': 0.06}
{'loss': 5.9014, 'learning_rate': 5.237113402061856e-05, 'epoch': 0.06}
{'loss': 6.0437, 'learning_rate': 5.231958762886598e-05, 'epoch': 0.06}
{'loss': 6.0656, 'learning_rate': 5.226804123711341e-05, 'epoch': 0.06}
{'loss': 5.9767, 'learning_rate': 5.221649484536083e-05, 'epoch': 0.06}
{'loss': 6.0179, 'learning_rate': 5.216494845360825e-05, 'epoch': 0.06}
{'loss': 5.9575, 'learning_rate': 5.211340206185568e-05, 'epoch': 0.06}
{'loss': 5.9731, 'learning_rate': 5.20618556701031e-05, 'epoch': 0.06}
{'loss': 5.9377, 'learning_rate': 5.201030927835052e-05, 'epoch': 0.06}
{'loss': 5.9528, 'learning_rate': 5.195876288659794e-05, 'epoch': 0.06}
{'loss': 5.9379, 'learning_rate': 5.190721649484537e-05, 'epoch': 0.06}
{'loss': 6.1338, 'learning_rate': 5.185567010309279e-05, 'epoch': 0.06}
{'loss': 6.0126, 'learning_rate': 5.180412371134021e-05, 'epoch': 0.06}
{'loss': 5.9934, 'learning_rate': 5.175257731958764e-05, 'epoch': 0.06}
{'loss': 5.9416, 'learning_rate': 5.170103092783506e-05, 'epoch': 0.06}
{'loss': 5.9951, 'learning_rate': 5.164948453608248e-05, 'epoch': 0.06}
{'loss': 5.9781, 'learning_rate': 5.159793814432991e-05, 'epoch': 0.06}
{'loss': 6.0644, 'learning_rate': 5.1546391752577315e-05, 'epoch': 0.06}
{'loss': 6.0909, 'learning_rate': 5.1494845360824736e-05, 'epoch': 0.06}
{'loss': 6.0536, 'learning_rate': 5.1443298969072164e-05, 'epoch': 0.06}
{'loss': 6.0431, 'learning_rate': 5.1391752577319585e-05, 'epoch': 0.06}
{'loss': 6.0966, 'learning_rate': 5.1340206185567006e-05, 'epoch': 0.06}
{'loss': 5.9507, 'learning_rate': 5.128865979381443e-05, 'epoch': 0.06}
{'loss': 6.0129, 'learning_rate': 5.1237113402061854e-05, 'epoch': 0.06}
{'loss': 5.9718, 'learning_rate': 5.1185567010309275e-05, 'epoch': 0.06}
{'loss': 5.9913, 'learning_rate': 5.11340206185567e-05, 'epoch': 0.06}
{'loss': 6.1, 'learning_rate': 5.1082474226804123e-05, 'epoch': 0.06}
{'loss': 6.0415, 'learning_rate': 5.1030927835051544e-05, 'epoch': 0.06}
{'loss': 6.0034, 'learning_rate': 5.0979381443298965e-05, 'epoch': 0.06}
{'loss': 6.0706, 'learning_rate': 5.092783505154639e-05, 'epoch': 0.06}
{'loss': 6.1334, 'learning_rate': 5.0876288659793814e-05, 'epoch': 0.06}
{'loss': 6.0645, 'learning_rate': 5.0824742268041235e-05, 'epoch': 0.06}
{'loss': 6.0894, 'learning_rate': 5.077319587628866e-05, 'epoch': 0.06}
{'loss': 6.0507, 'learning_rate': 5.072164948453608e-05, 'epoch': 0.06}
{'loss': 5.9919, 'learning_rate': 5.0670103092783504e-05, 'epoch': 0.06}
{'loss': 6.1217, 'learning_rate': 5.0618556701030925e-05, 'epoch': 0.06}
{'loss': 6.0374, 'learning_rate': 5.056701030927835e-05, 'epoch': 0.06}
{'loss': 5.9915, 'learning_rate': 5.051546391752577e-05, 'epoch': 0.06}
{'loss': 5.9557, 'learning_rate': 5.0463917525773194e-05, 'epoch': 0.06}
{'loss': 6.0328, 'learning_rate': 5.041237113402062e-05, 'epoch': 0.06}
{'loss': 6.0069, 'learning_rate': 5.036082474226804e-05, 'epoch': 0.06}
{'loss': 6.0026, 'learning_rate': 5.0309278350515464e-05, 'epoch': 0.06}
{'loss': 6.0402, 'learning_rate': 5.025773195876289e-05, 'epoch': 0.06}
{'loss': 5.9552, 'learning_rate': 5.020618556701031e-05, 'epoch': 0.06}
{'loss': 6.0324, 'learning_rate': 5.015463917525773e-05, 'epoch': 0.06}
{'loss': 5.9327, 'learning_rate': 5.0103092783505154e-05, 'epoch': 0.06}
{'loss': 6.0195, 'learning_rate': 5.005154639175258e-05, 'epoch': 0.06}
{'loss': 5.9627, 'learning_rate': 5e-05, 'epoch': 0.06}
{'loss': 6.0079, 'learning_rate': 4.994845360824742e-05, 'epoch': 0.06}
{'loss': 5.9753, 'learning_rate': 4.989690721649485e-05, 'epoch': 0.06}
{'loss': 6.048, 'learning_rate': 4.984536082474227e-05, 'epoch': 0.06}
{'loss': 5.9785, 'learning_rate': 4.979381443298969e-05, 'epoch': 0.06}
{'loss': 6.0087, 'learning_rate': 4.9742268041237114e-05, 'epoch': 0.06}
{'loss': 6.0032, 'learning_rate': 4.969072164948454e-05, 'epoch': 0.06}
{'loss': 6.0096, 'learning_rate': 4.963917525773196e-05, 'epoch': 0.06}
{'loss': 6.1009, 'learning_rate': 4.958762886597938e-05, 'epoch': 0.06}
{'loss': 6.0369, 'learning_rate': 4.953608247422681e-05, 'epoch': 0.06}
{'loss': 5.9832, 'learning_rate': 4.948453608247423e-05, 'epoch': 0.06}
{'loss': 6.0506, 'learning_rate': 4.943298969072165e-05, 'epoch': 0.06}
{'loss': 5.9608, 'learning_rate': 4.938144329896908e-05, 'epoch': 0.06}
{'loss': 6.0936, 'learning_rate': 4.93298969072165e-05, 'epoch': 0.06}
{'loss': 6.0742, 'learning_rate': 4.927835051546392e-05, 'epoch': 0.06}
{'loss': 5.9833, 'learning_rate': 4.922680412371134e-05, 'epoch': 0.06}
{'loss': 6.0778, 'learning_rate': 4.9175257731958763e-05, 'epoch': 0.06}
{'loss': 6.0158, 'learning_rate': 4.9123711340206184e-05, 'epoch': 0.06}
{'loss': 6.0029, 'learning_rate': 4.9072164948453605e-05, 'epoch': 0.06}
{'loss': 6.0394, 'learning_rate': 4.902061855670103e-05, 'epoch': 0.06}
{'loss': 6.0291, 'learning_rate': 4.8969072164948454e-05, 'epoch': 0.06}
{'loss': 5.9796, 'learning_rate': 4.8917525773195875e-05, 'epoch': 0.06}
{'loss': 6.04, 'learning_rate': 4.88659793814433e-05, 'epoch': 0.06}
{'loss': 6.0957, 'learning_rate': 4.881443298969072e-05, 'epoch': 0.06}
{'loss': 5.9951, 'learning_rate': 4.8762886597938144e-05, 'epoch': 0.06}
{'loss': 6.019, 'learning_rate': 4.871134020618557e-05, 'epoch': 0.06}
{'loss': 5.9843, 'learning_rate': 4.865979381443299e-05, 'epoch': 0.06}
{'loss': 6.0892, 'learning_rate': 4.860824742268041e-05, 'epoch': 0.06}
{'loss': 5.9578, 'learning_rate': 4.8556701030927834e-05, 'epoch': 0.06}
{'loss': 5.9398, 'learning_rate': 4.850515463917526e-05, 'epoch': 0.06}
{'loss': 5.921, 'learning_rate': 4.845360824742268e-05, 'epoch': 0.06}
{'loss': 5.9952, 'learning_rate': 4.8402061855670104e-05, 'epoch': 0.06}
{'loss': 5.9605, 'learning_rate': 4.835051546391753e-05, 'epoch': 0.06}
{'loss': 6.1, 'learning_rate': 4.829896907216495e-05, 'epoch': 0.06}
{'loss': 6.0816, 'learning_rate': 4.824742268041237e-05, 'epoch': 0.06}
{'loss': 5.9246, 'learning_rate': 4.8195876288659794e-05, 'epoch': 0.06}
{'loss': 5.9829, 'learning_rate': 4.814432989690722e-05, 'epoch': 0.06}
{'loss': 6.0818, 'learning_rate': 4.809278350515464e-05, 'epoch': 0.06}
{'loss': 5.9869, 'learning_rate': 4.804123711340206e-05, 'epoch': 0.06}
{'loss': 5.9715, 'learning_rate': 4.798969072164949e-05, 'epoch': 0.06}
{'loss': 5.9955, 'learning_rate': 4.793814432989691e-05, 'epoch': 0.06}
{'loss': 6.0493, 'learning_rate': 4.788659793814433e-05, 'epoch': 0.06}
{'loss': 6.01, 'learning_rate': 4.783505154639176e-05, 'epoch': 0.06}
{'loss': 5.9491, 'learning_rate': 4.778350515463918e-05, 'epoch': 0.06}
{'loss': 6.1479, 'learning_rate': 4.77319587628866e-05, 'epoch': 0.06}
{'loss': 5.9455, 'learning_rate': 4.768041237113402e-05, 'epoch': 0.06}
{'loss': 6.1324, 'learning_rate': 4.7628865979381444e-05, 'epoch': 0.06}
{'loss': 6.0072, 'learning_rate': 4.7577319587628865e-05, 'epoch': 0.06}
{'loss': 5.9466, 'learning_rate': 4.7525773195876285e-05, 'epoch': 0.06}
{'loss': 6.0121, 'learning_rate': 4.747422680412371e-05, 'epoch': 0.06}
{'loss': 5.9689, 'learning_rate': 4.7422680412371134e-05, 'epoch': 0.06}
{'loss': 5.9425, 'learning_rate': 4.7371134020618555e-05, 'epoch': 0.06}
{'loss': 6.0591, 'learning_rate': 4.731958762886598e-05, 'epoch': 0.06}
{'loss': 5.9766, 'learning_rate': 4.72680412371134e-05, 'epoch': 0.06}
{'loss': 5.9383, 'learning_rate': 4.7216494845360824e-05, 'epoch': 0.06}
{'loss': 6.09, 'learning_rate': 4.716494845360825e-05, 'epoch': 0.06}
{'loss': 5.9632, 'learning_rate': 4.711340206185567e-05, 'epoch': 0.06}
{'loss': 5.9556, 'learning_rate': 4.7061855670103094e-05, 'epoch': 0.06}
{'loss': 6.0864, 'learning_rate': 4.7010309278350514e-05, 'epoch': 0.06}
{'loss': 5.9249, 'learning_rate': 4.695876288659794e-05, 'epoch': 0.06}
{'loss': 5.9437, 'learning_rate': 4.690721649484536e-05, 'epoch': 0.06}
{'loss': 5.9393, 'learning_rate': 4.6855670103092784e-05, 'epoch': 0.06}
{'loss': 5.9383, 'learning_rate': 4.680412371134021e-05, 'epoch': 0.06}
{'loss': 6.0218, 'learning_rate': 4.675257731958763e-05, 'epoch': 0.06}
{'loss': 5.9331, 'learning_rate': 4.670103092783505e-05, 'epoch': 0.06}
{'loss': 6.0193, 'learning_rate': 4.6649484536082474e-05, 'epoch': 0.06}
{'loss': 5.9813, 'learning_rate': 4.65979381443299e-05, 'epoch': 0.06}
{'loss': 5.9776, 'learning_rate': 4.654639175257732e-05, 'epoch': 0.06}
{'loss': 6.1187, 'learning_rate': 4.6494845360824743e-05, 'epoch': 0.06}
{'loss': 6.017, 'learning_rate': 4.644329896907217e-05, 'epoch': 0.06}
{'loss': 6.0354, 'learning_rate': 4.639175257731959e-05, 'epoch': 0.06}
{'loss': 6.035, 'learning_rate': 4.634020618556701e-05, 'epoch': 0.06}
{'loss': 5.9761, 'learning_rate': 4.628865979381444e-05, 'epoch': 0.06}
{'loss': 6.0462, 'learning_rate': 4.623711340206186e-05, 'epoch': 0.06}
{'loss': 5.897, 'learning_rate': 4.618556701030928e-05, 'epoch': 0.06}
{'loss': 5.9358, 'learning_rate': 4.61340206185567e-05, 'epoch': 0.06}
{'loss': 6.0379, 'learning_rate': 4.6082474226804124e-05, 'epoch': 0.06}
{'loss': 5.996, 'learning_rate': 4.6030927835051545e-05, 'epoch': 0.06}
{'loss': 6.0042, 'learning_rate': 4.5979381443298966e-05, 'epoch': 0.06}
{'loss': 6.0123, 'learning_rate': 4.592783505154639e-05, 'epoch': 0.06}
{'loss': 6.0409, 'learning_rate': 4.5876288659793814e-05, 'epoch': 0.06}
{'loss': 5.9428, 'learning_rate': 4.5824742268041235e-05, 'epoch': 0.06}
{'loss': 5.9503, 'learning_rate': 4.577319587628866e-05, 'epoch': 0.06}
{'loss': 6.037, 'learning_rate': 4.5721649484536084e-05, 'epoch': 0.06}
{'loss': 5.9091, 'learning_rate': 4.5670103092783504e-05, 'epoch': 0.06}
{'loss': 6.0281, 'learning_rate': 4.561855670103093e-05, 'epoch': 0.06}
{'loss': 6.011, 'learning_rate': 4.556701030927835e-05, 'epoch': 0.06}
{'loss': 5.9951, 'learning_rate': 4.5515463917525774e-05, 'epoch': 0.06}
{'loss': 6.0976, 'learning_rate': 4.5463917525773195e-05, 'epoch': 0.06}
{'loss': 6.0793, 'learning_rate': 4.541237113402062e-05, 'epoch': 0.06}
{'loss': 6.0673, 'learning_rate': 4.536082474226804e-05, 'epoch': 0.06}
{'loss': 6.1106, 'learning_rate': 4.5309278350515464e-05, 'epoch': 0.06}
{'loss': 5.9681, 'learning_rate': 4.525773195876289e-05, 'epoch': 0.06}
{'loss': 5.9631, 'learning_rate': 4.520618556701031e-05, 'epoch': 0.06}
{'loss': 5.956, 'learning_rate': 4.5154639175257733e-05, 'epoch': 0.06}
{'loss': 6.0529, 'learning_rate': 4.5103092783505154e-05, 'epoch': 0.06}
{'loss': 6.0542, 'learning_rate': 4.505154639175258e-05, 'epoch': 0.06}
{'loss': 6.057, 'learning_rate': 4.5e-05, 'epoch': 0.06}
{'loss': 6.135, 'learning_rate': 4.4948453608247424e-05, 'epoch': 0.06}
{'loss': 6.1102, 'learning_rate': 4.489690721649485e-05, 'epoch': 0.06}
{'loss': 6.0642, 'learning_rate': 4.484536082474227e-05, 'epoch': 0.06}
{'loss': 5.9848, 'learning_rate': 4.479381443298969e-05, 'epoch': 0.06}
{'loss': 6.087, 'learning_rate': 4.474226804123712e-05, 'epoch': 0.06}
{'loss': 6.0942, 'learning_rate': 4.469072164948454e-05, 'epoch': 0.06}
{'loss': 6.0264, 'learning_rate': 4.463917525773196e-05, 'epoch': 0.06}
{'loss': 5.9315, 'learning_rate': 4.458762886597938e-05, 'epoch': 0.06}
{'loss': 6.1047, 'learning_rate': 4.453608247422681e-05, 'epoch': 0.06}
{'loss': 5.9785, 'learning_rate': 4.4484536082474225e-05, 'epoch': 0.06}
{'loss': 6.1125, 'learning_rate': 4.4432989690721646e-05, 'epoch': 0.06}
{'loss': 6.0286, 'learning_rate': 4.4381443298969074e-05, 'epoch': 0.06}
{'loss': 5.9668, 'learning_rate': 4.4329896907216494e-05, 'epoch': 0.06}
{'loss': 5.9913, 'learning_rate': 4.4278350515463915e-05, 'epoch': 0.06}
{'loss': 6.0905, 'learning_rate': 4.422680412371134e-05, 'epoch': 0.06}
{'loss': 6.1814, 'learning_rate': 4.4175257731958764e-05, 'epoch': 0.06}
{'loss': 6.0688, 'learning_rate': 4.4123711340206185e-05, 'epoch': 0.06}
{'loss': 6.1607, 'learning_rate': 4.407216494845361e-05, 'epoch': 0.06}
{'loss': 6.0089, 'learning_rate': 4.402061855670103e-05, 'epoch': 0.06}
{'loss': 6.0085, 'learning_rate': 4.3969072164948454e-05, 'epoch': 0.06}
{'loss': 5.9753, 'learning_rate': 4.3917525773195875e-05, 'epoch': 0.06}
{'loss': 6.0033, 'learning_rate': 4.38659793814433e-05, 'epoch': 0.06}
{'loss': 5.9894, 'learning_rate': 4.3814432989690723e-05, 'epoch': 0.06}
{'loss': 6.0489, 'learning_rate': 4.3762886597938144e-05, 'epoch': 0.06}
{'loss': 5.9698, 'learning_rate': 4.371134020618557e-05, 'epoch': 0.06}
{'loss': 5.9112, 'learning_rate': 4.365979381443299e-05, 'epoch': 0.06}
{'loss': 6.0137, 'learning_rate': 4.3608247422680414e-05, 'epoch': 0.06}
{'loss': 6.019, 'learning_rate': 4.3556701030927835e-05, 'epoch': 0.06}
{'loss': 6.0298, 'learning_rate': 4.350515463917526e-05, 'epoch': 0.06}
{'loss': 5.9608, 'learning_rate': 4.345360824742268e-05, 'epoch': 0.06}
{'loss': 5.9814, 'learning_rate': 4.3402061855670104e-05, 'epoch': 0.06}
{'loss': 5.9563, 'learning_rate': 4.335051546391753e-05, 'epoch': 0.06}
{'loss': 6.0973, 'learning_rate': 4.329896907216495e-05, 'epoch': 0.06}
{'loss': 6.0217, 'learning_rate': 4.324742268041237e-05, 'epoch': 0.06}
{'loss': 6.1115, 'learning_rate': 4.31958762886598e-05, 'epoch': 0.06}
{'loss': 5.9148, 'learning_rate': 4.314432989690722e-05, 'epoch': 0.06}
{'loss': 6.0449, 'learning_rate': 4.309278350515464e-05, 'epoch': 0.06}
{'loss': 6.0692, 'learning_rate': 4.3041237113402064e-05, 'epoch': 0.06}
{'loss': 6.0836, 'learning_rate': 4.298969072164949e-05, 'epoch': 0.06}
{'loss': 6.0528, 'learning_rate': 4.2938144329896905e-05, 'epoch': 0.06}
{'loss': 6.0274, 'learning_rate': 4.2886597938144326e-05, 'epoch': 0.06}
{'loss': 6.0704, 'learning_rate': 4.2835051546391754e-05, 'epoch': 0.06}
{'loss': 5.9215, 'learning_rate': 4.2783505154639175e-05, 'epoch': 0.06}
{'loss': 5.9912, 'learning_rate': 4.2731958762886596e-05, 'epoch': 0.06}
{'loss': 6.037, 'learning_rate': 4.268041237113402e-05, 'epoch': 0.06}
{'loss': 6.0287, 'learning_rate': 4.2628865979381444e-05, 'epoch': 0.06}
{'loss': 5.9669, 'learning_rate': 4.2577319587628865e-05, 'epoch': 0.06}
{'loss': 6.0276, 'learning_rate': 4.252577319587629e-05, 'epoch': 0.06}
{'loss': 5.8914, 'learning_rate': 4.2474226804123713e-05, 'epoch': 0.06}
{'loss': 6.0245, 'learning_rate': 4.2422680412371134e-05, 'epoch': 0.06}
{'loss': 6.0156, 'learning_rate': 4.2371134020618555e-05, 'epoch': 0.06}
{'loss': 5.9834, 'learning_rate': 4.231958762886598e-05, 'epoch': 0.06}
{'loss': 6.0643, 'learning_rate': 4.2268041237113404e-05, 'epoch': 0.06}
{'loss': 6.0798, 'learning_rate': 4.2216494845360825e-05, 'epoch': 0.06}
{'loss': 5.9816, 'learning_rate': 4.216494845360825e-05, 'epoch': 0.06}
{'loss': 6.0159, 'learning_rate': 4.211340206185567e-05, 'epoch': 0.06}
{'loss': 6.0598, 'learning_rate': 4.2061855670103094e-05, 'epoch': 0.06}
{'loss': 5.9396, 'learning_rate': 4.2010309278350515e-05, 'epoch': 0.06}
{'loss': 5.9712, 'learning_rate': 4.195876288659794e-05, 'epoch': 0.06}
{'loss': 5.995, 'learning_rate': 4.190721649484536e-05, 'epoch': 0.06}
{'loss': 6.0418, 'learning_rate': 4.1855670103092784e-05, 'epoch': 0.06}
{'loss': 6.031, 'learning_rate': 4.180412371134021e-05, 'epoch': 0.06}
{'loss': 6.0048, 'learning_rate': 4.175257731958763e-05, 'epoch': 0.06}
{'loss': 5.9, 'learning_rate': 4.1701030927835054e-05, 'epoch': 0.06}
{'loss': 5.9597, 'learning_rate': 4.164948453608248e-05, 'epoch': 0.06}
{'loss': 5.8767, 'learning_rate': 4.15979381443299e-05, 'epoch': 0.06}
{'loss': 5.9348, 'learning_rate': 4.154639175257732e-05, 'epoch': 0.06}
{'loss': 5.9613, 'learning_rate': 4.1494845360824744e-05, 'epoch': 0.06}
{'loss': 5.9746, 'learning_rate': 4.144329896907217e-05, 'epoch': 0.06}
{'loss': 6.0977, 'learning_rate': 4.1391752577319586e-05, 'epoch': 0.06}
{'loss': 6.0471, 'learning_rate': 4.1340206185567006e-05, 'epoch': 0.06}
{'loss': 5.9639, 'learning_rate': 4.1288659793814434e-05, 'epoch': 0.06}
{'loss': 5.9719, 'learning_rate': 4.1237113402061855e-05, 'epoch': 0.06}
{'loss': 6.0892, 'learning_rate': 4.1185567010309276e-05, 'epoch': 0.06}
{'loss': 5.9531, 'learning_rate': 4.1134020618556704e-05, 'epoch': 0.06}
{'loss': 5.9692, 'learning_rate': 4.1082474226804124e-05, 'epoch': 0.06}
{'loss': 6.0557, 'learning_rate': 4.1030927835051545e-05, 'epoch': 0.06}
{'loss': 5.9196, 'learning_rate': 4.097938144329897e-05, 'epoch': 0.06}
{'loss': 5.9958, 'learning_rate': 4.0927835051546394e-05, 'epoch': 0.06}
{'loss': 5.9479, 'learning_rate': 4.0876288659793815e-05, 'epoch': 0.06}
{'loss': 5.912, 'learning_rate': 4.0824742268041235e-05, 'epoch': 0.06}
{'loss': 5.9738, 'learning_rate': 4.077319587628866e-05, 'epoch': 0.06}
{'loss': 6.0838, 'learning_rate': 4.0721649484536084e-05, 'epoch': 0.06}
{'loss': 6.0137, 'learning_rate': 4.0670103092783505e-05, 'epoch': 0.06}
{'loss': 5.8902, 'learning_rate': 4.061855670103093e-05, 'epoch': 0.06}
{'loss': 5.8802, 'learning_rate': 4.0567010309278353e-05, 'epoch': 0.06}
{'loss': 5.9458, 'learning_rate': 4.0515463917525774e-05, 'epoch': 0.06}
{'loss': 6.0231, 'learning_rate': 4.0463917525773195e-05, 'epoch': 0.06}
{'loss': 6.0215, 'learning_rate': 4.041237113402062e-05, 'epoch': 0.06}
{'loss': 6.0313, 'learning_rate': 4.0360824742268044e-05, 'epoch': 0.06}
{'loss': 6.0417, 'learning_rate': 4.0309278350515465e-05, 'epoch': 0.06}
{'loss': 6.0458, 'learning_rate': 4.025773195876289e-05, 'epoch': 0.06}
{'loss': 6.0219, 'learning_rate': 4.020618556701031e-05, 'epoch': 0.06}
{'loss': 5.9397, 'learning_rate': 4.0154639175257734e-05, 'epoch': 0.06}
{'loss': 6.0767, 'learning_rate': 4.010309278350516e-05, 'epoch': 0.06}
{'loss': 6.0736, 'learning_rate': 4.005154639175258e-05, 'epoch': 0.06}
{'loss': 5.9817, 'learning_rate': 4e-05, 'epoch': 0.06}
{'loss': 5.947, 'learning_rate': 3.9948453608247424e-05, 'epoch': 0.06}
{'loss': 5.9719, 'learning_rate': 3.989690721649485e-05, 'epoch': 0.06}
{'loss': 5.967, 'learning_rate': 3.984536082474227e-05, 'epoch': 0.06}
{'loss': 6.0624, 'learning_rate': 3.979381443298969e-05, 'epoch': 0.06}
{'loss': 6.029, 'learning_rate': 3.9742268041237114e-05, 'epoch': 0.06}
{'loss': 6.0173, 'learning_rate': 3.9690721649484535e-05, 'epoch': 0.06}
{'loss': 6.1114, 'learning_rate': 3.9639175257731956e-05, 'epoch': 0.06}
{'loss': 5.9809, 'learning_rate': 3.9587628865979384e-05, 'epoch': 0.06}
{'loss': 6.0253, 'learning_rate': 3.9536082474226805e-05, 'epoch': 0.06}
{'loss': 5.9838, 'learning_rate': 3.9484536082474226e-05, 'epoch': 0.06}
{'loss': 5.9025, 'learning_rate': 3.943298969072165e-05, 'epoch': 0.06}
{'loss': 6.0127, 'learning_rate': 3.9381443298969074e-05, 'epoch': 0.06}
{'loss': 6.0176, 'learning_rate': 3.9329896907216495e-05, 'epoch': 0.06}
{'loss': 5.9602, 'learning_rate': 3.9278350515463916e-05, 'epoch': 0.06}
{'loss': 5.9665, 'learning_rate': 3.9226804123711343e-05, 'epoch': 0.06}
{'loss': 6.0562, 'learning_rate': 3.9175257731958764e-05, 'epoch': 0.06}
{'loss': 6.0766, 'learning_rate': 3.9123711340206185e-05, 'epoch': 0.06}
{'loss': 5.9752, 'learning_rate': 3.907216494845361e-05, 'epoch': 0.06}
{'loss': 5.955, 'learning_rate': 3.9020618556701034e-05, 'epoch': 0.06}
{'loss': 5.9978, 'learning_rate': 3.8969072164948455e-05, 'epoch': 0.06}
{'loss': 5.9767, 'learning_rate': 3.8917525773195875e-05, 'epoch': 0.06}
{'loss': 6.0527, 'learning_rate': 3.88659793814433e-05, 'epoch': 0.06}
{'loss': 6.0702, 'learning_rate': 3.8814432989690724e-05, 'epoch': 0.06}
{'loss': 6.0421, 'learning_rate': 3.8762886597938145e-05, 'epoch': 0.06}
{'loss': 6.0184, 'learning_rate': 3.871134020618557e-05, 'epoch': 0.06}
{'loss': 6.0709, 'learning_rate': 3.865979381443299e-05, 'epoch': 0.06}
{'loss': 6.0438, 'learning_rate': 3.8608247422680414e-05, 'epoch': 0.06}
{'loss': 5.8231, 'learning_rate': 3.855670103092784e-05, 'epoch': 0.06}
{'loss': 5.9509, 'learning_rate': 3.850515463917526e-05, 'epoch': 0.06}
{'loss': 5.9827, 'learning_rate': 3.8453608247422684e-05, 'epoch': 0.06}
{'loss': 5.9122, 'learning_rate': 3.8402061855670104e-05, 'epoch': 0.06}
{'loss': 6.0696, 'learning_rate': 3.835051546391753e-05, 'epoch': 0.06}
{'loss': 6.0662, 'learning_rate': 3.829896907216495e-05, 'epoch': 0.06}
{'loss': 5.9964, 'learning_rate': 3.824742268041237e-05, 'epoch': 0.06}
{'loss': 6.078, 'learning_rate': 3.8195876288659795e-05, 'epoch': 0.06}
{'loss': 5.9662, 'learning_rate': 3.8144329896907216e-05, 'epoch': 0.06}
{'loss': 5.9507, 'learning_rate': 3.8092783505154636e-05, 'epoch': 0.06}
{'loss': 6.0603, 'learning_rate': 3.8041237113402064e-05, 'epoch': 0.06}
{'loss': 6.0714, 'learning_rate': 3.7989690721649485e-05, 'epoch': 0.06}
{'loss': 5.9961, 'learning_rate': 3.7938144329896906e-05, 'epoch': 0.06}
{'loss': 6.0519, 'learning_rate': 3.7886597938144333e-05, 'epoch': 0.06}
{'loss': 6.1083, 'learning_rate': 3.7835051546391754e-05, 'epoch': 0.06}
{'loss': 5.9651, 'learning_rate': 3.7783505154639175e-05, 'epoch': 0.06}
{'loss': 5.9916, 'learning_rate': 3.7731958762886596e-05, 'epoch': 0.06}
{'loss': 6.0786, 'learning_rate': 3.7680412371134024e-05, 'epoch': 0.06}
{'loss': 5.8686, 'learning_rate': 3.7628865979381445e-05, 'epoch': 0.06}
{'loss': 5.9979, 'learning_rate': 3.7577319587628865e-05, 'epoch': 0.06}
{'loss': 6.0423, 'learning_rate': 3.752577319587629e-05, 'epoch': 0.06}
{'loss': 5.947, 'learning_rate': 3.7474226804123714e-05, 'epoch': 0.06}
{'loss': 6.0248, 'learning_rate': 3.7422680412371135e-05, 'epoch': 0.06}
{'loss': 6.1032, 'learning_rate': 3.7371134020618556e-05, 'epoch': 0.06}
{'loss': 6.0622, 'learning_rate': 3.731958762886598e-05, 'epoch': 0.06}
{'loss': 5.9043, 'learning_rate': 3.7268041237113404e-05, 'epoch': 0.06}
{'loss': 6.0101, 'learning_rate': 3.7216494845360825e-05, 'epoch': 0.06}
{'loss': 5.9577, 'learning_rate': 3.716494845360825e-05, 'epoch': 0.06}
{'loss': 5.9727, 'learning_rate': 3.7113402061855674e-05, 'epoch': 0.06}
{'loss': 6.0482, 'learning_rate': 3.7061855670103094e-05, 'epoch': 0.06}
{'loss': 6.0682, 'learning_rate': 3.701030927835052e-05, 'epoch': 0.06}
{'loss': 6.0977, 'learning_rate': 3.695876288659794e-05, 'epoch': 0.06}
{'loss': 5.9141, 'learning_rate': 3.6907216494845364e-05, 'epoch': 0.06}
{'loss': 6.0528, 'learning_rate': 3.6855670103092785e-05, 'epoch': 0.06}
{'loss': 5.926, 'learning_rate': 3.680412371134021e-05, 'epoch': 0.06}
{'loss': 6.0524, 'learning_rate': 3.675257731958763e-05, 'epoch': 0.06}
{'loss': 5.949, 'learning_rate': 3.670103092783505e-05, 'epoch': 0.06}
{'loss': 6.0584, 'learning_rate': 3.6649484536082475e-05, 'epoch': 0.06}
{'loss': 6.071, 'learning_rate': 3.6597938144329896e-05, 'epoch': 0.06}
{'loss': 5.9665, 'learning_rate': 3.654639175257732e-05, 'epoch': 0.06}
{'loss': 6.0487, 'learning_rate': 3.6494845360824744e-05, 'epoch': 0.06}
{'loss': 6.0886, 'learning_rate': 3.6443298969072165e-05, 'epoch': 0.06}
{'loss': 5.8989, 'learning_rate': 3.6391752577319586e-05, 'epoch': 0.06}
{'loss': 5.9461, 'learning_rate': 3.6340206185567014e-05, 'epoch': 0.06}
{'loss': 6.0266, 'learning_rate': 3.6288659793814435e-05, 'epoch': 0.06}
{'loss': 5.9701, 'learning_rate': 3.6237113402061855e-05, 'epoch': 0.06}
{'loss': 6.1316, 'learning_rate': 3.6185567010309276e-05, 'epoch': 0.06}
{'loss': 6.025, 'learning_rate': 3.6134020618556704e-05, 'epoch': 0.06}
{'loss': 6.0154, 'learning_rate': 3.6082474226804125e-05, 'epoch': 0.06}
{'loss': 5.9922, 'learning_rate': 3.6030927835051546e-05, 'epoch': 0.06}
{'loss': 5.9188, 'learning_rate': 3.597938144329897e-05, 'epoch': 0.06}
{'loss': 5.8318, 'learning_rate': 3.5927835051546394e-05, 'epoch': 0.06}
{'loss': 5.975, 'learning_rate': 3.5876288659793815e-05, 'epoch': 0.06}
{'loss': 6.0697, 'learning_rate': 3.5824742268041236e-05, 'epoch': 0.06}
{'loss': 6.0243, 'learning_rate': 3.5773195876288664e-05, 'epoch': 0.06}
{'loss': 6.0272, 'learning_rate': 3.5721649484536084e-05, 'epoch': 0.06}
{'loss': 5.9816, 'learning_rate': 3.5670103092783505e-05, 'epoch': 0.06}
{'loss': 5.9785, 'learning_rate': 3.561855670103093e-05, 'epoch': 0.06}
{'loss': 6.0689, 'learning_rate': 3.5567010309278354e-05, 'epoch': 0.06}
{'loss': 6.0635, 'learning_rate': 3.5515463917525775e-05, 'epoch': 0.06}
{'loss': 6.0656, 'learning_rate': 3.54639175257732e-05, 'epoch': 0.06}
{'loss': 6.0245, 'learning_rate': 3.541237113402062e-05, 'epoch': 0.06}
{'loss': 5.9117, 'learning_rate': 3.5360824742268044e-05, 'epoch': 0.06}
{'loss': 5.9756, 'learning_rate': 3.5309278350515465e-05, 'epoch': 0.06}
{'loss': 5.9805, 'learning_rate': 3.525773195876289e-05, 'epoch': 0.06}
{'loss': 5.7639, 'learning_rate': 3.5206185567010313e-05, 'epoch': 0.06}
{'loss': 5.9656, 'learning_rate': 3.515463917525773e-05, 'epoch': 0.06}
{'loss': 5.9857, 'learning_rate': 3.5103092783505155e-05, 'epoch': 0.06}
{'loss': 6.0732, 'learning_rate': 3.5051546391752576e-05, 'epoch': 0.06}
{'loss': 6.0176, 'learning_rate': 3.5e-05, 'epoch': 0.06}
{'loss': 6.0739, 'learning_rate': 3.4948453608247425e-05, 'epoch': 0.06}
{'loss': 5.9574, 'learning_rate': 3.4896907216494845e-05, 'epoch': 0.06}
{'loss': 5.906, 'learning_rate': 3.4845360824742266e-05, 'epoch': 0.06}
{'loss': 5.9787, 'learning_rate': 3.4793814432989694e-05, 'epoch': 0.06}
{'loss': 5.9547, 'learning_rate': 3.4742268041237115e-05, 'epoch': 0.06}
{'loss': 6.0115, 'learning_rate': 3.4690721649484536e-05, 'epoch': 0.06}
{'loss': 5.9225, 'learning_rate': 3.4639175257731957e-05, 'epoch': 0.06}
{'loss': 5.9749, 'learning_rate': 3.4587628865979384e-05, 'epoch': 0.06}
{'loss': 6.0227, 'learning_rate': 3.4536082474226805e-05, 'epoch': 0.06}
{'loss': 6.0024, 'learning_rate': 3.4484536082474226e-05, 'epoch': 0.06}
{'loss': 5.9213, 'learning_rate': 3.4432989690721654e-05, 'epoch': 0.06}
{'loss': 6.0928, 'learning_rate': 3.4381443298969074e-05, 'epoch': 0.06}
{'loss': 6.0254, 'learning_rate': 3.4329896907216495e-05, 'epoch': 0.06}
{'loss': 5.8859, 'learning_rate': 3.4278350515463916e-05, 'epoch': 0.06}
{'loss': 5.9328, 'learning_rate': 3.4226804123711344e-05, 'epoch': 0.06}
{'loss': 6.0487, 'learning_rate': 3.4175257731958765e-05, 'epoch': 0.06}
{'loss': 6.0143, 'learning_rate': 3.4123711340206186e-05, 'epoch': 0.06}
{'loss': 5.9496, 'learning_rate': 3.407216494845361e-05, 'epoch': 0.06}
{'loss': 5.9941, 'learning_rate': 3.4020618556701034e-05, 'epoch': 0.06}
{'loss': 6.0091, 'learning_rate': 3.3969072164948455e-05, 'epoch': 0.06}
{'loss': 6.0719, 'learning_rate': 3.391752577319588e-05, 'epoch': 0.06}
{'loss': 5.9983, 'learning_rate': 3.3865979381443303e-05, 'epoch': 0.06}
{'loss': 5.9827, 'learning_rate': 3.3814432989690724e-05, 'epoch': 0.06}
{'loss': 5.8881, 'learning_rate': 3.3762886597938145e-05, 'epoch': 0.06}
{'loss': 6.0007, 'learning_rate': 3.371134020618557e-05, 'epoch': 0.06}
{'loss': 6.0625, 'learning_rate': 3.3659793814432994e-05, 'epoch': 0.06}
{'loss': 6.0729, 'learning_rate': 3.3608247422680415e-05, 'epoch': 0.06}
{'loss': 6.0616, 'learning_rate': 3.3556701030927835e-05, 'epoch': 0.06}
{'loss': 5.9811, 'learning_rate': 3.3505154639175256e-05, 'epoch': 0.06}
{'loss': 5.956, 'learning_rate': 3.345360824742268e-05, 'epoch': 0.06}
{'loss': 5.9843, 'learning_rate': 3.3402061855670105e-05, 'epoch': 0.06}
{'loss': 5.9344, 'learning_rate': 3.3350515463917526e-05, 'epoch': 0.06}
{'loss': 5.9804, 'learning_rate': 3.3298969072164947e-05, 'epoch': 0.06}
{'loss': 6.0275, 'learning_rate': 3.3247422680412374e-05, 'epoch': 0.06}
{'loss': 6.0371, 'learning_rate': 3.3195876288659795e-05, 'epoch': 0.06}
{'loss': 6.0254, 'learning_rate': 3.3144329896907216e-05, 'epoch': 0.06}
{'loss': 5.9872, 'learning_rate': 3.309278350515464e-05, 'epoch': 0.06}
{'loss': 6.0369, 'learning_rate': 3.3041237113402064e-05, 'epoch': 0.06}
{'loss': 6.0446, 'learning_rate': 3.2989690721649485e-05, 'epoch': 0.06}
{'loss': 5.967, 'learning_rate': 3.2938144329896906e-05, 'epoch': 0.06}
{'loss': 5.9369, 'learning_rate': 3.2886597938144334e-05, 'epoch': 0.06}
{'loss': 6.0672, 'learning_rate': 3.2835051546391755e-05, 'epoch': 0.06}
{'loss': 6.0038, 'learning_rate': 3.2783505154639176e-05, 'epoch': 0.06}
{'loss': 6.08, 'learning_rate': 3.2731958762886596e-05, 'epoch': 0.06}
{'loss': 5.9901, 'learning_rate': 3.2680412371134024e-05, 'epoch': 0.06}
{'loss': 5.9924, 'learning_rate': 3.2628865979381445e-05, 'epoch': 0.06}
{'loss': 5.9453, 'learning_rate': 3.2577319587628866e-05, 'epoch': 0.06}
{'loss': 6.0397, 'learning_rate': 3.2525773195876293e-05, 'epoch': 0.06}
{'loss': 5.9452, 'learning_rate': 3.2474226804123714e-05, 'epoch': 0.06}
{'loss': 5.9574, 'learning_rate': 3.2422680412371135e-05, 'epoch': 0.06}
{'loss': 5.9852, 'learning_rate': 3.237113402061856e-05, 'epoch': 0.06}
{'loss': 5.9636, 'learning_rate': 3.2319587628865984e-05, 'epoch': 0.06}
{'loss': 6.0098, 'learning_rate': 3.2268041237113405e-05, 'epoch': 0.06}
{'loss': 6.067, 'learning_rate': 3.2216494845360825e-05, 'epoch': 0.06}
{'loss': 6.016, 'learning_rate': 3.216494845360825e-05, 'epoch': 0.06}
{'loss': 6.0023, 'learning_rate': 3.2113402061855674e-05, 'epoch': 0.06}
{'loss': 6.0837, 'learning_rate': 3.2061855670103095e-05, 'epoch': 0.06}
{'loss': 5.9808, 'learning_rate': 3.2010309278350516e-05, 'epoch': 0.06}
{'loss': 6.0536, 'learning_rate': 3.1958762886597937e-05, 'epoch': 0.06}
{'loss': 5.8579, 'learning_rate': 3.190721649484536e-05, 'epoch': 0.06}
{'loss': 5.9418, 'learning_rate': 3.1855670103092785e-05, 'epoch': 0.06}
{'loss': 5.975, 'learning_rate': 3.1804123711340206e-05, 'epoch': 0.06}
{'loss': 6.0481, 'learning_rate': 3.175257731958763e-05, 'epoch': 0.06}
{'loss': 6.0596, 'learning_rate': 3.1701030927835054e-05, 'epoch': 0.06}
{'loss': 6.0473, 'learning_rate': 3.1649484536082475e-05, 'epoch': 0.06}
{'loss': 5.8929, 'learning_rate': 3.1597938144329896e-05, 'epoch': 0.06}
{'loss': 5.9176, 'learning_rate': 3.154639175257732e-05, 'epoch': 0.06}
{'loss': 5.9448, 'learning_rate': 3.1494845360824745e-05, 'epoch': 0.06}
{'loss': 5.9894, 'learning_rate': 3.1443298969072166e-05, 'epoch': 0.06}
{'loss': 6.0518, 'learning_rate': 3.1391752577319586e-05, 'epoch': 0.06}
{'loss': 6.0683, 'learning_rate': 3.1340206185567014e-05, 'epoch': 0.06}
{'loss': 5.9701, 'learning_rate': 3.1288659793814435e-05, 'epoch': 0.06}
{'loss': 5.9847, 'learning_rate': 3.1237113402061856e-05, 'epoch': 0.06}
{'loss': 5.9632, 'learning_rate': 3.118556701030928e-05, 'epoch': 0.06}
{'loss': 6.0413, 'learning_rate': 3.1134020618556704e-05, 'epoch': 0.06}
{'loss': 6.0145, 'learning_rate': 3.1082474226804125e-05, 'epoch': 0.06}
{'loss': 5.9341, 'learning_rate': 3.1030927835051546e-05, 'epoch': 0.06}
{'loss': 5.9416, 'learning_rate': 3.0979381443298974e-05, 'epoch': 0.06}
{'loss': 6.1032, 'learning_rate': 3.0927835051546395e-05, 'epoch': 0.06}
{'loss': 5.8832, 'learning_rate': 3.0876288659793816e-05, 'epoch': 0.06}
{'loss': 6.0472, 'learning_rate': 3.082474226804124e-05, 'epoch': 0.06}
{'loss': 6.0061, 'learning_rate': 3.0773195876288664e-05, 'epoch': 0.06}
{'loss': 5.8236, 'learning_rate': 3.0721649484536085e-05, 'epoch': 0.06}
{'loss': 5.9373, 'learning_rate': 3.0670103092783506e-05, 'epoch': 0.06}
{'loss': 6.0432, 'learning_rate': 3.0618556701030933e-05, 'epoch': 0.06}
{'loss': 6.0496, 'learning_rate': 3.0567010309278354e-05, 'epoch': 0.06}
{'loss': 6.0632, 'learning_rate': 3.051546391752578e-05, 'epoch': 0.06}
{'loss': 5.9896, 'learning_rate': 3.0463917525773196e-05, 'epoch': 0.06}
{'loss': 5.94, 'learning_rate': 3.0412371134020617e-05, 'epoch': 0.06}
{'loss': 6.0111, 'learning_rate': 3.036082474226804e-05, 'epoch': 0.06}
{'loss': 6.0022, 'learning_rate': 3.0309278350515462e-05, 'epoch': 0.06}
{'loss': 6.0336, 'learning_rate': 3.0257731958762886e-05, 'epoch': 0.06}
{'loss': 6.0874, 'learning_rate': 3.020618556701031e-05, 'epoch': 0.06}
{'loss': 5.9623, 'learning_rate': 3.015463917525773e-05, 'epoch': 0.06}
{'loss': 5.9828, 'learning_rate': 3.0103092783505156e-05, 'epoch': 0.06}
{'loss': 6.0307, 'learning_rate': 3.0051546391752577e-05, 'epoch': 0.06}
{'loss': 6.0259, 'learning_rate': 3e-05, 'epoch': 0.06}
{'loss': 6.0431, 'learning_rate': 2.994845360824742e-05, 'epoch': 0.06}
{'loss': 5.9981, 'learning_rate': 2.9896907216494846e-05, 'epoch': 0.06}
{'loss': 5.8923, 'learning_rate': 2.984536082474227e-05, 'epoch': 0.06}
{'loss': 5.9095, 'learning_rate': 2.979381443298969e-05, 'epoch': 0.06}
{'loss': 5.9591, 'learning_rate': 2.9742268041237115e-05, 'epoch': 0.06}
{'loss': 5.9039, 'learning_rate': 2.9690721649484536e-05, 'epoch': 0.06}
{'loss': 6.0553, 'learning_rate': 2.963917525773196e-05, 'epoch': 0.06}
{'loss': 5.9077, 'learning_rate': 2.9587628865979385e-05, 'epoch': 0.06}
{'loss': 5.9745, 'learning_rate': 2.9536082474226806e-05, 'epoch': 0.06}
{'loss': 5.9597, 'learning_rate': 2.948453608247423e-05, 'epoch': 0.06}
{'loss': 5.935, 'learning_rate': 2.943298969072165e-05, 'epoch': 0.06}
{'loss': 5.9933, 'learning_rate': 2.9381443298969075e-05, 'epoch': 0.06}
{'loss': 6.1186, 'learning_rate': 2.93298969072165e-05, 'epoch': 0.06}
{'loss': 6.0331, 'learning_rate': 2.927835051546392e-05, 'epoch': 0.06}
{'loss': 6.0077, 'learning_rate': 2.9226804123711344e-05, 'epoch': 0.06}
{'loss': 5.9868, 'learning_rate': 2.9175257731958765e-05, 'epoch': 0.06}
{'loss': 6.0338, 'learning_rate': 2.912371134020619e-05, 'epoch': 0.06}
{'loss': 6.0197, 'learning_rate': 2.907216494845361e-05, 'epoch': 0.06}
{'loss': 5.957, 'learning_rate': 2.9020618556701035e-05, 'epoch': 0.06}
{'loss': 5.9827, 'learning_rate': 2.896907216494846e-05, 'epoch': 0.06}
{'loss': 5.9143, 'learning_rate': 2.891752577319588e-05, 'epoch': 0.06}
{'loss': 6.0822, 'learning_rate': 2.8865979381443297e-05, 'epoch': 0.06}
{'loss': 5.9938, 'learning_rate': 2.881443298969072e-05, 'epoch': 0.06}
{'loss': 5.918, 'learning_rate': 2.8762886597938142e-05, 'epoch': 0.06}
{'loss': 6.042, 'learning_rate': 2.8711340206185567e-05, 'epoch': 0.06}
{'loss': 6.1207, 'learning_rate': 2.865979381443299e-05, 'epoch': 0.06}
{'loss': 5.9834, 'learning_rate': 2.860824742268041e-05, 'epoch': 0.06}
{'loss': 5.9511, 'learning_rate': 2.8556701030927836e-05, 'epoch': 0.06}
{'loss': 5.9977, 'learning_rate': 2.8505154639175257e-05, 'epoch': 0.06}
{'loss': 6.0543, 'learning_rate': 2.845360824742268e-05, 'epoch': 0.06}
{'loss': 6.0933, 'learning_rate': 2.8402061855670102e-05, 'epoch': 0.06}
{'loss': 6.039, 'learning_rate': 2.8350515463917526e-05, 'epoch': 0.06}
{'loss': 5.9676, 'learning_rate': 2.829896907216495e-05, 'epoch': 0.06}
{'loss': 6.0387, 'learning_rate': 2.824742268041237e-05, 'epoch': 0.06}
{'loss': 6.0259, 'learning_rate': 2.8195876288659796e-05, 'epoch': 0.06}
{'loss': 5.9713, 'learning_rate': 2.8144329896907216e-05, 'epoch': 0.06}
{'loss': 6.113, 'learning_rate': 2.809278350515464e-05, 'epoch': 0.06}
{'loss': 5.9689, 'learning_rate': 2.8041237113402065e-05, 'epoch': 0.06}
{'loss': 5.9453, 'learning_rate': 2.7989690721649486e-05, 'epoch': 0.06}
{'loss': 5.9371, 'learning_rate': 2.793814432989691e-05, 'epoch': 0.07}
{'loss': 6.112, 'learning_rate': 2.788659793814433e-05, 'epoch': 0.07}
{'loss': 5.92, 'learning_rate': 2.7835051546391755e-05, 'epoch': 0.07}
{'loss': 6.1181, 'learning_rate': 2.778350515463918e-05, 'epoch': 0.07}
{'loss': 6.0579, 'learning_rate': 2.77319587628866e-05, 'epoch': 0.07}
{'loss': 5.9564, 'learning_rate': 2.7680412371134025e-05, 'epoch': 0.07}
{'loss': 6.0227, 'learning_rate': 2.7628865979381445e-05, 'epoch': 0.07}
{'loss': 5.9639, 'learning_rate': 2.757731958762887e-05, 'epoch': 0.07}
{'loss': 5.9809, 'learning_rate': 2.752577319587629e-05, 'epoch': 0.07}
{'loss': 6.0519, 'learning_rate': 2.7474226804123715e-05, 'epoch': 0.07}
{'loss': 6.0084, 'learning_rate': 2.742268041237114e-05, 'epoch': 0.07}
{'loss': 5.8619, 'learning_rate': 2.737113402061856e-05, 'epoch': 0.07}
{'loss': 5.98, 'learning_rate': 2.7319587628865977e-05, 'epoch': 0.07}
{'loss': 5.9479, 'learning_rate': 2.72680412371134e-05, 'epoch': 0.07}
{'loss': 5.9212, 'learning_rate': 2.7216494845360823e-05, 'epoch': 0.07}
{'loss': 5.9829, 'learning_rate': 2.7164948453608247e-05, 'epoch': 0.07}
{'loss': 6.0062, 'learning_rate': 2.711340206185567e-05, 'epoch': 0.07}
{'loss': 6.0767, 'learning_rate': 2.7061855670103092e-05, 'epoch': 0.07}
{'loss': 6.0658, 'learning_rate': 2.7010309278350516e-05, 'epoch': 0.07}
{'loss': 5.9697, 'learning_rate': 2.6958762886597937e-05, 'epoch': 0.07}
{'loss': 6.008, 'learning_rate': 2.690721649484536e-05, 'epoch': 0.07}
{'loss': 5.9579, 'learning_rate': 2.6855670103092782e-05, 'epoch': 0.07}
{'loss': 5.9366, 'learning_rate': 2.6804123711340206e-05, 'epoch': 0.07}
{'loss': 5.9489, 'learning_rate': 2.675257731958763e-05, 'epoch': 0.07}
{'loss': 5.864, 'learning_rate': 2.670103092783505e-05, 'epoch': 0.07}
{'loss': 5.9181, 'learning_rate': 2.6649484536082476e-05, 'epoch': 0.07}
{'loss': 6.0254, 'learning_rate': 2.6597938144329897e-05, 'epoch': 0.07}
{'loss': 5.9932, 'learning_rate': 2.654639175257732e-05, 'epoch': 0.07}
{'loss': 6.0716, 'learning_rate': 2.6494845360824745e-05, 'epoch': 0.07}
{'loss': 6.0258, 'learning_rate': 2.6443298969072166e-05, 'epoch': 0.07}
{'loss': 5.9429, 'learning_rate': 2.639175257731959e-05, 'epoch': 0.07}
{'loss': 5.9383, 'learning_rate': 2.634020618556701e-05, 'epoch': 0.07}
{'loss': 6.0088, 'learning_rate': 2.6288659793814435e-05, 'epoch': 0.07}
{'loss': 6.0469, 'learning_rate': 2.623711340206186e-05, 'epoch': 0.07}
{'loss': 6.0278, 'learning_rate': 2.618556701030928e-05, 'epoch': 0.07}
{'loss': 6.0177, 'learning_rate': 2.6134020618556705e-05, 'epoch': 0.07}
{'loss': 5.9481, 'learning_rate': 2.6082474226804126e-05, 'epoch': 0.07}
{'loss': 6.0731, 'learning_rate': 2.603092783505155e-05, 'epoch': 0.07}
{'loss': 5.9672, 'learning_rate': 2.597938144329897e-05, 'epoch': 0.07}
{'loss': 5.953, 'learning_rate': 2.5927835051546395e-05, 'epoch': 0.07}
{'loss': 5.947, 'learning_rate': 2.587628865979382e-05, 'epoch': 0.07}
{'loss': 5.9573, 'learning_rate': 2.582474226804124e-05, 'epoch': 0.07}
{'loss': 6.0006, 'learning_rate': 2.5773195876288658e-05, 'epoch': 0.07}
{'loss': 6.0136, 'learning_rate': 2.5721649484536082e-05, 'epoch': 0.07}
{'loss': 6.0714, 'learning_rate': 2.5670103092783503e-05, 'epoch': 0.07}
{'loss': 5.9996, 'learning_rate': 2.5618556701030927e-05, 'epoch': 0.07}
{'loss': 6.03, 'learning_rate': 2.556701030927835e-05, 'epoch': 0.07}
{'loss': 6.0435, 'learning_rate': 2.5515463917525772e-05, 'epoch': 0.07}
{'loss': 5.8686, 'learning_rate': 2.5463917525773196e-05, 'epoch': 0.07}
{'loss': 6.0422, 'learning_rate': 2.5412371134020617e-05, 'epoch': 0.07}
{'loss': 6.0437, 'learning_rate': 2.536082474226804e-05, 'epoch': 0.07}
{'loss': 5.9091, 'learning_rate': 2.5309278350515462e-05, 'epoch': 0.07}
{'loss': 6.0092, 'learning_rate': 2.5257731958762887e-05, 'epoch': 0.07}
{'loss': 5.9098, 'learning_rate': 2.520618556701031e-05, 'epoch': 0.07}
{'loss': 5.9357, 'learning_rate': 2.5154639175257732e-05, 'epoch': 0.07}
{'loss': 6.0094, 'learning_rate': 2.5103092783505156e-05, 'epoch': 0.07}
{'loss': 6.0504, 'learning_rate': 2.5051546391752577e-05, 'epoch': 0.07}
{'loss': 5.9722, 'learning_rate': 2.5e-05, 'epoch': 0.07}
{'loss': 6.0335, 'learning_rate': 2.4948453608247425e-05, 'epoch': 0.07}
{'loss': 6.1022, 'learning_rate': 2.4896907216494846e-05, 'epoch': 0.07}
{'loss': 5.9118, 'learning_rate': 2.484536082474227e-05, 'epoch': 0.07}
{'loss': 6.0504, 'learning_rate': 2.479381443298969e-05, 'epoch': 0.07}
{'loss': 5.8543, 'learning_rate': 2.4742268041237116e-05, 'epoch': 0.07}
{'loss': 5.904, 'learning_rate': 2.469072164948454e-05, 'epoch': 0.07}
{'loss': 6.0121, 'learning_rate': 2.463917525773196e-05, 'epoch': 0.07}
{'loss': 6.0656, 'learning_rate': 2.4587628865979382e-05, 'epoch': 0.07}
{'loss': 5.9481, 'learning_rate': 2.4536082474226803e-05, 'epoch': 0.07}
{'loss': 6.0118, 'learning_rate': 2.4484536082474227e-05, 'epoch': 0.07}
{'loss': 6.0019, 'learning_rate': 2.443298969072165e-05, 'epoch': 0.07}
{'loss': 5.8832, 'learning_rate': 2.4381443298969072e-05, 'epoch': 0.07}
{'loss': 6.1788, 'learning_rate': 2.4329896907216496e-05, 'epoch': 0.07}
{'loss': 6.0435, 'learning_rate': 2.4278350515463917e-05, 'epoch': 0.07}
{'loss': 6.0283, 'learning_rate': 2.422680412371134e-05, 'epoch': 0.07}
{'loss': 6.0037, 'learning_rate': 2.4175257731958766e-05, 'epoch': 0.07}
{'loss': 6.0149, 'learning_rate': 2.4123711340206186e-05, 'epoch': 0.07}
{'loss': 5.8706, 'learning_rate': 2.407216494845361e-05, 'epoch': 0.07}
{'loss': 5.917, 'learning_rate': 2.402061855670103e-05, 'epoch': 0.07}
{'loss': 6.0197, 'learning_rate': 2.3969072164948456e-05, 'epoch': 0.07}
{'loss': 6.1218, 'learning_rate': 2.391752577319588e-05, 'epoch': 0.07}
{'loss': 5.9867, 'learning_rate': 2.38659793814433e-05, 'epoch': 0.07}
{'loss': 5.9549, 'learning_rate': 2.3814432989690722e-05, 'epoch': 0.07}
{'loss': 6.1178, 'learning_rate': 2.3762886597938143e-05, 'epoch': 0.07}
{'loss': 5.9946, 'learning_rate': 2.3711340206185567e-05, 'epoch': 0.07}
{'loss': 5.9499, 'learning_rate': 2.365979381443299e-05, 'epoch': 0.07}
{'loss': 6.0464, 'learning_rate': 2.3608247422680412e-05, 'epoch': 0.07}
{'loss': 6.0547, 'learning_rate': 2.3556701030927836e-05, 'epoch': 0.07}
{'loss': 5.9347, 'learning_rate': 2.3505154639175257e-05, 'epoch': 0.07}
{'loss': 6.0725, 'learning_rate': 2.345360824742268e-05, 'epoch': 0.07}
{'loss': 6.0136, 'learning_rate': 2.3402061855670106e-05, 'epoch': 0.07}
{'loss': 5.9349, 'learning_rate': 2.3350515463917527e-05, 'epoch': 0.07}
{'loss': 5.9127, 'learning_rate': 2.329896907216495e-05, 'epoch': 0.07}
{'loss': 5.891, 'learning_rate': 2.3247422680412372e-05, 'epoch': 0.07}
{'loss': 5.9259, 'learning_rate': 2.3195876288659796e-05, 'epoch': 0.07}
{'loss': 5.9981, 'learning_rate': 2.314432989690722e-05, 'epoch': 0.07}
{'loss': 5.9465, 'learning_rate': 2.309278350515464e-05, 'epoch': 0.07}
{'loss': 5.9793, 'learning_rate': 2.3041237113402062e-05, 'epoch': 0.07}
{'loss': 6.0189, 'learning_rate': 2.2989690721649483e-05, 'epoch': 0.07}
{'loss': 6.0271, 'learning_rate': 2.2938144329896907e-05, 'epoch': 0.07}
{'loss': 5.9058, 'learning_rate': 2.288659793814433e-05, 'epoch': 0.07}
{'loss': 6.0289, 'learning_rate': 2.2835051546391752e-05, 'epoch': 0.07}
{'loss': 5.9591, 'learning_rate': 2.2783505154639176e-05, 'epoch': 0.07}
{'loss': 6.0188, 'learning_rate': 2.2731958762886597e-05, 'epoch': 0.07}
{'loss': 6.0013, 'learning_rate': 2.268041237113402e-05, 'epoch': 0.07}
{'loss': 5.938, 'learning_rate': 2.2628865979381446e-05, 'epoch': 0.07}
{'loss': 5.946, 'learning_rate': 2.2577319587628867e-05, 'epoch': 0.07}
{'loss': 6.0036, 'learning_rate': 2.252577319587629e-05, 'epoch': 0.07}
{'loss': 6.0122, 'learning_rate': 2.2474226804123712e-05, 'epoch': 0.07}
{'loss': 5.9875, 'learning_rate': 2.2422680412371136e-05, 'epoch': 0.07}
{'loss': 6.0328, 'learning_rate': 2.237113402061856e-05, 'epoch': 0.07}
{'loss': 5.9288, 'learning_rate': 2.231958762886598e-05, 'epoch': 0.07}
{'loss': 6.0825, 'learning_rate': 2.2268041237113405e-05, 'epoch': 0.07}
{'loss': 5.9519, 'learning_rate': 2.2216494845360823e-05, 'epoch': 0.07}
{'loss': 6.0118, 'learning_rate': 2.2164948453608247e-05, 'epoch': 0.07}
{'loss': 5.9409, 'learning_rate': 2.211340206185567e-05, 'epoch': 0.07}
{'loss': 5.9981, 'learning_rate': 2.2061855670103092e-05, 'epoch': 0.07}
{'loss': 5.9129, 'learning_rate': 2.2010309278350517e-05, 'epoch': 0.07}
{'loss': 6.0861, 'learning_rate': 2.1958762886597937e-05, 'epoch': 0.07}
{'loss': 5.9666, 'learning_rate': 2.1907216494845362e-05, 'epoch': 0.07}
{'loss': 5.9317, 'learning_rate': 2.1855670103092786e-05, 'epoch': 0.07}
{'loss': 5.9458, 'learning_rate': 2.1804123711340207e-05, 'epoch': 0.07}
{'loss': 6.0247, 'learning_rate': 2.175257731958763e-05, 'epoch': 0.07}
{'loss': 6.0049, 'learning_rate': 2.1701030927835052e-05, 'epoch': 0.07}
{'loss': 5.9997, 'learning_rate': 2.1649484536082476e-05, 'epoch': 0.07}
{'loss': 6.0338, 'learning_rate': 2.15979381443299e-05, 'epoch': 0.07}
{'loss': 6.0177, 'learning_rate': 2.154639175257732e-05, 'epoch': 0.07}
{'loss': 5.9757, 'learning_rate': 2.1494845360824746e-05, 'epoch': 0.07}
{'loss': 6.0027, 'learning_rate': 2.1443298969072163e-05, 'epoch': 0.07}
{'loss': 6.0403, 'learning_rate': 2.1391752577319587e-05, 'epoch': 0.07}
{'loss': 5.9858, 'learning_rate': 2.134020618556701e-05, 'epoch': 0.07}
{'loss': 5.9884, 'learning_rate': 2.1288659793814432e-05, 'epoch': 0.07}
{'loss': 6.0301, 'learning_rate': 2.1237113402061857e-05, 'epoch': 0.07}
{'loss': 5.9748, 'learning_rate': 2.1185567010309278e-05, 'epoch': 0.07}
{'loss': 5.858, 'learning_rate': 2.1134020618556702e-05, 'epoch': 0.07}
{'loss': 6.0113, 'learning_rate': 2.1082474226804126e-05, 'epoch': 0.07}
{'loss': 5.9763, 'learning_rate': 2.1030927835051547e-05, 'epoch': 0.07}
{'loss': 6.0649, 'learning_rate': 2.097938144329897e-05, 'epoch': 0.07}
{'loss': 6.0119, 'learning_rate': 2.0927835051546392e-05, 'epoch': 0.07}
{'loss': 5.9448, 'learning_rate': 2.0876288659793816e-05, 'epoch': 0.07}
{'loss': 6.0184, 'learning_rate': 2.082474226804124e-05, 'epoch': 0.07}
{'loss': 6.0216, 'learning_rate': 2.077319587628866e-05, 'epoch': 0.07}
{'loss': 6.0075, 'learning_rate': 2.0721649484536086e-05, 'epoch': 0.07}
{'loss': 6.039, 'learning_rate': 2.0670103092783503e-05, 'epoch': 0.07}
{'loss': 5.9877, 'learning_rate': 2.0618556701030927e-05, 'epoch': 0.07}
{'loss': 5.9309, 'learning_rate': 2.0567010309278352e-05, 'epoch': 0.07}
{'loss': 6.0533, 'learning_rate': 2.0515463917525773e-05, 'epoch': 0.07}
{'loss': 5.9636, 'learning_rate': 2.0463917525773197e-05, 'epoch': 0.07}
{'loss': 5.9734, 'learning_rate': 2.0412371134020618e-05, 'epoch': 0.07}
{'loss': 6.0714, 'learning_rate': 2.0360824742268042e-05, 'epoch': 0.07}
{'loss': 5.9509, 'learning_rate': 2.0309278350515466e-05, 'epoch': 0.07}
{'loss': 5.9265, 'learning_rate': 2.0257731958762887e-05, 'epoch': 0.07}
{'loss': 6.0117, 'learning_rate': 2.020618556701031e-05, 'epoch': 0.07}
{'loss': 5.8777, 'learning_rate': 2.0154639175257732e-05, 'epoch': 0.07}
{'loss': 5.884, 'learning_rate': 2.0103092783505157e-05, 'epoch': 0.07}
{'loss': 6.0198, 'learning_rate': 2.005154639175258e-05, 'epoch': 0.07}
{'loss': 5.9979, 'learning_rate': 2e-05, 'epoch': 0.07}
{'loss': 6.0993, 'learning_rate': 1.9948453608247426e-05, 'epoch': 0.07}
{'loss': 6.0793, 'learning_rate': 1.9896907216494843e-05, 'epoch': 0.07}
{'loss': 5.9782, 'learning_rate': 1.9845360824742268e-05, 'epoch': 0.07}
{'loss': 6.0059, 'learning_rate': 1.9793814432989692e-05, 'epoch': 0.07}
{'loss': 5.9685, 'learning_rate': 1.9742268041237113e-05, 'epoch': 0.07}
{'loss': 6.0227, 'learning_rate': 1.9690721649484537e-05, 'epoch': 0.07}
{'loss': 6.0482, 'learning_rate': 1.9639175257731958e-05, 'epoch': 0.07}
{'loss': 6.0362, 'learning_rate': 1.9587628865979382e-05, 'epoch': 0.07}
{'loss': 6.0272, 'learning_rate': 1.9536082474226806e-05, 'epoch': 0.07}
{'loss': 5.9705, 'learning_rate': 1.9484536082474227e-05, 'epoch': 0.07}
{'loss': 6.0043, 'learning_rate': 1.943298969072165e-05, 'epoch': 0.07}
{'loss': 5.8915, 'learning_rate': 1.9381443298969072e-05, 'epoch': 0.07}
{'loss': 5.9883, 'learning_rate': 1.9329896907216497e-05, 'epoch': 0.07}
{'loss': 5.9618, 'learning_rate': 1.927835051546392e-05, 'epoch': 0.07}
{'loss': 6.0641, 'learning_rate': 1.9226804123711342e-05, 'epoch': 0.07}
{'loss': 6.0052, 'learning_rate': 1.9175257731958766e-05, 'epoch': 0.07}
{'loss': 6.0642, 'learning_rate': 1.9123711340206184e-05, 'epoch': 0.07}
{'loss': 5.9863, 'learning_rate': 1.9072164948453608e-05, 'epoch': 0.07}
{'loss': 5.9699, 'learning_rate': 1.9020618556701032e-05, 'epoch': 0.07}
{'loss': 6.0161, 'learning_rate': 1.8969072164948453e-05, 'epoch': 0.07}
{'loss': 5.9817, 'learning_rate': 1.8917525773195877e-05, 'epoch': 0.07}
{'loss': 5.9376, 'learning_rate': 1.8865979381443298e-05, 'epoch': 0.07}
{'loss': 5.9363, 'learning_rate': 1.8814432989690722e-05, 'epoch': 0.07}
{'loss': 6.0813, 'learning_rate': 1.8762886597938147e-05, 'epoch': 0.07}
{'loss': 5.8464, 'learning_rate': 1.8711340206185567e-05, 'epoch': 0.07}
{'loss': 6.0528, 'learning_rate': 1.865979381443299e-05, 'epoch': 0.07}
{'loss': 6.0213, 'learning_rate': 1.8608247422680413e-05, 'epoch': 0.07}
{'loss': 5.9885, 'learning_rate': 1.8556701030927837e-05, 'epoch': 0.07}
{'loss': 5.9622, 'learning_rate': 1.850515463917526e-05, 'epoch': 0.07}
{'loss': 5.8848, 'learning_rate': 1.8453608247422682e-05, 'epoch': 0.07}
{'loss': 6.061, 'learning_rate': 1.8402061855670106e-05, 'epoch': 0.07}
{'loss': 5.994, 'learning_rate': 1.8350515463917524e-05, 'epoch': 0.07}
{'loss': 6.0047, 'learning_rate': 1.8298969072164948e-05, 'epoch': 0.07}
{'loss': 5.8962, 'learning_rate': 1.8247422680412372e-05, 'epoch': 0.07}
{'loss': 6.0486, 'learning_rate': 1.8195876288659793e-05, 'epoch': 0.07}
{'loss': 5.9846, 'learning_rate': 1.8144329896907217e-05, 'epoch': 0.07}
{'loss': 5.9541, 'learning_rate': 1.8092783505154638e-05, 'epoch': 0.07}
{'loss': 5.9508, 'learning_rate': 1.8041237113402062e-05, 'epoch': 0.07}
{'loss': 5.9064, 'learning_rate': 1.7989690721649487e-05, 'epoch': 0.07}
{'loss': 5.9617, 'learning_rate': 1.7938144329896908e-05, 'epoch': 0.07}
{'loss': 6.0961, 'learning_rate': 1.7886597938144332e-05, 'epoch': 0.07}
{'loss': 5.8716, 'learning_rate': 1.7835051546391753e-05, 'epoch': 0.07}
{'loss': 5.8672, 'learning_rate': 1.7783505154639177e-05, 'epoch': 0.07}
{'loss': 6.0548, 'learning_rate': 1.77319587628866e-05, 'epoch': 0.07}
{'loss': 5.9082, 'learning_rate': 1.7680412371134022e-05, 'epoch': 0.07}
{'loss': 5.9312, 'learning_rate': 1.7628865979381446e-05, 'epoch': 0.07}
{'loss': 5.958, 'learning_rate': 1.7577319587628864e-05, 'epoch': 0.07}
{'loss': 5.9665, 'learning_rate': 1.7525773195876288e-05, 'epoch': 0.07}
{'loss': 5.9858, 'learning_rate': 1.7474226804123712e-05, 'epoch': 0.07}
{'loss': 6.0656, 'learning_rate': 1.7422680412371133e-05, 'epoch': 0.07}
{'loss': 6.0287, 'learning_rate': 1.7371134020618557e-05, 'epoch': 0.07}
{'loss': 6.0198, 'learning_rate': 1.7319587628865978e-05, 'epoch': 0.07}
{'loss': 5.9309, 'learning_rate': 1.7268041237113403e-05, 'epoch': 0.07}
{'loss': 5.9743, 'learning_rate': 1.7216494845360827e-05, 'epoch': 0.07}
{'loss': 6.0322, 'learning_rate': 1.7164948453608248e-05, 'epoch': 0.07}
{'loss': 5.8831, 'learning_rate': 1.7113402061855672e-05, 'epoch': 0.07}
{'loss': 5.9742, 'learning_rate': 1.7061855670103093e-05, 'epoch': 0.07}
{'loss': 5.9501, 'learning_rate': 1.7010309278350517e-05, 'epoch': 0.07}
{'loss': 5.9711, 'learning_rate': 1.695876288659794e-05, 'epoch': 0.07}
{'loss': 5.9596, 'learning_rate': 1.6907216494845362e-05, 'epoch': 0.07}
{'loss': 5.9017, 'learning_rate': 1.6855670103092786e-05, 'epoch': 0.07}
{'loss': 6.0496, 'learning_rate': 1.6804123711340207e-05, 'epoch': 0.07}
{'loss': 6.0037, 'learning_rate': 1.6752577319587628e-05, 'epoch': 0.07}
{'loss': 6.0668, 'learning_rate': 1.6701030927835052e-05, 'epoch': 0.07}
{'loss': 6.0033, 'learning_rate': 1.6649484536082473e-05, 'epoch': 0.07}
{'loss': 6.0622, 'learning_rate': 1.6597938144329898e-05, 'epoch': 0.07}
{'loss': 6.0047, 'learning_rate': 1.654639175257732e-05, 'epoch': 0.07}
{'loss': 5.8909, 'learning_rate': 1.6494845360824743e-05, 'epoch': 0.07}
{'loss': 5.8746, 'learning_rate': 1.6443298969072167e-05, 'epoch': 0.07}
{'loss': 6.0615, 'learning_rate': 1.6391752577319588e-05, 'epoch': 0.07}
{'loss': 5.846, 'learning_rate': 1.6340206185567012e-05, 'epoch': 0.07}
{'loss': 5.9602, 'learning_rate': 1.6288659793814433e-05, 'epoch': 0.07}
{'loss': 5.9679, 'learning_rate': 1.6237113402061857e-05, 'epoch': 0.07}
{'loss': 5.9769, 'learning_rate': 1.618556701030928e-05, 'epoch': 0.07}
{'loss': 5.9371, 'learning_rate': 1.6134020618556702e-05, 'epoch': 0.07}
{'loss': 5.9683, 'learning_rate': 1.6082474226804127e-05, 'epoch': 0.07}
{'loss': 6.0029, 'learning_rate': 1.6030927835051547e-05, 'epoch': 0.07}
{'loss': 6.0528, 'learning_rate': 1.5979381443298968e-05, 'epoch': 0.07}
{'loss': 6.0398, 'learning_rate': 1.5927835051546393e-05, 'epoch': 0.07}
{'loss': 5.9344, 'learning_rate': 1.5876288659793813e-05, 'epoch': 0.07}
{'loss': 6.0512, 'learning_rate': 1.5824742268041238e-05, 'epoch': 0.07}
{'loss': 6.0574, 'learning_rate': 1.577319587628866e-05, 'epoch': 0.07}
{'loss': 5.844, 'learning_rate': 1.5721649484536083e-05, 'epoch': 0.07}
{'loss': 5.9801, 'learning_rate': 1.5670103092783507e-05, 'epoch': 0.07}
{'loss': 5.9437, 'learning_rate': 1.5618556701030928e-05, 'epoch': 0.07}
{'loss': 5.9701, 'learning_rate': 1.5567010309278352e-05, 'epoch': 0.07}
{'loss': 5.8932, 'learning_rate': 1.5515463917525773e-05, 'epoch': 0.07}
{'loss': 5.9743, 'learning_rate': 1.5463917525773197e-05, 'epoch': 0.07}
{'loss': 6.1353, 'learning_rate': 1.541237113402062e-05, 'epoch': 0.07}
{'loss': 5.9593, 'learning_rate': 1.5360824742268042e-05, 'epoch': 0.07}
{'loss': 6.0387, 'learning_rate': 1.5309278350515467e-05, 'epoch': 0.07}
{'loss': 6.0182, 'learning_rate': 1.525773195876289e-05, 'epoch': 0.07}
{'loss': 5.9741, 'learning_rate': 1.5206185567010308e-05, 'epoch': 0.07}
{'loss': 5.8833, 'learning_rate': 1.5154639175257731e-05, 'epoch': 0.07}
{'loss': 5.9494, 'learning_rate': 1.5103092783505155e-05, 'epoch': 0.07}
{'loss': 6.0647, 'learning_rate': 1.5051546391752578e-05, 'epoch': 0.07}
{'loss': 5.9496, 'learning_rate': 1.5e-05, 'epoch': 0.07}
{'loss': 6.0572, 'learning_rate': 1.4948453608247423e-05, 'epoch': 0.07}
{'loss': 5.9758, 'learning_rate': 1.4896907216494846e-05, 'epoch': 0.07}
{'loss': 6.0477, 'learning_rate': 1.4845360824742268e-05, 'epoch': 0.07}
{'loss': 6.0065, 'learning_rate': 1.4793814432989692e-05, 'epoch': 0.07}
{'loss': 5.967, 'learning_rate': 1.4742268041237115e-05, 'epoch': 0.07}
{'loss': 6.0591, 'learning_rate': 1.4690721649484537e-05, 'epoch': 0.07}
{'loss': 6.0, 'learning_rate': 1.463917525773196e-05, 'epoch': 0.07}
{'loss': 6.0509, 'learning_rate': 1.4587628865979383e-05, 'epoch': 0.07}
{'loss': 5.9154, 'learning_rate': 1.4536082474226805e-05, 'epoch': 0.07}
{'loss': 5.8801, 'learning_rate': 1.448453608247423e-05, 'epoch': 0.07}
{'loss': 5.9862, 'learning_rate': 1.4432989690721649e-05, 'epoch': 0.07}
{'loss': 6.0019, 'learning_rate': 1.4381443298969071e-05, 'epoch': 0.07}
{'loss': 5.978, 'learning_rate': 1.4329896907216495e-05, 'epoch': 0.07}
{'loss': 6.1028, 'learning_rate': 1.4278350515463918e-05, 'epoch': 0.07}
{'loss': 6.0459, 'learning_rate': 1.422680412371134e-05, 'epoch': 0.07}
{'loss': 6.1239, 'learning_rate': 1.4175257731958763e-05, 'epoch': 0.07}
{'loss': 6.003, 'learning_rate': 1.4123711340206186e-05, 'epoch': 0.07}
{'loss': 5.987, 'learning_rate': 1.4072164948453608e-05, 'epoch': 0.07}
{'loss': 6.0517, 'learning_rate': 1.4020618556701032e-05, 'epoch': 0.07}
{'loss': 5.8962, 'learning_rate': 1.3969072164948455e-05, 'epoch': 0.07}
{'loss': 6.0339, 'learning_rate': 1.3917525773195878e-05, 'epoch': 0.07}
{'loss': 6.038, 'learning_rate': 1.38659793814433e-05, 'epoch': 0.07}
{'loss': 5.8984, 'learning_rate': 1.3814432989690723e-05, 'epoch': 0.07}
{'loss': 6.0002, 'learning_rate': 1.3762886597938145e-05, 'epoch': 0.07}
{'loss': 5.8666, 'learning_rate': 1.371134020618557e-05, 'epoch': 0.07}
{'loss': 5.8913, 'learning_rate': 1.3659793814432989e-05, 'epoch': 0.07}
{'loss': 5.9723, 'learning_rate': 1.3608247422680411e-05, 'epoch': 0.07}
{'loss': 6.0357, 'learning_rate': 1.3556701030927836e-05, 'epoch': 0.07}
{'loss': 5.9266, 'learning_rate': 1.3505154639175258e-05, 'epoch': 0.07}
{'loss': 5.8771, 'learning_rate': 1.345360824742268e-05, 'epoch': 0.07}
{'loss': 6.0182, 'learning_rate': 1.3402061855670103e-05, 'epoch': 0.07}
{'loss': 5.9475, 'learning_rate': 1.3350515463917526e-05, 'epoch': 0.07}
{'loss': 5.9817, 'learning_rate': 1.3298969072164948e-05, 'epoch': 0.07}
{'loss': 5.9579, 'learning_rate': 1.3247422680412373e-05, 'epoch': 0.07}
{'loss': 5.9925, 'learning_rate': 1.3195876288659795e-05, 'epoch': 0.07}
{'loss': 6.0027, 'learning_rate': 1.3144329896907218e-05, 'epoch': 0.07}
{'loss': 6.0534, 'learning_rate': 1.309278350515464e-05, 'epoch': 0.07}
{'loss': 6.0218, 'learning_rate': 1.3041237113402063e-05, 'epoch': 0.07}
{'loss': 6.0103, 'learning_rate': 1.2989690721649485e-05, 'epoch': 0.07}
{'loss': 5.9459, 'learning_rate': 1.293814432989691e-05, 'epoch': 0.07}
{'loss': 5.9378, 'learning_rate': 1.2886597938144329e-05, 'epoch': 0.07}
{'loss': 5.9543, 'learning_rate': 1.2835051546391751e-05, 'epoch': 0.07}
{'loss': 5.9067, 'learning_rate': 1.2783505154639176e-05, 'epoch': 0.07}
{'loss': 5.8949, 'learning_rate': 1.2731958762886598e-05, 'epoch': 0.07}
{'loss': 6.102, 'learning_rate': 1.268041237113402e-05, 'epoch': 0.07}
{'loss': 5.8562, 'learning_rate': 1.2628865979381443e-05, 'epoch': 0.07}
{'loss': 5.9307, 'learning_rate': 1.2577319587628866e-05, 'epoch': 0.07}
{'loss': 6.0972, 'learning_rate': 1.2525773195876288e-05, 'epoch': 0.07}
{'loss': 5.8745, 'learning_rate': 1.2474226804123713e-05, 'epoch': 0.07}
{'loss': 6.0087, 'learning_rate': 1.2422680412371135e-05, 'epoch': 0.07}
{'loss': 6.0238, 'learning_rate': 1.2371134020618558e-05, 'epoch': 0.07}
{'loss': 5.9319, 'learning_rate': 1.231958762886598e-05, 'epoch': 0.07}
{'loss': 6.0742, 'learning_rate': 1.2268041237113401e-05, 'epoch': 0.07}
{'loss': 6.0412, 'learning_rate': 1.2216494845360826e-05, 'epoch': 0.07}
{'loss': 5.9743, 'learning_rate': 1.2164948453608248e-05, 'epoch': 0.07}
{'loss': 6.0057, 'learning_rate': 1.211340206185567e-05, 'epoch': 0.07}
{'loss': 6.0594, 'learning_rate': 1.2061855670103093e-05, 'epoch': 0.07}
{'loss': 6.0025, 'learning_rate': 1.2010309278350516e-05, 'epoch': 0.07}
{'loss': 5.9428, 'learning_rate': 1.195876288659794e-05, 'epoch': 0.07}
{'loss': 5.9846, 'learning_rate': 1.1907216494845361e-05, 'epoch': 0.07}
{'loss': 5.977, 'learning_rate': 1.1855670103092783e-05, 'epoch': 0.07}
{'loss': 5.9675, 'learning_rate': 1.1804123711340206e-05, 'epoch': 0.07}
{'loss': 6.0339, 'learning_rate': 1.1752577319587629e-05, 'epoch': 0.07}
{'loss': 6.0144, 'learning_rate': 1.1701030927835053e-05, 'epoch': 0.07}
{'loss': 6.0547, 'learning_rate': 1.1649484536082475e-05, 'epoch': 0.07}
{'loss': 6.0062, 'learning_rate': 1.1597938144329898e-05, 'epoch': 0.07}
{'loss': 6.0027, 'learning_rate': 1.154639175257732e-05, 'epoch': 0.07}
{'loss': 6.0077, 'learning_rate': 1.1494845360824741e-05, 'epoch': 0.07}
{'loss': 6.0903, 'learning_rate': 1.1443298969072166e-05, 'epoch': 0.07}
{'loss': 6.0317, 'learning_rate': 1.1391752577319588e-05, 'epoch': 0.07}
{'loss': 5.8744, 'learning_rate': 1.134020618556701e-05, 'epoch': 0.07}
{'loss': 6.0509, 'learning_rate': 1.1288659793814433e-05, 'epoch': 0.07}
{'loss': 5.8657, 'learning_rate': 1.1237113402061856e-05, 'epoch': 0.07}
{'loss': 5.9991, 'learning_rate': 1.118556701030928e-05, 'epoch': 0.07}
{'loss': 5.9075, 'learning_rate': 1.1134020618556703e-05, 'epoch': 0.07}
{'loss': 5.963, 'learning_rate': 1.1082474226804124e-05, 'epoch': 0.07}
{'loss': 6.1048, 'learning_rate': 1.1030927835051546e-05, 'epoch': 0.07}
{'loss': 5.9326, 'learning_rate': 1.0979381443298969e-05, 'epoch': 0.07}
{'loss': 6.0984, 'learning_rate': 1.0927835051546393e-05, 'epoch': 0.07}
{'loss': 5.8858, 'learning_rate': 1.0876288659793816e-05, 'epoch': 0.07}
{'loss': 5.9448, 'learning_rate': 1.0824742268041238e-05, 'epoch': 0.07}
{'loss': 5.9368, 'learning_rate': 1.077319587628866e-05, 'epoch': 0.07}
{'loss': 5.9193, 'learning_rate': 1.0721649484536082e-05, 'epoch': 0.07}
{'loss': 5.9386, 'learning_rate': 1.0670103092783506e-05, 'epoch': 0.07}
{'loss': 5.8315, 'learning_rate': 1.0618556701030928e-05, 'epoch': 0.07}
{'loss': 6.0543, 'learning_rate': 1.0567010309278351e-05, 'epoch': 0.07}
{'loss': 5.9777, 'learning_rate': 1.0515463917525773e-05, 'epoch': 0.07}
{'loss': 5.8809, 'learning_rate': 1.0463917525773196e-05, 'epoch': 0.07}
{'loss': 5.9648, 'learning_rate': 1.041237113402062e-05, 'epoch': 0.07}
{'loss': 6.0387, 'learning_rate': 1.0360824742268043e-05, 'epoch': 0.07}
{'loss': 5.8416, 'learning_rate': 1.0309278350515464e-05, 'epoch': 0.07}
{'loss': 6.0162, 'learning_rate': 1.0257731958762886e-05, 'epoch': 0.07}
{'loss': 5.95, 'learning_rate': 1.0206185567010309e-05, 'epoch': 0.07}
{'loss': 5.9502, 'learning_rate': 1.0154639175257733e-05, 'epoch': 0.07}
{'loss': 5.9003, 'learning_rate': 1.0103092783505156e-05, 'epoch': 0.07}
{'loss': 5.9915, 'learning_rate': 1.0051546391752578e-05, 'epoch': 0.07}
{'loss': 6.0015, 'learning_rate': 1e-05, 'epoch': 0.07}
{'loss': 5.9718, 'learning_rate': 9.948453608247422e-06, 'epoch': 0.07}
{'loss': 6.0084, 'learning_rate': 9.896907216494846e-06, 'epoch': 0.07}
{'loss': 6.0607, 'learning_rate': 9.845360824742269e-06, 'epoch': 0.07}
{'loss': 5.983, 'learning_rate': 9.793814432989691e-06, 'epoch': 0.07}
{'loss': 6.0138, 'learning_rate': 9.742268041237114e-06, 'epoch': 0.07}
{'loss': 5.9709, 'learning_rate': 9.690721649484536e-06, 'epoch': 0.07}
{'loss': 5.9691, 'learning_rate': 9.63917525773196e-06, 'epoch': 0.07}
{'loss': 5.895, 'learning_rate': 9.587628865979383e-06, 'epoch': 0.07}
{'loss': 6.0428, 'learning_rate': 9.536082474226804e-06, 'epoch': 0.07}
{'loss': 5.9872, 'learning_rate': 9.484536082474226e-06, 'epoch': 0.07}
{'loss': 5.9933, 'learning_rate': 9.432989690721649e-06, 'epoch': 0.07}
{'loss': 6.0028, 'learning_rate': 9.381443298969073e-06, 'epoch': 0.07}
{'loss': 5.9038, 'learning_rate': 9.329896907216496e-06, 'epoch': 0.07}
{'loss': 5.9033, 'learning_rate': 9.278350515463918e-06, 'epoch': 0.07}
{'loss': 5.9845, 'learning_rate': 9.226804123711341e-06, 'epoch': 0.07}
{'loss': 6.0438, 'learning_rate': 9.175257731958762e-06, 'epoch': 0.07}
{'loss': 5.9078, 'learning_rate': 9.123711340206186e-06, 'epoch': 0.07}
{'loss': 5.926, 'learning_rate': 9.072164948453609e-06, 'epoch': 0.07}
{'loss': 6.014, 'learning_rate': 9.020618556701031e-06, 'epoch': 0.07}
{'loss': 6.0537, 'learning_rate': 8.969072164948454e-06, 'epoch': 0.07}
{'loss': 6.0051, 'learning_rate': 8.917525773195876e-06, 'epoch': 0.07}
{'loss': 5.945, 'learning_rate': 8.8659793814433e-06, 'epoch': 0.07}
{'loss': 5.9873, 'learning_rate': 8.814432989690723e-06, 'epoch': 0.07}
{'loss': 5.909, 'learning_rate': 8.762886597938144e-06, 'epoch': 0.07}
{'loss': 5.9773, 'learning_rate': 8.711340206185567e-06, 'epoch': 0.07}
{'loss': 5.9513, 'learning_rate': 8.659793814432989e-06, 'epoch': 0.07}
{'loss': 6.0056, 'learning_rate': 8.608247422680413e-06, 'epoch': 0.07}
{'loss': 6.006, 'learning_rate': 8.556701030927836e-06, 'epoch': 0.07}
{'loss': 5.8768, 'learning_rate': 8.505154639175259e-06, 'epoch': 0.07}
{'loss': 6.0625, 'learning_rate': 8.453608247422681e-06, 'epoch': 0.07}
{'loss': 5.839, 'learning_rate': 8.402061855670104e-06, 'epoch': 0.07}
{'loss': 5.9115, 'learning_rate': 8.350515463917526e-06, 'epoch': 0.07}
{'loss': 5.9274, 'learning_rate': 8.298969072164949e-06, 'epoch': 0.07}
{'loss': 5.951, 'learning_rate': 8.247422680412371e-06, 'epoch': 0.07}
{'loss': 6.0145, 'learning_rate': 8.195876288659794e-06, 'epoch': 0.07}
{'loss': 6.0508, 'learning_rate': 8.144329896907216e-06, 'epoch': 0.07}
{'loss': 6.006, 'learning_rate': 8.09278350515464e-06, 'epoch': 0.07}
{'loss': 5.9334, 'learning_rate': 8.041237113402063e-06, 'epoch': 0.07}
{'loss': 5.8034, 'learning_rate': 7.989690721649484e-06, 'epoch': 0.07}
{'loss': 6.0005, 'learning_rate': 7.938144329896907e-06, 'epoch': 0.07}
{'loss': 5.9852, 'learning_rate': 7.88659793814433e-06, 'epoch': 0.07}
{'loss': 6.009, 'learning_rate': 7.835051546391754e-06, 'epoch': 0.07}
{'loss': 5.947, 'learning_rate': 7.783505154639176e-06, 'epoch': 0.07}
{'loss': 6.0646, 'learning_rate': 7.731958762886599e-06, 'epoch': 0.07}
{'loss': 5.8995, 'learning_rate': 7.680412371134021e-06, 'epoch': 0.07}
{'loss': 5.9123, 'learning_rate': 7.628865979381445e-06, 'epoch': 0.07}
{'loss': 5.8932, 'learning_rate': 7.5773195876288655e-06, 'epoch': 0.07}
{'loss': 5.916, 'learning_rate': 7.525773195876289e-06, 'epoch': 0.07}
{'loss': 5.9449, 'learning_rate': 7.4742268041237115e-06, 'epoch': 0.07}
{'loss': 5.9788, 'learning_rate': 7.422680412371134e-06, 'epoch': 0.07}
{'loss': 5.9219, 'learning_rate': 7.3711340206185574e-06, 'epoch': 0.07}
{'loss': 5.9831, 'learning_rate': 7.31958762886598e-06, 'epoch': 0.07}
{'loss': 5.9509, 'learning_rate': 7.2680412371134026e-06, 'epoch': 0.07}
{'loss': 5.9212, 'learning_rate': 7.216494845360824e-06, 'epoch': 0.07}
{'loss': 5.9477, 'learning_rate': 7.164948453608248e-06, 'epoch': 0.07}
{'loss': 5.8639, 'learning_rate': 7.11340206185567e-06, 'epoch': 0.07}
{'loss': 6.0566, 'learning_rate': 7.061855670103093e-06, 'epoch': 0.07}
{'loss': 5.8775, 'learning_rate': 7.010309278350516e-06, 'epoch': 0.07}
{'loss': 5.9521, 'learning_rate': 6.958762886597939e-06, 'epoch': 0.07}
{'loss': 5.9874, 'learning_rate': 6.907216494845361e-06, 'epoch': 0.07}
{'loss': 6.0039, 'learning_rate': 6.855670103092785e-06, 'epoch': 0.07}
{'loss': 5.9973, 'learning_rate': 6.804123711340206e-06, 'epoch': 0.07}
{'loss': 5.9476, 'learning_rate': 6.752577319587629e-06, 'epoch': 0.07}
{'loss': 5.9904, 'learning_rate': 6.701030927835052e-06, 'epoch': 0.07}
{'loss': 5.9429, 'learning_rate': 6.649484536082474e-06, 'epoch': 0.07}
{'loss': 6.0701, 'learning_rate': 6.597938144329898e-06, 'epoch': 0.07}
{'loss': 5.9702, 'learning_rate': 6.54639175257732e-06, 'epoch': 0.07}
{'loss': 5.9563, 'learning_rate': 6.494845360824743e-06, 'epoch': 0.07}
{'loss': 5.8993, 'learning_rate': 6.443298969072164e-06, 'epoch': 0.07}
{'loss': 5.8776, 'learning_rate': 6.391752577319588e-06, 'epoch': 0.07}
{'loss': 5.9963, 'learning_rate': 6.34020618556701e-06, 'epoch': 0.07}
{'loss': 5.9399, 'learning_rate': 6.288659793814433e-06, 'epoch': 0.07}
{'loss': 5.9704, 'learning_rate': 6.237113402061856e-06, 'epoch': 0.07}
{'loss': 5.8984, 'learning_rate': 6.185567010309279e-06, 'epoch': 0.07}
{'loss': 5.9374, 'learning_rate': 6.134020618556701e-06, 'epoch': 0.07}
{'loss': 6.0135, 'learning_rate': 6.082474226804124e-06, 'epoch': 0.07}
{'loss': 5.9053, 'learning_rate': 6.030927835051547e-06, 'epoch': 0.07}
{'loss': 5.9326, 'learning_rate': 5.97938144329897e-06, 'epoch': 0.07}
{'loss': 5.9997, 'learning_rate': 5.927835051546392e-06, 'epoch': 0.07}
{'loss': 5.912, 'learning_rate': 5.876288659793814e-06, 'epoch': 0.07}
{'loss': 5.9331, 'learning_rate': 5.824742268041238e-06, 'epoch': 0.07}
{'loss': 5.9318, 'learning_rate': 5.77319587628866e-06, 'epoch': 0.07}
{'loss': 5.9879, 'learning_rate': 5.721649484536083e-06, 'epoch': 0.07}
{'loss': 6.0161, 'learning_rate': 5.670103092783505e-06, 'epoch': 0.07}
{'loss': 5.9308, 'learning_rate': 5.618556701030928e-06, 'epoch': 0.07}
{'loss': 6.0166, 'learning_rate': 5.567010309278351e-06, 'epoch': 0.07}
{'loss': 6.0165, 'learning_rate': 5.515463917525773e-06, 'epoch': 0.07}
{'loss': 6.0052, 'learning_rate': 5.4639175257731965e-06, 'epoch': 0.07}
{'loss': 5.9418, 'learning_rate': 5.412371134020619e-06, 'epoch': 0.07}
{'loss': 5.9284, 'learning_rate': 5.360824742268041e-06, 'epoch': 0.07}
{'loss': 6.0855, 'learning_rate': 5.309278350515464e-06, 'epoch': 0.07}
{'loss': 5.9025, 'learning_rate': 5.257731958762887e-06, 'epoch': 0.07}
{'loss': 5.9506, 'learning_rate': 5.20618556701031e-06, 'epoch': 0.07}
{'loss': 5.9752, 'learning_rate': 5.154639175257732e-06, 'epoch': 0.07}
{'loss': 6.0339, 'learning_rate': 5.1030927835051544e-06, 'epoch': 0.07}
{'loss': 5.9469, 'learning_rate': 5.051546391752578e-06, 'epoch': 0.07}
{'loss': 6.0126, 'learning_rate': 5e-06, 'epoch': 0.07}
{'loss': 5.9048, 'learning_rate': 4.948453608247423e-06, 'epoch': 0.07}
{'loss': 6.0208, 'learning_rate': 4.8969072164948455e-06, 'epoch': 0.07}
{'loss': 5.826, 'learning_rate': 4.845360824742268e-06, 'epoch': 0.07}
{'loss': 6.0293, 'learning_rate': 4.7938144329896915e-06, 'epoch': 0.07}
{'loss': 5.8295, 'learning_rate': 4.742268041237113e-06, 'epoch': 0.07}
{'loss': 5.9897, 'learning_rate': 4.690721649484537e-06, 'epoch': 0.07}
{'loss': 5.9236, 'learning_rate': 4.639175257731959e-06, 'epoch': 0.07}
{'loss': 5.9196, 'learning_rate': 4.587628865979381e-06, 'epoch': 0.07}
{'loss': 5.9899, 'learning_rate': 4.536082474226804e-06, 'epoch': 0.07}
{'loss': 5.9561, 'learning_rate': 4.484536082474227e-06, 'epoch': 0.07}
{'loss': 5.9618, 'learning_rate': 4.43298969072165e-06, 'epoch': 0.07}
{'loss': 6.0042, 'learning_rate': 4.381443298969072e-06, 'epoch': 0.07}
{'loss': 6.0157, 'learning_rate': 4.3298969072164946e-06, 'epoch': 0.07}
{'loss': 5.9973, 'learning_rate': 4.278350515463918e-06, 'epoch': 0.07}
{'loss': 5.9491, 'learning_rate': 4.2268041237113405e-06, 'epoch': 0.07}
{'loss': 6.0895, 'learning_rate': 4.175257731958763e-06, 'epoch': 0.07}
{'loss': 5.888, 'learning_rate': 4.123711340206186e-06, 'epoch': 0.07}
{'loss': 5.8969, 'learning_rate': 4.072164948453608e-06, 'epoch': 0.07}
{'loss': 5.88, 'learning_rate': 4.020618556701032e-06, 'epoch': 0.07}
{'loss': 6.0459, 'learning_rate': 3.969072164948453e-06, 'epoch': 0.07}
{'loss': 5.9664, 'learning_rate': 3.917525773195877e-06, 'epoch': 0.07}
{'loss': 5.8584, 'learning_rate': 3.865979381443299e-06, 'epoch': 0.07}
{'loss': 6.0556, 'learning_rate': 3.8144329896907223e-06, 'epoch': 0.07}
{'loss': 5.9426, 'learning_rate': 3.7628865979381445e-06, 'epoch': 0.07}
{'loss': 6.0167, 'learning_rate': 3.711340206185567e-06, 'epoch': 0.07}
{'loss': 5.9748, 'learning_rate': 3.65979381443299e-06, 'epoch': 0.07}
{'loss': 5.9777, 'learning_rate': 3.608247422680412e-06, 'epoch': 0.07}
{'loss': 6.038, 'learning_rate': 3.556701030927835e-06, 'epoch': 0.07}
{'loss': 5.9892, 'learning_rate': 3.505154639175258e-06, 'epoch': 0.07}
{'loss': 5.9256, 'learning_rate': 3.4536082474226807e-06, 'epoch': 0.07}
{'loss': 5.97, 'learning_rate': 3.402061855670103e-06, 'epoch': 0.07}
{'loss': 5.8345, 'learning_rate': 3.350515463917526e-06, 'epoch': 0.07}
{'loss': 5.9278, 'learning_rate': 3.298969072164949e-06, 'epoch': 0.07}
{'loss': 6.1085, 'learning_rate': 3.2474226804123714e-06, 'epoch': 0.07}
{'loss': 5.9579, 'learning_rate': 3.195876288659794e-06, 'epoch': 0.07}
{'loss': 5.9944, 'learning_rate': 3.1443298969072165e-06, 'epoch': 0.07}
{'loss': 6.0853, 'learning_rate': 3.0927835051546395e-06, 'epoch': 0.07}
{'loss': 6.0532, 'learning_rate': 3.041237113402062e-06, 'epoch': 0.07}
{'loss': 5.8602, 'learning_rate': 2.989690721649485e-06, 'epoch': 0.07}
{'loss': 5.9597, 'learning_rate': 2.938144329896907e-06, 'epoch': 0.07}
{'loss': 5.9626, 'learning_rate': 2.88659793814433e-06, 'epoch': 0.07}
{'loss': 6.0452, 'learning_rate': 2.8350515463917527e-06, 'epoch': 0.07}
{'loss': 5.9054, 'learning_rate': 2.7835051546391757e-06, 'epoch': 0.07}
{'loss': 5.9159, 'learning_rate': 2.7319587628865982e-06, 'epoch': 0.07}
{'loss': 6.0173, 'learning_rate': 2.6804123711340204e-06, 'epoch': 0.07}
{'loss': 6.0897, 'learning_rate': 2.6288659793814434e-06, 'epoch': 0.07}
{'loss': 6.0374, 'learning_rate': 2.577319587628866e-06, 'epoch': 0.07}
{'loss': 6.045, 'learning_rate': 2.525773195876289e-06, 'epoch': 0.07}
{'loss': 5.8927, 'learning_rate': 2.4742268041237115e-06, 'epoch': 0.07}
{'loss': 6.0252, 'learning_rate': 2.422680412371134e-06, 'epoch': 0.07}
{'loss': 6.0333, 'learning_rate': 2.3711340206185566e-06, 'epoch': 0.07}
{'loss': 5.9676, 'learning_rate': 2.3195876288659796e-06, 'epoch': 0.07}
{'loss': 5.9553, 'learning_rate': 2.268041237113402e-06, 'epoch': 0.07}
{'loss': 6.0237, 'learning_rate': 2.216494845360825e-06, 'epoch': 0.07}
{'loss': 6.0168, 'learning_rate': 2.1649484536082473e-06, 'epoch': 0.07}
{'loss': 5.9679, 'learning_rate': 2.1134020618556703e-06, 'epoch': 0.07}
{'loss': 6.0435, 'learning_rate': 2.061855670103093e-06, 'epoch': 0.07}
{'loss': 5.9753, 'learning_rate': 2.010309278350516e-06, 'epoch': 0.07}
{'loss': 6.011, 'learning_rate': 1.9587628865979384e-06, 'epoch': 0.07}
{'loss': 5.89, 'learning_rate': 1.9072164948453612e-06, 'epoch': 0.07}
{'loss': 6.0623, 'learning_rate': 1.8556701030927835e-06, 'epoch': 0.07}
{'loss': 6.0368, 'learning_rate': 1.804123711340206e-06, 'epoch': 0.07}
{'loss': 6.0168, 'learning_rate': 1.752577319587629e-06, 'epoch': 0.07}
{'loss': 6.0828, 'learning_rate': 1.7010309278350514e-06, 'epoch': 0.07}
{'loss': 6.0875, 'learning_rate': 1.6494845360824744e-06, 'epoch': 0.07}
{'loss': 6.0278, 'learning_rate': 1.597938144329897e-06, 'epoch': 0.07}
{'loss': 6.0692, 'learning_rate': 1.5463917525773197e-06, 'epoch': 0.07}
{'loss': 5.9307, 'learning_rate': 1.4948453608247425e-06, 'epoch': 0.07}
{'loss': 5.9732, 'learning_rate': 1.443298969072165e-06, 'epoch': 0.07}
{'loss': 5.9295, 'learning_rate': 1.3917525773195878e-06, 'epoch': 0.07}
{'loss': 6.0176, 'learning_rate': 1.3402061855670102e-06, 'epoch': 0.07}
{'loss': 5.9696, 'learning_rate': 1.288659793814433e-06, 'epoch': 0.07}
{'loss': 5.9317, 'learning_rate': 1.2371134020618557e-06, 'epoch': 0.07}
{'loss': 5.9364, 'learning_rate': 1.1855670103092783e-06, 'epoch': 0.07}
{'loss': 5.992, 'learning_rate': 1.134020618556701e-06, 'epoch': 0.07}
{'loss': 6.0045, 'learning_rate': 1.0824742268041236e-06, 'epoch': 0.07}
{'loss': 5.9574, 'learning_rate': 1.0309278350515464e-06, 'epoch': 0.07}
{'loss': 5.9595, 'learning_rate': 9.793814432989692e-07, 'epoch': 0.07}
{'loss': 5.9928, 'learning_rate': 9.278350515463918e-07, 'epoch': 0.07}
{'loss': 6.0723, 'learning_rate': 8.762886597938145e-07, 'epoch': 0.07}
{'loss': 5.9175, 'learning_rate': 8.247422680412372e-07, 'epoch': 0.07}
{'loss': 5.9909, 'learning_rate': 7.731958762886599e-07, 'epoch': 0.07}
{'loss': 6.0136, 'learning_rate': 7.216494845360825e-07, 'epoch': 0.07}
{'loss': 5.9705, 'learning_rate': 6.701030927835051e-07, 'epoch': 0.07}
{'loss': 6.0932, 'learning_rate': 6.185567010309279e-07, 'epoch': 0.07}
{'loss': 6.0792, 'learning_rate': 5.670103092783505e-07, 'epoch': 0.07}
{'loss': 5.9449, 'learning_rate': 5.154639175257732e-07, 'epoch': 0.08}
{'loss': 5.932, 'learning_rate': 4.639175257731959e-07, 'epoch': 0.08}
{'loss': 5.9179, 'learning_rate': 4.123711340206186e-07, 'epoch': 0.08}
{'loss': 5.9799, 'learning_rate': 3.6082474226804127e-07, 'epoch': 0.08}
{'loss': 5.9232, 'learning_rate': 3.0927835051546394e-07, 'epoch': 0.08}
{'loss': 5.9478, 'learning_rate': 2.577319587628866e-07, 'epoch': 0.08}
{'loss': 6.0051, 'learning_rate': 2.061855670103093e-07, 'epoch': 0.08}
{'loss': 6.0453, 'learning_rate': 1.5463917525773197e-07, 'epoch': 0.08}
{'loss': 5.9062, 'learning_rate': 1.0309278350515465e-07, 'epoch': 0.08}
{'loss': 5.9478, 'learning_rate': 5.1546391752577325e-08, 'epoch': 0.08}
{'loss': 6.0234, 'learning_rate': 0.0, 'epoch': 0.08}
