ERROR: Unable to locate a modulefile for 'anaconda3/2022.05'
ERROR: Unable to locate a modulefile for 'profile/deeplrn'
Loading cuda/11.8.0-none-none
  ERROR: Conflicting cuda is loaded
03/26/2026 23:54:02 - WARNING - graph_enc.src.model.run_mlm - Process rank: 2, device: cuda:2, n_gpu: 1distributed training: True, 16-bits training: False
03/26/2026 23:54:02 - WARNING - graph_enc.src.model.run_mlm - Process rank: 1, device: cuda:1, n_gpu: 1distributed training: True, 16-bits training: False
03/26/2026 23:54:02 - WARNING - graph_enc.src.model.run_mlm - Process rank: 3, device: cuda:3, n_gpu: 1distributed training: True, 16-bits training: False
03/26/2026 23:54:02 - WARNING - graph_enc.src.model.run_mlm - Process rank: 0, device: cuda:0, n_gpu: 1distributed training: True, 16-bits training: False
03/26/2026 23:54:02 - INFO - graph_enc.src.model.run_mlm - Training/evaluation parameters TrainingArguments(
_n_gpu=1,
adafactor=False,
adam_beta1=0.9,
adam_beta2=0.98,
adam_epsilon=1e-06,
auto_find_batch_size=False,
bf16=False,
bf16_full_eval=False,
data_seed=None,
dataloader_drop_last=False,
dataloader_num_workers=0,
dataloader_pin_memory=True,
ddp_backend=None,
ddp_bucket_cap_mb=None,
ddp_find_unused_parameters=False,
ddp_timeout=1800,
debug=[],
deepspeed=None,
disable_tqdm=False,
do_eval=True,
do_predict=False,
do_train=True,
eval_accumulation_steps=None,
eval_delay=0,
eval_steps=None,
evaluation_strategy=epoch,
fp16=False,
fp16_backend=auto,
fp16_full_eval=False,
fp16_opt_level=O1,
fsdp=[],
fsdp_config={'fsdp_min_num_params': 0, 'xla': False, 'xla_fsdp_grad_ckpt': False},
fsdp_min_num_params=0,
fsdp_transformer_layer_cls_to_wrap=None,
full_determinism=False,
gradient_accumulation_steps=4,
gradient_checkpointing=False,
greater_is_better=None,
group_by_length=False,
half_precision_backend=auto,
hub_model_id=None,
hub_private_repo=False,
hub_strategy=every_save,
hub_token=<HUB_TOKEN>,
ignore_data_skip=False,
include_inputs_for_metrics=False,
jit_mode_eval=False,
label_names=None,
label_smoothing_factor=0.0,
learning_rate=0.0002,
length_column_name=length,
load_best_model_at_end=False,
local_rank=0,
log_level=passive,
log_level_replica=warning,
log_on_each_node=True,
logging_dir=/work/tesi_fgaragnani/checkpoints/ai4bio/dnabert2_cs_marta/runs/Mar26_23-54-02_rezzonico,
logging_first_step=True,
logging_nan_inf_filter=True,
logging_steps=10,
logging_strategy=steps,
lr_scheduler_type=linear,
max_grad_norm=1.0,
max_steps=40000,
metric_for_best_model=None,
mp_parameters=,
no_cuda=False,
num_train_epochs=3.0,
optim=adamw_hf,
optim_args=None,
output_dir=/work/tesi_fgaragnani/checkpoints/ai4bio/dnabert2_cs_marta,
overwrite_output_dir=True,
past_index=-1,
per_device_eval_batch_size=4,
per_device_train_batch_size=8,
prediction_loss_only=False,
push_to_hub=False,
push_to_hub_model_id=None,
push_to_hub_organization=None,
push_to_hub_token=<PUSH_TO_HUB_TOKEN>,
ray_scope=last,
remove_unused_columns=True,
report_to=[],
resume_from_checkpoint=None,
run_name=/work/tesi_fgaragnani/checkpoints/ai4bio/dnabert2_cs_marta,
save_on_each_node=False,
save_safetensors=False,
save_steps=20000,
save_strategy=steps,
save_total_limit=None,
seed=42,
sharded_ddp=[],
skip_memory_metrics=True,
tf32=None,
torch_compile=False,
torch_compile_backend=None,
torch_compile_mode=None,
torchdynamo=None,
tpu_metrics_debug=False,
tpu_num_cores=None,
use_ipex=False,
use_legacy_prediction_loop=False,
use_mps_device=False,
warmup_ratio=0.0,
warmup_steps=1200,
weight_decay=1e-05,
xpu_backend=None,
)
[Info] Computed num_train_epochs=1 (steps_per_epoch=132980, effective_batch_size=128, world_size=4)
[Info] Computed num_train_epochs=1 (steps_per_epoch=132980, effective_batch_size=128, world_size=4)
03/26/2026 23:55:21 - INFO - graph_enc.src.model.run_mlm - Vocabulary size: 4096
03/26/2026 23:55:21 - INFO - graph_enc.src.model.run_mlm - Training new model from scratch
[Info] Computed num_train_epochs=1 (steps_per_epoch=132980, effective_batch_size=128, world_size=4)
[Info] Computed num_train_epochs=1 (steps_per_epoch=132980, effective_batch_size=128, world_size=4)
[BatchStats] sample=0 masked_tokens_pct=6.41 unique_token_ids=67
[BatchStats] sample=1 masked_tokens_pct=5.19 unique_token_ids=74
[BatchStats] sample=2 masked_tokens_pct=8.57 unique_token_ids=88
[BatchStats] sample=3 masked_tokens_pct=6.78 unique_token_ids=55
[BatchStats] sample=4 masked_tokens_pct=14.29 unique_token_ids=75
[BatchStats] sample=5 masked_tokens_pct=7.94 unique_token_ids=60
[BatchStats] sample=6 masked_tokens_pct=5.43 unique_token_ids=105
[BatchStats] sample=7 masked_tokens_pct=13.25 unique_token_ids=72
[BatchStats] sample=0 masked_tokens_pct=7.63 unique_token_ids=94
[BatchStats] sample=1 masked_tokens_pct=12.14 unique_token_ids=111
[BatchStats] sample=2 masked_tokens_pct=8.06 unique_token_ids=151
[BatchStats] sample=3 masked_tokens_pct=12.71 unique_token_ids=235
[BatchStats] sample=4 masked_tokens_pct=8.80 unique_token_ids=356
[BatchStats] sample=5 masked_tokens_pct=9.00 unique_token_ids=160
[BatchStats] sample=6 masked_tokens_pct=8.79 unique_token_ids=82
[BatchStats] sample=7 masked_tokens_pct=5.88 unique_token_ids=47
[BatchStats] sample=0 masked_tokens_pct=6.33 unique_token_ids=68
[BatchStats] sample=1 masked_tokens_pct=10.11 unique_token_ids=81
[BatchStats] sample=2 masked_tokens_pct=13.29 unique_token_ids=103
[BatchStats] sample=3 masked_tokens_pct=9.70 unique_token_ids=228
[BatchStats] sample=4 masked_tokens_pct=5.41 unique_token_ids=34
[BatchStats] sample=5 masked_tokens_pct=3.70 unique_token_ids=97
[BatchStats] sample=6 masked_tokens_pct=6.52 unique_token_ids=42
[BatchStats] sample=7 masked_tokens_pct=5.06 unique_token_ids=74
[BatchStats] sample=0 masked_tokens_pct=6.67 unique_token_ids=69
[BatchStats] sample=1 masked_tokens_pct=8.40 unique_token_ids=105
[BatchStats] sample=2 masked_tokens_pct=7.35 unique_token_ids=62
[BatchStats] sample=3 masked_tokens_pct=1.59 unique_token_ids=60
[BatchStats] sample=4 masked_tokens_pct=14.95 unique_token_ids=313
[BatchStats] sample=5 masked_tokens_pct=5.06 unique_token_ids=70
[BatchStats] sample=6 masked_tokens_pct=8.22 unique_token_ids=64
[BatchStats] sample=7 masked_tokens_pct=9.09 unique_token_ids=146
[BatchStats] sample=0 masked_tokens_pct=11.11 unique_token_ids=25
[BatchStats] sample=1 masked_tokens_pct=11.67 unique_token_ids=96
[BatchStats] sample=2 masked_tokens_pct=12.24 unique_token_ids=443
[BatchStats] sample=3 masked_tokens_pct=6.25 unique_token_ids=45
[BatchStats] sample=4 masked_tokens_pct=6.25 unique_token_ids=56
[BatchStats] sample=5 masked_tokens_pct=7.14 unique_token_ids=49
[BatchStats] sample=6 masked_tokens_pct=9.09 unique_token_ids=68
[BatchStats] sample=7 masked_tokens_pct=18.04 unique_token_ids=213
[BatchStats] sample=0 masked_tokens_pct=6.19 unique_token_ids=101
[BatchStats] sample=1 masked_tokens_pct=11.11 unique_token_ids=41
[BatchStats] sample=2 masked_tokens_pct=3.85 unique_token_ids=25
[BatchStats] sample=3 masked_tokens_pct=5.00 unique_token_ids=39
[BatchStats] sample=4 masked_tokens_pct=6.25 unique_token_ids=45
[BatchStats] sample=5 masked_tokens_pct=11.27 unique_token_ids=59
[BatchStats] sample=6 masked_tokens_pct=3.92 unique_token_ids=43
[BatchStats] sample=7 masked_tokens_pct=2.97 unique_token_ids=90
[BatchStats] sample=0 masked_tokens_pct=7.53 unique_token_ids=86
[BatchStats] sample=1 masked_tokens_pct=5.17 unique_token_ids=51
[BatchStats] sample=2 masked_tokens_pct=9.09 unique_token_ids=20
[BatchStats] sample=3 masked_tokens_pct=5.04 unique_token_ids=120
[BatchStats] sample=4 masked_tokens_pct=4.76 unique_token_ids=39
[BatchStats] sample=5 masked_tokens_pct=5.00 unique_token_ids=37
[BatchStats] sample=6 masked_tokens_pct=7.59 unique_token_ids=115
[BatchStats] sample=7 masked_tokens_pct=6.52 unique_token_ids=43
[BatchStats] sample=0 masked_tokens_pct=7.04 unique_token_ids=64
[BatchStats] sample=1 masked_tokens_pct=6.25 unique_token_ids=97
[BatchStats] sample=2 masked_tokens_pct=11.14 unique_token_ids=195
[BatchStats] sample=3 masked_tokens_pct=5.56 unique_token_ids=35
[BatchStats] sample=4 masked_tokens_pct=8.75 unique_token_ids=71
[BatchStats] sample=5 masked_tokens_pct=7.89 unique_token_ids=96
[BatchStats] sample=6 masked_tokens_pct=11.36 unique_token_ids=72
[BatchStats] sample=7 masked_tokens_pct=4.83 unique_token_ids=125
[BatchStats] sample=0 masked_tokens_pct=7.00 unique_token_ids=82
[BatchStats] sample=1 masked_tokens_pct=6.36 unique_token_ids=88
[BatchStats] sample=2 masked_tokens_pct=6.98 unique_token_ids=39
[BatchStats] sample=3 masked_tokens_pct=15.62 unique_token_ids=335
[BatchStats] sample=4 masked_tokens_pct=10.62 unique_token_ids=119
[BatchStats] sample=5 masked_tokens_pct=12.50 unique_token_ids=61
[BatchStats] sample=6 masked_tokens_pct=8.00 unique_token_ids=70
[BatchStats] sample=7 masked_tokens_pct=2.78 unique_token_ids=68
[BatchStats] sample=0 masked_tokens_pct=5.56 unique_token_ids=227
[BatchStats] sample=1 masked_tokens_pct=6.45 unique_token_ids=58
[BatchStats] sample=2 masked_tokens_pct=11.80 unique_token_ids=117
[BatchStats] sample=3 masked_tokens_pct=3.52 unique_token_ids=473
[BatchStats] sample=4 masked_tokens_pct=6.90 unique_token_ids=143
[BatchStats] sample=5 masked_tokens_pct=5.56 unique_token_ids=53
[BatchStats] sample=6 masked_tokens_pct=8.70 unique_token_ids=77
[BatchStats] sample=7 masked_tokens_pct=9.35 unique_token_ids=81
[BatchStats] sample=0 masked_tokens_pct=6.02 unique_token_ids=65
[BatchStats] sample=1 masked_tokens_pct=6.35 unique_token_ids=56
[BatchStats] sample=2 masked_tokens_pct=4.35 unique_token_ids=101
[BatchStats] sample=3 masked_tokens_pct=10.66 unique_token_ids=97
[BatchStats] sample=4 masked_tokens_pct=8.33 unique_token_ids=95
[BatchStats] sample=5 masked_tokens_pct=17.39 unique_token_ids=172
[BatchStats] sample=6 masked_tokens_pct=6.33 unique_token_ids=67
[BatchStats] sample=7 masked_tokens_pct=7.50 unique_token_ids=72
[BatchStats] sample=0 masked_tokens_pct=2.63 unique_token_ids=38
[BatchStats] sample=1 masked_tokens_pct=10.10 unique_token_ids=88
[BatchStats] sample=2 masked_tokens_pct=6.32 unique_token_ids=208
[BatchStats] sample=3 masked_tokens_pct=1.45 unique_token_ids=63
[BatchStats] sample=4 masked_tokens_pct=6.25 unique_token_ids=60
[BatchStats] sample=5 masked_tokens_pct=10.14 unique_token_ids=59
[BatchStats] sample=6 masked_tokens_pct=9.15 unique_token_ids=433
[BatchStats] sample=7 masked_tokens_pct=7.50 unique_token_ids=71
[BatchStats] sample=0 masked_tokens_pct=12.50 unique_token_ids=108
[BatchStats] sample=1 masked_tokens_pct=10.29 unique_token_ids=58
[BatchStats] sample=2 masked_tokens_pct=12.70 unique_token_ids=54
[BatchStats] sample=3 masked_tokens_pct=7.41 unique_token_ids=26
[BatchStats] sample=4 masked_tokens_pct=7.14 unique_token_ids=117
[BatchStats] sample=5 masked_tokens_pct=2.86 unique_token_ids=441
[BatchStats] sample=6 masked_tokens_pct=9.52 unique_token_ids=77
[BatchStats] sample=7 masked_tokens_pct=7.14 unique_token_ids=95
[BatchStats] sample=0 masked_tokens_pct=9.26 unique_token_ids=50
[BatchStats] sample=1 masked_tokens_pct=15.23 unique_token_ids=433
[BatchStats] sample=2 masked_tokens_pct=16.18 unique_token_ids=58
[BatchStats] sample=3 masked_tokens_pct=11.51 unique_token_ids=109
[BatchStats] sample=4 masked_tokens_pct=13.22 unique_token_ids=392
[BatchStats] sample=5 masked_tokens_pct=14.81 unique_token_ids=169
[BatchStats] sample=6 masked_tokens_pct=10.33 unique_token_ids=389
[BatchStats] sample=7 masked_tokens_pct=10.99 unique_token_ids=72
[BatchStats] sample=0 masked_tokens_pct=4.50 unique_token_ids=93
[BatchStats] sample=1 masked_tokens_pct=7.64 unique_token_ids=123
[BatchStats] sample=2 masked_tokens_pct=14.12 unique_token_ids=267
[BatchStats] sample=3 masked_tokens_pct=14.63 unique_token_ids=35
[BatchStats] sample=4 masked_tokens_pct=8.57 unique_token_ids=89
[BatchStats] sample=5 masked_tokens_pct=9.23 unique_token_ids=57
[BatchStats] sample=6 masked_tokens_pct=5.66 unique_token_ids=50
[BatchStats] sample=7 masked_tokens_pct=10.78 unique_token_ids=83
[BatchStats] sample=0 masked_tokens_pct=10.43 unique_token_ids=94
[BatchStats] sample=1 masked_tokens_pct=8.45 unique_token_ids=63
[BatchStats] sample=2 masked_tokens_pct=6.52 unique_token_ids=92
[BatchStats] sample=3 masked_tokens_pct=0.00 unique_token_ids=50
[BatchStats] sample=4 masked_tokens_pct=3.70 unique_token_ids=184
[BatchStats] sample=5 masked_tokens_pct=5.88 unique_token_ids=89
[BatchStats] sample=6 masked_tokens_pct=11.43 unique_token_ids=88
[BatchStats] sample=7 masked_tokens_pct=9.68 unique_token_ids=30
{'loss': 8.4593, 'learning_rate': 1.6666666666666668e-07, 'epoch': 0.0}
[BatchStats] sample=0 masked_tokens_pct=9.26 unique_token_ids=48
[BatchStats] sample=1 masked_tokens_pct=7.14 unique_token_ids=60
[BatchStats] sample=2 masked_tokens_pct=7.46 unique_token_ids=62
[BatchStats] sample=3 masked_tokens_pct=4.41 unique_token_ids=62
[BatchStats] sample=4 masked_tokens_pct=4.62 unique_token_ids=63
[BatchStats] sample=5 masked_tokens_pct=12.39 unique_token_ids=164
[BatchStats] sample=6 masked_tokens_pct=7.23 unique_token_ids=79
[BatchStats] sample=7 masked_tokens_pct=0.00 unique_token_ids=59
[BatchStats] sample=0 masked_tokens_pct=5.84 unique_token_ids=119
[BatchStats] sample=1 masked_tokens_pct=15.32 unique_token_ids=280
[BatchStats] sample=2 masked_tokens_pct=15.62 unique_token_ids=25
[BatchStats] sample=3 masked_tokens_pct=7.14 unique_token_ids=78
[BatchStats] sample=4 masked_tokens_pct=7.02 unique_token_ids=101
[BatchStats] sample=5 masked_tokens_pct=5.19 unique_token_ids=73
[BatchStats] sample=6 masked_tokens_pct=11.00 unique_token_ids=170
[BatchStats] sample=7 masked_tokens_pct=8.22 unique_token_ids=65
[BatchStats] sample=0 masked_tokens_pct=5.19 unique_token_ids=69
[BatchStats] sample=1 masked_tokens_pct=3.17 unique_token_ids=61
[BatchStats] sample=2 masked_tokens_pct=13.68 unique_token_ids=97
[BatchStats] sample=3 masked_tokens_pct=10.29 unique_token_ids=372
[BatchStats] sample=4 masked_tokens_pct=4.44 unique_token_ids=114
[BatchStats] sample=5 masked_tokens_pct=8.96 unique_token_ids=59
[BatchStats] sample=6 masked_tokens_pct=9.42 unique_token_ids=379
[BatchStats] sample=7 masked_tokens_pct=7.45 unique_token_ids=83
[BatchStats] sample=0 masked_tokens_pct=9.47 unique_token_ids=253
[BatchStats] sample=1 masked_tokens_pct=2.67 unique_token_ids=69
[BatchStats] sample=2 masked_tokens_pct=8.77 unique_token_ids=55
[BatchStats] sample=3 masked_tokens_pct=14.97 unique_token_ids=346
[BatchStats] sample=4 masked_tokens_pct=12.77 unique_token_ids=40
[BatchStats] sample=5 masked_tokens_pct=13.66 unique_token_ids=180
[BatchStats] sample=6 masked_tokens_pct=5.83 unique_token_ids=97
[BatchStats] sample=7 masked_tokens_pct=11.11 unique_token_ids=49
{'loss': 8.4618, 'learning_rate': 1.6666666666666667e-06, 'epoch': 0.0}
{'loss': 8.4372, 'learning_rate': 3.3333333333333333e-06, 'epoch': 0.0}
{'loss': 8.3774, 'learning_rate': 5e-06, 'epoch': 0.0}
{'loss': 8.2941, 'learning_rate': 6.666666666666667e-06, 'epoch': 0.0}
{'loss': 8.1826, 'learning_rate': 8.333333333333334e-06, 'epoch': 0.0}
{'loss': 8.0731, 'learning_rate': 1e-05, 'epoch': 0.0}
{'loss': 7.9824, 'learning_rate': 1.1666666666666668e-05, 'epoch': 0.0}
{'loss': 7.8718, 'learning_rate': 1.3333333333333333e-05, 'epoch': 0.0}
{'loss': 7.7741, 'learning_rate': 1.5e-05, 'epoch': 0.0}
{'loss': 7.6898, 'learning_rate': 1.6666666666666667e-05, 'epoch': 0.0}
{'loss': 7.576, 'learning_rate': 1.8333333333333333e-05, 'epoch': 0.0}
{'loss': 7.4954, 'learning_rate': 2e-05, 'epoch': 0.0}
{'loss': 7.3842, 'learning_rate': 2.1666666666666667e-05, 'epoch': 0.0}
{'loss': 7.2896, 'learning_rate': 2.3333333333333336e-05, 'epoch': 0.0}
{'loss': 7.2393, 'learning_rate': 2.5e-05, 'epoch': 0.0}
{'loss': 7.1612, 'learning_rate': 2.6666666666666667e-05, 'epoch': 0.0}
{'loss': 7.0955, 'learning_rate': 2.8333333333333335e-05, 'epoch': 0.0}
{'loss': 7.0739, 'learning_rate': 3e-05, 'epoch': 0.0}
{'loss': 7.0407, 'learning_rate': 3.1666666666666666e-05, 'epoch': 0.0}
{'loss': 7.0095, 'learning_rate': 3.3333333333333335e-05, 'epoch': 0.0}
{'loss': 7.001, 'learning_rate': 3.5e-05, 'epoch': 0.0}
{'loss': 6.9618, 'learning_rate': 3.6666666666666666e-05, 'epoch': 0.0}
{'loss': 6.9593, 'learning_rate': 3.8333333333333334e-05, 'epoch': 0.0}
{'loss': 6.9743, 'learning_rate': 4e-05, 'epoch': 0.0}
{'loss': 6.9584, 'learning_rate': 4.166666666666667e-05, 'epoch': 0.0}
{'loss': 6.96, 'learning_rate': 4.3333333333333334e-05, 'epoch': 0.0}
{'loss': 6.9438, 'learning_rate': 4.5e-05, 'epoch': 0.0}
{'loss': 6.9592, 'learning_rate': 4.666666666666667e-05, 'epoch': 0.0}
{'loss': 6.932, 'learning_rate': 4.8333333333333334e-05, 'epoch': 0.0}
{'loss': 6.945, 'learning_rate': 5e-05, 'epoch': 0.0}
{'loss': 6.9514, 'learning_rate': 5.166666666666667e-05, 'epoch': 0.0}
{'loss': 6.9199, 'learning_rate': 5.333333333333333e-05, 'epoch': 0.0}
{'loss': 6.9158, 'learning_rate': 5.500000000000001e-05, 'epoch': 0.0}
{'loss': 6.9169, 'learning_rate': 5.666666666666667e-05, 'epoch': 0.0}
{'loss': 6.9452, 'learning_rate': 5.833333333333334e-05, 'epoch': 0.0}
{'loss': 6.9042, 'learning_rate': 6e-05, 'epoch': 0.0}
{'loss': 6.9095, 'learning_rate': 6.166666666666667e-05, 'epoch': 0.0}
{'loss': 6.8939, 'learning_rate': 6.333333333333333e-05, 'epoch': 0.0}
{'loss': 6.8949, 'learning_rate': 6.500000000000001e-05, 'epoch': 0.0}
{'loss': 6.8688, 'learning_rate': 6.666666666666667e-05, 'epoch': 0.0}
{'loss': 6.837, 'learning_rate': 6.833333333333333e-05, 'epoch': 0.0}
{'loss': 6.8284, 'learning_rate': 7e-05, 'epoch': 0.0}
{'loss': 6.8276, 'learning_rate': 7.166666666666667e-05, 'epoch': 0.0}
{'loss': 6.794, 'learning_rate': 7.333333333333333e-05, 'epoch': 0.0}
{'loss': 6.7979, 'learning_rate': 7.500000000000001e-05, 'epoch': 0.0}
{'loss': 6.7929, 'learning_rate': 7.666666666666667e-05, 'epoch': 0.0}
{'loss': 6.7691, 'learning_rate': 7.833333333333333e-05, 'epoch': 0.0}
{'loss': 6.7341, 'learning_rate': 8e-05, 'epoch': 0.0}
{'loss': 6.7326, 'learning_rate': 8.166666666666667e-05, 'epoch': 0.0}
{'loss': 6.6802, 'learning_rate': 8.333333333333334e-05, 'epoch': 0.0}
{'loss': 6.7093, 'learning_rate': 8.5e-05, 'epoch': 0.0}
{'loss': 6.7077, 'learning_rate': 8.666666666666667e-05, 'epoch': 0.0}
{'loss': 6.6769, 'learning_rate': 8.833333333333333e-05, 'epoch': 0.0}
{'loss': 6.6762, 'learning_rate': 9e-05, 'epoch': 0.0}
{'loss': 6.6446, 'learning_rate': 9.166666666666667e-05, 'epoch': 0.0}
{'loss': 6.6685, 'learning_rate': 9.333333333333334e-05, 'epoch': 0.0}
{'loss': 6.6291, 'learning_rate': 9.5e-05, 'epoch': 0.0}
{'loss': 6.6286, 'learning_rate': 9.666666666666667e-05, 'epoch': 0.0}
{'loss': 6.6191, 'learning_rate': 9.833333333333333e-05, 'epoch': 0.0}
{'loss': 6.5952, 'learning_rate': 0.0001, 'epoch': 0.0}
{'loss': 6.595, 'learning_rate': 0.00010166666666666667, 'epoch': 0.0}
{'loss': 6.5642, 'learning_rate': 0.00010333333333333334, 'epoch': 0.0}
{'loss': 6.5713, 'learning_rate': 0.000105, 'epoch': 0.0}
{'loss': 6.5707, 'learning_rate': 0.00010666666666666667, 'epoch': 0.0}
{'loss': 6.5213, 'learning_rate': 0.00010833333333333333, 'epoch': 0.0}
{'loss': 6.5644, 'learning_rate': 0.00011000000000000002, 'epoch': 0.0}
{'loss': 6.5543, 'learning_rate': 0.00011166666666666668, 'epoch': 0.01}
{'loss': 6.5766, 'learning_rate': 0.00011333333333333334, 'epoch': 0.01}
{'loss': 6.535, 'learning_rate': 0.00011499999999999999, 'epoch': 0.01}
{'loss': 6.4853, 'learning_rate': 0.00011666666666666668, 'epoch': 0.01}
{'loss': 6.5335, 'learning_rate': 0.00011833333333333334, 'epoch': 0.01}
{'loss': 6.5139, 'learning_rate': 0.00012, 'epoch': 0.01}
{'loss': 6.4938, 'learning_rate': 0.00012166666666666667, 'epoch': 0.01}
{'loss': 6.4698, 'learning_rate': 0.00012333333333333334, 'epoch': 0.01}
{'loss': 6.4827, 'learning_rate': 0.000125, 'epoch': 0.01}
{'loss': 6.4828, 'learning_rate': 0.00012666666666666666, 'epoch': 0.01}
{'loss': 6.4882, 'learning_rate': 0.00012833333333333335, 'epoch': 0.01}
{'loss': 6.4852, 'learning_rate': 0.00013000000000000002, 'epoch': 0.01}
{'loss': 6.466, 'learning_rate': 0.00013166666666666668, 'epoch': 0.01}
{'loss': 6.4485, 'learning_rate': 0.00013333333333333334, 'epoch': 0.01}
{'loss': 6.4174, 'learning_rate': 0.00013500000000000003, 'epoch': 0.01}
{'loss': 6.4502, 'learning_rate': 0.00013666666666666666, 'epoch': 0.01}
{'loss': 6.4978, 'learning_rate': 0.00013833333333333333, 'epoch': 0.01}
{'loss': 6.4535, 'learning_rate': 0.00014, 'epoch': 0.01}
{'loss': 6.481, 'learning_rate': 0.00014166666666666668, 'epoch': 0.01}
{'loss': 6.4204, 'learning_rate': 0.00014333333333333334, 'epoch': 0.01}
{'loss': 6.4217, 'learning_rate': 0.000145, 'epoch': 0.01}
{'loss': 6.4114, 'learning_rate': 0.00014666666666666666, 'epoch': 0.01}
{'loss': 6.4407, 'learning_rate': 0.00014833333333333335, 'epoch': 0.01}
{'loss': 6.4198, 'learning_rate': 0.00015000000000000001, 'epoch': 0.01}
{'loss': 6.4295, 'learning_rate': 0.00015166666666666668, 'epoch': 0.01}
{'loss': 6.4196, 'learning_rate': 0.00015333333333333334, 'epoch': 0.01}
{'loss': 6.4261, 'learning_rate': 0.000155, 'epoch': 0.01}
{'loss': 6.3641, 'learning_rate': 0.00015666666666666666, 'epoch': 0.01}
{'loss': 6.4161, 'learning_rate': 0.00015833333333333332, 'epoch': 0.01}
{'loss': 6.4193, 'learning_rate': 0.00016, 'epoch': 0.01}
{'loss': 6.4032, 'learning_rate': 0.00016166666666666668, 'epoch': 0.01}
{'loss': 6.3926, 'learning_rate': 0.00016333333333333334, 'epoch': 0.01}
{'loss': 6.3927, 'learning_rate': 0.000165, 'epoch': 0.01}
{'loss': 6.361, 'learning_rate': 0.0001666666666666667, 'epoch': 0.01}
{'loss': 6.4209, 'learning_rate': 0.00016833333333333335, 'epoch': 0.01}
{'loss': 6.4104, 'learning_rate': 0.00017, 'epoch': 0.01}
{'loss': 6.4089, 'learning_rate': 0.00017166666666666667, 'epoch': 0.01}
{'loss': 6.3614, 'learning_rate': 0.00017333333333333334, 'epoch': 0.01}
{'loss': 6.4047, 'learning_rate': 0.000175, 'epoch': 0.01}
{'loss': 6.3409, 'learning_rate': 0.00017666666666666666, 'epoch': 0.01}
{'loss': 6.356, 'learning_rate': 0.00017833333333333335, 'epoch': 0.01}
{'loss': 6.3644, 'learning_rate': 0.00018, 'epoch': 0.01}
{'loss': 6.3219, 'learning_rate': 0.00018166666666666667, 'epoch': 0.01}
{'loss': 6.3726, 'learning_rate': 0.00018333333333333334, 'epoch': 0.01}
{'loss': 6.3398, 'learning_rate': 0.00018500000000000002, 'epoch': 0.01}
{'loss': 6.3706, 'learning_rate': 0.0001866666666666667, 'epoch': 0.01}
{'loss': 6.3169, 'learning_rate': 0.00018833333333333335, 'epoch': 0.01}
{'loss': 6.3145, 'learning_rate': 0.00019, 'epoch': 0.01}
{'loss': 6.3232, 'learning_rate': 0.00019166666666666667, 'epoch': 0.01}
{'loss': 6.3614, 'learning_rate': 0.00019333333333333333, 'epoch': 0.01}
{'loss': 6.3611, 'learning_rate': 0.000195, 'epoch': 0.01}
{'loss': 6.3557, 'learning_rate': 0.00019666666666666666, 'epoch': 0.01}
{'loss': 6.3464, 'learning_rate': 0.00019833333333333335, 'epoch': 0.01}
{'loss': 6.3171, 'learning_rate': 0.0002, 'epoch': 0.01}
{'loss': 6.3303, 'learning_rate': 0.00019994845360824743, 'epoch': 0.01}
{'loss': 6.3333, 'learning_rate': 0.00019989690721649485, 'epoch': 0.01}
{'loss': 6.2988, 'learning_rate': 0.00019984536082474227, 'epoch': 0.01}
{'loss': 6.3308, 'learning_rate': 0.0001997938144329897, 'epoch': 0.01}
{'loss': 6.318, 'learning_rate': 0.00019974226804123711, 'epoch': 0.01}
{'loss': 6.3344, 'learning_rate': 0.00019969072164948453, 'epoch': 0.01}
{'loss': 6.3059, 'learning_rate': 0.00019963917525773198, 'epoch': 0.01}
{'loss': 6.2917, 'learning_rate': 0.0001995876288659794, 'epoch': 0.01}
{'loss': 6.2942, 'learning_rate': 0.00019953608247422682, 'epoch': 0.01}
{'loss': 6.3237, 'learning_rate': 0.00019948453608247425, 'epoch': 0.01}
{'loss': 6.2948, 'learning_rate': 0.00019943298969072167, 'epoch': 0.01}
{'loss': 6.3149, 'learning_rate': 0.0001993814432989691, 'epoch': 0.01}
{'loss': 6.3257, 'learning_rate': 0.0001993298969072165, 'epoch': 0.01}
{'loss': 6.2917, 'learning_rate': 0.00019927835051546393, 'epoch': 0.01}
{'loss': 6.3285, 'learning_rate': 0.00019922680412371135, 'epoch': 0.01}
{'loss': 6.2684, 'learning_rate': 0.00019917525773195877, 'epoch': 0.01}
{'loss': 6.2913, 'learning_rate': 0.0001991237113402062, 'epoch': 0.01}
{'loss': 6.2763, 'learning_rate': 0.0001990721649484536, 'epoch': 0.01}
{'loss': 6.3217, 'learning_rate': 0.00019902061855670103, 'epoch': 0.01}
{'loss': 6.3298, 'learning_rate': 0.00019896907216494845, 'epoch': 0.01}
{'loss': 6.3326, 'learning_rate': 0.0001989175257731959, 'epoch': 0.01}
{'loss': 6.2743, 'learning_rate': 0.00019886597938144332, 'epoch': 0.01}
{'loss': 6.2949, 'learning_rate': 0.00019881443298969074, 'epoch': 0.01}
{'loss': 6.2924, 'learning_rate': 0.00019876288659793816, 'epoch': 0.01}
{'loss': 6.2807, 'learning_rate': 0.00019871134020618559, 'epoch': 0.01}
{'loss': 6.2557, 'learning_rate': 0.000198659793814433, 'epoch': 0.01}
{'loss': 6.2634, 'learning_rate': 0.00019860824742268043, 'epoch': 0.01}
{'loss': 6.2988, 'learning_rate': 0.00019855670103092785, 'epoch': 0.01}
{'loss': 6.2954, 'learning_rate': 0.00019850515463917527, 'epoch': 0.01}
{'loss': 6.2704, 'learning_rate': 0.0001984536082474227, 'epoch': 0.01}
{'loss': 6.2448, 'learning_rate': 0.0001984020618556701, 'epoch': 0.01}
{'loss': 6.2667, 'learning_rate': 0.00019835051546391753, 'epoch': 0.01}
{'loss': 6.3075, 'learning_rate': 0.00019829896907216495, 'epoch': 0.01}
{'loss': 6.2742, 'learning_rate': 0.00019824742268041237, 'epoch': 0.01}
{'loss': 6.2499, 'learning_rate': 0.00019819587628865982, 'epoch': 0.01}
{'loss': 6.2639, 'learning_rate': 0.00019814432989690724, 'epoch': 0.01}
{'loss': 6.2766, 'learning_rate': 0.00019809278350515466, 'epoch': 0.01}
{'loss': 6.2525, 'learning_rate': 0.00019804123711340208, 'epoch': 0.01}
{'loss': 6.2891, 'learning_rate': 0.0001979896907216495, 'epoch': 0.01}
{'loss': 6.2598, 'learning_rate': 0.00019793814432989693, 'epoch': 0.01}
{'loss': 6.2504, 'learning_rate': 0.00019788659793814435, 'epoch': 0.01}
{'loss': 6.2368, 'learning_rate': 0.00019783505154639177, 'epoch': 0.01}
{'loss': 6.2341, 'learning_rate': 0.0001977835051546392, 'epoch': 0.01}
{'loss': 6.225, 'learning_rate': 0.0001977319587628866, 'epoch': 0.01}
{'loss': 6.229, 'learning_rate': 0.00019768041237113403, 'epoch': 0.01}
{'loss': 6.2693, 'learning_rate': 0.00019762886597938145, 'epoch': 0.01}
{'loss': 6.2251, 'learning_rate': 0.00019757731958762887, 'epoch': 0.01}
{'loss': 6.2386, 'learning_rate': 0.00019752577319587632, 'epoch': 0.01}
{'loss': 6.2284, 'learning_rate': 0.00019747422680412374, 'epoch': 0.01}
{'loss': 6.2346, 'learning_rate': 0.00019742268041237116, 'epoch': 0.01}
{'loss': 6.2505, 'learning_rate': 0.00019737113402061858, 'epoch': 0.01}
{'loss': 6.266, 'learning_rate': 0.000197319587628866, 'epoch': 0.01}
{'loss': 6.2423, 'learning_rate': 0.00019726804123711342, 'epoch': 0.01}
{'loss': 6.2275, 'learning_rate': 0.00019721649484536084, 'epoch': 0.01}
{'loss': 6.208, 'learning_rate': 0.00019716494845360827, 'epoch': 0.01}
{'loss': 6.2056, 'learning_rate': 0.0001971134020618557, 'epoch': 0.01}
{'loss': 6.2379, 'learning_rate': 0.0001970618556701031, 'epoch': 0.01}
{'loss': 6.2273, 'learning_rate': 0.00019701030927835053, 'epoch': 0.01}
{'loss': 6.1727, 'learning_rate': 0.00019695876288659795, 'epoch': 0.01}
{'loss': 6.2055, 'learning_rate': 0.00019690721649484537, 'epoch': 0.01}
{'loss': 6.2194, 'learning_rate': 0.0001968556701030928, 'epoch': 0.01}
{'loss': 6.241, 'learning_rate': 0.0001968041237113402, 'epoch': 0.01}
{'loss': 6.255, 'learning_rate': 0.00019675257731958763, 'epoch': 0.01}
{'loss': 6.226, 'learning_rate': 0.00019670103092783505, 'epoch': 0.01}
{'loss': 6.2242, 'learning_rate': 0.00019664948453608247, 'epoch': 0.01}
{'loss': 6.242, 'learning_rate': 0.0001965979381443299, 'epoch': 0.01}
{'loss': 6.2507, 'learning_rate': 0.00019654639175257732, 'epoch': 0.01}
{'loss': 6.2047, 'learning_rate': 0.00019649484536082474, 'epoch': 0.01}
{'loss': 6.2406, 'learning_rate': 0.00019644329896907216, 'epoch': 0.01}
{'loss': 6.226, 'learning_rate': 0.00019639175257731958, 'epoch': 0.01}
{'loss': 6.19, 'learning_rate': 0.000196340206185567, 'epoch': 0.01}
{'loss': 6.1975, 'learning_rate': 0.00019628865979381442, 'epoch': 0.01}
{'loss': 6.175, 'learning_rate': 0.00019623711340206187, 'epoch': 0.01}
{'loss': 6.2354, 'learning_rate': 0.0001961855670103093, 'epoch': 0.01}
{'loss': 6.2226, 'learning_rate': 0.0001961340206185567, 'epoch': 0.01}
{'loss': 6.1963, 'learning_rate': 0.00019608247422680413, 'epoch': 0.01}
{'loss': 6.21, 'learning_rate': 0.00019603092783505155, 'epoch': 0.01}
{'loss': 6.2034, 'learning_rate': 0.00019597938144329897, 'epoch': 0.01}
{'loss': 6.1825, 'learning_rate': 0.0001959278350515464, 'epoch': 0.01}
{'loss': 6.1555, 'learning_rate': 0.00019587628865979381, 'epoch': 0.02}
{'loss': 6.1868, 'learning_rate': 0.00019582474226804124, 'epoch': 0.02}
{'loss': 6.1833, 'learning_rate': 0.00019577319587628866, 'epoch': 0.02}
{'loss': 6.1785, 'learning_rate': 0.00019572164948453608, 'epoch': 0.02}
{'loss': 6.2217, 'learning_rate': 0.0001956701030927835, 'epoch': 0.02}
{'loss': 6.1943, 'learning_rate': 0.00019561855670103092, 'epoch': 0.02}
{'loss': 6.1986, 'learning_rate': 0.00019556701030927837, 'epoch': 0.02}
{'loss': 6.2117, 'learning_rate': 0.0001955154639175258, 'epoch': 0.02}
{'loss': 6.1803, 'learning_rate': 0.0001954639175257732, 'epoch': 0.02}
{'loss': 6.2235, 'learning_rate': 0.00019541237113402063, 'epoch': 0.02}
{'loss': 6.1993, 'learning_rate': 0.00019536082474226805, 'epoch': 0.02}
{'loss': 6.1829, 'learning_rate': 0.00019530927835051547, 'epoch': 0.02}
{'loss': 6.2203, 'learning_rate': 0.0001952577319587629, 'epoch': 0.02}
{'loss': 6.2042, 'learning_rate': 0.0001952061855670103, 'epoch': 0.02}
{'loss': 6.18, 'learning_rate': 0.00019515463917525773, 'epoch': 0.02}
{'loss': 6.2277, 'learning_rate': 0.00019510309278350515, 'epoch': 0.02}
{'loss': 6.2027, 'learning_rate': 0.00019505154639175258, 'epoch': 0.02}
{'loss': 6.2176, 'learning_rate': 0.000195, 'epoch': 0.02}
{'loss': 6.1496, 'learning_rate': 0.00019494845360824742, 'epoch': 0.02}
{'loss': 6.2054, 'learning_rate': 0.00019489690721649484, 'epoch': 0.02}
{'loss': 6.1976, 'learning_rate': 0.00019484536082474229, 'epoch': 0.02}
{'loss': 6.1966, 'learning_rate': 0.0001947938144329897, 'epoch': 0.02}
{'loss': 6.1929, 'learning_rate': 0.00019474226804123713, 'epoch': 0.02}
{'loss': 6.2013, 'learning_rate': 0.00019469072164948455, 'epoch': 0.02}
{'loss': 6.1722, 'learning_rate': 0.00019463917525773197, 'epoch': 0.02}
{'loss': 6.1546, 'learning_rate': 0.0001945876288659794, 'epoch': 0.02}
{'loss': 6.1107, 'learning_rate': 0.0001945360824742268, 'epoch': 0.02}
{'loss': 6.1438, 'learning_rate': 0.00019448453608247423, 'epoch': 0.02}
{'loss': 6.1407, 'learning_rate': 0.00019443298969072165, 'epoch': 0.02}
{'loss': 6.2058, 'learning_rate': 0.00019438144329896907, 'epoch': 0.02}
{'loss': 6.1681, 'learning_rate': 0.0001943298969072165, 'epoch': 0.02}
{'loss': 6.1567, 'learning_rate': 0.00019427835051546392, 'epoch': 0.02}
{'loss': 6.1712, 'learning_rate': 0.00019422680412371134, 'epoch': 0.02}
{'loss': 6.15, 'learning_rate': 0.00019417525773195876, 'epoch': 0.02}
{'loss': 6.1702, 'learning_rate': 0.0001941237113402062, 'epoch': 0.02}
{'loss': 6.1977, 'learning_rate': 0.00019407216494845363, 'epoch': 0.02}
{'loss': 6.1871, 'learning_rate': 0.00019402061855670105, 'epoch': 0.02}
{'loss': 6.1868, 'learning_rate': 0.00019396907216494847, 'epoch': 0.02}
{'loss': 6.1536, 'learning_rate': 0.0001939175257731959, 'epoch': 0.02}
{'loss': 6.1668, 'learning_rate': 0.0001938659793814433, 'epoch': 0.02}
{'loss': 6.1797, 'learning_rate': 0.00019381443298969073, 'epoch': 0.02}
{'loss': 6.1736, 'learning_rate': 0.00019376288659793815, 'epoch': 0.02}
{'loss': 6.1717, 'learning_rate': 0.00019371134020618557, 'epoch': 0.02}
{'loss': 6.1233, 'learning_rate': 0.000193659793814433, 'epoch': 0.02}
{'loss': 6.1777, 'learning_rate': 0.00019360824742268041, 'epoch': 0.02}
{'loss': 6.1618, 'learning_rate': 0.00019355670103092784, 'epoch': 0.02}
{'loss': 6.158, 'learning_rate': 0.00019350515463917526, 'epoch': 0.02}
{'loss': 6.19, 'learning_rate': 0.0001934536082474227, 'epoch': 0.02}
{'loss': 6.1575, 'learning_rate': 0.00019340206185567012, 'epoch': 0.02}
{'loss': 6.1579, 'learning_rate': 0.00019335051546391755, 'epoch': 0.02}
{'loss': 6.181, 'learning_rate': 0.00019329896907216497, 'epoch': 0.02}
{'loss': 6.127, 'learning_rate': 0.0001932474226804124, 'epoch': 0.02}
{'loss': 6.1311, 'learning_rate': 0.0001931958762886598, 'epoch': 0.02}
{'loss': 6.1321, 'learning_rate': 0.00019314432989690723, 'epoch': 0.02}
{'loss': 6.1629, 'learning_rate': 0.00019309278350515465, 'epoch': 0.02}
{'loss': 6.1699, 'learning_rate': 0.00019304123711340207, 'epoch': 0.02}
{'loss': 6.1983, 'learning_rate': 0.0001929896907216495, 'epoch': 0.02}
{'loss': 6.1461, 'learning_rate': 0.0001929381443298969, 'epoch': 0.02}
{'loss': 6.163, 'learning_rate': 0.00019288659793814433, 'epoch': 0.02}
{'loss': 6.1697, 'learning_rate': 0.00019283505154639175, 'epoch': 0.02}
{'loss': 6.1523, 'learning_rate': 0.00019278350515463918, 'epoch': 0.02}
{'loss': 6.1945, 'learning_rate': 0.00019273195876288662, 'epoch': 0.02}
{'loss': 6.1726, 'learning_rate': 0.00019268041237113404, 'epoch': 0.02}
{'loss': 6.134, 'learning_rate': 0.00019262886597938146, 'epoch': 0.02}
{'loss': 6.154, 'learning_rate': 0.00019257731958762889, 'epoch': 0.02}
{'loss': 6.1174, 'learning_rate': 0.0001925257731958763, 'epoch': 0.02}
{'loss': 6.1302, 'learning_rate': 0.00019247422680412373, 'epoch': 0.02}
{'loss': 6.1723, 'learning_rate': 0.00019242268041237115, 'epoch': 0.02}
{'loss': 6.1854, 'learning_rate': 0.00019237113402061857, 'epoch': 0.02}
{'loss': 6.1872, 'learning_rate': 0.000192319587628866, 'epoch': 0.02}
{'loss': 6.1511, 'learning_rate': 0.0001922680412371134, 'epoch': 0.02}
{'loss': 6.1447, 'learning_rate': 0.00019221649484536083, 'epoch': 0.02}
{'loss': 6.1146, 'learning_rate': 0.00019216494845360825, 'epoch': 0.02}
{'loss': 6.1918, 'learning_rate': 0.00019211340206185567, 'epoch': 0.02}
{'loss': 6.1303, 'learning_rate': 0.00019206185567010312, 'epoch': 0.02}
{'loss': 6.1739, 'learning_rate': 0.00019201030927835054, 'epoch': 0.02}
{'loss': 6.1649, 'learning_rate': 0.00019195876288659796, 'epoch': 0.02}
{'loss': 6.1519, 'learning_rate': 0.00019190721649484538, 'epoch': 0.02}
{'loss': 6.1988, 'learning_rate': 0.0001918556701030928, 'epoch': 0.02}
{'loss': 6.1882, 'learning_rate': 0.00019180412371134023, 'epoch': 0.02}
{'loss': 6.1408, 'learning_rate': 0.00019175257731958765, 'epoch': 0.02}
{'loss': 6.1196, 'learning_rate': 0.00019170103092783507, 'epoch': 0.02}
{'loss': 6.1669, 'learning_rate': 0.0001916494845360825, 'epoch': 0.02}
{'loss': 6.1882, 'learning_rate': 0.0001915979381443299, 'epoch': 0.02}
{'loss': 6.1123, 'learning_rate': 0.00019154639175257733, 'epoch': 0.02}
{'loss': 6.1444, 'learning_rate': 0.00019149484536082475, 'epoch': 0.02}
{'loss': 6.1235, 'learning_rate': 0.00019144329896907217, 'epoch': 0.02}
{'loss': 6.1358, 'learning_rate': 0.0001913917525773196, 'epoch': 0.02}
{'loss': 6.1025, 'learning_rate': 0.00019134020618556704, 'epoch': 0.02}
{'loss': 6.1069, 'learning_rate': 0.00019128865979381446, 'epoch': 0.02}
{'loss': 6.1358, 'learning_rate': 0.00019123711340206188, 'epoch': 0.02}
{'loss': 6.118, 'learning_rate': 0.0001911855670103093, 'epoch': 0.02}
{'loss': 6.1163, 'learning_rate': 0.00019113402061855672, 'epoch': 0.02}
{'loss': 6.1824, 'learning_rate': 0.00019108247422680415, 'epoch': 0.02}
{'loss': 6.1099, 'learning_rate': 0.00019103092783505157, 'epoch': 0.02}
{'loss': 6.1469, 'learning_rate': 0.000190979381443299, 'epoch': 0.02}
{'loss': 6.1582, 'learning_rate': 0.0001909278350515464, 'epoch': 0.02}
{'loss': 6.1516, 'learning_rate': 0.00019087628865979383, 'epoch': 0.02}
{'loss': 6.1175, 'learning_rate': 0.00019082474226804125, 'epoch': 0.02}
{'loss': 6.1175, 'learning_rate': 0.00019077319587628867, 'epoch': 0.02}
{'loss': 6.1677, 'learning_rate': 0.0001907216494845361, 'epoch': 0.02}
{'loss': 6.1021, 'learning_rate': 0.0001906701030927835, 'epoch': 0.02}
{'loss': 6.1567, 'learning_rate': 0.00019061855670103093, 'epoch': 0.02}
{'loss': 6.167, 'learning_rate': 0.00019056701030927835, 'epoch': 0.02}
{'loss': 6.1721, 'learning_rate': 0.00019051546391752577, 'epoch': 0.02}
{'loss': 6.1108, 'learning_rate': 0.0001904639175257732, 'epoch': 0.02}
{'loss': 6.1803, 'learning_rate': 0.00019041237113402062, 'epoch': 0.02}
{'loss': 6.1524, 'learning_rate': 0.00019036082474226804, 'epoch': 0.02}
{'loss': 6.1694, 'learning_rate': 0.00019030927835051546, 'epoch': 0.02}
{'loss': 6.1387, 'learning_rate': 0.00019025773195876288, 'epoch': 0.02}
{'loss': 6.1993, 'learning_rate': 0.0001902061855670103, 'epoch': 0.02}
{'loss': 6.1161, 'learning_rate': 0.00019015463917525772, 'epoch': 0.02}
{'loss': 6.1071, 'learning_rate': 0.00019010309278350514, 'epoch': 0.02}
{'loss': 6.0674, 'learning_rate': 0.0001900515463917526, 'epoch': 0.02}
{'loss': 6.1484, 'learning_rate': 0.00019, 'epoch': 0.02}
{'loss': 6.148, 'learning_rate': 0.00018994845360824743, 'epoch': 0.02}
{'loss': 6.1316, 'learning_rate': 0.00018989690721649485, 'epoch': 0.02}
{'loss': 6.1103, 'learning_rate': 0.00018984536082474227, 'epoch': 0.02}
{'loss': 6.1021, 'learning_rate': 0.0001897938144329897, 'epoch': 0.02}
{'loss': 6.1113, 'learning_rate': 0.00018974226804123711, 'epoch': 0.02}
{'loss': 6.1658, 'learning_rate': 0.00018969072164948454, 'epoch': 0.02}
{'loss': 6.1288, 'learning_rate': 0.00018963917525773196, 'epoch': 0.02}
{'loss': 6.0894, 'learning_rate': 0.00018958762886597938, 'epoch': 0.02}
{'loss': 6.1214, 'learning_rate': 0.0001895360824742268, 'epoch': 0.02}
{'loss': 6.1546, 'learning_rate': 0.00018948453608247422, 'epoch': 0.02}
{'loss': 6.0924, 'learning_rate': 0.00018943298969072164, 'epoch': 0.02}
{'loss': 6.0838, 'learning_rate': 0.0001893814432989691, 'epoch': 0.02}
{'loss': 6.1164, 'learning_rate': 0.0001893298969072165, 'epoch': 0.02}
{'loss': 6.109, 'learning_rate': 0.00018927835051546393, 'epoch': 0.02}
{'loss': 6.1014, 'learning_rate': 0.00018922680412371135, 'epoch': 0.02}
{'loss': 6.0974, 'learning_rate': 0.00018917525773195877, 'epoch': 0.02}
{'loss': 6.0759, 'learning_rate': 0.0001891237113402062, 'epoch': 0.02}
{'loss': 6.1066, 'learning_rate': 0.0001890721649484536, 'epoch': 0.02}
{'loss': 6.1437, 'learning_rate': 0.00018902061855670103, 'epoch': 0.03}
{'loss': 6.1055, 'learning_rate': 0.00018896907216494845, 'epoch': 0.03}
{'loss': 6.1196, 'learning_rate': 0.00018891752577319588, 'epoch': 0.03}
{'loss': 6.1511, 'learning_rate': 0.0001888659793814433, 'epoch': 0.03}
{'loss': 6.1061, 'learning_rate': 0.00018881443298969072, 'epoch': 0.03}
{'loss': 6.1237, 'learning_rate': 0.00018876288659793814, 'epoch': 0.03}
{'loss': 6.0889, 'learning_rate': 0.00018871134020618556, 'epoch': 0.03}
{'loss': 6.1162, 'learning_rate': 0.000188659793814433, 'epoch': 0.03}
{'loss': 6.0999, 'learning_rate': 0.00018860824742268043, 'epoch': 0.03}
{'loss': 6.1012, 'learning_rate': 0.00018855670103092785, 'epoch': 0.03}
{'loss': 6.0714, 'learning_rate': 0.00018850515463917527, 'epoch': 0.03}
{'loss': 6.0775, 'learning_rate': 0.0001884536082474227, 'epoch': 0.03}
{'loss': 6.1002, 'learning_rate': 0.0001884020618556701, 'epoch': 0.03}
{'loss': 6.0866, 'learning_rate': 0.00018835051546391753, 'epoch': 0.03}
{'loss': 6.1053, 'learning_rate': 0.00018829896907216495, 'epoch': 0.03}
{'loss': 6.1139, 'learning_rate': 0.00018824742268041237, 'epoch': 0.03}
{'loss': 6.1306, 'learning_rate': 0.0001881958762886598, 'epoch': 0.03}
{'loss': 6.1472, 'learning_rate': 0.00018814432989690722, 'epoch': 0.03}
{'loss': 6.0639, 'learning_rate': 0.00018809278350515464, 'epoch': 0.03}
{'loss': 6.1106, 'learning_rate': 0.00018804123711340206, 'epoch': 0.03}
{'loss': 6.0844, 'learning_rate': 0.00018798969072164948, 'epoch': 0.03}
{'loss': 6.1032, 'learning_rate': 0.00018793814432989693, 'epoch': 0.03}
{'loss': 6.1221, 'learning_rate': 0.00018788659793814435, 'epoch': 0.03}
{'loss': 6.0528, 'learning_rate': 0.00018783505154639177, 'epoch': 0.03}
{'loss': 6.0948, 'learning_rate': 0.0001877835051546392, 'epoch': 0.03}
{'loss': 6.0823, 'learning_rate': 0.0001877319587628866, 'epoch': 0.03}
{'loss': 6.1086, 'learning_rate': 0.00018768041237113403, 'epoch': 0.03}
{'loss': 6.091, 'learning_rate': 0.00018762886597938145, 'epoch': 0.03}
{'loss': 6.0999, 'learning_rate': 0.00018757731958762887, 'epoch': 0.03}
{'loss': 6.0927, 'learning_rate': 0.0001875257731958763, 'epoch': 0.03}
{'loss': 6.1038, 'learning_rate': 0.00018747422680412371, 'epoch': 0.03}
{'loss': 6.0798, 'learning_rate': 0.00018742268041237114, 'epoch': 0.03}
{'loss': 6.0955, 'learning_rate': 0.00018737113402061856, 'epoch': 0.03}
{'loss': 6.0699, 'learning_rate': 0.00018731958762886598, 'epoch': 0.03}
{'loss': 6.0958, 'learning_rate': 0.00018726804123711342, 'epoch': 0.03}
{'loss': 6.0933, 'learning_rate': 0.00018721649484536085, 'epoch': 0.03}
{'loss': 6.1097, 'learning_rate': 0.00018716494845360827, 'epoch': 0.03}
{'loss': 6.072, 'learning_rate': 0.0001871134020618557, 'epoch': 0.03}
{'loss': 6.0396, 'learning_rate': 0.0001870618556701031, 'epoch': 0.03}
{'loss': 6.0874, 'learning_rate': 0.00018701030927835053, 'epoch': 0.03}
{'loss': 6.1149, 'learning_rate': 0.00018695876288659795, 'epoch': 0.03}
{'loss': 6.1092, 'learning_rate': 0.00018690721649484537, 'epoch': 0.03}
{'loss': 6.1266, 'learning_rate': 0.0001868556701030928, 'epoch': 0.03}
{'loss': 6.075, 'learning_rate': 0.0001868041237113402, 'epoch': 0.03}
{'loss': 6.0704, 'learning_rate': 0.00018675257731958763, 'epoch': 0.03}
{'loss': 6.0674, 'learning_rate': 0.00018670103092783505, 'epoch': 0.03}
{'loss': 6.0884, 'learning_rate': 0.00018664948453608248, 'epoch': 0.03}
{'loss': 6.0609, 'learning_rate': 0.0001865979381443299, 'epoch': 0.03}
{'loss': 6.0557, 'learning_rate': 0.00018654639175257734, 'epoch': 0.03}
{'loss': 6.0406, 'learning_rate': 0.00018649484536082477, 'epoch': 0.03}
{'loss': 6.0769, 'learning_rate': 0.00018644329896907219, 'epoch': 0.03}
{'loss': 6.0658, 'learning_rate': 0.0001863917525773196, 'epoch': 0.03}
{'loss': 6.0975, 'learning_rate': 0.00018634020618556703, 'epoch': 0.03}
{'loss': 6.0699, 'learning_rate': 0.00018628865979381445, 'epoch': 0.03}
{'loss': 6.0649, 'learning_rate': 0.00018623711340206187, 'epoch': 0.03}
{'loss': 6.076, 'learning_rate': 0.0001861855670103093, 'epoch': 0.03}
{'loss': 6.0906, 'learning_rate': 0.0001861340206185567, 'epoch': 0.03}
{'loss': 6.1045, 'learning_rate': 0.00018608247422680413, 'epoch': 0.03}
{'loss': 6.0759, 'learning_rate': 0.00018603092783505155, 'epoch': 0.03}
{'loss': 6.0857, 'learning_rate': 0.00018597938144329897, 'epoch': 0.03}
{'loss': 6.082, 'learning_rate': 0.0001859278350515464, 'epoch': 0.03}
{'loss': 6.1118, 'learning_rate': 0.00018587628865979384, 'epoch': 0.03}
{'loss': 6.1058, 'learning_rate': 0.00018582474226804126, 'epoch': 0.03}
{'loss': 6.0816, 'learning_rate': 0.00018577319587628868, 'epoch': 0.03}
{'loss': 6.0072, 'learning_rate': 0.0001857216494845361, 'epoch': 0.03}
{'loss': 6.0629, 'learning_rate': 0.00018567010309278353, 'epoch': 0.03}
{'loss': 6.0632, 'learning_rate': 0.00018561855670103095, 'epoch': 0.03}
{'loss': 6.126, 'learning_rate': 0.00018556701030927837, 'epoch': 0.03}
{'loss': 6.0416, 'learning_rate': 0.0001855154639175258, 'epoch': 0.03}
{'loss': 6.068, 'learning_rate': 0.0001854639175257732, 'epoch': 0.03}
{'loss': 6.0628, 'learning_rate': 0.00018541237113402063, 'epoch': 0.03}
{'loss': 6.0855, 'learning_rate': 0.00018536082474226805, 'epoch': 0.03}
{'loss': 6.0605, 'learning_rate': 0.00018530927835051547, 'epoch': 0.03}
{'loss': 6.0861, 'learning_rate': 0.0001852577319587629, 'epoch': 0.03}
{'loss': 6.035, 'learning_rate': 0.00018520618556701031, 'epoch': 0.03}
{'loss': 6.082, 'learning_rate': 0.00018515463917525776, 'epoch': 0.03}
{'loss': 6.0713, 'learning_rate': 0.00018510309278350518, 'epoch': 0.03}
{'loss': 6.0318, 'learning_rate': 0.0001850515463917526, 'epoch': 0.03}
{'loss': 6.0873, 'learning_rate': 0.00018500000000000002, 'epoch': 0.03}
{'loss': 6.0559, 'learning_rate': 0.00018494845360824745, 'epoch': 0.03}
{'loss': 6.0635, 'learning_rate': 0.00018489690721649487, 'epoch': 0.03}
{'loss': 6.0296, 'learning_rate': 0.0001848453608247423, 'epoch': 0.03}
{'loss': 6.0518, 'learning_rate': 0.0001847938144329897, 'epoch': 0.03}
{'loss': 6.0712, 'learning_rate': 0.00018474226804123713, 'epoch': 0.03}
{'loss': 6.0719, 'learning_rate': 0.00018469072164948455, 'epoch': 0.03}
{'loss': 6.0624, 'learning_rate': 0.00018463917525773197, 'epoch': 0.03}
{'loss': 6.0931, 'learning_rate': 0.0001845876288659794, 'epoch': 0.03}
{'loss': 6.1198, 'learning_rate': 0.0001845360824742268, 'epoch': 0.03}
{'loss': 6.096, 'learning_rate': 0.00018448453608247423, 'epoch': 0.03}
{'loss': 6.0839, 'learning_rate': 0.00018443298969072168, 'epoch': 0.03}
{'loss': 6.0388, 'learning_rate': 0.0001843814432989691, 'epoch': 0.03}
{'loss': 6.049, 'learning_rate': 0.0001843298969072165, 'epoch': 0.03}
{'loss': 6.0763, 'learning_rate': 0.00018427835051546392, 'epoch': 0.03}
{'loss': 6.0828, 'learning_rate': 0.00018422680412371134, 'epoch': 0.03}
{'loss': 6.0934, 'learning_rate': 0.00018417525773195876, 'epoch': 0.03}
{'loss': 6.0669, 'learning_rate': 0.00018412371134020618, 'epoch': 0.03}
{'loss': 6.0077, 'learning_rate': 0.0001840721649484536, 'epoch': 0.03}
{'loss': 6.0351, 'learning_rate': 0.00018402061855670102, 'epoch': 0.03}
{'loss': 6.0052, 'learning_rate': 0.00018396907216494844, 'epoch': 0.03}
{'loss': 6.0818, 'learning_rate': 0.00018391752577319586, 'epoch': 0.03}
{'loss': 6.0879, 'learning_rate': 0.0001838659793814433, 'epoch': 0.03}
{'loss': 6.0534, 'learning_rate': 0.00018381443298969073, 'epoch': 0.03}
{'loss': 6.0916, 'learning_rate': 0.00018376288659793815, 'epoch': 0.03}
{'loss': 6.0527, 'learning_rate': 0.00018371134020618557, 'epoch': 0.03}
{'loss': 6.045, 'learning_rate': 0.000183659793814433, 'epoch': 0.03}
{'loss': 6.0347, 'learning_rate': 0.00018360824742268042, 'epoch': 0.03}
{'loss': 6.0572, 'learning_rate': 0.00018355670103092784, 'epoch': 0.03}
{'loss': 6.0699, 'learning_rate': 0.00018350515463917526, 'epoch': 0.03}
{'loss': 6.0833, 'learning_rate': 0.00018345360824742268, 'epoch': 0.03}
{'loss': 6.0498, 'learning_rate': 0.0001834020618556701, 'epoch': 0.03}
{'loss': 6.0433, 'learning_rate': 0.00018335051546391752, 'epoch': 0.03}
{'loss': 6.0457, 'learning_rate': 0.00018329896907216494, 'epoch': 0.03}
{'loss': 6.0208, 'learning_rate': 0.00018324742268041236, 'epoch': 0.03}
{'loss': 6.0736, 'learning_rate': 0.0001831958762886598, 'epoch': 0.03}
{'loss': 6.059, 'learning_rate': 0.00018314432989690723, 'epoch': 0.03}
{'loss': 6.0566, 'learning_rate': 0.00018309278350515465, 'epoch': 0.03}
{'loss': 6.0499, 'learning_rate': 0.00018304123711340207, 'epoch': 0.03}
{'loss': 6.0476, 'learning_rate': 0.0001829896907216495, 'epoch': 0.03}
{'loss': 6.0798, 'learning_rate': 0.0001829381443298969, 'epoch': 0.03}
{'loss': 6.0687, 'learning_rate': 0.00018288659793814433, 'epoch': 0.03}
{'loss': 6.0196, 'learning_rate': 0.00018283505154639176, 'epoch': 0.03}
{'loss': 6.0558, 'learning_rate': 0.00018278350515463918, 'epoch': 0.03}
{'loss': 5.9844, 'learning_rate': 0.0001827319587628866, 'epoch': 0.03}
{'loss': 6.0643, 'learning_rate': 0.00018268041237113402, 'epoch': 0.03}
{'loss': 6.0379, 'learning_rate': 0.00018262886597938144, 'epoch': 0.03}
{'loss': 6.0342, 'learning_rate': 0.00018257731958762886, 'epoch': 0.03}
{'loss': 6.0571, 'learning_rate': 0.00018252577319587628, 'epoch': 0.03}
{'loss': 6.0367, 'learning_rate': 0.00018247422680412373, 'epoch': 0.03}
{'loss': 6.0353, 'learning_rate': 0.00018242268041237115, 'epoch': 0.03}
{'loss': 6.0647, 'learning_rate': 0.00018237113402061857, 'epoch': 0.03}
{'loss': 6.0457, 'learning_rate': 0.000182319587628866, 'epoch': 0.03}
{'loss': 6.0373, 'learning_rate': 0.0001822680412371134, 'epoch': 0.03}
{'loss': 5.9975, 'learning_rate': 0.00018221649484536083, 'epoch': 0.03}
{'loss': 6.0373, 'learning_rate': 0.00018216494845360825, 'epoch': 0.04}
{'loss': 6.0674, 'learning_rate': 0.00018211340206185567, 'epoch': 0.04}
{'loss': 6.0317, 'learning_rate': 0.0001820618556701031, 'epoch': 0.04}
{'loss': 6.0309, 'learning_rate': 0.00018201030927835052, 'epoch': 0.04}
{'loss': 6.0176, 'learning_rate': 0.00018195876288659794, 'epoch': 0.04}
{'loss': 6.0614, 'learning_rate': 0.00018190721649484536, 'epoch': 0.04}
{'loss': 6.0457, 'learning_rate': 0.00018185567010309278, 'epoch': 0.04}
{'loss': 6.0273, 'learning_rate': 0.0001818041237113402, 'epoch': 0.04}
{'loss': 6.048, 'learning_rate': 0.00018175257731958765, 'epoch': 0.04}
{'loss': 6.0661, 'learning_rate': 0.00018170103092783507, 'epoch': 0.04}
{'loss': 6.017, 'learning_rate': 0.0001816494845360825, 'epoch': 0.04}
{'loss': 6.0115, 'learning_rate': 0.0001815979381443299, 'epoch': 0.04}
{'loss': 6.0596, 'learning_rate': 0.00018154639175257733, 'epoch': 0.04}
{'loss': 6.0677, 'learning_rate': 0.00018149484536082475, 'epoch': 0.04}
{'loss': 6.0556, 'learning_rate': 0.00018144329896907217, 'epoch': 0.04}
{'loss': 6.0534, 'learning_rate': 0.0001813917525773196, 'epoch': 0.04}
{'loss': 6.0334, 'learning_rate': 0.00018134020618556701, 'epoch': 0.04}
{'loss': 6.0486, 'learning_rate': 0.00018128865979381444, 'epoch': 0.04}
{'loss': 6.0405, 'learning_rate': 0.00018123711340206186, 'epoch': 0.04}
{'loss': 6.0047, 'learning_rate': 0.00018118556701030928, 'epoch': 0.04}
{'loss': 6.0395, 'learning_rate': 0.0001811340206185567, 'epoch': 0.04}
{'loss': 6.0539, 'learning_rate': 0.00018108247422680415, 'epoch': 0.04}
{'loss': 6.0365, 'learning_rate': 0.00018103092783505157, 'epoch': 0.04}
{'loss': 6.0523, 'learning_rate': 0.000180979381443299, 'epoch': 0.04}
{'loss': 6.0347, 'learning_rate': 0.0001809278350515464, 'epoch': 0.04}
{'loss': 6.0126, 'learning_rate': 0.00018087628865979383, 'epoch': 0.04}
{'loss': 6.0221, 'learning_rate': 0.00018082474226804125, 'epoch': 0.04}
{'loss': 6.0307, 'learning_rate': 0.00018077319587628867, 'epoch': 0.04}
{'loss': 6.0154, 'learning_rate': 0.0001807216494845361, 'epoch': 0.04}
{'loss': 6.0006, 'learning_rate': 0.0001806701030927835, 'epoch': 0.04}
{'loss': 6.0448, 'learning_rate': 0.00018061855670103093, 'epoch': 0.04}
{'loss': 6.0072, 'learning_rate': 0.00018056701030927835, 'epoch': 0.04}
{'loss': 6.0402, 'learning_rate': 0.00018051546391752578, 'epoch': 0.04}
{'loss': 6.0229, 'learning_rate': 0.0001804639175257732, 'epoch': 0.04}
{'loss': 6.0462, 'learning_rate': 0.00018041237113402062, 'epoch': 0.04}
{'loss': 6.0144, 'learning_rate': 0.00018036082474226807, 'epoch': 0.04}
{'loss': 6.0389, 'learning_rate': 0.00018030927835051549, 'epoch': 0.04}
{'loss': 5.9813, 'learning_rate': 0.0001802577319587629, 'epoch': 0.04}
{'loss': 6.0226, 'learning_rate': 0.00018020618556701033, 'epoch': 0.04}
{'loss': 6.0233, 'learning_rate': 0.00018015463917525775, 'epoch': 0.04}
{'loss': 6.0403, 'learning_rate': 0.00018010309278350517, 'epoch': 0.04}
{'loss': 6.0538, 'learning_rate': 0.0001800515463917526, 'epoch': 0.04}
{'loss': 6.0446, 'learning_rate': 0.00018, 'epoch': 0.04}
{'loss': 6.026, 'learning_rate': 0.00017994845360824743, 'epoch': 0.04}
{'loss': 6.0494, 'learning_rate': 0.00017989690721649485, 'epoch': 0.04}
{'loss': 5.9834, 'learning_rate': 0.00017984536082474227, 'epoch': 0.04}
{'loss': 6.0608, 'learning_rate': 0.0001797938144329897, 'epoch': 0.04}
{'loss': 6.046, 'learning_rate': 0.00017974226804123712, 'epoch': 0.04}
{'loss': 6.0174, 'learning_rate': 0.00017969072164948456, 'epoch': 0.04}
{'loss': 6.0218, 'learning_rate': 0.00017963917525773198, 'epoch': 0.04}
{'loss': 6.081, 'learning_rate': 0.0001795876288659794, 'epoch': 0.04}
{'loss': 5.9992, 'learning_rate': 0.00017953608247422683, 'epoch': 0.04}
{'loss': 6.0383, 'learning_rate': 0.00017948453608247425, 'epoch': 0.04}
{'loss': 6.0386, 'learning_rate': 0.00017943298969072167, 'epoch': 0.04}
{'loss': 6.026, 'learning_rate': 0.0001793814432989691, 'epoch': 0.04}
{'loss': 6.0152, 'learning_rate': 0.0001793298969072165, 'epoch': 0.04}
{'loss': 6.062, 'learning_rate': 0.00017927835051546393, 'epoch': 0.04}
{'loss': 5.9896, 'learning_rate': 0.00017922680412371135, 'epoch': 0.04}
{'loss': 6.0058, 'learning_rate': 0.00017917525773195877, 'epoch': 0.04}
{'loss': 5.9774, 'learning_rate': 0.0001791237113402062, 'epoch': 0.04}
{'loss': 5.9897, 'learning_rate': 0.00017907216494845361, 'epoch': 0.04}
{'loss': 6.0045, 'learning_rate': 0.00017902061855670103, 'epoch': 0.04}
{'loss': 6.0431, 'learning_rate': 0.00017896907216494848, 'epoch': 0.04}
{'loss': 6.0437, 'learning_rate': 0.0001789175257731959, 'epoch': 0.04}
{'loss': 6.0293, 'learning_rate': 0.00017886597938144332, 'epoch': 0.04}
{'loss': 6.0359, 'learning_rate': 0.00017881443298969075, 'epoch': 0.04}
{'loss': 6.0272, 'learning_rate': 0.00017876288659793817, 'epoch': 0.04}
{'loss': 6.0097, 'learning_rate': 0.0001787113402061856, 'epoch': 0.04}
{'loss': 6.0417, 'learning_rate': 0.000178659793814433, 'epoch': 0.04}
{'loss': 6.0577, 'learning_rate': 0.00017860824742268043, 'epoch': 0.04}
{'loss': 5.9945, 'learning_rate': 0.00017855670103092785, 'epoch': 0.04}
{'loss': 5.9994, 'learning_rate': 0.00017850515463917527, 'epoch': 0.04}
{'loss': 5.993, 'learning_rate': 0.0001784536082474227, 'epoch': 0.04}
{'loss': 6.0415, 'learning_rate': 0.0001784020618556701, 'epoch': 0.04}
{'loss': 5.9922, 'learning_rate': 0.00017835051546391753, 'epoch': 0.04}
{'loss': 5.9913, 'learning_rate': 0.00017829896907216495, 'epoch': 0.04}
{'loss': 5.968, 'learning_rate': 0.0001782474226804124, 'epoch': 0.04}
{'loss': 6.0028, 'learning_rate': 0.00017819587628865982, 'epoch': 0.04}
{'loss': 6.0396, 'learning_rate': 0.00017814432989690724, 'epoch': 0.04}
{'loss': 6.0137, 'learning_rate': 0.00017809278350515464, 'epoch': 0.04}
{'loss': 5.9928, 'learning_rate': 0.00017804123711340206, 'epoch': 0.04}
{'loss': 6.0081, 'learning_rate': 0.00017798969072164948, 'epoch': 0.04}
{'loss': 5.9885, 'learning_rate': 0.0001779381443298969, 'epoch': 0.04}
{'loss': 6.0135, 'learning_rate': 0.00017788659793814432, 'epoch': 0.04}
{'loss': 5.982, 'learning_rate': 0.00017783505154639174, 'epoch': 0.04}
{'loss': 6.0295, 'learning_rate': 0.00017778350515463916, 'epoch': 0.04}
{'loss': 6.0104, 'learning_rate': 0.00017773195876288658, 'epoch': 0.04}
{'loss': 6.0224, 'learning_rate': 0.00017768041237113403, 'epoch': 0.04}
{'loss': 5.9823, 'learning_rate': 0.00017762886597938145, 'epoch': 0.04}
{'loss': 6.0519, 'learning_rate': 0.00017757731958762887, 'epoch': 0.04}
{'loss': 5.9948, 'learning_rate': 0.0001775257731958763, 'epoch': 0.04}
{'loss': 6.0687, 'learning_rate': 0.00017747422680412372, 'epoch': 0.04}
{'loss': 6.0122, 'learning_rate': 0.00017742268041237114, 'epoch': 0.04}
{'loss': 5.9954, 'learning_rate': 0.00017737113402061856, 'epoch': 0.04}
{'loss': 5.9627, 'learning_rate': 0.00017731958762886598, 'epoch': 0.04}
{'loss': 6.0053, 'learning_rate': 0.0001772680412371134, 'epoch': 0.04}
{'loss': 6.0081, 'learning_rate': 0.00017721649484536082, 'epoch': 0.04}
{'loss': 5.9684, 'learning_rate': 0.00017716494845360824, 'epoch': 0.04}
{'loss': 6.0292, 'learning_rate': 0.00017711340206185566, 'epoch': 0.04}
{'loss': 6.0138, 'learning_rate': 0.00017706185567010308, 'epoch': 0.04}
{'loss': 5.995, 'learning_rate': 0.00017701030927835053, 'epoch': 0.04}
{'loss': 5.9795, 'learning_rate': 0.00017695876288659795, 'epoch': 0.04}
{'loss': 6.061, 'learning_rate': 0.00017690721649484537, 'epoch': 0.04}
{'loss': 5.9739, 'learning_rate': 0.0001768556701030928, 'epoch': 0.04}
{'loss': 6.0107, 'learning_rate': 0.00017680412371134021, 'epoch': 0.04}
{'loss': 5.9373, 'learning_rate': 0.00017675257731958763, 'epoch': 0.04}
{'loss': 5.961, 'learning_rate': 0.00017670103092783506, 'epoch': 0.04}
{'loss': 6.0204, 'learning_rate': 0.00017664948453608248, 'epoch': 0.04}
{'loss': 5.9677, 'learning_rate': 0.0001765979381443299, 'epoch': 0.04}
{'loss': 5.997, 'learning_rate': 0.00017654639175257732, 'epoch': 0.04}
{'loss': 6.0084, 'learning_rate': 0.00017649484536082474, 'epoch': 0.04}
{'loss': 6.0098, 'learning_rate': 0.00017644329896907216, 'epoch': 0.04}
{'loss': 5.9536, 'learning_rate': 0.00017639175257731958, 'epoch': 0.04}
{'loss': 5.9732, 'learning_rate': 0.000176340206185567, 'epoch': 0.04}
{'loss': 6.0242, 'learning_rate': 0.00017628865979381445, 'epoch': 0.04}
{'loss': 6.0225, 'learning_rate': 0.00017623711340206187, 'epoch': 0.04}
{'loss': 6.0244, 'learning_rate': 0.0001761855670103093, 'epoch': 0.04}
{'loss': 6.021, 'learning_rate': 0.0001761340206185567, 'epoch': 0.04}
{'loss': 6.0188, 'learning_rate': 0.00017608247422680413, 'epoch': 0.04}
{'loss': 5.9835, 'learning_rate': 0.00017603092783505155, 'epoch': 0.04}
{'loss': 5.9812, 'learning_rate': 0.00017597938144329897, 'epoch': 0.04}
{'loss': 5.9889, 'learning_rate': 0.0001759278350515464, 'epoch': 0.04}
{'loss': 6.008, 'learning_rate': 0.00017587628865979382, 'epoch': 0.04}
{'loss': 6.047, 'learning_rate': 0.00017582474226804124, 'epoch': 0.04}
{'loss': 6.0375, 'learning_rate': 0.00017577319587628866, 'epoch': 0.04}
{'loss': 6.0087, 'learning_rate': 0.00017572164948453608, 'epoch': 0.04}
{'loss': 5.9987, 'learning_rate': 0.0001756701030927835, 'epoch': 0.04}
{'loss': 6.0051, 'learning_rate': 0.00017561855670103092, 'epoch': 0.04}
{'loss': 5.9175, 'learning_rate': 0.00017556701030927837, 'epoch': 0.04}
{'loss': 6.0121, 'learning_rate': 0.0001755154639175258, 'epoch': 0.04}
{'loss': 6.0173, 'learning_rate': 0.0001754639175257732, 'epoch': 0.04}
{'loss': 5.9596, 'learning_rate': 0.00017541237113402063, 'epoch': 0.04}
{'loss': 5.9818, 'learning_rate': 0.00017536082474226805, 'epoch': 0.04}
{'loss': 5.9694, 'learning_rate': 0.00017530927835051547, 'epoch': 0.05}
{'loss': 5.9732, 'learning_rate': 0.0001752577319587629, 'epoch': 0.05}
{'loss': 5.977, 'learning_rate': 0.00017520618556701031, 'epoch': 0.05}
{'loss': 6.0236, 'learning_rate': 0.00017515463917525774, 'epoch': 0.05}
{'loss': 5.9924, 'learning_rate': 0.00017510309278350516, 'epoch': 0.05}
{'loss': 5.9903, 'learning_rate': 0.00017505154639175258, 'epoch': 0.05}
{'loss': 5.9756, 'learning_rate': 0.000175, 'epoch': 0.05}
{'loss': 5.9936, 'learning_rate': 0.00017494845360824742, 'epoch': 0.05}
{'loss': 5.9583, 'learning_rate': 0.00017489690721649487, 'epoch': 0.05}
{'loss': 5.9848, 'learning_rate': 0.0001748453608247423, 'epoch': 0.05}
{'loss': 6.0341, 'learning_rate': 0.0001747938144329897, 'epoch': 0.05}
{'loss': 5.9865, 'learning_rate': 0.00017474226804123713, 'epoch': 0.05}
{'loss': 5.9756, 'learning_rate': 0.00017469072164948455, 'epoch': 0.05}
{'loss': 5.9913, 'learning_rate': 0.00017463917525773197, 'epoch': 0.05}
{'loss': 5.9923, 'learning_rate': 0.0001745876288659794, 'epoch': 0.05}
{'loss': 5.9237, 'learning_rate': 0.0001745360824742268, 'epoch': 0.05}
{'loss': 6.0351, 'learning_rate': 0.00017448453608247423, 'epoch': 0.05}
{'loss': 5.9892, 'learning_rate': 0.00017443298969072165, 'epoch': 0.05}
{'loss': 5.9922, 'learning_rate': 0.00017438144329896908, 'epoch': 0.05}
{'loss': 5.9838, 'learning_rate': 0.0001743298969072165, 'epoch': 0.05}
{'loss': 5.9531, 'learning_rate': 0.00017427835051546392, 'epoch': 0.05}
{'loss': 6.0075, 'learning_rate': 0.00017422680412371134, 'epoch': 0.05}
{'loss': 5.9631, 'learning_rate': 0.00017417525773195879, 'epoch': 0.05}
{'loss': 6.0086, 'learning_rate': 0.0001741237113402062, 'epoch': 0.05}
{'loss': 5.9424, 'learning_rate': 0.00017407216494845363, 'epoch': 0.05}
{'loss': 6.0041, 'learning_rate': 0.00017402061855670105, 'epoch': 0.05}
{'loss': 5.9847, 'learning_rate': 0.00017396907216494847, 'epoch': 0.05}
{'loss': 5.9802, 'learning_rate': 0.0001739175257731959, 'epoch': 0.05}
{'loss': 5.9845, 'learning_rate': 0.0001738659793814433, 'epoch': 0.05}
{'loss': 5.972, 'learning_rate': 0.00017381443298969073, 'epoch': 0.05}
{'loss': 5.978, 'learning_rate': 0.00017376288659793815, 'epoch': 0.05}
{'loss': 5.9646, 'learning_rate': 0.00017371134020618557, 'epoch': 0.05}
{'loss': 5.9109, 'learning_rate': 0.000173659793814433, 'epoch': 0.05}
{'loss': 5.9555, 'learning_rate': 0.00017360824742268042, 'epoch': 0.05}
{'loss': 5.957, 'learning_rate': 0.00017355670103092784, 'epoch': 0.05}
{'loss': 5.9923, 'learning_rate': 0.00017350515463917528, 'epoch': 0.05}
{'loss': 5.9813, 'learning_rate': 0.0001734536082474227, 'epoch': 0.05}
{'loss': 6.0205, 'learning_rate': 0.00017340206185567013, 'epoch': 0.05}
{'loss': 5.9898, 'learning_rate': 0.00017335051546391755, 'epoch': 0.05}
{'loss': 6.0, 'learning_rate': 0.00017329896907216497, 'epoch': 0.05}
{'loss': 5.9605, 'learning_rate': 0.0001732474226804124, 'epoch': 0.05}
{'loss': 5.9694, 'learning_rate': 0.0001731958762886598, 'epoch': 0.05}
{'loss': 5.953, 'learning_rate': 0.00017314432989690723, 'epoch': 0.05}
{'loss': 5.9918, 'learning_rate': 0.00017309278350515465, 'epoch': 0.05}
{'loss': 5.9524, 'learning_rate': 0.00017304123711340207, 'epoch': 0.05}
{'loss': 6.0149, 'learning_rate': 0.0001729896907216495, 'epoch': 0.05}
{'loss': 6.0302, 'learning_rate': 0.00017293814432989691, 'epoch': 0.05}
{'loss': 5.943, 'learning_rate': 0.00017288659793814434, 'epoch': 0.05}
{'loss': 5.9916, 'learning_rate': 0.00017283505154639176, 'epoch': 0.05}
{'loss': 5.9294, 'learning_rate': 0.0001727835051546392, 'epoch': 0.05}
{'loss': 6.0017, 'learning_rate': 0.00017273195876288662, 'epoch': 0.05}
{'loss': 5.9815, 'learning_rate': 0.00017268041237113405, 'epoch': 0.05}
{'loss': 5.9447, 'learning_rate': 0.00017262886597938147, 'epoch': 0.05}
{'loss': 6.0061, 'learning_rate': 0.0001725773195876289, 'epoch': 0.05}
{'loss': 5.9417, 'learning_rate': 0.0001725257731958763, 'epoch': 0.05}
{'loss': 5.9755, 'learning_rate': 0.00017247422680412373, 'epoch': 0.05}
{'loss': 5.9388, 'learning_rate': 0.00017242268041237115, 'epoch': 0.05}
{'loss': 5.9597, 'learning_rate': 0.00017237113402061857, 'epoch': 0.05}
{'loss': 6.0393, 'learning_rate': 0.000172319587628866, 'epoch': 0.05}
{'loss': 5.9202, 'learning_rate': 0.0001722680412371134, 'epoch': 0.05}
{'loss': 5.9313, 'learning_rate': 0.00017221649484536083, 'epoch': 0.05}
{'loss': 5.9448, 'learning_rate': 0.00017216494845360825, 'epoch': 0.05}
{'loss': 5.9581, 'learning_rate': 0.00017211340206185568, 'epoch': 0.05}
{'loss': 5.958, 'learning_rate': 0.00017206185567010312, 'epoch': 0.05}
{'loss': 5.9581, 'learning_rate': 0.00017201030927835054, 'epoch': 0.05}
{'loss': 5.9394, 'learning_rate': 0.00017195876288659796, 'epoch': 0.05}
{'loss': 5.9687, 'learning_rate': 0.00017190721649484539, 'epoch': 0.05}
{'loss': 6.003, 'learning_rate': 0.00017185567010309278, 'epoch': 0.05}
{'loss': 6.0158, 'learning_rate': 0.0001718041237113402, 'epoch': 0.05}
{'loss': 5.9398, 'learning_rate': 0.00017175257731958762, 'epoch': 0.05}
{'loss': 5.9578, 'learning_rate': 0.00017170103092783504, 'epoch': 0.05}
{'loss': 6.0026, 'learning_rate': 0.00017164948453608246, 'epoch': 0.05}
{'loss': 5.9479, 'learning_rate': 0.00017159793814432988, 'epoch': 0.05}
{'loss': 5.9298, 'learning_rate': 0.0001715463917525773, 'epoch': 0.05}
{'loss': 5.9765, 'learning_rate': 0.00017149484536082475, 'epoch': 0.05}
{'loss': 5.9839, 'learning_rate': 0.00017144329896907217, 'epoch': 0.05}
{'loss': 5.914, 'learning_rate': 0.0001713917525773196, 'epoch': 0.05}
{'loss': 5.9461, 'learning_rate': 0.00017134020618556702, 'epoch': 0.05}
{'loss': 5.9908, 'learning_rate': 0.00017128865979381444, 'epoch': 0.05}
{'loss': 5.9448, 'learning_rate': 0.00017123711340206186, 'epoch': 0.05}
{'loss': 5.9514, 'learning_rate': 0.00017118556701030928, 'epoch': 0.05}
{'loss': 5.9328, 'learning_rate': 0.0001711340206185567, 'epoch': 0.05}
{'loss': 5.9847, 'learning_rate': 0.00017108247422680412, 'epoch': 0.05}
{'loss': 5.9349, 'learning_rate': 0.00017103092783505154, 'epoch': 0.05}
{'loss': 6.0007, 'learning_rate': 0.00017097938144329896, 'epoch': 0.05}
{'loss': 5.9749, 'learning_rate': 0.00017092783505154638, 'epoch': 0.05}
{'loss': 6.0037, 'learning_rate': 0.0001708762886597938, 'epoch': 0.05}
{'loss': 5.9433, 'learning_rate': 0.00017082474226804125, 'epoch': 0.05}
{'loss': 5.9767, 'learning_rate': 0.00017077319587628867, 'epoch': 0.05}
{'loss': 5.9913, 'learning_rate': 0.0001707216494845361, 'epoch': 0.05}
{'loss': 5.9771, 'learning_rate': 0.00017067010309278351, 'epoch': 0.05}
{'loss': 5.95, 'learning_rate': 0.00017061855670103093, 'epoch': 0.05}
{'loss': 5.9508, 'learning_rate': 0.00017056701030927836, 'epoch': 0.05}
{'loss': 5.9195, 'learning_rate': 0.00017051546391752578, 'epoch': 0.05}
{'loss': 5.9476, 'learning_rate': 0.0001704639175257732, 'epoch': 0.05}
{'loss': 5.9534, 'learning_rate': 0.00017041237113402062, 'epoch': 0.05}
{'loss': 5.9111, 'learning_rate': 0.00017036082474226804, 'epoch': 0.05}
{'loss': 5.9517, 'learning_rate': 0.00017030927835051546, 'epoch': 0.05}
{'loss': 5.9866, 'learning_rate': 0.00017025773195876288, 'epoch': 0.05}
{'loss': 5.9967, 'learning_rate': 0.0001702061855670103, 'epoch': 0.05}
{'loss': 5.9816, 'learning_rate': 0.00017015463917525772, 'epoch': 0.05}
{'loss': 5.9214, 'learning_rate': 0.00017010309278350517, 'epoch': 0.05}
{'loss': 5.9727, 'learning_rate': 0.0001700515463917526, 'epoch': 0.05}
{'loss': 5.9396, 'learning_rate': 0.00017, 'epoch': 0.05}
{'loss': 5.9567, 'learning_rate': 0.00016994845360824743, 'epoch': 0.05}
{'loss': 5.9112, 'learning_rate': 0.00016989690721649485, 'epoch': 0.05}
{'loss': 5.9902, 'learning_rate': 0.00016984536082474227, 'epoch': 0.05}
{'loss': 5.9686, 'learning_rate': 0.0001697938144329897, 'epoch': 0.05}
{'loss': 5.9741, 'learning_rate': 0.00016974226804123712, 'epoch': 0.05}
{'loss': 5.9858, 'learning_rate': 0.00016969072164948454, 'epoch': 0.05}
{'loss': 5.9146, 'learning_rate': 0.00016963917525773196, 'epoch': 0.05}
{'loss': 5.9487, 'learning_rate': 0.00016958762886597938, 'epoch': 0.05}
{'loss': 5.9702, 'learning_rate': 0.0001695360824742268, 'epoch': 0.05}
{'loss': 5.8942, 'learning_rate': 0.00016948453608247422, 'epoch': 0.05}
{'loss': 5.9232, 'learning_rate': 0.00016943298969072164, 'epoch': 0.05}
{'loss': 5.9304, 'learning_rate': 0.0001693814432989691, 'epoch': 0.05}
{'loss': 5.966, 'learning_rate': 0.0001693298969072165, 'epoch': 0.05}
{'loss': 5.9101, 'learning_rate': 0.00016927835051546393, 'epoch': 0.05}
{'loss': 5.942, 'learning_rate': 0.00016922680412371135, 'epoch': 0.05}
{'loss': 5.9061, 'learning_rate': 0.00016917525773195877, 'epoch': 0.05}
{'loss': 5.9417, 'learning_rate': 0.0001691237113402062, 'epoch': 0.05}
{'loss': 5.9671, 'learning_rate': 0.00016907216494845361, 'epoch': 0.05}
{'loss': 5.9327, 'learning_rate': 0.00016902061855670104, 'epoch': 0.05}
{'loss': 5.9099, 'learning_rate': 0.00016896907216494846, 'epoch': 0.05}
{'loss': 5.9781, 'learning_rate': 0.00016891752577319588, 'epoch': 0.05}
{'loss': 5.8726, 'learning_rate': 0.0001688659793814433, 'epoch': 0.05}
{'loss': 5.9305, 'learning_rate': 0.00016881443298969072, 'epoch': 0.05}
{'loss': 5.9616, 'learning_rate': 0.00016876288659793814, 'epoch': 0.05}
{'loss': 5.9441, 'learning_rate': 0.0001687113402061856, 'epoch': 0.05}
{'loss': 5.9226, 'learning_rate': 0.000168659793814433, 'epoch': 0.05}
{'loss': 5.935, 'learning_rate': 0.00016860824742268043, 'epoch': 0.05}
{'loss': 5.9133, 'learning_rate': 0.00016855670103092785, 'epoch': 0.05}
{'loss': 5.9607, 'learning_rate': 0.00016850515463917527, 'epoch': 0.05}
{'loss': 5.9157, 'learning_rate': 0.0001684536082474227, 'epoch': 0.06}
{'loss': 5.922, 'learning_rate': 0.0001684020618556701, 'epoch': 0.06}
{'loss': 5.9484, 'learning_rate': 0.00016835051546391753, 'epoch': 0.06}
{'loss': 5.9404, 'learning_rate': 0.00016829896907216496, 'epoch': 0.06}
{'loss': 5.9138, 'learning_rate': 0.00016824742268041238, 'epoch': 0.06}
{'loss': 5.9768, 'learning_rate': 0.0001681958762886598, 'epoch': 0.06}
{'loss': 5.9627, 'learning_rate': 0.00016814432989690722, 'epoch': 0.06}
{'loss': 5.9233, 'learning_rate': 0.00016809278350515464, 'epoch': 0.06}
{'loss': 5.9211, 'learning_rate': 0.00016804123711340206, 'epoch': 0.06}
{'loss': 5.927, 'learning_rate': 0.0001679896907216495, 'epoch': 0.06}
{'loss': 5.976, 'learning_rate': 0.00016793814432989693, 'epoch': 0.06}
{'loss': 5.9284, 'learning_rate': 0.00016788659793814435, 'epoch': 0.06}
{'loss': 5.8913, 'learning_rate': 0.00016783505154639177, 'epoch': 0.06}
{'loss': 5.9168, 'learning_rate': 0.0001677835051546392, 'epoch': 0.06}
{'loss': 5.9372, 'learning_rate': 0.0001677319587628866, 'epoch': 0.06}
{'loss': 5.9436, 'learning_rate': 0.00016768041237113403, 'epoch': 0.06}
{'loss': 5.8523, 'learning_rate': 0.00016762886597938145, 'epoch': 0.06}
{'loss': 5.9338, 'learning_rate': 0.00016757731958762887, 'epoch': 0.06}
{'loss': 5.911, 'learning_rate': 0.0001675257731958763, 'epoch': 0.06}
{'loss': 5.9909, 'learning_rate': 0.00016747422680412372, 'epoch': 0.06}
{'loss': 5.8903, 'learning_rate': 0.00016742268041237114, 'epoch': 0.06}
{'loss': 5.9834, 'learning_rate': 0.00016737113402061856, 'epoch': 0.06}
{'loss': 5.9969, 'learning_rate': 0.000167319587628866, 'epoch': 0.06}
{'loss': 5.9472, 'learning_rate': 0.00016726804123711343, 'epoch': 0.06}
{'loss': 5.9272, 'learning_rate': 0.00016721649484536085, 'epoch': 0.06}
{'loss': 5.8966, 'learning_rate': 0.00016716494845360827, 'epoch': 0.06}
{'loss': 5.891, 'learning_rate': 0.0001671134020618557, 'epoch': 0.06}
{'loss': 5.9249, 'learning_rate': 0.0001670618556701031, 'epoch': 0.06}
{'loss': 5.9489, 'learning_rate': 0.00016701030927835053, 'epoch': 0.06}
{'loss': 5.9555, 'learning_rate': 0.00016695876288659795, 'epoch': 0.06}
{'loss': 5.9359, 'learning_rate': 0.00016690721649484537, 'epoch': 0.06}
{'loss': 5.9377, 'learning_rate': 0.0001668556701030928, 'epoch': 0.06}
{'loss': 5.94, 'learning_rate': 0.00016680412371134021, 'epoch': 0.06}
{'loss': 5.8952, 'learning_rate': 0.00016675257731958764, 'epoch': 0.06}
{'loss': 5.9581, 'learning_rate': 0.00016670103092783506, 'epoch': 0.06}
{'loss': 5.9136, 'learning_rate': 0.00016664948453608248, 'epoch': 0.06}
{'loss': 5.9269, 'learning_rate': 0.00016659793814432993, 'epoch': 0.06}
{'loss': 5.9596, 'learning_rate': 0.00016654639175257735, 'epoch': 0.06}
{'loss': 5.8802, 'learning_rate': 0.00016649484536082477, 'epoch': 0.06}
{'loss': 5.8807, 'learning_rate': 0.0001664432989690722, 'epoch': 0.06}
{'loss': 5.934, 'learning_rate': 0.0001663917525773196, 'epoch': 0.06}
{'loss': 5.839, 'learning_rate': 0.00016634020618556703, 'epoch': 0.06}
{'loss': 5.9, 'learning_rate': 0.00016628865979381445, 'epoch': 0.06}
{'loss': 5.9521, 'learning_rate': 0.00016623711340206187, 'epoch': 0.06}
{'loss': 5.8947, 'learning_rate': 0.0001661855670103093, 'epoch': 0.06}
{'loss': 5.9129, 'learning_rate': 0.0001661340206185567, 'epoch': 0.06}
{'loss': 5.9012, 'learning_rate': 0.00016608247422680413, 'epoch': 0.06}
{'loss': 5.8974, 'learning_rate': 0.00016603092783505155, 'epoch': 0.06}
{'loss': 5.9924, 'learning_rate': 0.00016597938144329898, 'epoch': 0.06}
{'loss': 5.9128, 'learning_rate': 0.0001659278350515464, 'epoch': 0.06}
{'loss': 5.9919, 'learning_rate': 0.00016587628865979384, 'epoch': 0.06}
{'loss': 5.9772, 'learning_rate': 0.00016582474226804127, 'epoch': 0.06}
{'loss': 5.9637, 'learning_rate': 0.00016577319587628869, 'epoch': 0.06}
{'loss': 5.9325, 'learning_rate': 0.0001657216494845361, 'epoch': 0.06}
{'loss': 5.9973, 'learning_rate': 0.00016567010309278353, 'epoch': 0.06}
{'loss': 5.9492, 'learning_rate': 0.00016561855670103092, 'epoch': 0.06}
{'loss': 5.9162, 'learning_rate': 0.00016556701030927834, 'epoch': 0.06}
{'loss': 5.9142, 'learning_rate': 0.00016551546391752576, 'epoch': 0.06}
{'loss': 5.9197, 'learning_rate': 0.00016546391752577318, 'epoch': 0.06}
{'loss': 5.9397, 'learning_rate': 0.0001654123711340206, 'epoch': 0.06}
{'loss': 5.9647, 'learning_rate': 0.00016536082474226803, 'epoch': 0.06}
{'loss': 5.9142, 'learning_rate': 0.00016530927835051547, 'epoch': 0.06}
{'loss': 5.8961, 'learning_rate': 0.0001652577319587629, 'epoch': 0.06}
{'loss': 5.9434, 'learning_rate': 0.00016520618556701032, 'epoch': 0.06}
{'loss': 5.9525, 'learning_rate': 0.00016515463917525774, 'epoch': 0.06}
{'loss': 5.8982, 'learning_rate': 0.00016510309278350516, 'epoch': 0.06}
{'loss': 5.8906, 'learning_rate': 0.00016505154639175258, 'epoch': 0.06}
{'loss': 5.8518, 'learning_rate': 0.000165, 'epoch': 0.06}
{'loss': 5.936, 'learning_rate': 0.00016494845360824742, 'epoch': 0.06}
{'loss': 5.9368, 'learning_rate': 0.00016489690721649484, 'epoch': 0.06}
{'loss': 5.8571, 'learning_rate': 0.00016484536082474226, 'epoch': 0.06}
{'loss': 5.9032, 'learning_rate': 0.00016479381443298968, 'epoch': 0.06}
{'loss': 5.8772, 'learning_rate': 0.0001647422680412371, 'epoch': 0.06}
{'loss': 5.9531, 'learning_rate': 0.00016469072164948452, 'epoch': 0.06}
{'loss': 5.9366, 'learning_rate': 0.00016463917525773197, 'epoch': 0.06}
{'loss': 5.8951, 'learning_rate': 0.0001645876288659794, 'epoch': 0.06}
{'loss': 5.9544, 'learning_rate': 0.00016453608247422681, 'epoch': 0.06}
{'loss': 5.8864, 'learning_rate': 0.00016448453608247423, 'epoch': 0.06}
{'loss': 5.9105, 'learning_rate': 0.00016443298969072166, 'epoch': 0.06}
{'loss': 5.927, 'learning_rate': 0.00016438144329896908, 'epoch': 0.06}
{'loss': 5.9511, 'learning_rate': 0.0001643298969072165, 'epoch': 0.06}
{'loss': 5.8997, 'learning_rate': 0.00016427835051546392, 'epoch': 0.06}
{'loss': 5.8793, 'learning_rate': 0.00016422680412371134, 'epoch': 0.06}
{'loss': 5.9436, 'learning_rate': 0.00016417525773195876, 'epoch': 0.06}
{'loss': 5.9461, 'learning_rate': 0.00016412371134020618, 'epoch': 0.06}
{'loss': 5.9404, 'learning_rate': 0.0001640721649484536, 'epoch': 0.06}
{'loss': 5.9106, 'learning_rate': 0.00016402061855670102, 'epoch': 0.06}
{'loss': 5.9597, 'learning_rate': 0.00016396907216494844, 'epoch': 0.06}
{'loss': 5.8657, 'learning_rate': 0.0001639175257731959, 'epoch': 0.06}
{'loss': 5.9499, 'learning_rate': 0.0001638659793814433, 'epoch': 0.06}
{'loss': 5.9062, 'learning_rate': 0.00016381443298969073, 'epoch': 0.06}
{'loss': 5.9538, 'learning_rate': 0.00016376288659793815, 'epoch': 0.06}
{'loss': 5.9148, 'learning_rate': 0.00016371134020618558, 'epoch': 0.06}
{'loss': 5.956, 'learning_rate': 0.000163659793814433, 'epoch': 0.06}
{'loss': 5.8398, 'learning_rate': 0.00016360824742268042, 'epoch': 0.06}
{'loss': 5.9343, 'learning_rate': 0.00016355670103092784, 'epoch': 0.06}
{'loss': 5.966, 'learning_rate': 0.00016350515463917526, 'epoch': 0.06}
{'loss': 5.8792, 'learning_rate': 0.00016345360824742268, 'epoch': 0.06}
{'loss': 5.8575, 'learning_rate': 0.0001634020618556701, 'epoch': 0.06}
{'loss': 5.9029, 'learning_rate': 0.00016335051546391752, 'epoch': 0.06}
{'loss': 5.8775, 'learning_rate': 0.00016329896907216494, 'epoch': 0.06}
{'loss': 5.901, 'learning_rate': 0.00016324742268041236, 'epoch': 0.06}
{'loss': 5.8999, 'learning_rate': 0.0001631958762886598, 'epoch': 0.06}
{'loss': 5.915, 'learning_rate': 0.00016314432989690723, 'epoch': 0.06}
{'loss': 5.9388, 'learning_rate': 0.00016309278350515465, 'epoch': 0.06}
{'loss': 5.9323, 'learning_rate': 0.00016304123711340207, 'epoch': 0.06}
{'loss': 5.8997, 'learning_rate': 0.0001629896907216495, 'epoch': 0.06}
{'loss': 5.9118, 'learning_rate': 0.00016293814432989692, 'epoch': 0.06}
{'loss': 5.9215, 'learning_rate': 0.00016288659793814434, 'epoch': 0.06}
{'loss': 5.9079, 'learning_rate': 0.00016283505154639176, 'epoch': 0.06}
{'loss': 5.9158, 'learning_rate': 0.00016278350515463918, 'epoch': 0.06}
{'loss': 5.8956, 'learning_rate': 0.0001627319587628866, 'epoch': 0.06}
{'loss': 5.9386, 'learning_rate': 0.00016268041237113402, 'epoch': 0.06}
{'loss': 5.9357, 'learning_rate': 0.00016262886597938144, 'epoch': 0.06}
{'loss': 5.8741, 'learning_rate': 0.00016257731958762886, 'epoch': 0.06}
{'loss': 5.8879, 'learning_rate': 0.0001625257731958763, 'epoch': 0.06}
{'loss': 5.9343, 'learning_rate': 0.00016247422680412373, 'epoch': 0.06}
{'loss': 5.8981, 'learning_rate': 0.00016242268041237115, 'epoch': 0.06}
{'loss': 5.914, 'learning_rate': 0.00016237113402061857, 'epoch': 0.06}
{'loss': 5.8438, 'learning_rate': 0.000162319587628866, 'epoch': 0.06}
{'loss': 5.949, 'learning_rate': 0.00016226804123711341, 'epoch': 0.06}
{'loss': 5.9015, 'learning_rate': 0.00016221649484536083, 'epoch': 0.06}
{'loss': 5.9295, 'learning_rate': 0.00016216494845360826, 'epoch': 0.06}
{'loss': 5.938, 'learning_rate': 0.00016211340206185568, 'epoch': 0.06}
{'loss': 5.8222, 'learning_rate': 0.0001620618556701031, 'epoch': 0.06}
{'loss': 5.8907, 'learning_rate': 0.00016201030927835052, 'epoch': 0.06}
{'loss': 5.9331, 'learning_rate': 0.00016195876288659794, 'epoch': 0.06}
{'loss': 5.9396, 'learning_rate': 0.00016190721649484536, 'epoch': 0.06}
{'loss': 5.8968, 'learning_rate': 0.00016185567010309278, 'epoch': 0.06}
{'loss': 5.9191, 'learning_rate': 0.00016180412371134023, 'epoch': 0.06}
{'loss': 5.9095, 'learning_rate': 0.00016175257731958765, 'epoch': 0.06}
{'loss': 5.9475, 'learning_rate': 0.00016170103092783507, 'epoch': 0.06}
{'loss': 5.9414, 'learning_rate': 0.0001616494845360825, 'epoch': 0.06}
{'loss': 5.9074, 'learning_rate': 0.0001615979381443299, 'epoch': 0.07}
{'loss': 5.9728, 'learning_rate': 0.00016154639175257733, 'epoch': 0.07}
{'loss': 5.9339, 'learning_rate': 0.00016149484536082475, 'epoch': 0.07}
{'loss': 5.8428, 'learning_rate': 0.00016144329896907217, 'epoch': 0.07}
{'loss': 5.9477, 'learning_rate': 0.0001613917525773196, 'epoch': 0.07}
{'loss': 5.8863, 'learning_rate': 0.00016134020618556702, 'epoch': 0.07}
{'loss': 5.8585, 'learning_rate': 0.00016128865979381444, 'epoch': 0.07}
{'loss': 5.9253, 'learning_rate': 0.00016123711340206186, 'epoch': 0.07}
{'loss': 5.9153, 'learning_rate': 0.00016118556701030928, 'epoch': 0.07}
{'loss': 5.9219, 'learning_rate': 0.00016113402061855673, 'epoch': 0.07}
{'loss': 5.8757, 'learning_rate': 0.00016108247422680415, 'epoch': 0.07}
{'loss': 5.9404, 'learning_rate': 0.00016103092783505157, 'epoch': 0.07}
{'loss': 5.9107, 'learning_rate': 0.000160979381443299, 'epoch': 0.07}
{'loss': 5.845, 'learning_rate': 0.0001609278350515464, 'epoch': 0.07}
{'loss': 5.9247, 'learning_rate': 0.00016087628865979383, 'epoch': 0.07}
{'loss': 5.9038, 'learning_rate': 0.00016082474226804125, 'epoch': 0.07}
{'loss': 5.882, 'learning_rate': 0.00016077319587628867, 'epoch': 0.07}
{'loss': 5.9321, 'learning_rate': 0.0001607216494845361, 'epoch': 0.07}
{'loss': 5.9489, 'learning_rate': 0.00016067010309278351, 'epoch': 0.07}
{'loss': 5.8965, 'learning_rate': 0.00016061855670103094, 'epoch': 0.07}
{'loss': 5.9273, 'learning_rate': 0.00016056701030927836, 'epoch': 0.07}
{'loss': 5.9083, 'learning_rate': 0.00016051546391752578, 'epoch': 0.07}
{'loss': 5.8955, 'learning_rate': 0.0001604639175257732, 'epoch': 0.07}
{'loss': 5.8447, 'learning_rate': 0.00016041237113402065, 'epoch': 0.07}
{'loss': 5.8733, 'learning_rate': 0.00016036082474226807, 'epoch': 0.07}
{'loss': 5.92, 'learning_rate': 0.0001603092783505155, 'epoch': 0.07}
{'loss': 5.8665, 'learning_rate': 0.0001602577319587629, 'epoch': 0.07}
{'loss': 5.9346, 'learning_rate': 0.00016020618556701033, 'epoch': 0.07}
{'loss': 5.8891, 'learning_rate': 0.00016015463917525775, 'epoch': 0.07}
{'loss': 5.8944, 'learning_rate': 0.00016010309278350517, 'epoch': 0.07}
{'loss': 5.9221, 'learning_rate': 0.0001600515463917526, 'epoch': 0.07}
{'loss': 5.9174, 'learning_rate': 0.00016, 'epoch': 0.07}
{'loss': 5.9315, 'learning_rate': 0.00015994845360824743, 'epoch': 0.07}
{'loss': 5.8724, 'learning_rate': 0.00015989690721649485, 'epoch': 0.07}
{'loss': 5.9369, 'learning_rate': 0.00015984536082474228, 'epoch': 0.07}
{'loss': 5.929, 'learning_rate': 0.0001597938144329897, 'epoch': 0.07}
{'loss': 5.9046, 'learning_rate': 0.00015974226804123712, 'epoch': 0.07}
{'loss': 5.8988, 'learning_rate': 0.00015969072164948457, 'epoch': 0.07}
{'loss': 5.8623, 'learning_rate': 0.00015963917525773199, 'epoch': 0.07}
{'loss': 5.9497, 'learning_rate': 0.0001595876288659794, 'epoch': 0.07}
{'loss': 5.9535, 'learning_rate': 0.00015953608247422683, 'epoch': 0.07}
{'loss': 5.892, 'learning_rate': 0.00015948453608247425, 'epoch': 0.07}
{'loss': 5.917, 'learning_rate': 0.00015943298969072167, 'epoch': 0.07}
{'loss': 5.9127, 'learning_rate': 0.0001593814432989691, 'epoch': 0.07}
{'loss': 5.9024, 'learning_rate': 0.00015932989690721648, 'epoch': 0.07}
{'loss': 5.8981, 'learning_rate': 0.0001592783505154639, 'epoch': 0.07}
{'loss': 5.8901, 'learning_rate': 0.00015922680412371133, 'epoch': 0.07}
{'loss': 5.9027, 'learning_rate': 0.00015917525773195875, 'epoch': 0.07}
{'loss': 5.8415, 'learning_rate': 0.0001591237113402062, 'epoch': 0.07}
{'loss': 5.87, 'learning_rate': 0.00015907216494845362, 'epoch': 0.07}
{'loss': 5.8561, 'learning_rate': 0.00015902061855670104, 'epoch': 0.07}
{'loss': 5.9465, 'learning_rate': 0.00015896907216494846, 'epoch': 0.07}
{'loss': 5.856, 'learning_rate': 0.00015891752577319588, 'epoch': 0.07}
{'loss': 5.8814, 'learning_rate': 0.0001588659793814433, 'epoch': 0.07}
{'loss': 5.9285, 'learning_rate': 0.00015881443298969072, 'epoch': 0.07}
{'loss': 5.9155, 'learning_rate': 0.00015876288659793814, 'epoch': 0.07}
{'loss': 5.8302, 'learning_rate': 0.00015871134020618556, 'epoch': 0.07}
{'loss': 5.8697, 'learning_rate': 0.00015865979381443298, 'epoch': 0.07}
{'loss': 5.9295, 'learning_rate': 0.0001586082474226804, 'epoch': 0.07}
{'loss': 5.8958, 'learning_rate': 0.00015855670103092782, 'epoch': 0.07}
{'loss': 5.8383, 'learning_rate': 0.00015850515463917525, 'epoch': 0.07}
{'loss': 5.9491, 'learning_rate': 0.0001584536082474227, 'epoch': 0.07}
{'loss': 5.8766, 'learning_rate': 0.00015840206185567011, 'epoch': 0.07}
{'loss': 5.9274, 'learning_rate': 0.00015835051546391754, 'epoch': 0.07}
{'loss': 5.9264, 'learning_rate': 0.00015829896907216496, 'epoch': 0.07}
{'loss': 5.8585, 'learning_rate': 0.00015824742268041238, 'epoch': 0.07}
{'loss': 5.9325, 'learning_rate': 0.0001581958762886598, 'epoch': 0.07}
{'loss': 5.9595, 'learning_rate': 0.00015814432989690722, 'epoch': 0.07}
{'loss': 5.8843, 'learning_rate': 0.00015809278350515464, 'epoch': 0.07}
{'loss': 5.8525, 'learning_rate': 0.00015804123711340206, 'epoch': 0.07}
{'loss': 5.8778, 'learning_rate': 0.00015798969072164948, 'epoch': 0.07}
{'loss': 5.8895, 'learning_rate': 0.0001579381443298969, 'epoch': 0.07}
{'loss': 5.9361, 'learning_rate': 0.00015788659793814432, 'epoch': 0.07}
{'loss': 5.8515, 'learning_rate': 0.00015783505154639174, 'epoch': 0.07}
{'loss': 5.8604, 'learning_rate': 0.00015778350515463916, 'epoch': 0.07}
{'loss': 5.9145, 'learning_rate': 0.0001577319587628866, 'epoch': 0.07}
{'loss': 5.9228, 'learning_rate': 0.00015768041237113403, 'epoch': 0.07}
{'loss': 5.9276, 'learning_rate': 0.00015762886597938145, 'epoch': 0.07}
{'loss': 5.9157, 'learning_rate': 0.00015757731958762888, 'epoch': 0.07}
{'loss': 5.9154, 'learning_rate': 0.0001575257731958763, 'epoch': 0.07}
{'loss': 5.9117, 'learning_rate': 0.00015747422680412372, 'epoch': 0.07}
{'loss': 5.8584, 'learning_rate': 0.00015742268041237114, 'epoch': 0.07}
{'loss': 5.9382, 'learning_rate': 0.00015737113402061856, 'epoch': 0.07}
{'loss': 5.8179, 'learning_rate': 0.00015731958762886598, 'epoch': 0.07}
{'loss': 5.8488, 'learning_rate': 0.0001572680412371134, 'epoch': 0.07}
{'loss': 5.8259, 'learning_rate': 0.00015721649484536082, 'epoch': 0.07}
{'loss': 5.8499, 'learning_rate': 0.00015716494845360824, 'epoch': 0.07}
{'loss': 5.902, 'learning_rate': 0.00015711340206185566, 'epoch': 0.07}
{'loss': 5.9311, 'learning_rate': 0.00015706185567010308, 'epoch': 0.07}
{'loss': 5.8873, 'learning_rate': 0.00015701030927835053, 'epoch': 0.07}
{'loss': 5.8473, 'learning_rate': 0.00015695876288659795, 'epoch': 0.07}
{'loss': 5.8635, 'learning_rate': 0.00015690721649484537, 'epoch': 0.07}
{'loss': 5.9095, 'learning_rate': 0.0001568556701030928, 'epoch': 0.07}
{'loss': 5.8668, 'learning_rate': 0.00015680412371134022, 'epoch': 0.07}
{'loss': 5.9039, 'learning_rate': 0.00015675257731958764, 'epoch': 0.07}
{'loss': 5.8093, 'learning_rate': 0.00015670103092783506, 'epoch': 0.07}
{'loss': 5.9231, 'learning_rate': 0.00015664948453608248, 'epoch': 0.07}
{'loss': 5.8482, 'learning_rate': 0.0001565979381443299, 'epoch': 0.07}
{'loss': 5.8772, 'learning_rate': 0.00015654639175257732, 'epoch': 0.07}
{'loss': 5.8526, 'learning_rate': 0.00015649484536082474, 'epoch': 0.07}
{'loss': 5.8629, 'learning_rate': 0.00015644329896907216, 'epoch': 0.07}
{'loss': 5.8344, 'learning_rate': 0.00015639175257731958, 'epoch': 0.07}
{'loss': 5.9004, 'learning_rate': 0.00015634020618556703, 'epoch': 0.07}
{'loss': 5.8912, 'learning_rate': 0.00015628865979381445, 'epoch': 0.07}
{'loss': 5.8296, 'learning_rate': 0.00015623711340206187, 'epoch': 0.07}
{'loss': 5.8581, 'learning_rate': 0.0001561855670103093, 'epoch': 0.07}
{'loss': 5.8481, 'learning_rate': 0.00015613402061855671, 'epoch': 0.07}
{'loss': 5.8533, 'learning_rate': 0.00015608247422680413, 'epoch': 0.07}
{'loss': 5.8912, 'learning_rate': 0.00015603092783505156, 'epoch': 0.07}
{'loss': 5.8756, 'learning_rate': 0.00015597938144329898, 'epoch': 0.07}
{'loss': 5.8679, 'learning_rate': 0.0001559278350515464, 'epoch': 0.07}
{'loss': 5.8707, 'learning_rate': 0.00015587628865979382, 'epoch': 0.07}
{'loss': 5.8144, 'learning_rate': 0.00015582474226804124, 'epoch': 0.07}
{'loss': 5.8686, 'learning_rate': 0.00015577319587628866, 'epoch': 0.07}
{'loss': 5.9006, 'learning_rate': 0.00015572164948453608, 'epoch': 0.07}
{'loss': 5.8902, 'learning_rate': 0.0001556701030927835, 'epoch': 0.07}
{'loss': 5.8308, 'learning_rate': 0.00015561855670103095, 'epoch': 0.07}
{'loss': 5.858, 'learning_rate': 0.00015556701030927837, 'epoch': 0.07}
{'loss': 5.9085, 'learning_rate': 0.0001555154639175258, 'epoch': 0.07}
{'loss': 5.8098, 'learning_rate': 0.0001554639175257732, 'epoch': 0.07}
{'loss': 5.9479, 'learning_rate': 0.00015541237113402063, 'epoch': 0.07}
{'loss': 5.8637, 'learning_rate': 0.00015536082474226805, 'epoch': 0.07}
{'loss': 5.8693, 'learning_rate': 0.00015530927835051547, 'epoch': 0.07}
{'loss': 5.9329, 'learning_rate': 0.0001552577319587629, 'epoch': 0.07}
{'loss': 5.9036, 'learning_rate': 0.00015520618556701032, 'epoch': 0.07}
{'loss': 5.915, 'learning_rate': 0.00015515463917525774, 'epoch': 0.07}
{'loss': 5.9003, 'learning_rate': 0.00015510309278350516, 'epoch': 0.07}
{'loss': 5.9714, 'learning_rate': 0.00015505154639175258, 'epoch': 0.07}
{'loss': 5.9006, 'learning_rate': 0.000155, 'epoch': 0.07}
{'loss': 5.8792, 'learning_rate': 0.00015494845360824745, 'epoch': 0.07}
{'loss': 5.8723, 'learning_rate': 0.00015489690721649487, 'epoch': 0.07}
{'loss': 5.8883, 'learning_rate': 0.0001548453608247423, 'epoch': 0.07}
{'loss': 5.9284, 'learning_rate': 0.0001547938144329897, 'epoch': 0.07}
{'loss': 5.876, 'learning_rate': 0.00015474226804123713, 'epoch': 0.08}
{'loss': 5.8591, 'learning_rate': 0.00015469072164948455, 'epoch': 0.08}
{'loss': 5.8868, 'learning_rate': 0.00015463917525773197, 'epoch': 0.08}
{'loss': 5.8716, 'learning_rate': 0.0001545876288659794, 'epoch': 0.08}
{'loss': 5.8738, 'learning_rate': 0.00015453608247422681, 'epoch': 0.08}
{'loss': 5.853, 'learning_rate': 0.00015448453608247424, 'epoch': 0.08}
{'loss': 5.8872, 'learning_rate': 0.00015443298969072166, 'epoch': 0.08}
{'loss': 5.8037, 'learning_rate': 0.00015438144329896908, 'epoch': 0.08}
{'loss': 5.8648, 'learning_rate': 0.0001543298969072165, 'epoch': 0.08}
{'loss': 5.8616, 'learning_rate': 0.00015427835051546392, 'epoch': 0.08}
{'loss': 5.8825, 'learning_rate': 0.00015422680412371137, 'epoch': 0.08}
{'loss': 5.8799, 'learning_rate': 0.0001541752577319588, 'epoch': 0.08}
{'loss': 5.8633, 'learning_rate': 0.0001541237113402062, 'epoch': 0.08}
{'loss': 5.871, 'learning_rate': 0.00015407216494845363, 'epoch': 0.08}
{'loss': 5.8351, 'learning_rate': 0.00015402061855670105, 'epoch': 0.08}
{'loss': 5.8904, 'learning_rate': 0.00015396907216494847, 'epoch': 0.08}
{'loss': 5.8598, 'learning_rate': 0.0001539175257731959, 'epoch': 0.08}
{'loss': 5.8987, 'learning_rate': 0.0001538659793814433, 'epoch': 0.08}
{'loss': 5.9252, 'learning_rate': 0.00015381443298969073, 'epoch': 0.08}
{'loss': 5.8972, 'learning_rate': 0.00015376288659793816, 'epoch': 0.08}
{'loss': 5.8005, 'learning_rate': 0.00015371134020618558, 'epoch': 0.08}
{'loss': 5.9007, 'learning_rate': 0.000153659793814433, 'epoch': 0.08}
{'loss': 5.8741, 'learning_rate': 0.00015360824742268042, 'epoch': 0.08}
{'loss': 5.8263, 'learning_rate': 0.00015355670103092784, 'epoch': 0.08}
{'loss': 5.8832, 'learning_rate': 0.0001535051546391753, 'epoch': 0.08}
{'loss': 5.8592, 'learning_rate': 0.0001534536082474227, 'epoch': 0.08}
{'loss': 5.7975, 'learning_rate': 0.00015340206185567013, 'epoch': 0.08}
{'loss': 5.8694, 'learning_rate': 0.00015335051546391755, 'epoch': 0.08}
{'loss': 5.8667, 'learning_rate': 0.00015329896907216497, 'epoch': 0.08}
{'loss': 5.8535, 'learning_rate': 0.0001532474226804124, 'epoch': 0.08}
{'loss': 5.866, 'learning_rate': 0.0001531958762886598, 'epoch': 0.08}
{'loss': 5.8898, 'learning_rate': 0.00015314432989690723, 'epoch': 0.08}
{'loss': 5.8532, 'learning_rate': 0.00015309278350515463, 'epoch': 0.08}
{'loss': 5.8852, 'learning_rate': 0.00015304123711340205, 'epoch': 0.08}
{'loss': 5.9088, 'learning_rate': 0.00015298969072164947, 'epoch': 0.08}
{'loss': 5.846, 'learning_rate': 0.00015293814432989692, 'epoch': 0.08}
{'loss': 5.8624, 'learning_rate': 0.00015288659793814434, 'epoch': 0.08}
{'loss': 5.8325, 'learning_rate': 0.00015283505154639176, 'epoch': 0.08}
{'loss': 5.8676, 'learning_rate': 0.00015278350515463918, 'epoch': 0.08}
{'loss': 5.8692, 'learning_rate': 0.0001527319587628866, 'epoch': 0.08}
{'loss': 5.8816, 'learning_rate': 0.00015268041237113402, 'epoch': 0.08}
{'loss': 5.8623, 'learning_rate': 0.00015262886597938144, 'epoch': 0.08}
{'loss': 5.8466, 'learning_rate': 0.00015257731958762886, 'epoch': 0.08}
{'loss': 5.8529, 'learning_rate': 0.00015252577319587628, 'epoch': 0.08}
{'loss': 5.9084, 'learning_rate': 0.0001524742268041237, 'epoch': 0.08}
{'loss': 5.8515, 'learning_rate': 0.00015242268041237112, 'epoch': 0.08}
{'loss': 5.839, 'learning_rate': 0.00015237113402061855, 'epoch': 0.08}
{'loss': 5.9066, 'learning_rate': 0.00015231958762886597, 'epoch': 0.08}
{'loss': 5.8762, 'learning_rate': 0.00015226804123711341, 'epoch': 0.08}
{'loss': 5.8564, 'learning_rate': 0.00015221649484536084, 'epoch': 0.08}
{'loss': 5.8791, 'learning_rate': 0.00015216494845360826, 'epoch': 0.08}
{'loss': 5.8826, 'learning_rate': 0.00015211340206185568, 'epoch': 0.08}
{'loss': 5.886, 'learning_rate': 0.0001520618556701031, 'epoch': 0.08}
{'loss': 5.9001, 'learning_rate': 0.00015201030927835052, 'epoch': 0.08}
{'loss': 5.8928, 'learning_rate': 0.00015195876288659794, 'epoch': 0.08}
{'loss': 5.9184, 'learning_rate': 0.00015190721649484536, 'epoch': 0.08}
{'loss': 5.8562, 'learning_rate': 0.00015185567010309278, 'epoch': 0.08}
{'loss': 5.8642, 'learning_rate': 0.0001518041237113402, 'epoch': 0.08}
{'loss': 5.8328, 'learning_rate': 0.00015175257731958762, 'epoch': 0.08}
{'loss': 5.8355, 'learning_rate': 0.00015170103092783504, 'epoch': 0.08}
{'loss': 5.8555, 'learning_rate': 0.00015164948453608246, 'epoch': 0.08}
{'loss': 5.8123, 'learning_rate': 0.00015159793814432989, 'epoch': 0.08}
{'loss': 5.8479, 'learning_rate': 0.00015154639175257733, 'epoch': 0.08}
{'loss': 5.8265, 'learning_rate': 0.00015149484536082475, 'epoch': 0.08}
{'loss': 5.8933, 'learning_rate': 0.00015144329896907218, 'epoch': 0.08}
{'loss': 5.8857, 'learning_rate': 0.0001513917525773196, 'epoch': 0.08}
{'loss': 5.8649, 'learning_rate': 0.00015134020618556702, 'epoch': 0.08}
{'loss': 5.8094, 'learning_rate': 0.00015128865979381444, 'epoch': 0.08}
{'loss': 5.8243, 'learning_rate': 0.00015123711340206186, 'epoch': 0.08}
{'loss': 5.9049, 'learning_rate': 0.00015118556701030928, 'epoch': 0.08}
{'loss': 5.8564, 'learning_rate': 0.0001511340206185567, 'epoch': 0.08}
{'loss': 5.799, 'learning_rate': 0.00015108247422680412, 'epoch': 0.08}
{'loss': 5.8543, 'learning_rate': 0.00015103092783505154, 'epoch': 0.08}
{'loss': 5.882, 'learning_rate': 0.00015097938144329896, 'epoch': 0.08}
{'loss': 5.8376, 'learning_rate': 0.00015092783505154638, 'epoch': 0.08}
{'loss': 5.8422, 'learning_rate': 0.00015087628865979383, 'epoch': 0.08}
{'loss': 5.9193, 'learning_rate': 0.00015082474226804125, 'epoch': 0.08}
{'loss': 5.8521, 'learning_rate': 0.00015077319587628867, 'epoch': 0.08}
{'loss': 5.9124, 'learning_rate': 0.0001507216494845361, 'epoch': 0.08}
{'loss': 5.8142, 'learning_rate': 0.00015067010309278352, 'epoch': 0.08}
{'loss': 5.7609, 'learning_rate': 0.00015061855670103094, 'epoch': 0.08}
{'loss': 5.8454, 'learning_rate': 0.00015056701030927836, 'epoch': 0.08}
{'loss': 5.8717, 'learning_rate': 0.00015051546391752578, 'epoch': 0.08}
{'loss': 5.8225, 'learning_rate': 0.0001504639175257732, 'epoch': 0.08}
{'loss': 5.8433, 'learning_rate': 0.00015041237113402062, 'epoch': 0.08}
{'loss': 5.8344, 'learning_rate': 0.00015036082474226804, 'epoch': 0.08}
{'loss': 5.8599, 'learning_rate': 0.00015030927835051546, 'epoch': 0.08}
{'loss': 5.8783, 'learning_rate': 0.00015025773195876288, 'epoch': 0.08}
{'loss': 5.8375, 'learning_rate': 0.0001502061855670103, 'epoch': 0.08}
{'loss': 5.8674, 'learning_rate': 0.00015015463917525775, 'epoch': 0.08}
{'loss': 5.922, 'learning_rate': 0.00015010309278350517, 'epoch': 0.08}
{'loss': 5.8464, 'learning_rate': 0.0001500515463917526, 'epoch': 0.08}
{'loss': 5.864, 'learning_rate': 0.00015000000000000001, 'epoch': 0.08}
{'loss': 5.8624, 'learning_rate': 0.00014994845360824743, 'epoch': 0.08}
{'loss': 5.8676, 'learning_rate': 0.00014989690721649486, 'epoch': 0.08}
{'loss': 5.892, 'learning_rate': 0.00014984536082474228, 'epoch': 0.08}
{'loss': 5.8764, 'learning_rate': 0.0001497938144329897, 'epoch': 0.08}
{'loss': 5.8426, 'learning_rate': 0.00014974226804123712, 'epoch': 0.08}
{'loss': 5.8045, 'learning_rate': 0.00014969072164948454, 'epoch': 0.08}
{'loss': 5.8743, 'learning_rate': 0.00014963917525773196, 'epoch': 0.08}
{'loss': 5.8403, 'learning_rate': 0.00014958762886597938, 'epoch': 0.08}
{'loss': 5.8488, 'learning_rate': 0.0001495360824742268, 'epoch': 0.08}
{'loss': 5.8631, 'learning_rate': 0.00014948453608247422, 'epoch': 0.08}
{'loss': 5.8665, 'learning_rate': 0.00014943298969072167, 'epoch': 0.08}
{'loss': 5.8851, 'learning_rate': 0.0001493814432989691, 'epoch': 0.08}
{'loss': 5.8555, 'learning_rate': 0.0001493298969072165, 'epoch': 0.08}
{'loss': 5.9278, 'learning_rate': 0.00014927835051546393, 'epoch': 0.08}
{'loss': 5.8603, 'learning_rate': 0.00014922680412371135, 'epoch': 0.08}
{'loss': 5.8221, 'learning_rate': 0.00014917525773195877, 'epoch': 0.08}
{'loss': 5.8374, 'learning_rate': 0.0001491237113402062, 'epoch': 0.08}
{'loss': 5.82, 'learning_rate': 0.00014907216494845362, 'epoch': 0.08}
{'loss': 5.8437, 'learning_rate': 0.00014902061855670104, 'epoch': 0.08}
{'loss': 5.8574, 'learning_rate': 0.00014896907216494846, 'epoch': 0.08}
{'loss': 5.8923, 'learning_rate': 0.00014891752577319588, 'epoch': 0.08}
{'loss': 5.863, 'learning_rate': 0.0001488659793814433, 'epoch': 0.08}
{'loss': 5.8755, 'learning_rate': 0.00014881443298969072, 'epoch': 0.08}
{'loss': 5.8138, 'learning_rate': 0.00014876288659793817, 'epoch': 0.08}
{'loss': 5.8063, 'learning_rate': 0.0001487113402061856, 'epoch': 0.08}
{'loss': 5.9044, 'learning_rate': 0.000148659793814433, 'epoch': 0.08}
{'loss': 5.8847, 'learning_rate': 0.00014860824742268043, 'epoch': 0.08}
{'loss': 5.8725, 'learning_rate': 0.00014855670103092785, 'epoch': 0.08}
{'loss': 5.8427, 'learning_rate': 0.00014850515463917527, 'epoch': 0.08}
{'loss': 5.8398, 'learning_rate': 0.0001484536082474227, 'epoch': 0.08}
{'loss': 5.8756, 'learning_rate': 0.00014840206185567012, 'epoch': 0.08}
{'loss': 5.8639, 'learning_rate': 0.00014835051546391754, 'epoch': 0.08}
{'loss': 5.8637, 'learning_rate': 0.00014829896907216496, 'epoch': 0.08}
{'loss': 5.7957, 'learning_rate': 0.00014824742268041238, 'epoch': 0.08}
{'loss': 5.8241, 'learning_rate': 0.0001481958762886598, 'epoch': 0.08}
{'loss': 5.8965, 'learning_rate': 0.00014814432989690722, 'epoch': 0.08}
{'loss': 5.8831, 'learning_rate': 0.00014809278350515464, 'epoch': 0.08}
{'loss': 5.8283, 'learning_rate': 0.0001480412371134021, 'epoch': 0.08}
{'loss': 5.8582, 'learning_rate': 0.0001479896907216495, 'epoch': 0.08}
{'loss': 5.8062, 'learning_rate': 0.00014793814432989693, 'epoch': 0.08}
{'loss': 5.8784, 'learning_rate': 0.00014788659793814435, 'epoch': 0.09}
{'loss': 5.8104, 'learning_rate': 0.00014783505154639177, 'epoch': 0.09}
{'loss': 5.8798, 'learning_rate': 0.0001477835051546392, 'epoch': 0.09}
{'loss': 5.8371, 'learning_rate': 0.0001477319587628866, 'epoch': 0.09}
{'loss': 5.7674, 'learning_rate': 0.00014768041237113403, 'epoch': 0.09}
{'loss': 5.914, 'learning_rate': 0.00014762886597938146, 'epoch': 0.09}
{'loss': 5.8598, 'learning_rate': 0.00014757731958762888, 'epoch': 0.09}
{'loss': 5.8523, 'learning_rate': 0.0001475257731958763, 'epoch': 0.09}
{'loss': 5.8223, 'learning_rate': 0.00014747422680412372, 'epoch': 0.09}
{'loss': 5.8235, 'learning_rate': 0.00014742268041237114, 'epoch': 0.09}
{'loss': 5.8316, 'learning_rate': 0.00014737113402061856, 'epoch': 0.09}
{'loss': 5.8891, 'learning_rate': 0.000147319587628866, 'epoch': 0.09}
{'loss': 5.8633, 'learning_rate': 0.00014726804123711343, 'epoch': 0.09}
{'loss': 5.8185, 'learning_rate': 0.00014721649484536085, 'epoch': 0.09}
{'loss': 5.7451, 'learning_rate': 0.00014716494845360827, 'epoch': 0.09}
{'loss': 5.8299, 'learning_rate': 0.0001471134020618557, 'epoch': 0.09}
{'loss': 5.8313, 'learning_rate': 0.0001470618556701031, 'epoch': 0.09}
{'loss': 5.8255, 'learning_rate': 0.00014701030927835053, 'epoch': 0.09}
{'loss': 5.8101, 'learning_rate': 0.00014695876288659795, 'epoch': 0.09}
{'loss': 5.8149, 'learning_rate': 0.00014690721649484537, 'epoch': 0.09}
{'loss': 5.8431, 'learning_rate': 0.00014685567010309277, 'epoch': 0.09}
{'loss': 5.9134, 'learning_rate': 0.0001468041237113402, 'epoch': 0.09}
{'loss': 5.8568, 'learning_rate': 0.00014675257731958764, 'epoch': 0.09}
{'loss': 5.7954, 'learning_rate': 0.00014670103092783506, 'epoch': 0.09}
{'loss': 5.8547, 'learning_rate': 0.00014664948453608248, 'epoch': 0.09}
{'loss': 5.7506, 'learning_rate': 0.0001465979381443299, 'epoch': 0.09}
{'loss': 5.7759, 'learning_rate': 0.00014654639175257732, 'epoch': 0.09}
{'loss': 5.8722, 'learning_rate': 0.00014649484536082474, 'epoch': 0.09}
{'loss': 5.8882, 'learning_rate': 0.00014644329896907216, 'epoch': 0.09}
{'loss': 5.8721, 'learning_rate': 0.00014639175257731958, 'epoch': 0.09}
{'loss': 5.8463, 'learning_rate': 0.000146340206185567, 'epoch': 0.09}
{'loss': 5.83, 'learning_rate': 0.00014628865979381442, 'epoch': 0.09}
{'loss': 5.7415, 'learning_rate': 0.00014623711340206185, 'epoch': 0.09}
{'loss': 5.7811, 'learning_rate': 0.00014618556701030927, 'epoch': 0.09}
{'loss': 5.886, 'learning_rate': 0.0001461340206185567, 'epoch': 0.09}
{'loss': 5.7999, 'learning_rate': 0.00014608247422680414, 'epoch': 0.09}
{'loss': 5.8839, 'learning_rate': 0.00014603092783505156, 'epoch': 0.09}
{'loss': 5.7784, 'learning_rate': 0.00014597938144329898, 'epoch': 0.09}
{'loss': 5.8932, 'learning_rate': 0.0001459278350515464, 'epoch': 0.09}
{'loss': 5.8429, 'learning_rate': 0.00014587628865979382, 'epoch': 0.09}
{'loss': 5.7704, 'learning_rate': 0.00014582474226804124, 'epoch': 0.09}
{'loss': 5.812, 'learning_rate': 0.00014577319587628866, 'epoch': 0.09}
{'loss': 5.8147, 'learning_rate': 0.00014572164948453608, 'epoch': 0.09}
{'loss': 5.8807, 'learning_rate': 0.0001456701030927835, 'epoch': 0.09}
{'loss': 5.8539, 'learning_rate': 0.00014561855670103092, 'epoch': 0.09}
{'loss': 5.8314, 'learning_rate': 0.00014556701030927834, 'epoch': 0.09}
{'loss': 5.844, 'learning_rate': 0.00014551546391752577, 'epoch': 0.09}
{'loss': 5.874, 'learning_rate': 0.00014546391752577319, 'epoch': 0.09}
{'loss': 5.9092, 'learning_rate': 0.0001454123711340206, 'epoch': 0.09}
{'loss': 5.8444, 'learning_rate': 0.00014536082474226805, 'epoch': 0.09}
{'loss': 5.8134, 'learning_rate': 0.00014530927835051548, 'epoch': 0.09}
{'loss': 5.8032, 'learning_rate': 0.0001452577319587629, 'epoch': 0.09}
{'loss': 5.8499, 'learning_rate': 0.00014520618556701032, 'epoch': 0.09}
{'loss': 5.8792, 'learning_rate': 0.00014515463917525774, 'epoch': 0.09}
{'loss': 5.8129, 'learning_rate': 0.00014510309278350516, 'epoch': 0.09}
{'loss': 5.8016, 'learning_rate': 0.00014505154639175258, 'epoch': 0.09}
{'loss': 5.8743, 'learning_rate': 0.000145, 'epoch': 0.09}
{'loss': 5.8415, 'learning_rate': 0.00014494845360824742, 'epoch': 0.09}
{'loss': 5.8539, 'learning_rate': 0.00014489690721649484, 'epoch': 0.09}
{'loss': 5.884, 'learning_rate': 0.00014484536082474226, 'epoch': 0.09}
{'loss': 5.9212, 'learning_rate': 0.00014479381443298968, 'epoch': 0.09}
{'loss': 5.7701, 'learning_rate': 0.0001447422680412371, 'epoch': 0.09}
{'loss': 5.7702, 'learning_rate': 0.00014469072164948455, 'epoch': 0.09}
{'loss': 5.8661, 'learning_rate': 0.00014463917525773197, 'epoch': 0.09}
{'loss': 5.9024, 'learning_rate': 0.0001445876288659794, 'epoch': 0.09}
{'loss': 5.8647, 'learning_rate': 0.00014453608247422682, 'epoch': 0.09}
{'loss': 5.8366, 'learning_rate': 0.00014448453608247424, 'epoch': 0.09}
{'loss': 5.9074, 'learning_rate': 0.00014443298969072166, 'epoch': 0.09}
{'loss': 5.8825, 'learning_rate': 0.00014438144329896908, 'epoch': 0.09}
{'loss': 5.7691, 'learning_rate': 0.0001443298969072165, 'epoch': 0.09}
{'loss': 5.8791, 'learning_rate': 0.00014427835051546392, 'epoch': 0.09}
{'loss': 5.9043, 'learning_rate': 0.00014422680412371134, 'epoch': 0.09}
{'loss': 5.8713, 'learning_rate': 0.00014417525773195876, 'epoch': 0.09}
{'loss': 5.832, 'learning_rate': 0.00014412371134020618, 'epoch': 0.09}
{'loss': 5.8776, 'learning_rate': 0.0001440721649484536, 'epoch': 0.09}
{'loss': 5.8419, 'learning_rate': 0.00014402061855670102, 'epoch': 0.09}
{'loss': 5.8316, 'learning_rate': 0.00014396907216494847, 'epoch': 0.09}
{'loss': 5.8759, 'learning_rate': 0.0001439175257731959, 'epoch': 0.09}
{'loss': 5.7875, 'learning_rate': 0.00014386597938144331, 'epoch': 0.09}
{'loss': 5.8647, 'learning_rate': 0.00014381443298969074, 'epoch': 0.09}
{'loss': 5.8544, 'learning_rate': 0.00014376288659793816, 'epoch': 0.09}
{'loss': 5.872, 'learning_rate': 0.00014371134020618558, 'epoch': 0.09}
{'loss': 5.8037, 'learning_rate': 0.000143659793814433, 'epoch': 0.09}
{'loss': 5.8488, 'learning_rate': 0.00014360824742268042, 'epoch': 0.09}
{'loss': 5.7678, 'learning_rate': 0.00014355670103092784, 'epoch': 0.09}
{'loss': 5.8166, 'learning_rate': 0.00014350515463917526, 'epoch': 0.09}
{'loss': 5.8478, 'learning_rate': 0.00014345360824742268, 'epoch': 0.09}
{'loss': 5.7952, 'learning_rate': 0.0001434020618556701, 'epoch': 0.09}
{'loss': 5.792, 'learning_rate': 0.00014335051546391752, 'epoch': 0.09}
{'loss': 5.9018, 'learning_rate': 0.00014329896907216494, 'epoch': 0.09}
{'loss': 5.837, 'learning_rate': 0.0001432474226804124, 'epoch': 0.09}
{'loss': 5.7801, 'learning_rate': 0.0001431958762886598, 'epoch': 0.09}
{'loss': 5.8058, 'learning_rate': 0.00014314432989690723, 'epoch': 0.09}
{'loss': 5.8463, 'learning_rate': 0.00014309278350515465, 'epoch': 0.09}
{'loss': 5.8213, 'learning_rate': 0.00014304123711340208, 'epoch': 0.09}
{'loss': 5.8356, 'learning_rate': 0.0001429896907216495, 'epoch': 0.09}
{'loss': 5.7843, 'learning_rate': 0.00014293814432989692, 'epoch': 0.09}
{'loss': 5.831, 'learning_rate': 0.00014288659793814434, 'epoch': 0.09}
{'loss': 5.7822, 'learning_rate': 0.00014283505154639176, 'epoch': 0.09}
{'loss': 5.8384, 'learning_rate': 0.00014278350515463918, 'epoch': 0.09}
{'loss': 5.7973, 'learning_rate': 0.0001427319587628866, 'epoch': 0.09}
{'loss': 5.8257, 'learning_rate': 0.00014268041237113402, 'epoch': 0.09}
{'loss': 5.7874, 'learning_rate': 0.00014262886597938144, 'epoch': 0.09}
{'loss': 5.7961, 'learning_rate': 0.0001425773195876289, 'epoch': 0.09}
{'loss': 5.8061, 'learning_rate': 0.0001425257731958763, 'epoch': 0.09}
{'loss': 5.82, 'learning_rate': 0.00014247422680412373, 'epoch': 0.09}
{'loss': 5.7768, 'learning_rate': 0.00014242268041237115, 'epoch': 0.09}
{'loss': 5.7976, 'learning_rate': 0.00014237113402061857, 'epoch': 0.09}
{'loss': 5.8349, 'learning_rate': 0.000142319587628866, 'epoch': 0.09}
{'loss': 5.7154, 'learning_rate': 0.00014226804123711342, 'epoch': 0.09}
{'loss': 5.8663, 'learning_rate': 0.00014221649484536084, 'epoch': 0.09}
{'loss': 5.8437, 'learning_rate': 0.00014216494845360826, 'epoch': 0.09}
{'loss': 5.8583, 'learning_rate': 0.00014211340206185568, 'epoch': 0.09}
{'loss': 5.8389, 'learning_rate': 0.0001420618556701031, 'epoch': 0.09}
{'loss': 5.8022, 'learning_rate': 0.00014201030927835052, 'epoch': 0.09}
{'loss': 5.7959, 'learning_rate': 0.00014195876288659794, 'epoch': 0.09}
{'loss': 5.7317, 'learning_rate': 0.00014190721649484536, 'epoch': 0.09}
{'loss': 5.7999, 'learning_rate': 0.0001418556701030928, 'epoch': 0.09}
{'loss': 5.8559, 'learning_rate': 0.00014180412371134023, 'epoch': 0.09}
{'loss': 5.8407, 'learning_rate': 0.00014175257731958765, 'epoch': 0.09}
{'loss': 5.8214, 'learning_rate': 0.00014170103092783507, 'epoch': 0.09}
{'loss': 5.8872, 'learning_rate': 0.0001416494845360825, 'epoch': 0.09}
{'loss': 5.8181, 'learning_rate': 0.00014159793814432991, 'epoch': 0.09}
{'loss': 5.8195, 'learning_rate': 0.00014154639175257733, 'epoch': 0.09}
{'loss': 5.8648, 'learning_rate': 0.00014149484536082476, 'epoch': 0.09}
{'loss': 5.7893, 'learning_rate': 0.00014144329896907218, 'epoch': 0.09}
{'loss': 5.8453, 'learning_rate': 0.0001413917525773196, 'epoch': 0.09}
{'loss': 5.8588, 'learning_rate': 0.00014134020618556702, 'epoch': 0.09}
{'loss': 5.7776, 'learning_rate': 0.00014128865979381444, 'epoch': 0.09}
{'loss': 5.8786, 'learning_rate': 0.00014123711340206186, 'epoch': 0.09}
{'loss': 5.7799, 'learning_rate': 0.0001411855670103093, 'epoch': 0.09}
{'loss': 5.8829, 'learning_rate': 0.00014113402061855673, 'epoch': 0.09}
{'loss': 5.8471, 'learning_rate': 0.00014108247422680415, 'epoch': 0.09}
{'loss': 5.8648, 'learning_rate': 0.00014103092783505157, 'epoch': 0.1}
{'loss': 5.8225, 'learning_rate': 0.000140979381443299, 'epoch': 0.1}
{'loss': 5.7869, 'learning_rate': 0.0001409278350515464, 'epoch': 0.1}
{'loss': 5.8688, 'learning_rate': 0.00014087628865979383, 'epoch': 0.1}
{'loss': 5.8093, 'learning_rate': 0.00014082474226804125, 'epoch': 0.1}
{'loss': 5.8263, 'learning_rate': 0.00014077319587628867, 'epoch': 0.1}
{'loss': 5.7938, 'learning_rate': 0.0001407216494845361, 'epoch': 0.1}
{'loss': 5.7875, 'learning_rate': 0.00014067010309278352, 'epoch': 0.1}
{'loss': 5.7407, 'learning_rate': 0.0001406185567010309, 'epoch': 0.1}
{'loss': 5.8464, 'learning_rate': 0.00014056701030927836, 'epoch': 0.1}
{'loss': 5.8178, 'learning_rate': 0.00014051546391752578, 'epoch': 0.1}
{'loss': 5.8689, 'learning_rate': 0.0001404639175257732, 'epoch': 0.1}
{'loss': 5.8358, 'learning_rate': 0.00014041237113402062, 'epoch': 0.1}
{'loss': 5.7599, 'learning_rate': 0.00014036082474226804, 'epoch': 0.1}
{'loss': 5.7989, 'learning_rate': 0.00014030927835051546, 'epoch': 0.1}
{'loss': 5.8787, 'learning_rate': 0.00014025773195876288, 'epoch': 0.1}
{'loss': 5.7432, 'learning_rate': 0.0001402061855670103, 'epoch': 0.1}
{'loss': 5.8684, 'learning_rate': 0.00014015463917525773, 'epoch': 0.1}
{'loss': 5.8018, 'learning_rate': 0.00014010309278350515, 'epoch': 0.1}
{'loss': 5.7975, 'learning_rate': 0.00014005154639175257, 'epoch': 0.1}
{'loss': 5.8235, 'learning_rate': 0.00014, 'epoch': 0.1}
{'loss': 5.7937, 'learning_rate': 0.0001399484536082474, 'epoch': 0.1}
{'loss': 5.8288, 'learning_rate': 0.00013989690721649486, 'epoch': 0.1}
{'loss': 5.8162, 'learning_rate': 0.00013984536082474228, 'epoch': 0.1}
{'loss': 5.8257, 'learning_rate': 0.0001397938144329897, 'epoch': 0.1}
{'loss': 5.8385, 'learning_rate': 0.00013974226804123712, 'epoch': 0.1}
{'loss': 5.8743, 'learning_rate': 0.00013969072164948454, 'epoch': 0.1}
{'loss': 5.8592, 'learning_rate': 0.00013963917525773196, 'epoch': 0.1}
{'loss': 5.8958, 'learning_rate': 0.00013958762886597938, 'epoch': 0.1}
{'loss': 5.7962, 'learning_rate': 0.0001395360824742268, 'epoch': 0.1}
{'loss': 5.8293, 'learning_rate': 0.00013948453608247422, 'epoch': 0.1}
{'loss': 5.9123, 'learning_rate': 0.00013943298969072164, 'epoch': 0.1}
{'loss': 5.8085, 'learning_rate': 0.00013938144329896907, 'epoch': 0.1}
{'loss': 5.8207, 'learning_rate': 0.00013932989690721649, 'epoch': 0.1}
{'loss': 5.8729, 'learning_rate': 0.0001392783505154639, 'epoch': 0.1}
{'loss': 5.7996, 'learning_rate': 0.00013922680412371133, 'epoch': 0.1}
{'loss': 5.7741, 'learning_rate': 0.00013917525773195878, 'epoch': 0.1}
{'loss': 5.8219, 'learning_rate': 0.0001391237113402062, 'epoch': 0.1}
{'loss': 5.8562, 'learning_rate': 0.00013907216494845362, 'epoch': 0.1}
{'loss': 5.8216, 'learning_rate': 0.00013902061855670104, 'epoch': 0.1}
{'loss': 5.7626, 'learning_rate': 0.00013896907216494846, 'epoch': 0.1}
{'loss': 5.8823, 'learning_rate': 0.00013891752577319588, 'epoch': 0.1}
{'loss': 5.8154, 'learning_rate': 0.0001388659793814433, 'epoch': 0.1}
{'loss': 5.8638, 'learning_rate': 0.00013881443298969072, 'epoch': 0.1}
{'loss': 5.8466, 'learning_rate': 0.00013876288659793814, 'epoch': 0.1}
{'loss': 5.8333, 'learning_rate': 0.00013871134020618556, 'epoch': 0.1}
{'loss': 5.7552, 'learning_rate': 0.00013865979381443298, 'epoch': 0.1}
{'loss': 5.7982, 'learning_rate': 0.0001386082474226804, 'epoch': 0.1}
{'loss': 5.8081, 'learning_rate': 0.00013855670103092783, 'epoch': 0.1}
{'loss': 5.8167, 'learning_rate': 0.00013850515463917527, 'epoch': 0.1}
{'loss': 5.9088, 'learning_rate': 0.0001384536082474227, 'epoch': 0.1}
{'loss': 5.7845, 'learning_rate': 0.00013840206185567012, 'epoch': 0.1}
{'loss': 5.7986, 'learning_rate': 0.00013835051546391754, 'epoch': 0.1}
{'loss': 5.7771, 'learning_rate': 0.00013829896907216496, 'epoch': 0.1}
{'loss': 5.8689, 'learning_rate': 0.00013824742268041238, 'epoch': 0.1}
{'loss': 5.8131, 'learning_rate': 0.0001381958762886598, 'epoch': 0.1}
{'loss': 5.7641, 'learning_rate': 0.00013814432989690722, 'epoch': 0.1}
{'loss': 5.7476, 'learning_rate': 0.00013809278350515464, 'epoch': 0.1}
{'loss': 5.7893, 'learning_rate': 0.00013804123711340206, 'epoch': 0.1}
{'loss': 5.8569, 'learning_rate': 0.00013798969072164948, 'epoch': 0.1}
{'loss': 5.6987, 'learning_rate': 0.0001379381443298969, 'epoch': 0.1}
{'loss': 5.7767, 'learning_rate': 0.00013788659793814432, 'epoch': 0.1}
{'loss': 5.8118, 'learning_rate': 0.00013783505154639175, 'epoch': 0.1}
{'loss': 5.7715, 'learning_rate': 0.0001377835051546392, 'epoch': 0.1}
{'loss': 5.8178, 'learning_rate': 0.00013773195876288661, 'epoch': 0.1}
{'loss': 5.7911, 'learning_rate': 0.00013768041237113404, 'epoch': 0.1}
{'loss': 5.8257, 'learning_rate': 0.00013762886597938146, 'epoch': 0.1}
{'loss': 5.784, 'learning_rate': 0.00013757731958762888, 'epoch': 0.1}
{'loss': 5.8243, 'learning_rate': 0.0001375257731958763, 'epoch': 0.1}
{'loss': 5.7925, 'learning_rate': 0.00013747422680412372, 'epoch': 0.1}
{'loss': 5.7661, 'learning_rate': 0.00013742268041237114, 'epoch': 0.1}
{'loss': 5.7222, 'learning_rate': 0.00013737113402061856, 'epoch': 0.1}
{'loss': 5.8788, 'learning_rate': 0.00013731958762886598, 'epoch': 0.1}
{'loss': 5.8526, 'learning_rate': 0.0001372680412371134, 'epoch': 0.1}
{'loss': 5.7816, 'learning_rate': 0.00013721649484536082, 'epoch': 0.1}
{'loss': 5.7511, 'learning_rate': 0.00013716494845360824, 'epoch': 0.1}
{'loss': 5.8525, 'learning_rate': 0.00013711340206185566, 'epoch': 0.1}
{'loss': 5.8348, 'learning_rate': 0.0001370618556701031, 'epoch': 0.1}
{'loss': 5.8427, 'learning_rate': 0.00013701030927835053, 'epoch': 0.1}
{'loss': 5.8433, 'learning_rate': 0.00013695876288659795, 'epoch': 0.1}
{'loss': 5.7838, 'learning_rate': 0.00013690721649484538, 'epoch': 0.1}
{'loss': 5.7755, 'learning_rate': 0.0001368556701030928, 'epoch': 0.1}
{'loss': 5.8749, 'learning_rate': 0.00013680412371134022, 'epoch': 0.1}
{'loss': 5.8251, 'learning_rate': 0.00013675257731958764, 'epoch': 0.1}
{'loss': 5.8226, 'learning_rate': 0.00013670103092783506, 'epoch': 0.1}
{'loss': 5.757, 'learning_rate': 0.00013664948453608248, 'epoch': 0.1}
{'loss': 5.7774, 'learning_rate': 0.0001365979381443299, 'epoch': 0.1}
{'loss': 5.7868, 'learning_rate': 0.00013654639175257732, 'epoch': 0.1}
{'loss': 5.7694, 'learning_rate': 0.00013649484536082474, 'epoch': 0.1}
{'loss': 5.7754, 'learning_rate': 0.00013644329896907216, 'epoch': 0.1}
{'loss': 5.8616, 'learning_rate': 0.0001363917525773196, 'epoch': 0.1}
{'loss': 5.8024, 'learning_rate': 0.00013634020618556703, 'epoch': 0.1}
{'loss': 5.7602, 'learning_rate': 0.00013628865979381445, 'epoch': 0.1}
{'loss': 5.7718, 'learning_rate': 0.00013623711340206187, 'epoch': 0.1}
{'loss': 5.799, 'learning_rate': 0.0001361855670103093, 'epoch': 0.1}
{'loss': 5.7791, 'learning_rate': 0.00013613402061855672, 'epoch': 0.1}
{'loss': 5.7837, 'learning_rate': 0.00013608247422680414, 'epoch': 0.1}
{'loss': 5.7259, 'learning_rate': 0.00013603092783505156, 'epoch': 0.1}
{'loss': 5.8394, 'learning_rate': 0.00013597938144329898, 'epoch': 0.1}
{'loss': 5.7253, 'learning_rate': 0.0001359278350515464, 'epoch': 0.1}
{'loss': 5.8054, 'learning_rate': 0.00013587628865979382, 'epoch': 0.1}
{'loss': 5.8223, 'learning_rate': 0.00013582474226804124, 'epoch': 0.1}
{'loss': 5.763, 'learning_rate': 0.00013577319587628866, 'epoch': 0.1}
{'loss': 5.8144, 'learning_rate': 0.00013572164948453608, 'epoch': 0.1}
{'loss': 5.7607, 'learning_rate': 0.00013567010309278353, 'epoch': 0.1}
{'loss': 5.77, 'learning_rate': 0.00013561855670103095, 'epoch': 0.1}
{'loss': 5.8496, 'learning_rate': 0.00013556701030927837, 'epoch': 0.1}
{'loss': 5.7853, 'learning_rate': 0.0001355154639175258, 'epoch': 0.1}
{'loss': 5.7851, 'learning_rate': 0.00013546391752577321, 'epoch': 0.1}
{'loss': 5.79, 'learning_rate': 0.00013541237113402063, 'epoch': 0.1}
{'loss': 5.7843, 'learning_rate': 0.00013536082474226806, 'epoch': 0.1}
{'loss': 5.7848, 'learning_rate': 0.00013530927835051548, 'epoch': 0.1}
{'loss': 5.7692, 'learning_rate': 0.0001352577319587629, 'epoch': 0.1}
{'loss': 5.8255, 'learning_rate': 0.00013520618556701032, 'epoch': 0.1}
{'loss': 5.761, 'learning_rate': 0.00013515463917525774, 'epoch': 0.1}
{'loss': 5.8217, 'learning_rate': 0.00013510309278350516, 'epoch': 0.1}
{'loss': 5.8311, 'learning_rate': 0.00013505154639175258, 'epoch': 0.1}
{'loss': 5.8298, 'learning_rate': 0.00013500000000000003, 'epoch': 0.1}
{'loss': 5.8238, 'learning_rate': 0.00013494845360824745, 'epoch': 0.1}
{'loss': 5.873, 'learning_rate': 0.00013489690721649487, 'epoch': 0.1}
{'loss': 5.7791, 'learning_rate': 0.0001348453608247423, 'epoch': 0.1}
{'loss': 5.7434, 'learning_rate': 0.0001347938144329897, 'epoch': 0.1}
{'loss': 5.8054, 'learning_rate': 0.00013474226804123713, 'epoch': 0.1}
{'loss': 5.8215, 'learning_rate': 0.00013469072164948455, 'epoch': 0.1}
{'loss': 5.7391, 'learning_rate': 0.00013463917525773197, 'epoch': 0.1}
{'loss': 5.7572, 'learning_rate': 0.0001345876288659794, 'epoch': 0.1}
{'loss': 5.8008, 'learning_rate': 0.00013453608247422682, 'epoch': 0.1}
{'loss': 5.7741, 'learning_rate': 0.00013448453608247424, 'epoch': 0.1}
{'loss': 5.836, 'learning_rate': 0.00013443298969072166, 'epoch': 0.1}
{'loss': 5.8058, 'learning_rate': 0.00013438144329896908, 'epoch': 0.1}
{'loss': 5.8669, 'learning_rate': 0.0001343298969072165, 'epoch': 0.1}
{'loss': 5.8158, 'learning_rate': 0.00013427835051546392, 'epoch': 0.1}
{'loss': 5.8458, 'learning_rate': 0.00013422680412371134, 'epoch': 0.1}
{'loss': 5.7971, 'learning_rate': 0.00013417525773195876, 'epoch': 0.11}
{'loss': 5.7813, 'learning_rate': 0.00013412371134020618, 'epoch': 0.11}
{'loss': 5.8152, 'learning_rate': 0.0001340721649484536, 'epoch': 0.11}
{'loss': 5.7337, 'learning_rate': 0.00013402061855670103, 'epoch': 0.11}
{'loss': 5.7931, 'learning_rate': 0.00013396907216494845, 'epoch': 0.11}
{'loss': 5.8076, 'learning_rate': 0.00013391752577319587, 'epoch': 0.11}
{'loss': 5.867, 'learning_rate': 0.0001338659793814433, 'epoch': 0.11}
{'loss': 5.8032, 'learning_rate': 0.0001338144329896907, 'epoch': 0.11}
{'loss': 5.8635, 'learning_rate': 0.00013376288659793813, 'epoch': 0.11}
{'loss': 5.8461, 'learning_rate': 0.00013371134020618558, 'epoch': 0.11}
{'loss': 5.8008, 'learning_rate': 0.000133659793814433, 'epoch': 0.11}
{'loss': 5.7964, 'learning_rate': 0.00013360824742268042, 'epoch': 0.11}
{'loss': 5.7451, 'learning_rate': 0.00013355670103092784, 'epoch': 0.11}
{'loss': 5.7623, 'learning_rate': 0.00013350515463917526, 'epoch': 0.11}
{'loss': 5.7814, 'learning_rate': 0.00013345360824742268, 'epoch': 0.11}
{'loss': 5.7722, 'learning_rate': 0.0001334020618556701, 'epoch': 0.11}
{'loss': 5.8389, 'learning_rate': 0.00013335051546391752, 'epoch': 0.11}
{'loss': 5.7539, 'learning_rate': 0.00013329896907216494, 'epoch': 0.11}
{'loss': 5.7817, 'learning_rate': 0.00013324742268041237, 'epoch': 0.11}
{'loss': 5.7907, 'learning_rate': 0.00013319587628865979, 'epoch': 0.11}
{'loss': 5.7306, 'learning_rate': 0.0001331443298969072, 'epoch': 0.11}
{'loss': 5.8027, 'learning_rate': 0.00013309278350515463, 'epoch': 0.11}
{'loss': 5.8102, 'learning_rate': 0.00013304123711340205, 'epoch': 0.11}
{'loss': 5.834, 'learning_rate': 0.0001329896907216495, 'epoch': 0.11}
{'loss': 5.7813, 'learning_rate': 0.00013293814432989692, 'epoch': 0.11}
{'loss': 5.7929, 'learning_rate': 0.00013288659793814434, 'epoch': 0.11}
{'loss': 5.831, 'learning_rate': 0.00013283505154639176, 'epoch': 0.11}
{'loss': 5.7714, 'learning_rate': 0.00013278350515463918, 'epoch': 0.11}
{'loss': 5.7388, 'learning_rate': 0.0001327319587628866, 'epoch': 0.11}
{'loss': 5.7473, 'learning_rate': 0.00013268041237113402, 'epoch': 0.11}
{'loss': 5.8214, 'learning_rate': 0.00013262886597938144, 'epoch': 0.11}
{'loss': 5.7686, 'learning_rate': 0.00013257731958762886, 'epoch': 0.11}
{'loss': 5.7859, 'learning_rate': 0.00013252577319587628, 'epoch': 0.11}
{'loss': 5.8403, 'learning_rate': 0.0001324742268041237, 'epoch': 0.11}
{'loss': 5.7794, 'learning_rate': 0.00013242268041237113, 'epoch': 0.11}
{'loss': 5.6994, 'learning_rate': 0.00013237113402061855, 'epoch': 0.11}
{'loss': 5.7515, 'learning_rate': 0.000132319587628866, 'epoch': 0.11}
{'loss': 5.7708, 'learning_rate': 0.00013226804123711342, 'epoch': 0.11}
{'loss': 5.7737, 'learning_rate': 0.00013221649484536084, 'epoch': 0.11}
{'loss': 5.822, 'learning_rate': 0.00013216494845360826, 'epoch': 0.11}
{'loss': 5.8098, 'learning_rate': 0.00013211340206185568, 'epoch': 0.11}
{'loss': 5.822, 'learning_rate': 0.0001320618556701031, 'epoch': 0.11}
{'loss': 5.7598, 'learning_rate': 0.00013201030927835052, 'epoch': 0.11}
{'loss': 5.8329, 'learning_rate': 0.00013195876288659794, 'epoch': 0.11}
{'loss': 5.7561, 'learning_rate': 0.00013190721649484536, 'epoch': 0.11}
{'loss': 5.7573, 'learning_rate': 0.00013185567010309278, 'epoch': 0.11}
{'loss': 5.8088, 'learning_rate': 0.0001318041237113402, 'epoch': 0.11}
{'loss': 5.8128, 'learning_rate': 0.00013175257731958762, 'epoch': 0.11}
{'loss': 5.8458, 'learning_rate': 0.00013170103092783505, 'epoch': 0.11}
{'loss': 5.792, 'learning_rate': 0.00013164948453608247, 'epoch': 0.11}
{'loss': 5.8017, 'learning_rate': 0.00013159793814432991, 'epoch': 0.11}
{'loss': 5.8055, 'learning_rate': 0.00013154639175257734, 'epoch': 0.11}
{'loss': 5.8264, 'learning_rate': 0.00013149484536082476, 'epoch': 0.11}
{'loss': 5.81, 'learning_rate': 0.00013144329896907218, 'epoch': 0.11}
{'loss': 5.754, 'learning_rate': 0.0001313917525773196, 'epoch': 0.11}
{'loss': 5.8874, 'learning_rate': 0.00013134020618556702, 'epoch': 0.11}
{'loss': 5.8165, 'learning_rate': 0.00013128865979381444, 'epoch': 0.11}
{'loss': 5.8161, 'learning_rate': 0.00013123711340206186, 'epoch': 0.11}
{'loss': 5.8352, 'learning_rate': 0.00013118556701030928, 'epoch': 0.11}
{'loss': 5.7371, 'learning_rate': 0.0001311340206185567, 'epoch': 0.11}
{'loss': 5.8237, 'learning_rate': 0.00013108247422680412, 'epoch': 0.11}
{'loss': 5.7484, 'learning_rate': 0.00013103092783505154, 'epoch': 0.11}
{'loss': 5.7811, 'learning_rate': 0.00013097938144329897, 'epoch': 0.11}
{'loss': 5.7488, 'learning_rate': 0.00013092783505154639, 'epoch': 0.11}
{'loss': 5.7571, 'learning_rate': 0.00013087628865979383, 'epoch': 0.11}
{'loss': 5.7784, 'learning_rate': 0.00013082474226804125, 'epoch': 0.11}
{'loss': 5.7867, 'learning_rate': 0.00013077319587628868, 'epoch': 0.11}
{'loss': 5.8067, 'learning_rate': 0.0001307216494845361, 'epoch': 0.11}
{'loss': 5.7557, 'learning_rate': 0.00013067010309278352, 'epoch': 0.11}
{'loss': 5.7636, 'learning_rate': 0.00013061855670103094, 'epoch': 0.11}
{'loss': 5.7565, 'learning_rate': 0.00013056701030927836, 'epoch': 0.11}
{'loss': 5.7652, 'learning_rate': 0.00013051546391752578, 'epoch': 0.11}
{'loss': 5.7478, 'learning_rate': 0.0001304639175257732, 'epoch': 0.11}
{'loss': 5.8165, 'learning_rate': 0.00013041237113402062, 'epoch': 0.11}
{'loss': 5.8194, 'learning_rate': 0.00013036082474226804, 'epoch': 0.11}
{'loss': 5.6996, 'learning_rate': 0.00013030927835051546, 'epoch': 0.11}
{'loss': 5.8216, 'learning_rate': 0.00013025773195876288, 'epoch': 0.11}
{'loss': 5.7985, 'learning_rate': 0.00013020618556701033, 'epoch': 0.11}
{'loss': 5.7953, 'learning_rate': 0.00013015463917525775, 'epoch': 0.11}
{'loss': 5.7527, 'learning_rate': 0.00013010309278350517, 'epoch': 0.11}
{'loss': 5.8117, 'learning_rate': 0.0001300515463917526, 'epoch': 0.11}
{'loss': 5.8539, 'learning_rate': 0.00013000000000000002, 'epoch': 0.11}
{'loss': 5.8061, 'learning_rate': 0.00012994845360824744, 'epoch': 0.11}
{'loss': 5.8196, 'learning_rate': 0.00012989690721649486, 'epoch': 0.11}
{'loss': 5.7757, 'learning_rate': 0.00012984536082474228, 'epoch': 0.11}
{'loss': 5.7203, 'learning_rate': 0.0001297938144329897, 'epoch': 0.11}
{'loss': 5.8117, 'learning_rate': 0.00012974226804123712, 'epoch': 0.11}
{'loss': 5.7968, 'learning_rate': 0.00012969072164948454, 'epoch': 0.11}
{'loss': 5.7777, 'learning_rate': 0.00012963917525773196, 'epoch': 0.11}
{'loss': 5.8326, 'learning_rate': 0.00012958762886597938, 'epoch': 0.11}
{'loss': 5.8325, 'learning_rate': 0.0001295360824742268, 'epoch': 0.11}
{'loss': 5.7849, 'learning_rate': 0.00012948453608247425, 'epoch': 0.11}
{'loss': 5.7276, 'learning_rate': 0.00012943298969072167, 'epoch': 0.11}
{'loss': 5.7113, 'learning_rate': 0.0001293814432989691, 'epoch': 0.11}
{'loss': 5.7798, 'learning_rate': 0.00012932989690721651, 'epoch': 0.11}
{'loss': 5.7698, 'learning_rate': 0.00012927835051546393, 'epoch': 0.11}
{'loss': 5.7448, 'learning_rate': 0.00012922680412371136, 'epoch': 0.11}
{'loss': 5.8264, 'learning_rate': 0.00012917525773195878, 'epoch': 0.11}
{'loss': 5.8013, 'learning_rate': 0.0001291237113402062, 'epoch': 0.11}
{'loss': 5.7949, 'learning_rate': 0.00012907216494845362, 'epoch': 0.11}
{'loss': 5.7867, 'learning_rate': 0.00012902061855670104, 'epoch': 0.11}
{'loss': 5.828, 'learning_rate': 0.00012896907216494846, 'epoch': 0.11}
{'loss': 5.7452, 'learning_rate': 0.00012891752577319588, 'epoch': 0.11}
{'loss': 5.81, 'learning_rate': 0.0001288659793814433, 'epoch': 0.11}
{'loss': 5.7864, 'learning_rate': 0.00012881443298969075, 'epoch': 0.11}
{'loss': 5.7238, 'learning_rate': 0.00012876288659793817, 'epoch': 0.11}
{'loss': 5.7951, 'learning_rate': 0.0001287113402061856, 'epoch': 0.11}
{'loss': 5.7432, 'learning_rate': 0.000128659793814433, 'epoch': 0.11}
{'loss': 5.7876, 'learning_rate': 0.00012860824742268043, 'epoch': 0.11}
{'loss': 5.8114, 'learning_rate': 0.00012855670103092785, 'epoch': 0.11}
{'loss': 5.6189, 'learning_rate': 0.00012850515463917528, 'epoch': 0.11}
{'loss': 5.7504, 'learning_rate': 0.0001284536082474227, 'epoch': 0.11}
{'loss': 5.7772, 'learning_rate': 0.00012840206185567012, 'epoch': 0.11}
{'loss': 5.7467, 'learning_rate': 0.00012835051546391754, 'epoch': 0.11}
{'loss': 5.7763, 'learning_rate': 0.00012829896907216496, 'epoch': 0.11}
{'loss': 5.8042, 'learning_rate': 0.00012824742268041238, 'epoch': 0.11}
{'loss': 5.7584, 'learning_rate': 0.0001281958762886598, 'epoch': 0.11}
{'loss': 5.6307, 'learning_rate': 0.00012814432989690722, 'epoch': 0.11}
{'loss': 5.7972, 'learning_rate': 0.00012809278350515464, 'epoch': 0.11}
{'loss': 5.79, 'learning_rate': 0.00012804123711340206, 'epoch': 0.11}
{'loss': 5.696, 'learning_rate': 0.00012798969072164948, 'epoch': 0.11}
{'loss': 5.7956, 'learning_rate': 0.0001279381443298969, 'epoch': 0.11}
{'loss': 5.7829, 'learning_rate': 0.00012788659793814433, 'epoch': 0.11}
{'loss': 5.8179, 'learning_rate': 0.00012783505154639175, 'epoch': 0.11}
{'loss': 5.7261, 'learning_rate': 0.00012778350515463917, 'epoch': 0.11}
{'loss': 5.7797, 'learning_rate': 0.0001277319587628866, 'epoch': 0.11}
{'loss': 5.7877, 'learning_rate': 0.000127680412371134, 'epoch': 0.11}
{'loss': 5.7897, 'learning_rate': 0.00012762886597938143, 'epoch': 0.11}
{'loss': 5.766, 'learning_rate': 0.00012757731958762885, 'epoch': 0.11}
{'loss': 5.7286, 'learning_rate': 0.0001275257731958763, 'epoch': 0.11}
{'loss': 5.7598, 'learning_rate': 0.00012747422680412372, 'epoch': 0.11}
{'loss': 5.7751, 'learning_rate': 0.00012742268041237114, 'epoch': 0.11}
{'loss': 5.8151, 'learning_rate': 0.00012737113402061856, 'epoch': 0.11}
{'loss': 5.7866, 'learning_rate': 0.00012731958762886598, 'epoch': 0.12}
{'loss': 5.8323, 'learning_rate': 0.0001272680412371134, 'epoch': 0.12}
{'loss': 5.6894, 'learning_rate': 0.00012721649484536082, 'epoch': 0.12}
{'loss': 5.7773, 'learning_rate': 0.00012716494845360824, 'epoch': 0.12}
{'loss': 5.7495, 'learning_rate': 0.00012711340206185567, 'epoch': 0.12}
{'loss': 5.7462, 'learning_rate': 0.0001270618556701031, 'epoch': 0.12}
{'loss': 5.6833, 'learning_rate': 0.0001270103092783505, 'epoch': 0.12}
{'loss': 5.7913, 'learning_rate': 0.00012695876288659793, 'epoch': 0.12}
{'loss': 5.779, 'learning_rate': 0.00012690721649484535, 'epoch': 0.12}
{'loss': 5.8212, 'learning_rate': 0.00012685567010309277, 'epoch': 0.12}
{'loss': 5.8049, 'learning_rate': 0.00012680412371134022, 'epoch': 0.12}
{'loss': 5.8349, 'learning_rate': 0.00012675257731958764, 'epoch': 0.12}
{'loss': 5.7622, 'learning_rate': 0.00012670103092783506, 'epoch': 0.12}
{'loss': 5.7734, 'learning_rate': 0.00012664948453608248, 'epoch': 0.12}
{'loss': 5.7685, 'learning_rate': 0.0001265979381443299, 'epoch': 0.12}
{'loss': 5.7162, 'learning_rate': 0.00012654639175257732, 'epoch': 0.12}
{'loss': 5.7975, 'learning_rate': 0.00012649484536082474, 'epoch': 0.12}
{'loss': 5.8205, 'learning_rate': 0.00012644329896907216, 'epoch': 0.12}
{'loss': 5.8074, 'learning_rate': 0.00012639175257731958, 'epoch': 0.12}
{'loss': 5.7971, 'learning_rate': 0.000126340206185567, 'epoch': 0.12}
{'loss': 5.7849, 'learning_rate': 0.00012628865979381443, 'epoch': 0.12}
{'loss': 5.8012, 'learning_rate': 0.00012623711340206185, 'epoch': 0.12}
{'loss': 5.799, 'learning_rate': 0.00012618556701030927, 'epoch': 0.12}
{'loss': 5.754, 'learning_rate': 0.00012613402061855672, 'epoch': 0.12}
{'loss': 5.8089, 'learning_rate': 0.00012608247422680414, 'epoch': 0.12}
{'loss': 5.7, 'learning_rate': 0.00012603092783505156, 'epoch': 0.12}
{'loss': 5.7764, 'learning_rate': 0.00012597938144329898, 'epoch': 0.12}
{'loss': 5.802, 'learning_rate': 0.0001259278350515464, 'epoch': 0.12}
{'loss': 5.7224, 'learning_rate': 0.00012587628865979382, 'epoch': 0.12}
{'loss': 5.7722, 'learning_rate': 0.00012582474226804124, 'epoch': 0.12}
{'loss': 5.7883, 'learning_rate': 0.00012577319587628866, 'epoch': 0.12}
{'loss': 5.8022, 'learning_rate': 0.00012572164948453608, 'epoch': 0.12}
{'loss': 5.7565, 'learning_rate': 0.0001256701030927835, 'epoch': 0.12}
{'loss': 5.7461, 'learning_rate': 0.00012561855670103093, 'epoch': 0.12}
{'loss': 5.7841, 'learning_rate': 0.00012556701030927835, 'epoch': 0.12}
{'loss': 5.7701, 'learning_rate': 0.00012551546391752577, 'epoch': 0.12}
{'loss': 5.7201, 'learning_rate': 0.0001254639175257732, 'epoch': 0.12}
{'loss': 5.7638, 'learning_rate': 0.00012541237113402064, 'epoch': 0.12}
{'loss': 5.7566, 'learning_rate': 0.00012536082474226806, 'epoch': 0.12}
{'loss': 5.7482, 'learning_rate': 0.00012530927835051548, 'epoch': 0.12}
{'loss': 5.7013, 'learning_rate': 0.0001252577319587629, 'epoch': 0.12}
{'loss': 5.8466, 'learning_rate': 0.00012520618556701032, 'epoch': 0.12}
{'loss': 5.7065, 'learning_rate': 0.00012515463917525774, 'epoch': 0.12}
{'loss': 5.8539, 'learning_rate': 0.00012510309278350516, 'epoch': 0.12}
{'loss': 5.7113, 'learning_rate': 0.00012505154639175258, 'epoch': 0.12}
{'loss': 5.7359, 'learning_rate': 0.000125, 'epoch': 0.12}
{'loss': 5.7926, 'learning_rate': 0.00012494845360824742, 'epoch': 0.12}
{'loss': 5.8318, 'learning_rate': 0.00012489690721649484, 'epoch': 0.12}
{'loss': 5.7323, 'learning_rate': 0.00012484536082474227, 'epoch': 0.12}
{'loss': 5.7663, 'learning_rate': 0.00012479381443298969, 'epoch': 0.12}
{'loss': 5.7324, 'learning_rate': 0.0001247422680412371, 'epoch': 0.12}
{'loss': 5.8168, 'learning_rate': 0.00012469072164948455, 'epoch': 0.12}
{'loss': 5.7455, 'learning_rate': 0.00012463917525773198, 'epoch': 0.12}
{'loss': 5.7405, 'learning_rate': 0.0001245876288659794, 'epoch': 0.12}
{'loss': 5.7825, 'learning_rate': 0.00012453608247422682, 'epoch': 0.12}
{'loss': 5.7486, 'learning_rate': 0.00012448453608247424, 'epoch': 0.12}
{'loss': 5.6833, 'learning_rate': 0.00012443298969072166, 'epoch': 0.12}
{'loss': 5.7157, 'learning_rate': 0.00012438144329896908, 'epoch': 0.12}
{'loss': 5.756, 'learning_rate': 0.0001243298969072165, 'epoch': 0.12}
{'loss': 5.7674, 'learning_rate': 0.00012427835051546392, 'epoch': 0.12}
{'loss': 5.7878, 'learning_rate': 0.00012422680412371134, 'epoch': 0.12}
{'loss': 5.779, 'learning_rate': 0.00012417525773195876, 'epoch': 0.12}
{'loss': 5.7368, 'learning_rate': 0.00012412371134020618, 'epoch': 0.12}
{'loss': 5.7243, 'learning_rate': 0.0001240721649484536, 'epoch': 0.12}
{'loss': 5.7763, 'learning_rate': 0.00012402061855670105, 'epoch': 0.12}
{'loss': 5.6633, 'learning_rate': 0.00012396907216494847, 'epoch': 0.12}
{'loss': 5.7795, 'learning_rate': 0.0001239175257731959, 'epoch': 0.12}
{'loss': 5.7539, 'learning_rate': 0.00012386597938144332, 'epoch': 0.12}
{'loss': 5.7935, 'learning_rate': 0.00012381443298969074, 'epoch': 0.12}
{'loss': 5.7117, 'learning_rate': 0.00012376288659793816, 'epoch': 0.12}
{'loss': 5.7483, 'learning_rate': 0.00012371134020618558, 'epoch': 0.12}
{'loss': 5.685, 'learning_rate': 0.000123659793814433, 'epoch': 0.12}
{'loss': 5.7247, 'learning_rate': 0.00012360824742268042, 'epoch': 0.12}
{'loss': 5.8487, 'learning_rate': 0.00012355670103092784, 'epoch': 0.12}
{'loss': 5.7851, 'learning_rate': 0.00012350515463917526, 'epoch': 0.12}
{'loss': 5.765, 'learning_rate': 0.00012345360824742268, 'epoch': 0.12}
{'loss': 5.7591, 'learning_rate': 0.0001234020618556701, 'epoch': 0.12}
{'loss': 5.7123, 'learning_rate': 0.00012335051546391752, 'epoch': 0.12}
{'loss': 5.7662, 'learning_rate': 0.00012329896907216497, 'epoch': 0.12}
{'loss': 5.7767, 'learning_rate': 0.0001232474226804124, 'epoch': 0.12}
{'loss': 5.7003, 'learning_rate': 0.00012319587628865981, 'epoch': 0.12}
{'loss': 5.7658, 'learning_rate': 0.00012314432989690724, 'epoch': 0.12}
{'loss': 5.7748, 'learning_rate': 0.00012309278350515466, 'epoch': 0.12}
{'loss': 5.7465, 'learning_rate': 0.00012304123711340208, 'epoch': 0.12}
{'loss': 5.7021, 'learning_rate': 0.0001229896907216495, 'epoch': 0.12}
{'loss': 5.77, 'learning_rate': 0.00012293814432989692, 'epoch': 0.12}
{'loss': 5.7563, 'learning_rate': 0.00012288659793814434, 'epoch': 0.12}
{'loss': 5.793, 'learning_rate': 0.00012283505154639176, 'epoch': 0.12}
{'loss': 5.7178, 'learning_rate': 0.00012278350515463918, 'epoch': 0.12}
{'loss': 5.7751, 'learning_rate': 0.0001227319587628866, 'epoch': 0.12}
{'loss': 5.716, 'learning_rate': 0.00012268041237113402, 'epoch': 0.12}
{'loss': 5.721, 'learning_rate': 0.00012262886597938147, 'epoch': 0.12}
{'loss': 5.7068, 'learning_rate': 0.0001225773195876289, 'epoch': 0.12}
{'loss': 5.7365, 'learning_rate': 0.0001225257731958763, 'epoch': 0.12}
{'loss': 5.7932, 'learning_rate': 0.00012247422680412373, 'epoch': 0.12}
{'loss': 5.7497, 'learning_rate': 0.00012242268041237115, 'epoch': 0.12}
{'loss': 5.7657, 'learning_rate': 0.00012237113402061858, 'epoch': 0.12}
{'loss': 5.6696, 'learning_rate': 0.000122319587628866, 'epoch': 0.12}
{'loss': 5.8098, 'learning_rate': 0.00012226804123711342, 'epoch': 0.12}
{'loss': 5.6345, 'learning_rate': 0.00012221649484536084, 'epoch': 0.12}
{'loss': 5.7254, 'learning_rate': 0.00012216494845360826, 'epoch': 0.12}
{'loss': 5.7715, 'learning_rate': 0.00012211340206185568, 'epoch': 0.12}
{'loss': 5.7664, 'learning_rate': 0.00012206185567010311, 'epoch': 0.12}
{'loss': 5.7555, 'learning_rate': 0.00012201030927835053, 'epoch': 0.12}
{'loss': 5.7896, 'learning_rate': 0.00012195876288659796, 'epoch': 0.12}
{'loss': 5.6884, 'learning_rate': 0.00012190721649484538, 'epoch': 0.12}
{'loss': 5.7903, 'learning_rate': 0.00012185567010309278, 'epoch': 0.12}
{'loss': 5.7592, 'learning_rate': 0.0001218041237113402, 'epoch': 0.12}
{'loss': 5.7603, 'learning_rate': 0.00012175257731958763, 'epoch': 0.12}
{'loss': 5.7923, 'learning_rate': 0.00012170103092783505, 'epoch': 0.12}
{'loss': 5.7836, 'learning_rate': 0.00012164948453608247, 'epoch': 0.12}
{'loss': 5.8017, 'learning_rate': 0.00012159793814432989, 'epoch': 0.12}
{'loss': 5.6807, 'learning_rate': 0.00012154639175257731, 'epoch': 0.12}
{'loss': 5.7556, 'learning_rate': 0.00012149484536082474, 'epoch': 0.12}
{'loss': 5.7348, 'learning_rate': 0.00012144329896907216, 'epoch': 0.12}
{'loss': 5.7147, 'learning_rate': 0.00012139175257731959, 'epoch': 0.12}
{'loss': 5.7541, 'learning_rate': 0.000121340206185567, 'epoch': 0.12}
{'loss': 5.7072, 'learning_rate': 0.00012128865979381443, 'epoch': 0.12}
{'loss': 5.7911, 'learning_rate': 0.00012123711340206185, 'epoch': 0.12}
{'loss': 5.7918, 'learning_rate': 0.00012118556701030927, 'epoch': 0.12}
{'loss': 5.707, 'learning_rate': 0.0001211340206185567, 'epoch': 0.12}
{'loss': 5.8216, 'learning_rate': 0.00012108247422680412, 'epoch': 0.12}
{'loss': 5.799, 'learning_rate': 0.00012103092783505155, 'epoch': 0.12}
{'loss': 5.8264, 'learning_rate': 0.00012097938144329897, 'epoch': 0.12}
{'loss': 5.6975, 'learning_rate': 0.00012092783505154639, 'epoch': 0.12}
{'loss': 5.7936, 'learning_rate': 0.00012087628865979381, 'epoch': 0.12}
{'loss': 5.728, 'learning_rate': 0.00012082474226804124, 'epoch': 0.12}
{'loss': 5.8002, 'learning_rate': 0.00012077319587628866, 'epoch': 0.12}
{'loss': 5.6934, 'learning_rate': 0.00012072164948453608, 'epoch': 0.12}
{'loss': 5.7947, 'learning_rate': 0.0001206701030927835, 'epoch': 0.12}
{'loss': 5.7735, 'learning_rate': 0.00012061855670103093, 'epoch': 0.12}
{'loss': 5.7469, 'learning_rate': 0.00012056701030927835, 'epoch': 0.12}
{'loss': 5.7108, 'learning_rate': 0.00012051546391752577, 'epoch': 0.12}
{'loss': 5.7811, 'learning_rate': 0.0001204639175257732, 'epoch': 0.13}
{'loss': 5.7564, 'learning_rate': 0.00012041237113402062, 'epoch': 0.13}
{'loss': 5.712, 'learning_rate': 0.00012036082474226804, 'epoch': 0.13}
{'loss': 5.7723, 'learning_rate': 0.00012030927835051546, 'epoch': 0.13}
{'loss': 5.7387, 'learning_rate': 0.00012025773195876289, 'epoch': 0.13}
{'loss': 5.7098, 'learning_rate': 0.0001202061855670103, 'epoch': 0.13}
{'loss': 5.7069, 'learning_rate': 0.00012015463917525773, 'epoch': 0.13}
{'loss': 5.7378, 'learning_rate': 0.00012010309278350516, 'epoch': 0.13}
{'loss': 5.738, 'learning_rate': 0.00012005154639175258, 'epoch': 0.13}
{'loss': 5.7471, 'learning_rate': 0.00012, 'epoch': 0.13}
{'loss': 5.7225, 'learning_rate': 0.00011994845360824742, 'epoch': 0.13}
{'loss': 5.7563, 'learning_rate': 0.00011989690721649484, 'epoch': 0.13}
{'loss': 5.7823, 'learning_rate': 0.00011984536082474227, 'epoch': 0.13}
{'loss': 5.7099, 'learning_rate': 0.00011979381443298969, 'epoch': 0.13}
{'loss': 5.8701, 'learning_rate': 0.00011974226804123712, 'epoch': 0.13}
{'loss': 5.736, 'learning_rate': 0.00011969072164948454, 'epoch': 0.13}
{'loss': 5.7954, 'learning_rate': 0.00011963917525773196, 'epoch': 0.13}
{'loss': 5.6905, 'learning_rate': 0.00011958762886597938, 'epoch': 0.13}
{'loss': 5.6944, 'learning_rate': 0.0001195360824742268, 'epoch': 0.13}
{'loss': 5.7545, 'learning_rate': 0.00011948453608247423, 'epoch': 0.13}
{'loss': 5.7223, 'learning_rate': 0.00011943298969072165, 'epoch': 0.13}
{'loss': 5.7993, 'learning_rate': 0.00011938144329896908, 'epoch': 0.13}
{'loss': 5.6687, 'learning_rate': 0.0001193298969072165, 'epoch': 0.13}
{'loss': 5.7974, 'learning_rate': 0.00011927835051546392, 'epoch': 0.13}
{'loss': 5.7051, 'learning_rate': 0.00011922680412371134, 'epoch': 0.13}
{'loss': 5.7108, 'learning_rate': 0.00011917525773195876, 'epoch': 0.13}
{'loss': 5.7244, 'learning_rate': 0.00011912371134020618, 'epoch': 0.13}
{'loss': 5.8048, 'learning_rate': 0.00011907216494845362, 'epoch': 0.13}
{'loss': 5.7476, 'learning_rate': 0.00011902061855670104, 'epoch': 0.13}
{'loss': 5.7179, 'learning_rate': 0.00011896907216494846, 'epoch': 0.13}
{'loss': 5.7303, 'learning_rate': 0.00011891752577319588, 'epoch': 0.13}
{'loss': 5.6719, 'learning_rate': 0.0001188659793814433, 'epoch': 0.13}
{'loss': 5.7281, 'learning_rate': 0.00011881443298969072, 'epoch': 0.13}
{'loss': 5.6721, 'learning_rate': 0.00011876288659793814, 'epoch': 0.13}
{'loss': 5.7323, 'learning_rate': 0.00011871134020618558, 'epoch': 0.13}
{'loss': 5.7403, 'learning_rate': 0.000118659793814433, 'epoch': 0.13}
{'loss': 5.7277, 'learning_rate': 0.00011860824742268042, 'epoch': 0.13}
{'loss': 5.7844, 'learning_rate': 0.00011855670103092784, 'epoch': 0.13}
{'loss': 5.7302, 'learning_rate': 0.00011850515463917526, 'epoch': 0.13}
{'loss': 5.7116, 'learning_rate': 0.00011845360824742268, 'epoch': 0.13}
{'loss': 5.6758, 'learning_rate': 0.0001184020618556701, 'epoch': 0.13}
{'loss': 5.6919, 'learning_rate': 0.00011835051546391754, 'epoch': 0.13}
{'loss': 5.8051, 'learning_rate': 0.00011829896907216496, 'epoch': 0.13}
{'loss': 5.712, 'learning_rate': 0.00011824742268041238, 'epoch': 0.13}
{'loss': 5.7131, 'learning_rate': 0.0001181958762886598, 'epoch': 0.13}
{'loss': 5.7264, 'learning_rate': 0.00011814432989690722, 'epoch': 0.13}
{'loss': 5.7695, 'learning_rate': 0.00011809278350515464, 'epoch': 0.13}
{'loss': 5.7309, 'learning_rate': 0.00011804123711340206, 'epoch': 0.13}
{'loss': 5.7558, 'learning_rate': 0.0001179896907216495, 'epoch': 0.13}
{'loss': 5.7801, 'learning_rate': 0.00011793814432989692, 'epoch': 0.13}
{'loss': 5.8001, 'learning_rate': 0.00011788659793814434, 'epoch': 0.13}
{'loss': 5.6805, 'learning_rate': 0.00011783505154639176, 'epoch': 0.13}
{'loss': 5.7831, 'learning_rate': 0.00011778350515463918, 'epoch': 0.13}
{'loss': 5.7846, 'learning_rate': 0.0001177319587628866, 'epoch': 0.13}
{'loss': 5.7404, 'learning_rate': 0.00011768041237113402, 'epoch': 0.13}
{'loss': 5.7225, 'learning_rate': 0.00011762886597938146, 'epoch': 0.13}
{'loss': 5.7401, 'learning_rate': 0.00011757731958762888, 'epoch': 0.13}
{'loss': 5.7478, 'learning_rate': 0.0001175257731958763, 'epoch': 0.13}
{'loss': 5.7482, 'learning_rate': 0.00011747422680412372, 'epoch': 0.13}
{'loss': 5.7663, 'learning_rate': 0.00011742268041237114, 'epoch': 0.13}
{'loss': 5.7338, 'learning_rate': 0.00011737113402061856, 'epoch': 0.13}
{'loss': 5.7225, 'learning_rate': 0.000117319587628866, 'epoch': 0.13}
{'loss': 5.6886, 'learning_rate': 0.00011726804123711342, 'epoch': 0.13}
{'loss': 5.7124, 'learning_rate': 0.00011721649484536084, 'epoch': 0.13}
{'loss': 5.6825, 'learning_rate': 0.00011716494845360826, 'epoch': 0.13}
{'loss': 5.6541, 'learning_rate': 0.00011711340206185568, 'epoch': 0.13}
{'loss': 5.7879, 'learning_rate': 0.0001170618556701031, 'epoch': 0.13}
{'loss': 5.7312, 'learning_rate': 0.00011701030927835052, 'epoch': 0.13}
{'loss': 5.7098, 'learning_rate': 0.00011695876288659796, 'epoch': 0.13}
{'loss': 5.7559, 'learning_rate': 0.00011690721649484538, 'epoch': 0.13}
{'loss': 5.7268, 'learning_rate': 0.0001168556701030928, 'epoch': 0.13}
{'loss': 5.7707, 'learning_rate': 0.00011680412371134022, 'epoch': 0.13}
{'loss': 5.6939, 'learning_rate': 0.00011675257731958764, 'epoch': 0.13}
{'loss': 5.7476, 'learning_rate': 0.00011670103092783506, 'epoch': 0.13}
{'loss': 5.77, 'learning_rate': 0.00011664948453608248, 'epoch': 0.13}
{'loss': 5.7522, 'learning_rate': 0.00011659793814432992, 'epoch': 0.13}
{'loss': 5.8052, 'learning_rate': 0.00011654639175257734, 'epoch': 0.13}
{'loss': 5.6587, 'learning_rate': 0.00011649484536082476, 'epoch': 0.13}
{'loss': 5.728, 'learning_rate': 0.00011644329896907218, 'epoch': 0.13}
{'loss': 5.7798, 'learning_rate': 0.0001163917525773196, 'epoch': 0.13}
{'loss': 5.7717, 'learning_rate': 0.00011634020618556702, 'epoch': 0.13}
{'loss': 5.6834, 'learning_rate': 0.00011628865979381444, 'epoch': 0.13}
{'loss': 5.7276, 'learning_rate': 0.00011623711340206188, 'epoch': 0.13}
{'loss': 5.7201, 'learning_rate': 0.0001161855670103093, 'epoch': 0.13}
{'loss': 5.6677, 'learning_rate': 0.00011613402061855672, 'epoch': 0.13}
{'loss': 5.6623, 'learning_rate': 0.00011608247422680414, 'epoch': 0.13}
{'loss': 5.7331, 'learning_rate': 0.00011603092783505156, 'epoch': 0.13}
{'loss': 5.7457, 'learning_rate': 0.00011597938144329898, 'epoch': 0.13}
{'loss': 5.7665, 'learning_rate': 0.0001159278350515464, 'epoch': 0.13}
{'loss': 5.7236, 'learning_rate': 0.00011587628865979384, 'epoch': 0.13}
{'loss': 5.7208, 'learning_rate': 0.00011582474226804126, 'epoch': 0.13}
{'loss': 5.8201, 'learning_rate': 0.00011577319587628868, 'epoch': 0.13}
{'loss': 5.7579, 'learning_rate': 0.0001157216494845361, 'epoch': 0.13}
{'loss': 5.8312, 'learning_rate': 0.00011567010309278352, 'epoch': 0.13}
{'loss': 5.7397, 'learning_rate': 0.00011561855670103093, 'epoch': 0.13}
{'loss': 5.72, 'learning_rate': 0.00011556701030927835, 'epoch': 0.13}
{'loss': 5.7511, 'learning_rate': 0.00011551546391752577, 'epoch': 0.13}
{'loss': 5.774, 'learning_rate': 0.00011546391752577319, 'epoch': 0.13}
{'loss': 5.6246, 'learning_rate': 0.00011541237113402061, 'epoch': 0.13}
{'loss': 5.6705, 'learning_rate': 0.00011536082474226803, 'epoch': 0.13}
{'loss': 5.7297, 'learning_rate': 0.00011530927835051546, 'epoch': 0.13}
{'loss': 5.7216, 'learning_rate': 0.00011525773195876289, 'epoch': 0.13}
{'loss': 5.7473, 'learning_rate': 0.0001152061855670103, 'epoch': 0.13}
{'loss': 5.7649, 'learning_rate': 0.00011515463917525773, 'epoch': 0.13}
{'loss': 5.7613, 'learning_rate': 0.00011510309278350515, 'epoch': 0.13}
{'loss': 5.7846, 'learning_rate': 0.00011505154639175257, 'epoch': 0.13}
{'loss': 5.7439, 'learning_rate': 0.00011499999999999999, 'epoch': 0.13}
{'loss': 5.7629, 'learning_rate': 0.00011494845360824742, 'epoch': 0.13}
{'loss': 5.6883, 'learning_rate': 0.00011489690721649485, 'epoch': 0.13}
{'loss': 5.7031, 'learning_rate': 0.00011484536082474227, 'epoch': 0.13}
{'loss': 5.7142, 'learning_rate': 0.00011479381443298969, 'epoch': 0.13}
{'loss': 5.6694, 'learning_rate': 0.00011474226804123711, 'epoch': 0.13}
{'loss': 5.7046, 'learning_rate': 0.00011469072164948453, 'epoch': 0.13}
{'loss': 5.7303, 'learning_rate': 0.00011463917525773196, 'epoch': 0.13}
{'loss': 5.8298, 'learning_rate': 0.00011458762886597938, 'epoch': 0.13}
{'loss': 5.7287, 'learning_rate': 0.0001145360824742268, 'epoch': 0.13}
{'loss': 5.7246, 'learning_rate': 0.00011448453608247423, 'epoch': 0.13}
{'loss': 5.7278, 'learning_rate': 0.00011443298969072165, 'epoch': 0.13}
{'loss': 5.6783, 'learning_rate': 0.00011438144329896907, 'epoch': 0.13}
{'loss': 5.7944, 'learning_rate': 0.00011432989690721649, 'epoch': 0.13}
{'loss': 5.7318, 'learning_rate': 0.00011427835051546392, 'epoch': 0.13}
{'loss': 5.6941, 'learning_rate': 0.00011422680412371134, 'epoch': 0.13}
{'loss': 5.7149, 'learning_rate': 0.00011417525773195876, 'epoch': 0.13}
{'loss': 5.742, 'learning_rate': 0.00011412371134020619, 'epoch': 0.13}
{'loss': 5.7277, 'learning_rate': 0.0001140721649484536, 'epoch': 0.13}
{'loss': 5.6546, 'learning_rate': 0.00011402061855670103, 'epoch': 0.13}
{'loss': 5.7404, 'learning_rate': 0.00011396907216494845, 'epoch': 0.13}
{'loss': 5.6623, 'learning_rate': 0.00011391752577319588, 'epoch': 0.13}
{'loss': 5.7532, 'learning_rate': 0.0001138659793814433, 'epoch': 0.13}
{'loss': 5.6786, 'learning_rate': 0.00011381443298969072, 'epoch': 0.13}
{'loss': 5.7398, 'learning_rate': 0.00011376288659793814, 'epoch': 0.13}
{'loss': 5.7587, 'learning_rate': 0.00011371134020618557, 'epoch': 0.13}
{'loss': 5.7679, 'learning_rate': 0.00011365979381443299, 'epoch': 0.13}
{'loss': 5.7383, 'learning_rate': 0.00011360824742268041, 'epoch': 0.14}
{'loss': 5.7245, 'learning_rate': 0.00011355670103092784, 'epoch': 0.14}
{'loss': 5.6976, 'learning_rate': 0.00011350515463917526, 'epoch': 0.14}
{'loss': 5.7872, 'learning_rate': 0.00011345360824742268, 'epoch': 0.14}
{'loss': 5.7091, 'learning_rate': 0.0001134020618556701, 'epoch': 0.14}
{'loss': 5.6498, 'learning_rate': 0.00011335051546391753, 'epoch': 0.14}
{'loss': 5.7323, 'learning_rate': 0.00011329896907216495, 'epoch': 0.14}
{'loss': 5.7784, 'learning_rate': 0.00011324742268041237, 'epoch': 0.14}
{'loss': 5.7609, 'learning_rate': 0.0001131958762886598, 'epoch': 0.14}
{'loss': 5.8165, 'learning_rate': 0.00011314432989690722, 'epoch': 0.14}
{'loss': 5.7117, 'learning_rate': 0.00011309278350515464, 'epoch': 0.14}
{'loss': 5.7026, 'learning_rate': 0.00011304123711340206, 'epoch': 0.14}
{'loss': 5.6286, 'learning_rate': 0.00011298969072164949, 'epoch': 0.14}
{'loss': 5.6481, 'learning_rate': 0.0001129381443298969, 'epoch': 0.14}
{'loss': 5.6899, 'learning_rate': 0.00011288659793814434, 'epoch': 0.14}
{'loss': 5.7496, 'learning_rate': 0.00011283505154639176, 'epoch': 0.14}
{'loss': 5.7433, 'learning_rate': 0.00011278350515463918, 'epoch': 0.14}
{'loss': 5.71, 'learning_rate': 0.0001127319587628866, 'epoch': 0.14}
{'loss': 5.6711, 'learning_rate': 0.00011268041237113402, 'epoch': 0.14}
{'loss': 5.6793, 'learning_rate': 0.00011262886597938144, 'epoch': 0.14}
{'loss': 5.7382, 'learning_rate': 0.00011257731958762887, 'epoch': 0.14}
{'loss': 5.7031, 'learning_rate': 0.0001125257731958763, 'epoch': 0.14}
{'loss': 5.7051, 'learning_rate': 0.00011247422680412372, 'epoch': 0.14}
{'loss': 5.7307, 'learning_rate': 0.00011242268041237114, 'epoch': 0.14}
{'loss': 5.6902, 'learning_rate': 0.00011237113402061856, 'epoch': 0.14}
{'loss': 5.7561, 'learning_rate': 0.00011231958762886598, 'epoch': 0.14}
{'loss': 5.7465, 'learning_rate': 0.0001122680412371134, 'epoch': 0.14}
{'loss': 5.8331, 'learning_rate': 0.00011221649484536083, 'epoch': 0.14}
{'loss': 5.7961, 'learning_rate': 0.00011216494845360826, 'epoch': 0.14}
{'loss': 5.758, 'learning_rate': 0.00011211340206185568, 'epoch': 0.14}
{'loss': 5.7276, 'learning_rate': 0.0001120618556701031, 'epoch': 0.14}
{'loss': 5.7164, 'learning_rate': 0.00011201030927835052, 'epoch': 0.14}
{'loss': 5.7604, 'learning_rate': 0.00011195876288659794, 'epoch': 0.14}
{'loss': 5.7536, 'learning_rate': 0.00011190721649484536, 'epoch': 0.14}
{'loss': 5.7028, 'learning_rate': 0.00011185567010309278, 'epoch': 0.14}
{'loss': 5.6873, 'learning_rate': 0.00011180412371134022, 'epoch': 0.14}
{'loss': 5.7016, 'learning_rate': 0.00011175257731958764, 'epoch': 0.14}
{'loss': 5.7249, 'learning_rate': 0.00011170103092783506, 'epoch': 0.14}
{'loss': 5.7119, 'learning_rate': 0.00011164948453608248, 'epoch': 0.14}
{'loss': 5.6287, 'learning_rate': 0.0001115979381443299, 'epoch': 0.14}
{'loss': 5.7136, 'learning_rate': 0.00011154639175257732, 'epoch': 0.14}
{'loss': 5.7127, 'learning_rate': 0.00011149484536082474, 'epoch': 0.14}
{'loss': 5.6746, 'learning_rate': 0.00011144329896907218, 'epoch': 0.14}
{'loss': 5.7483, 'learning_rate': 0.0001113917525773196, 'epoch': 0.14}
{'loss': 5.6461, 'learning_rate': 0.00011134020618556702, 'epoch': 0.14}
{'loss': 5.7156, 'learning_rate': 0.00011128865979381444, 'epoch': 0.14}
{'loss': 5.7493, 'learning_rate': 0.00011123711340206186, 'epoch': 0.14}
{'loss': 5.7669, 'learning_rate': 0.00011118556701030928, 'epoch': 0.14}
{'loss': 5.6862, 'learning_rate': 0.00011113402061855672, 'epoch': 0.14}
{'loss': 5.7331, 'learning_rate': 0.00011108247422680414, 'epoch': 0.14}
{'loss': 5.6893, 'learning_rate': 0.00011103092783505156, 'epoch': 0.14}
{'loss': 5.5967, 'learning_rate': 0.00011097938144329898, 'epoch': 0.14}
{'loss': 5.6902, 'learning_rate': 0.0001109278350515464, 'epoch': 0.14}
{'loss': 5.7361, 'learning_rate': 0.00011087628865979382, 'epoch': 0.14}
{'loss': 5.7671, 'learning_rate': 0.00011082474226804124, 'epoch': 0.14}
{'loss': 5.7604, 'learning_rate': 0.00011077319587628868, 'epoch': 0.14}
{'loss': 5.6151, 'learning_rate': 0.0001107216494845361, 'epoch': 0.14}
{'loss': 5.7025, 'learning_rate': 0.00011067010309278352, 'epoch': 0.14}
{'loss': 5.6632, 'learning_rate': 0.00011061855670103094, 'epoch': 0.14}
{'loss': 5.7958, 'learning_rate': 0.00011056701030927836, 'epoch': 0.14}
{'loss': 5.7006, 'learning_rate': 0.00011051546391752578, 'epoch': 0.14}
{'loss': 5.6857, 'learning_rate': 0.0001104639175257732, 'epoch': 0.14}
{'loss': 5.7176, 'learning_rate': 0.00011041237113402064, 'epoch': 0.14}
{'loss': 5.7698, 'learning_rate': 0.00011036082474226806, 'epoch': 0.14}
{'loss': 5.7067, 'learning_rate': 0.00011030927835051548, 'epoch': 0.14}
{'loss': 5.7151, 'learning_rate': 0.0001102577319587629, 'epoch': 0.14}
{'loss': 5.6497, 'learning_rate': 0.00011020618556701032, 'epoch': 0.14}
{'loss': 5.7149, 'learning_rate': 0.00011015463917525774, 'epoch': 0.14}
{'loss': 5.6401, 'learning_rate': 0.00011010309278350516, 'epoch': 0.14}
{'loss': 5.694, 'learning_rate': 0.0001100515463917526, 'epoch': 0.14}
{'loss': 5.7661, 'learning_rate': 0.00011000000000000002, 'epoch': 0.14}
{'loss': 5.6705, 'learning_rate': 0.00010994845360824744, 'epoch': 0.14}
{'loss': 5.682, 'learning_rate': 0.00010989690721649486, 'epoch': 0.14}
{'loss': 5.6885, 'learning_rate': 0.00010984536082474228, 'epoch': 0.14}
{'loss': 5.6273, 'learning_rate': 0.0001097938144329897, 'epoch': 0.14}
{'loss': 5.7561, 'learning_rate': 0.00010974226804123712, 'epoch': 0.14}
{'loss': 5.7682, 'learning_rate': 0.00010969072164948456, 'epoch': 0.14}
{'loss': 5.7456, 'learning_rate': 0.00010963917525773198, 'epoch': 0.14}
{'loss': 5.794, 'learning_rate': 0.0001095876288659794, 'epoch': 0.14}
{'loss': 5.7014, 'learning_rate': 0.00010953608247422682, 'epoch': 0.14}
{'loss': 5.7265, 'learning_rate': 0.00010948453608247424, 'epoch': 0.14}
{'loss': 5.736, 'learning_rate': 0.00010943298969072166, 'epoch': 0.14}
{'loss': 5.7456, 'learning_rate': 0.0001093814432989691, 'epoch': 0.14}
{'loss': 5.7441, 'learning_rate': 0.00010932989690721649, 'epoch': 0.14}
{'loss': 5.7379, 'learning_rate': 0.00010927835051546391, 'epoch': 0.14}
{'loss': 5.6292, 'learning_rate': 0.00010922680412371133, 'epoch': 0.14}
{'loss': 5.7633, 'learning_rate': 0.00010917525773195875, 'epoch': 0.14}
{'loss': 5.7043, 'learning_rate': 0.00010912371134020619, 'epoch': 0.14}
{'loss': 5.6869, 'learning_rate': 0.0001090721649484536, 'epoch': 0.14}
{'loss': 5.7118, 'learning_rate': 0.00010902061855670103, 'epoch': 0.14}
{'loss': 5.7893, 'learning_rate': 0.00010896907216494845, 'epoch': 0.14}
{'loss': 5.6997, 'learning_rate': 0.00010891752577319587, 'epoch': 0.14}
{'loss': 5.6541, 'learning_rate': 0.00010886597938144329, 'epoch': 0.14}
{'loss': 5.7262, 'learning_rate': 0.00010881443298969071, 'epoch': 0.14}
{'loss': 5.7212, 'learning_rate': 0.00010876288659793815, 'epoch': 0.14}
{'loss': 5.6893, 'learning_rate': 0.00010871134020618557, 'epoch': 0.14}
{'loss': 5.7267, 'learning_rate': 0.00010865979381443299, 'epoch': 0.14}
{'loss': 5.8128, 'learning_rate': 0.00010860824742268041, 'epoch': 0.14}
{'loss': 5.6889, 'learning_rate': 0.00010855670103092783, 'epoch': 0.14}
{'loss': 5.7512, 'learning_rate': 0.00010850515463917525, 'epoch': 0.14}
{'loss': 5.7992, 'learning_rate': 0.00010845360824742268, 'epoch': 0.14}
{'loss': 5.7243, 'learning_rate': 0.0001084020618556701, 'epoch': 0.14}
{'loss': 5.7461, 'learning_rate': 0.00010835051546391753, 'epoch': 0.14}
{'loss': 5.6445, 'learning_rate': 0.00010829896907216495, 'epoch': 0.14}
{'loss': 5.6921, 'learning_rate': 0.00010824742268041237, 'epoch': 0.14}
{'loss': 5.6285, 'learning_rate': 0.00010819587628865979, 'epoch': 0.14}
{'loss': 5.7553, 'learning_rate': 0.00010814432989690721, 'epoch': 0.14}
{'loss': 5.7219, 'learning_rate': 0.00010809278350515464, 'epoch': 0.14}
{'loss': 5.7731, 'learning_rate': 0.00010804123711340206, 'epoch': 0.14}
{'loss': 5.6386, 'learning_rate': 0.00010798969072164949, 'epoch': 0.14}
{'loss': 5.7218, 'learning_rate': 0.0001079381443298969, 'epoch': 0.14}
{'loss': 5.6382, 'learning_rate': 0.00010788659793814433, 'epoch': 0.14}
{'loss': 5.7334, 'learning_rate': 0.00010783505154639175, 'epoch': 0.14}
{'loss': 5.6422, 'learning_rate': 0.00010778350515463917, 'epoch': 0.14}
{'loss': 5.6536, 'learning_rate': 0.0001077319587628866, 'epoch': 0.14}
{'loss': 5.7367, 'learning_rate': 0.00010768041237113402, 'epoch': 0.14}
{'loss': 5.765, 'learning_rate': 0.00010762886597938145, 'epoch': 0.14}
{'loss': 5.5887, 'learning_rate': 0.00010757731958762887, 'epoch': 0.14}
{'loss': 5.6424, 'learning_rate': 0.00010752577319587629, 'epoch': 0.14}
{'loss': 5.6476, 'learning_rate': 0.00010747422680412371, 'epoch': 0.14}
{'loss': 5.7053, 'learning_rate': 0.00010742268041237113, 'epoch': 0.14}
{'loss': 5.7086, 'learning_rate': 0.00010737113402061856, 'epoch': 0.14}
{'loss': 5.6568, 'learning_rate': 0.00010731958762886598, 'epoch': 0.14}
{'loss': 5.7249, 'learning_rate': 0.0001072680412371134, 'epoch': 0.14}
{'loss': 5.6923, 'learning_rate': 0.00010721649484536083, 'epoch': 0.14}
{'loss': 5.6354, 'learning_rate': 0.00010716494845360825, 'epoch': 0.14}
{'loss': 5.6278, 'learning_rate': 0.00010711340206185567, 'epoch': 0.14}
{'loss': 5.6743, 'learning_rate': 0.00010706185567010309, 'epoch': 0.14}
{'loss': 5.7258, 'learning_rate': 0.00010701030927835052, 'epoch': 0.14}
{'loss': 5.6572, 'learning_rate': 0.00010695876288659794, 'epoch': 0.14}
{'loss': 5.6688, 'learning_rate': 0.00010690721649484536, 'epoch': 0.14}
{'loss': 5.567, 'learning_rate': 0.00010685567010309279, 'epoch': 0.14}
{'loss': 5.6552, 'learning_rate': 0.0001068041237113402, 'epoch': 0.14}
{'loss': 5.7518, 'learning_rate': 0.00010675257731958763, 'epoch': 0.15}
{'loss': 5.6388, 'learning_rate': 0.00010670103092783506, 'epoch': 0.15}
{'loss': 5.6985, 'learning_rate': 0.00010664948453608248, 'epoch': 0.15}
{'loss': 5.6115, 'learning_rate': 0.0001065979381443299, 'epoch': 0.15}
{'loss': 5.6582, 'learning_rate': 0.00010654639175257732, 'epoch': 0.15}
{'loss': 5.5926, 'learning_rate': 0.00010649484536082474, 'epoch': 0.15}
{'loss': 5.6803, 'learning_rate': 0.00010644329896907217, 'epoch': 0.15}
{'loss': 5.6982, 'learning_rate': 0.00010639175257731959, 'epoch': 0.15}
{'loss': 5.6609, 'learning_rate': 0.00010634020618556702, 'epoch': 0.15}
{'loss': 5.7501, 'learning_rate': 0.00010628865979381444, 'epoch': 0.15}
{'loss': 5.6754, 'learning_rate': 0.00010623711340206186, 'epoch': 0.15}
{'loss': 5.6399, 'learning_rate': 0.00010618556701030928, 'epoch': 0.15}
{'loss': 5.6008, 'learning_rate': 0.0001061340206185567, 'epoch': 0.15}
{'loss': 5.7006, 'learning_rate': 0.00010608247422680413, 'epoch': 0.15}
{'loss': 5.6495, 'learning_rate': 0.00010603092783505155, 'epoch': 0.15}
{'loss': 5.7526, 'learning_rate': 0.00010597938144329898, 'epoch': 0.15}
{'loss': 5.6191, 'learning_rate': 0.0001059278350515464, 'epoch': 0.15}
{'loss': 5.5963, 'learning_rate': 0.00010587628865979382, 'epoch': 0.15}
{'loss': 5.6451, 'learning_rate': 0.00010582474226804124, 'epoch': 0.15}
{'loss': 5.6664, 'learning_rate': 0.00010577319587628866, 'epoch': 0.15}
{'loss': 5.6713, 'learning_rate': 0.00010572164948453609, 'epoch': 0.15}
{'loss': 5.7494, 'learning_rate': 0.0001056701030927835, 'epoch': 0.15}
{'loss': 5.6648, 'learning_rate': 0.00010561855670103094, 'epoch': 0.15}
{'loss': 5.7165, 'learning_rate': 0.00010556701030927836, 'epoch': 0.15}
{'loss': 5.6728, 'learning_rate': 0.00010551546391752578, 'epoch': 0.15}
{'loss': 5.7368, 'learning_rate': 0.0001054639175257732, 'epoch': 0.15}
{'loss': 5.5719, 'learning_rate': 0.00010541237113402062, 'epoch': 0.15}
{'loss': 5.6839, 'learning_rate': 0.00010536082474226804, 'epoch': 0.15}
{'loss': 5.7332, 'learning_rate': 0.00010530927835051547, 'epoch': 0.15}
{'loss': 5.7421, 'learning_rate': 0.0001052577319587629, 'epoch': 0.15}
{'loss': 5.698, 'learning_rate': 0.00010520618556701032, 'epoch': 0.15}
{'loss': 5.6828, 'learning_rate': 0.00010515463917525774, 'epoch': 0.15}
{'loss': 5.681, 'learning_rate': 0.00010510309278350516, 'epoch': 0.15}
{'loss': 5.6898, 'learning_rate': 0.00010505154639175258, 'epoch': 0.15}
{'loss': 5.6307, 'learning_rate': 0.000105, 'epoch': 0.15}
{'loss': 5.6519, 'learning_rate': 0.00010494845360824744, 'epoch': 0.15}
{'loss': 5.7564, 'learning_rate': 0.00010489690721649486, 'epoch': 0.15}
{'loss': 5.7243, 'learning_rate': 0.00010484536082474228, 'epoch': 0.15}
{'loss': 5.7516, 'learning_rate': 0.0001047938144329897, 'epoch': 0.15}
{'loss': 5.7021, 'learning_rate': 0.00010474226804123712, 'epoch': 0.15}
{'loss': 5.6717, 'learning_rate': 0.00010469072164948454, 'epoch': 0.15}
{'loss': 5.649, 'learning_rate': 0.00010463917525773196, 'epoch': 0.15}
{'loss': 5.6951, 'learning_rate': 0.0001045876288659794, 'epoch': 0.15}
{'loss': 5.639, 'learning_rate': 0.00010453608247422682, 'epoch': 0.15}
{'loss': 5.6379, 'learning_rate': 0.00010448453608247424, 'epoch': 0.15}
{'loss': 5.7025, 'learning_rate': 0.00010443298969072166, 'epoch': 0.15}
{'loss': 5.5793, 'learning_rate': 0.00010438144329896908, 'epoch': 0.15}
{'loss': 5.6043, 'learning_rate': 0.0001043298969072165, 'epoch': 0.15}
{'loss': 5.6524, 'learning_rate': 0.00010427835051546392, 'epoch': 0.15}
{'loss': 5.7272, 'learning_rate': 0.00010422680412371136, 'epoch': 0.15}
{'loss': 5.663, 'learning_rate': 0.00010417525773195878, 'epoch': 0.15}
{'loss': 5.6882, 'learning_rate': 0.0001041237113402062, 'epoch': 0.15}
{'loss': 5.681, 'learning_rate': 0.00010407216494845362, 'epoch': 0.15}
{'loss': 5.607, 'learning_rate': 0.00010402061855670104, 'epoch': 0.15}
{'loss': 5.7136, 'learning_rate': 0.00010396907216494846, 'epoch': 0.15}
{'loss': 5.6543, 'learning_rate': 0.00010391752577319588, 'epoch': 0.15}
{'loss': 5.7983, 'learning_rate': 0.00010386597938144332, 'epoch': 0.15}
{'loss': 5.6896, 'learning_rate': 0.00010381443298969074, 'epoch': 0.15}
{'loss': 5.7362, 'learning_rate': 0.00010376288659793816, 'epoch': 0.15}
{'loss': 5.6379, 'learning_rate': 0.00010371134020618558, 'epoch': 0.15}
{'loss': 5.7201, 'learning_rate': 0.000103659793814433, 'epoch': 0.15}
{'loss': 5.6644, 'learning_rate': 0.00010360824742268042, 'epoch': 0.15}
{'loss': 5.7171, 'learning_rate': 0.00010355670103092784, 'epoch': 0.15}
{'loss': 5.6344, 'learning_rate': 0.00010350515463917528, 'epoch': 0.15}
{'loss': 5.6371, 'learning_rate': 0.0001034536082474227, 'epoch': 0.15}
{'loss': 5.6388, 'learning_rate': 0.00010340206185567012, 'epoch': 0.15}
{'loss': 5.6435, 'learning_rate': 0.00010335051546391754, 'epoch': 0.15}
{'loss': 5.6627, 'learning_rate': 0.00010329896907216496, 'epoch': 0.15}
{'loss': 5.6824, 'learning_rate': 0.00010324742268041238, 'epoch': 0.15}
{'loss': 5.6659, 'learning_rate': 0.00010319587628865982, 'epoch': 0.15}
{'loss': 5.6455, 'learning_rate': 0.00010314432989690724, 'epoch': 0.15}
{'loss': 5.7291, 'learning_rate': 0.00010309278350515463, 'epoch': 0.15}
{'loss': 5.6019, 'learning_rate': 0.00010304123711340205, 'epoch': 0.15}
{'loss': 5.7315, 'learning_rate': 0.00010298969072164947, 'epoch': 0.15}
{'loss': 5.709, 'learning_rate': 0.00010293814432989691, 'epoch': 0.15}
{'loss': 5.7585, 'learning_rate': 0.00010288659793814433, 'epoch': 0.15}
{'loss': 5.5835, 'learning_rate': 0.00010283505154639175, 'epoch': 0.15}
{'loss': 5.748, 'learning_rate': 0.00010278350515463917, 'epoch': 0.15}
{'loss': 5.6942, 'learning_rate': 0.00010273195876288659, 'epoch': 0.15}
{'loss': 5.6959, 'learning_rate': 0.00010268041237113401, 'epoch': 0.15}
{'loss': 5.6803, 'learning_rate': 0.00010262886597938145, 'epoch': 0.15}
{'loss': 5.6764, 'learning_rate': 0.00010257731958762887, 'epoch': 0.15}
{'loss': 5.6785, 'learning_rate': 0.00010252577319587629, 'epoch': 0.15}
{'loss': 5.7266, 'learning_rate': 0.00010247422680412371, 'epoch': 0.15}
{'loss': 5.6805, 'learning_rate': 0.00010242268041237113, 'epoch': 0.15}
{'loss': 5.6414, 'learning_rate': 0.00010237113402061855, 'epoch': 0.15}
{'loss': 5.6717, 'learning_rate': 0.00010231958762886597, 'epoch': 0.15}
{'loss': 5.6988, 'learning_rate': 0.0001022680412371134, 'epoch': 0.15}
{'loss': 5.7309, 'learning_rate': 0.00010221649484536083, 'epoch': 0.15}
{'loss': 5.6052, 'learning_rate': 0.00010216494845360825, 'epoch': 0.15}
{'loss': 5.6514, 'learning_rate': 0.00010211340206185567, 'epoch': 0.15}
{'loss': 5.579, 'learning_rate': 0.00010206185567010309, 'epoch': 0.15}
{'loss': 5.6261, 'learning_rate': 0.00010201030927835051, 'epoch': 0.15}
{'loss': 5.69, 'learning_rate': 0.00010195876288659793, 'epoch': 0.15}
{'loss': 5.6107, 'learning_rate': 0.00010190721649484536, 'epoch': 0.15}
{'loss': 5.6883, 'learning_rate': 0.00010185567010309279, 'epoch': 0.15}
{'loss': 5.761, 'learning_rate': 0.0001018041237113402, 'epoch': 0.15}
{'loss': 5.679, 'learning_rate': 0.00010175257731958763, 'epoch': 0.15}
{'loss': 5.664, 'learning_rate': 0.00010170103092783505, 'epoch': 0.15}
{'loss': 5.6916, 'learning_rate': 0.00010164948453608247, 'epoch': 0.15}
{'loss': 5.727, 'learning_rate': 0.00010159793814432989, 'epoch': 0.15}
{'loss': 5.7081, 'learning_rate': 0.00010154639175257732, 'epoch': 0.15}
{'loss': 5.6605, 'learning_rate': 0.00010149484536082475, 'epoch': 0.15}
{'loss': 5.7138, 'learning_rate': 0.00010144329896907217, 'epoch': 0.15}
{'loss': 5.6705, 'learning_rate': 0.00010139175257731959, 'epoch': 0.15}
{'loss': 5.6425, 'learning_rate': 0.00010134020618556701, 'epoch': 0.15}
{'loss': 5.6939, 'learning_rate': 0.00010128865979381443, 'epoch': 0.15}
{'loss': 5.6713, 'learning_rate': 0.00010123711340206185, 'epoch': 0.15}
{'loss': 5.6961, 'learning_rate': 0.00010118556701030928, 'epoch': 0.15}
{'loss': 5.6287, 'learning_rate': 0.0001011340206185567, 'epoch': 0.15}
{'loss': 5.6985, 'learning_rate': 0.00010108247422680413, 'epoch': 0.15}
{'loss': 5.6394, 'learning_rate': 0.00010103092783505155, 'epoch': 0.15}
{'loss': 5.6576, 'learning_rate': 0.00010097938144329897, 'epoch': 0.15}
{'loss': 5.6219, 'learning_rate': 0.00010092783505154639, 'epoch': 0.15}
{'loss': 5.6935, 'learning_rate': 0.00010087628865979382, 'epoch': 0.15}
{'loss': 5.7326, 'learning_rate': 0.00010082474226804124, 'epoch': 0.15}
{'loss': 5.7259, 'learning_rate': 0.00010077319587628866, 'epoch': 0.15}
{'loss': 5.7344, 'learning_rate': 0.00010072164948453609, 'epoch': 0.15}
{'loss': 5.6072, 'learning_rate': 0.0001006701030927835, 'epoch': 0.15}
{'loss': 5.7474, 'learning_rate': 0.00010061855670103093, 'epoch': 0.15}
{'loss': 5.6783, 'learning_rate': 0.00010056701030927835, 'epoch': 0.15}
{'loss': 5.6658, 'learning_rate': 0.00010051546391752578, 'epoch': 0.15}
{'loss': 5.7127, 'learning_rate': 0.0001004639175257732, 'epoch': 0.15}
{'loss': 5.5473, 'learning_rate': 0.00010041237113402062, 'epoch': 0.15}
{'loss': 5.6942, 'learning_rate': 0.00010036082474226805, 'epoch': 0.15}
{'loss': 5.627, 'learning_rate': 0.00010030927835051547, 'epoch': 0.15}
{'loss': 5.6261, 'learning_rate': 0.00010025773195876289, 'epoch': 0.15}
{'loss': 5.7142, 'learning_rate': 0.00010020618556701031, 'epoch': 0.15}
{'loss': 5.7533, 'learning_rate': 0.00010015463917525774, 'epoch': 0.15}
{'loss': 5.7151, 'learning_rate': 0.00010010309278350516, 'epoch': 0.15}
{'loss': 5.6958, 'learning_rate': 0.00010005154639175258, 'epoch': 0.15}
{'loss': 5.6024, 'learning_rate': 0.0001, 'epoch': 0.15}
{'loss': 5.6205, 'learning_rate': 9.994845360824743e-05, 'epoch': 0.15}
{'loss': 5.6731, 'learning_rate': 9.989690721649485e-05, 'epoch': 0.16}
{'loss': 5.6865, 'learning_rate': 9.984536082474227e-05, 'epoch': 0.16}
{'loss': 5.7326, 'learning_rate': 9.97938144329897e-05, 'epoch': 0.16}
{'loss': 5.7094, 'learning_rate': 9.974226804123712e-05, 'epoch': 0.16}
{'loss': 5.5972, 'learning_rate': 9.969072164948454e-05, 'epoch': 0.16}
{'loss': 5.6149, 'learning_rate': 9.963917525773196e-05, 'epoch': 0.16}
{'loss': 5.6477, 'learning_rate': 9.958762886597939e-05, 'epoch': 0.16}
{'loss': 5.6684, 'learning_rate': 9.95360824742268e-05, 'epoch': 0.16}
{'loss': 5.675, 'learning_rate': 9.948453608247423e-05, 'epoch': 0.16}
{'loss': 5.7226, 'learning_rate': 9.943298969072166e-05, 'epoch': 0.16}
{'loss': 5.6741, 'learning_rate': 9.938144329896908e-05, 'epoch': 0.16}
{'loss': 5.5831, 'learning_rate': 9.93298969072165e-05, 'epoch': 0.16}
{'loss': 5.6152, 'learning_rate': 9.927835051546392e-05, 'epoch': 0.16}
{'loss': 5.6477, 'learning_rate': 9.922680412371134e-05, 'epoch': 0.16}
{'loss': 5.645, 'learning_rate': 9.917525773195877e-05, 'epoch': 0.16}
{'loss': 5.6064, 'learning_rate': 9.912371134020619e-05, 'epoch': 0.16}
{'loss': 5.6867, 'learning_rate': 9.907216494845362e-05, 'epoch': 0.16}
{'loss': 5.6356, 'learning_rate': 9.902061855670104e-05, 'epoch': 0.16}
{'loss': 5.6115, 'learning_rate': 9.896907216494846e-05, 'epoch': 0.16}
{'loss': 5.7105, 'learning_rate': 9.891752577319588e-05, 'epoch': 0.16}
{'loss': 5.6975, 'learning_rate': 9.88659793814433e-05, 'epoch': 0.16}
{'loss': 5.6905, 'learning_rate': 9.881443298969073e-05, 'epoch': 0.16}
{'loss': 5.6114, 'learning_rate': 9.876288659793816e-05, 'epoch': 0.16}
{'loss': 5.6218, 'learning_rate': 9.871134020618558e-05, 'epoch': 0.16}
{'loss': 5.6282, 'learning_rate': 9.8659793814433e-05, 'epoch': 0.16}
{'loss': 5.6161, 'learning_rate': 9.860824742268042e-05, 'epoch': 0.16}
{'loss': 5.6673, 'learning_rate': 9.855670103092784e-05, 'epoch': 0.16}
{'loss': 5.734, 'learning_rate': 9.850515463917526e-05, 'epoch': 0.16}
{'loss': 5.6204, 'learning_rate': 9.845360824742269e-05, 'epoch': 0.16}
{'loss': 5.6968, 'learning_rate': 9.84020618556701e-05, 'epoch': 0.16}
{'loss': 5.6777, 'learning_rate': 9.835051546391753e-05, 'epoch': 0.16}
{'loss': 5.6427, 'learning_rate': 9.829896907216495e-05, 'epoch': 0.16}
{'loss': 5.6419, 'learning_rate': 9.824742268041237e-05, 'epoch': 0.16}
{'loss': 5.667, 'learning_rate': 9.819587628865979e-05, 'epoch': 0.16}
{'loss': 5.7777, 'learning_rate': 9.814432989690721e-05, 'epoch': 0.16}
{'loss': 5.6174, 'learning_rate': 9.809278350515464e-05, 'epoch': 0.16}
{'loss': 5.6129, 'learning_rate': 9.804123711340207e-05, 'epoch': 0.16}
{'loss': 5.6843, 'learning_rate': 9.798969072164949e-05, 'epoch': 0.16}
{'loss': 5.6239, 'learning_rate': 9.793814432989691e-05, 'epoch': 0.16}
{'loss': 5.7895, 'learning_rate': 9.788659793814433e-05, 'epoch': 0.16}
{'loss': 5.6548, 'learning_rate': 9.783505154639175e-05, 'epoch': 0.16}
{'loss': 5.7361, 'learning_rate': 9.778350515463918e-05, 'epoch': 0.16}
{'loss': 5.7257, 'learning_rate': 9.77319587628866e-05, 'epoch': 0.16}
{'loss': 5.6565, 'learning_rate': 9.768041237113403e-05, 'epoch': 0.16}
{'loss': 5.7249, 'learning_rate': 9.762886597938145e-05, 'epoch': 0.16}
{'loss': 5.5168, 'learning_rate': 9.757731958762887e-05, 'epoch': 0.16}
{'loss': 5.6987, 'learning_rate': 9.752577319587629e-05, 'epoch': 0.16}
{'loss': 5.6205, 'learning_rate': 9.747422680412371e-05, 'epoch': 0.16}
{'loss': 5.7555, 'learning_rate': 9.742268041237114e-05, 'epoch': 0.16}
{'loss': 5.6079, 'learning_rate': 9.737113402061856e-05, 'epoch': 0.16}
{'loss': 5.6911, 'learning_rate': 9.731958762886598e-05, 'epoch': 0.16}
{'loss': 5.6994, 'learning_rate': 9.72680412371134e-05, 'epoch': 0.16}
{'loss': 5.6883, 'learning_rate': 9.721649484536083e-05, 'epoch': 0.16}
{'loss': 5.6973, 'learning_rate': 9.716494845360825e-05, 'epoch': 0.16}
{'loss': 5.7311, 'learning_rate': 9.711340206185567e-05, 'epoch': 0.16}
{'loss': 5.6252, 'learning_rate': 9.70618556701031e-05, 'epoch': 0.16}
{'loss': 5.5467, 'learning_rate': 9.701030927835052e-05, 'epoch': 0.16}
{'loss': 5.6301, 'learning_rate': 9.695876288659794e-05, 'epoch': 0.16}
{'loss': 5.7211, 'learning_rate': 9.690721649484537e-05, 'epoch': 0.16}
{'loss': 5.6434, 'learning_rate': 9.685567010309279e-05, 'epoch': 0.16}
{'loss': 5.5486, 'learning_rate': 9.680412371134021e-05, 'epoch': 0.16}
{'loss': 5.6547, 'learning_rate': 9.675257731958763e-05, 'epoch': 0.16}
{'loss': 5.6404, 'learning_rate': 9.670103092783506e-05, 'epoch': 0.16}
{'loss': 5.6489, 'learning_rate': 9.664948453608248e-05, 'epoch': 0.16}
{'loss': 5.6352, 'learning_rate': 9.65979381443299e-05, 'epoch': 0.16}
{'loss': 5.7158, 'learning_rate': 9.654639175257732e-05, 'epoch': 0.16}
{'loss': 5.564, 'learning_rate': 9.649484536082475e-05, 'epoch': 0.16}
{'loss': 5.7447, 'learning_rate': 9.644329896907217e-05, 'epoch': 0.16}
{'loss': 5.699, 'learning_rate': 9.639175257731959e-05, 'epoch': 0.16}
{'loss': 5.7229, 'learning_rate': 9.634020618556702e-05, 'epoch': 0.16}
{'loss': 5.6247, 'learning_rate': 9.628865979381444e-05, 'epoch': 0.16}
{'loss': 5.605, 'learning_rate': 9.623711340206186e-05, 'epoch': 0.16}
{'loss': 5.7148, 'learning_rate': 9.618556701030928e-05, 'epoch': 0.16}
{'loss': 5.7112, 'learning_rate': 9.61340206185567e-05, 'epoch': 0.16}
{'loss': 5.608, 'learning_rate': 9.608247422680413e-05, 'epoch': 0.16}
{'loss': 5.7469, 'learning_rate': 9.603092783505156e-05, 'epoch': 0.16}
{'loss': 5.7376, 'learning_rate': 9.597938144329898e-05, 'epoch': 0.16}
{'loss': 5.6923, 'learning_rate': 9.59278350515464e-05, 'epoch': 0.16}
{'loss': 5.6894, 'learning_rate': 9.587628865979382e-05, 'epoch': 0.16}
{'loss': 5.5481, 'learning_rate': 9.582474226804124e-05, 'epoch': 0.16}
{'loss': 5.6363, 'learning_rate': 9.577319587628867e-05, 'epoch': 0.16}
{'loss': 5.6452, 'learning_rate': 9.572164948453609e-05, 'epoch': 0.16}
{'loss': 5.6099, 'learning_rate': 9.567010309278352e-05, 'epoch': 0.16}
{'loss': 5.7615, 'learning_rate': 9.561855670103094e-05, 'epoch': 0.16}
{'loss': 5.6793, 'learning_rate': 9.556701030927836e-05, 'epoch': 0.16}
{'loss': 5.6052, 'learning_rate': 9.551546391752578e-05, 'epoch': 0.16}
{'loss': 5.6408, 'learning_rate': 9.54639175257732e-05, 'epoch': 0.16}
{'loss': 5.7055, 'learning_rate': 9.541237113402062e-05, 'epoch': 0.16}
{'loss': 5.6459, 'learning_rate': 9.536082474226805e-05, 'epoch': 0.16}
{'loss': 5.626, 'learning_rate': 9.530927835051547e-05, 'epoch': 0.16}
{'loss': 5.6306, 'learning_rate': 9.525773195876289e-05, 'epoch': 0.16}
{'loss': 5.6267, 'learning_rate': 9.520618556701031e-05, 'epoch': 0.16}
{'loss': 5.6684, 'learning_rate': 9.515463917525773e-05, 'epoch': 0.16}
{'loss': 5.7475, 'learning_rate': 9.510309278350515e-05, 'epoch': 0.16}
{'loss': 5.6891, 'learning_rate': 9.505154639175257e-05, 'epoch': 0.16}
{'loss': 5.6262, 'learning_rate': 9.5e-05, 'epoch': 0.16}
{'loss': 5.6854, 'learning_rate': 9.494845360824743e-05, 'epoch': 0.16}
{'loss': 5.675, 'learning_rate': 9.489690721649485e-05, 'epoch': 0.16}
{'loss': 5.6818, 'learning_rate': 9.484536082474227e-05, 'epoch': 0.16}
{'loss': 5.6472, 'learning_rate': 9.479381443298969e-05, 'epoch': 0.16}
{'loss': 5.6488, 'learning_rate': 9.474226804123711e-05, 'epoch': 0.16}
{'loss': 5.7142, 'learning_rate': 9.469072164948454e-05, 'epoch': 0.16}
{'loss': 5.6983, 'learning_rate': 9.463917525773196e-05, 'epoch': 0.16}
{'loss': 5.5496, 'learning_rate': 9.458762886597939e-05, 'epoch': 0.16}
{'loss': 5.57, 'learning_rate': 9.45360824742268e-05, 'epoch': 0.16}
{'loss': 5.6737, 'learning_rate': 9.448453608247423e-05, 'epoch': 0.16}
{'loss': 5.6308, 'learning_rate': 9.443298969072165e-05, 'epoch': 0.16}
{'loss': 5.7164, 'learning_rate': 9.438144329896907e-05, 'epoch': 0.16}
{'loss': 5.6354, 'learning_rate': 9.43298969072165e-05, 'epoch': 0.16}
{'loss': 5.6391, 'learning_rate': 9.427835051546392e-05, 'epoch': 0.16}
{'loss': 5.6432, 'learning_rate': 9.422680412371135e-05, 'epoch': 0.16}
{'loss': 5.6161, 'learning_rate': 9.417525773195877e-05, 'epoch': 0.16}
{'loss': 5.6526, 'learning_rate': 9.412371134020619e-05, 'epoch': 0.16}
{'loss': 5.6562, 'learning_rate': 9.407216494845361e-05, 'epoch': 0.16}
{'loss': 5.6545, 'learning_rate': 9.402061855670103e-05, 'epoch': 0.16}
{'loss': 5.7074, 'learning_rate': 9.396907216494846e-05, 'epoch': 0.16}
{'loss': 5.646, 'learning_rate': 9.391752577319588e-05, 'epoch': 0.16}
{'loss': 5.6824, 'learning_rate': 9.38659793814433e-05, 'epoch': 0.16}
{'loss': 5.5687, 'learning_rate': 9.381443298969073e-05, 'epoch': 0.16}
{'loss': 5.6694, 'learning_rate': 9.376288659793815e-05, 'epoch': 0.16}
{'loss': 5.6912, 'learning_rate': 9.371134020618557e-05, 'epoch': 0.16}
{'loss': 5.6595, 'learning_rate': 9.365979381443299e-05, 'epoch': 0.16}
{'loss': 5.7318, 'learning_rate': 9.360824742268042e-05, 'epoch': 0.16}
{'loss': 5.6363, 'learning_rate': 9.355670103092784e-05, 'epoch': 0.16}
{'loss': 5.6315, 'learning_rate': 9.350515463917526e-05, 'epoch': 0.16}
{'loss': 5.7235, 'learning_rate': 9.345360824742269e-05, 'epoch': 0.16}
{'loss': 5.7016, 'learning_rate': 9.34020618556701e-05, 'epoch': 0.16}
{'loss': 5.6176, 'learning_rate': 9.335051546391753e-05, 'epoch': 0.16}
{'loss': 5.5727, 'learning_rate': 9.329896907216495e-05, 'epoch': 0.16}
{'loss': 5.7698, 'learning_rate': 9.324742268041238e-05, 'epoch': 0.16}
{'loss': 5.5868, 'learning_rate': 9.31958762886598e-05, 'epoch': 0.16}
{'loss': 5.5673, 'learning_rate': 9.314432989690722e-05, 'epoch': 0.16}
{'loss': 5.6046, 'learning_rate': 9.309278350515465e-05, 'epoch': 0.16}
{'loss': 5.5991, 'learning_rate': 9.304123711340207e-05, 'epoch': 0.17}
{'loss': 5.6663, 'learning_rate': 9.298969072164949e-05, 'epoch': 0.17}
{'loss': 5.6651, 'learning_rate': 9.293814432989692e-05, 'epoch': 0.17}
{'loss': 5.6845, 'learning_rate': 9.288659793814434e-05, 'epoch': 0.17}
{'loss': 5.6233, 'learning_rate': 9.283505154639176e-05, 'epoch': 0.17}
{'loss': 5.638, 'learning_rate': 9.278350515463918e-05, 'epoch': 0.17}
{'loss': 5.7264, 'learning_rate': 9.27319587628866e-05, 'epoch': 0.17}
{'loss': 5.6565, 'learning_rate': 9.268041237113403e-05, 'epoch': 0.17}
{'loss': 5.6781, 'learning_rate': 9.262886597938145e-05, 'epoch': 0.17}
{'loss': 5.6248, 'learning_rate': 9.257731958762888e-05, 'epoch': 0.17}
{'loss': 5.6553, 'learning_rate': 9.25257731958763e-05, 'epoch': 0.17}
{'loss': 5.6833, 'learning_rate': 9.247422680412372e-05, 'epoch': 0.17}
{'loss': 5.6278, 'learning_rate': 9.242268041237114e-05, 'epoch': 0.17}
{'loss': 5.7242, 'learning_rate': 9.237113402061856e-05, 'epoch': 0.17}
{'loss': 5.5954, 'learning_rate': 9.231958762886599e-05, 'epoch': 0.17}
{'loss': 5.7272, 'learning_rate': 9.22680412371134e-05, 'epoch': 0.17}
{'loss': 5.6998, 'learning_rate': 9.221649484536084e-05, 'epoch': 0.17}
{'loss': 5.6732, 'learning_rate': 9.216494845360825e-05, 'epoch': 0.17}
{'loss': 5.6689, 'learning_rate': 9.211340206185567e-05, 'epoch': 0.17}
{'loss': 5.6327, 'learning_rate': 9.206185567010309e-05, 'epoch': 0.17}
{'loss': 5.6231, 'learning_rate': 9.201030927835051e-05, 'epoch': 0.17}
{'loss': 5.6653, 'learning_rate': 9.195876288659793e-05, 'epoch': 0.17}
{'loss': 5.6981, 'learning_rate': 9.190721649484537e-05, 'epoch': 0.17}
{'loss': 5.6786, 'learning_rate': 9.185567010309279e-05, 'epoch': 0.17}
{'loss': 5.7242, 'learning_rate': 9.180412371134021e-05, 'epoch': 0.17}
{'loss': 5.7082, 'learning_rate': 9.175257731958763e-05, 'epoch': 0.17}
{'loss': 5.6084, 'learning_rate': 9.170103092783505e-05, 'epoch': 0.17}
{'loss': 5.677, 'learning_rate': 9.164948453608247e-05, 'epoch': 0.17}
{'loss': 5.6507, 'learning_rate': 9.15979381443299e-05, 'epoch': 0.17}
{'loss': 5.6109, 'learning_rate': 9.154639175257733e-05, 'epoch': 0.17}
{'loss': 5.6356, 'learning_rate': 9.149484536082475e-05, 'epoch': 0.17}
{'loss': 5.5606, 'learning_rate': 9.144329896907217e-05, 'epoch': 0.17}
{'loss': 5.727, 'learning_rate': 9.139175257731959e-05, 'epoch': 0.17}
{'loss': 5.6804, 'learning_rate': 9.134020618556701e-05, 'epoch': 0.17}
{'loss': 5.6456, 'learning_rate': 9.128865979381443e-05, 'epoch': 0.17}
{'loss': 5.6862, 'learning_rate': 9.123711340206186e-05, 'epoch': 0.17}
{'loss': 5.6648, 'learning_rate': 9.118556701030929e-05, 'epoch': 0.17}
{'loss': 5.5823, 'learning_rate': 9.11340206185567e-05, 'epoch': 0.17}
{'loss': 5.6214, 'learning_rate': 9.108247422680413e-05, 'epoch': 0.17}
{'loss': 5.5869, 'learning_rate': 9.103092783505155e-05, 'epoch': 0.17}
{'loss': 5.704, 'learning_rate': 9.097938144329897e-05, 'epoch': 0.17}
{'loss': 5.6491, 'learning_rate': 9.092783505154639e-05, 'epoch': 0.17}
{'loss': 5.7, 'learning_rate': 9.087628865979382e-05, 'epoch': 0.17}
{'loss': 5.6806, 'learning_rate': 9.082474226804124e-05, 'epoch': 0.17}
{'loss': 5.5832, 'learning_rate': 9.077319587628867e-05, 'epoch': 0.17}
{'loss': 5.6608, 'learning_rate': 9.072164948453609e-05, 'epoch': 0.17}
{'loss': 5.7113, 'learning_rate': 9.067010309278351e-05, 'epoch': 0.17}
{'loss': 5.6179, 'learning_rate': 9.061855670103093e-05, 'epoch': 0.17}
{'loss': 5.6764, 'learning_rate': 9.056701030927835e-05, 'epoch': 0.17}
{'loss': 5.6092, 'learning_rate': 9.051546391752578e-05, 'epoch': 0.17}
{'loss': 5.6264, 'learning_rate': 9.04639175257732e-05, 'epoch': 0.17}
{'loss': 5.717, 'learning_rate': 9.041237113402063e-05, 'epoch': 0.17}
{'loss': 5.6231, 'learning_rate': 9.036082474226805e-05, 'epoch': 0.17}
{'loss': 5.6867, 'learning_rate': 9.030927835051547e-05, 'epoch': 0.17}
{'loss': 5.636, 'learning_rate': 9.025773195876289e-05, 'epoch': 0.17}
{'loss': 5.5805, 'learning_rate': 9.020618556701031e-05, 'epoch': 0.17}
{'loss': 5.6068, 'learning_rate': 9.015463917525774e-05, 'epoch': 0.17}
{'loss': 5.6026, 'learning_rate': 9.010309278350516e-05, 'epoch': 0.17}
{'loss': 5.6095, 'learning_rate': 9.005154639175258e-05, 'epoch': 0.17}
{'loss': 5.7491, 'learning_rate': 9e-05, 'epoch': 0.17}
{'loss': 5.6703, 'learning_rate': 8.994845360824743e-05, 'epoch': 0.17}
{'loss': 5.575, 'learning_rate': 8.989690721649485e-05, 'epoch': 0.17}
{'loss': 5.6254, 'learning_rate': 8.984536082474228e-05, 'epoch': 0.17}
{'loss': 5.6976, 'learning_rate': 8.97938144329897e-05, 'epoch': 0.17}
{'loss': 5.6806, 'learning_rate': 8.974226804123712e-05, 'epoch': 0.17}
{'loss': 5.6542, 'learning_rate': 8.969072164948454e-05, 'epoch': 0.17}
{'loss': 5.6452, 'learning_rate': 8.963917525773197e-05, 'epoch': 0.17}
{'loss': 5.6257, 'learning_rate': 8.958762886597939e-05, 'epoch': 0.17}
{'loss': 5.7359, 'learning_rate': 8.953608247422681e-05, 'epoch': 0.17}
{'loss': 5.6147, 'learning_rate': 8.948453608247424e-05, 'epoch': 0.17}
{'loss': 5.5419, 'learning_rate': 8.943298969072166e-05, 'epoch': 0.17}
{'loss': 5.6741, 'learning_rate': 8.938144329896908e-05, 'epoch': 0.17}
{'loss': 5.5785, 'learning_rate': 8.93298969072165e-05, 'epoch': 0.17}
{'loss': 5.6668, 'learning_rate': 8.927835051546392e-05, 'epoch': 0.17}
{'loss': 5.6494, 'learning_rate': 8.922680412371135e-05, 'epoch': 0.17}
{'loss': 5.6889, 'learning_rate': 8.917525773195877e-05, 'epoch': 0.17}
{'loss': 5.6468, 'learning_rate': 8.91237113402062e-05, 'epoch': 0.17}
{'loss': 5.6064, 'learning_rate': 8.907216494845362e-05, 'epoch': 0.17}
{'loss': 5.648, 'learning_rate': 8.902061855670103e-05, 'epoch': 0.17}
{'loss': 5.6101, 'learning_rate': 8.896907216494845e-05, 'epoch': 0.17}
{'loss': 5.6014, 'learning_rate': 8.891752577319587e-05, 'epoch': 0.17}
{'loss': 5.6633, 'learning_rate': 8.886597938144329e-05, 'epoch': 0.17}
{'loss': 5.6177, 'learning_rate': 8.881443298969073e-05, 'epoch': 0.17}
{'loss': 5.6114, 'learning_rate': 8.876288659793815e-05, 'epoch': 0.17}
{'loss': 5.6835, 'learning_rate': 8.871134020618557e-05, 'epoch': 0.17}
{'loss': 5.5687, 'learning_rate': 8.865979381443299e-05, 'epoch': 0.17}
{'loss': 5.6207, 'learning_rate': 8.860824742268041e-05, 'epoch': 0.17}
{'loss': 5.6414, 'learning_rate': 8.855670103092783e-05, 'epoch': 0.17}
{'loss': 5.5704, 'learning_rate': 8.850515463917527e-05, 'epoch': 0.17}
{'loss': 5.6574, 'learning_rate': 8.845360824742269e-05, 'epoch': 0.17}
{'loss': 5.701, 'learning_rate': 8.840206185567011e-05, 'epoch': 0.17}
{'loss': 5.6188, 'learning_rate': 8.835051546391753e-05, 'epoch': 0.17}
{'loss': 5.6124, 'learning_rate': 8.829896907216495e-05, 'epoch': 0.17}
{'loss': 5.5732, 'learning_rate': 8.824742268041237e-05, 'epoch': 0.17}
{'loss': 5.6382, 'learning_rate': 8.819587628865979e-05, 'epoch': 0.17}
{'loss': 5.6663, 'learning_rate': 8.814432989690722e-05, 'epoch': 0.17}
{'loss': 5.655, 'learning_rate': 8.809278350515465e-05, 'epoch': 0.17}
{'loss': 5.5952, 'learning_rate': 8.804123711340207e-05, 'epoch': 0.17}
{'loss': 5.7514, 'learning_rate': 8.798969072164949e-05, 'epoch': 0.17}
{'loss': 5.6431, 'learning_rate': 8.793814432989691e-05, 'epoch': 0.17}
{'loss': 5.6823, 'learning_rate': 8.788659793814433e-05, 'epoch': 0.17}
{'loss': 5.5921, 'learning_rate': 8.783505154639175e-05, 'epoch': 0.17}
{'loss': 5.6871, 'learning_rate': 8.778350515463918e-05, 'epoch': 0.17}
{'loss': 5.4862, 'learning_rate': 8.77319587628866e-05, 'epoch': 0.17}
{'loss': 5.6692, 'learning_rate': 8.768041237113403e-05, 'epoch': 0.17}
{'loss': 5.6126, 'learning_rate': 8.762886597938145e-05, 'epoch': 0.17}
{'loss': 5.7286, 'learning_rate': 8.757731958762887e-05, 'epoch': 0.17}
{'loss': 5.6352, 'learning_rate': 8.752577319587629e-05, 'epoch': 0.17}
{'loss': 5.7431, 'learning_rate': 8.747422680412371e-05, 'epoch': 0.17}
{'loss': 5.6151, 'learning_rate': 8.742268041237114e-05, 'epoch': 0.17}
{'loss': 5.5908, 'learning_rate': 8.737113402061856e-05, 'epoch': 0.17}
{'loss': 5.6246, 'learning_rate': 8.731958762886599e-05, 'epoch': 0.17}
{'loss': 5.7729, 'learning_rate': 8.72680412371134e-05, 'epoch': 0.17}
{'loss': 5.6661, 'learning_rate': 8.721649484536083e-05, 'epoch': 0.17}
{'loss': 5.6281, 'learning_rate': 8.716494845360825e-05, 'epoch': 0.17}
{'loss': 5.6255, 'learning_rate': 8.711340206185567e-05, 'epoch': 0.17}
{'loss': 5.6293, 'learning_rate': 8.70618556701031e-05, 'epoch': 0.17}
{'loss': 5.6186, 'learning_rate': 8.701030927835052e-05, 'epoch': 0.17}
{'loss': 5.7302, 'learning_rate': 8.695876288659795e-05, 'epoch': 0.17}
{'loss': 5.6137, 'learning_rate': 8.690721649484537e-05, 'epoch': 0.17}
{'loss': 5.6797, 'learning_rate': 8.685567010309279e-05, 'epoch': 0.17}
{'loss': 5.663, 'learning_rate': 8.680412371134021e-05, 'epoch': 0.17}
{'loss': 5.626, 'learning_rate': 8.675257731958764e-05, 'epoch': 0.17}
{'loss': 5.5373, 'learning_rate': 8.670103092783506e-05, 'epoch': 0.17}
{'loss': 5.6878, 'learning_rate': 8.664948453608248e-05, 'epoch': 0.17}
{'loss': 5.6451, 'learning_rate': 8.65979381443299e-05, 'epoch': 0.17}
{'loss': 5.5995, 'learning_rate': 8.654639175257733e-05, 'epoch': 0.17}
{'loss': 5.6242, 'learning_rate': 8.649484536082475e-05, 'epoch': 0.17}
{'loss': 5.6638, 'learning_rate': 8.644329896907217e-05, 'epoch': 0.17}
{'loss': 5.6712, 'learning_rate': 8.63917525773196e-05, 'epoch': 0.17}
{'loss': 5.5881, 'learning_rate': 8.634020618556702e-05, 'epoch': 0.17}
{'loss': 5.6284, 'learning_rate': 8.628865979381444e-05, 'epoch': 0.17}
{'loss': 5.6179, 'learning_rate': 8.623711340206186e-05, 'epoch': 0.17}
{'loss': 5.5672, 'learning_rate': 8.618556701030929e-05, 'epoch': 0.18}
{'loss': 5.4893, 'learning_rate': 8.61340206185567e-05, 'epoch': 0.18}
{'loss': 5.6039, 'learning_rate': 8.608247422680413e-05, 'epoch': 0.18}
{'loss': 5.6506, 'learning_rate': 8.603092783505156e-05, 'epoch': 0.18}
{'loss': 5.6879, 'learning_rate': 8.597938144329898e-05, 'epoch': 0.18}
{'loss': 5.6192, 'learning_rate': 8.592783505154639e-05, 'epoch': 0.18}
{'loss': 5.5556, 'learning_rate': 8.587628865979381e-05, 'epoch': 0.18}
{'loss': 5.5591, 'learning_rate': 8.582474226804123e-05, 'epoch': 0.18}
{'loss': 5.7115, 'learning_rate': 8.577319587628865e-05, 'epoch': 0.18}
{'loss': 5.699, 'learning_rate': 8.572164948453609e-05, 'epoch': 0.18}
{'loss': 5.5537, 'learning_rate': 8.567010309278351e-05, 'epoch': 0.18}
{'loss': 5.5839, 'learning_rate': 8.561855670103093e-05, 'epoch': 0.18}
{'loss': 5.6614, 'learning_rate': 8.556701030927835e-05, 'epoch': 0.18}
{'loss': 5.6443, 'learning_rate': 8.551546391752577e-05, 'epoch': 0.18}
{'loss': 5.662, 'learning_rate': 8.546391752577319e-05, 'epoch': 0.18}
{'loss': 5.6966, 'learning_rate': 8.541237113402063e-05, 'epoch': 0.18}
{'loss': 5.6477, 'learning_rate': 8.536082474226805e-05, 'epoch': 0.18}
{'loss': 5.6492, 'learning_rate': 8.530927835051547e-05, 'epoch': 0.18}
{'loss': 5.6706, 'learning_rate': 8.525773195876289e-05, 'epoch': 0.18}
{'loss': 5.6015, 'learning_rate': 8.520618556701031e-05, 'epoch': 0.18}
{'loss': 5.6785, 'learning_rate': 8.515463917525773e-05, 'epoch': 0.18}
{'loss': 5.6832, 'learning_rate': 8.510309278350515e-05, 'epoch': 0.18}
{'loss': 5.5853, 'learning_rate': 8.505154639175259e-05, 'epoch': 0.18}
{'loss': 5.5802, 'learning_rate': 8.5e-05, 'epoch': 0.18}
{'loss': 5.6086, 'learning_rate': 8.494845360824743e-05, 'epoch': 0.18}
{'loss': 5.6809, 'learning_rate': 8.489690721649485e-05, 'epoch': 0.18}
{'loss': 5.5998, 'learning_rate': 8.484536082474227e-05, 'epoch': 0.18}
{'loss': 5.618, 'learning_rate': 8.479381443298969e-05, 'epoch': 0.18}
{'loss': 5.5742, 'learning_rate': 8.474226804123711e-05, 'epoch': 0.18}
{'loss': 5.6704, 'learning_rate': 8.469072164948454e-05, 'epoch': 0.18}
{'loss': 5.5721, 'learning_rate': 8.463917525773197e-05, 'epoch': 0.18}
{'loss': 5.611, 'learning_rate': 8.458762886597939e-05, 'epoch': 0.18}
{'loss': 5.6197, 'learning_rate': 8.453608247422681e-05, 'epoch': 0.18}
{'loss': 5.6805, 'learning_rate': 8.448453608247423e-05, 'epoch': 0.18}
{'loss': 5.6408, 'learning_rate': 8.443298969072165e-05, 'epoch': 0.18}
{'loss': 5.5609, 'learning_rate': 8.438144329896907e-05, 'epoch': 0.18}
{'loss': 5.6795, 'learning_rate': 8.43298969072165e-05, 'epoch': 0.18}
{'loss': 5.6195, 'learning_rate': 8.427835051546393e-05, 'epoch': 0.18}
{'loss': 5.578, 'learning_rate': 8.422680412371135e-05, 'epoch': 0.18}
{'loss': 5.6946, 'learning_rate': 8.417525773195877e-05, 'epoch': 0.18}
{'loss': 5.5687, 'learning_rate': 8.412371134020619e-05, 'epoch': 0.18}
{'loss': 5.6003, 'learning_rate': 8.407216494845361e-05, 'epoch': 0.18}
{'loss': 5.6752, 'learning_rate': 8.402061855670103e-05, 'epoch': 0.18}
{'loss': 5.7259, 'learning_rate': 8.396907216494846e-05, 'epoch': 0.18}
{'loss': 5.6405, 'learning_rate': 8.391752577319589e-05, 'epoch': 0.18}
{'loss': 5.5703, 'learning_rate': 8.38659793814433e-05, 'epoch': 0.18}
{'loss': 5.6472, 'learning_rate': 8.381443298969073e-05, 'epoch': 0.18}
{'loss': 5.7005, 'learning_rate': 8.376288659793815e-05, 'epoch': 0.18}
{'loss': 5.641, 'learning_rate': 8.371134020618557e-05, 'epoch': 0.18}
{'loss': 5.6674, 'learning_rate': 8.3659793814433e-05, 'epoch': 0.18}
{'loss': 5.5915, 'learning_rate': 8.360824742268042e-05, 'epoch': 0.18}
{'loss': 5.6731, 'learning_rate': 8.355670103092784e-05, 'epoch': 0.18}
{'loss': 5.6192, 'learning_rate': 8.350515463917527e-05, 'epoch': 0.18}
{'loss': 5.5157, 'learning_rate': 8.345360824742269e-05, 'epoch': 0.18}
{'loss': 5.6699, 'learning_rate': 8.340206185567011e-05, 'epoch': 0.18}
{'loss': 5.6059, 'learning_rate': 8.335051546391753e-05, 'epoch': 0.18}
{'loss': 5.7291, 'learning_rate': 8.329896907216496e-05, 'epoch': 0.18}
{'loss': 5.5944, 'learning_rate': 8.324742268041238e-05, 'epoch': 0.18}
{'loss': 5.6377, 'learning_rate': 8.31958762886598e-05, 'epoch': 0.18}
{'loss': 5.6134, 'learning_rate': 8.314432989690723e-05, 'epoch': 0.18}
{'loss': 5.6165, 'learning_rate': 8.309278350515465e-05, 'epoch': 0.18}
{'loss': 5.6178, 'learning_rate': 8.304123711340207e-05, 'epoch': 0.18}
{'loss': 5.6257, 'learning_rate': 8.298969072164949e-05, 'epoch': 0.18}
{'loss': 5.5747, 'learning_rate': 8.293814432989692e-05, 'epoch': 0.18}
{'loss': 5.6462, 'learning_rate': 8.288659793814434e-05, 'epoch': 0.18}
{'loss': 5.6468, 'learning_rate': 8.283505154639176e-05, 'epoch': 0.18}
{'loss': 5.694, 'learning_rate': 8.278350515463917e-05, 'epoch': 0.18}
{'loss': 5.5525, 'learning_rate': 8.273195876288659e-05, 'epoch': 0.18}
{'loss': 5.6153, 'learning_rate': 8.268041237113401e-05, 'epoch': 0.18}
{'loss': 5.5525, 'learning_rate': 8.262886597938145e-05, 'epoch': 0.18}
{'loss': 5.596, 'learning_rate': 8.257731958762887e-05, 'epoch': 0.18}
{'loss': 5.582, 'learning_rate': 8.252577319587629e-05, 'epoch': 0.18}
{'loss': 5.51, 'learning_rate': 8.247422680412371e-05, 'epoch': 0.18}
{'loss': 5.6418, 'learning_rate': 8.242268041237113e-05, 'epoch': 0.18}
{'loss': 5.6542, 'learning_rate': 8.237113402061855e-05, 'epoch': 0.18}
{'loss': 5.5942, 'learning_rate': 8.231958762886599e-05, 'epoch': 0.18}
{'loss': 5.6558, 'learning_rate': 8.226804123711341e-05, 'epoch': 0.18}
{'loss': 5.6063, 'learning_rate': 8.221649484536083e-05, 'epoch': 0.18}
{'loss': 5.6288, 'learning_rate': 8.216494845360825e-05, 'epoch': 0.18}
{'loss': 5.6091, 'learning_rate': 8.211340206185567e-05, 'epoch': 0.18}
{'loss': 5.5156, 'learning_rate': 8.206185567010309e-05, 'epoch': 0.18}
{'loss': 5.616, 'learning_rate': 8.201030927835051e-05, 'epoch': 0.18}
{'loss': 5.7279, 'learning_rate': 8.195876288659795e-05, 'epoch': 0.18}
{'loss': 5.7178, 'learning_rate': 8.190721649484537e-05, 'epoch': 0.18}
{'loss': 5.6556, 'learning_rate': 8.185567010309279e-05, 'epoch': 0.18}
{'loss': 5.5133, 'learning_rate': 8.180412371134021e-05, 'epoch': 0.18}
{'loss': 5.6294, 'learning_rate': 8.175257731958763e-05, 'epoch': 0.18}
{'loss': 5.6051, 'learning_rate': 8.170103092783505e-05, 'epoch': 0.18}
{'loss': 5.5215, 'learning_rate': 8.164948453608247e-05, 'epoch': 0.18}
{'loss': 5.6272, 'learning_rate': 8.15979381443299e-05, 'epoch': 0.18}
{'loss': 5.6546, 'learning_rate': 8.154639175257733e-05, 'epoch': 0.18}
{'loss': 5.5939, 'learning_rate': 8.149484536082475e-05, 'epoch': 0.18}
{'loss': 5.5616, 'learning_rate': 8.144329896907217e-05, 'epoch': 0.18}
{'loss': 5.5554, 'learning_rate': 8.139175257731959e-05, 'epoch': 0.18}
{'loss': 5.5986, 'learning_rate': 8.134020618556701e-05, 'epoch': 0.18}
{'loss': 5.5203, 'learning_rate': 8.128865979381443e-05, 'epoch': 0.18}
{'loss': 5.71, 'learning_rate': 8.123711340206187e-05, 'epoch': 0.18}
{'loss': 5.5807, 'learning_rate': 8.118556701030929e-05, 'epoch': 0.18}
{'loss': 5.7086, 'learning_rate': 8.113402061855671e-05, 'epoch': 0.18}
{'loss': 5.5583, 'learning_rate': 8.108247422680413e-05, 'epoch': 0.18}
{'loss': 5.6418, 'learning_rate': 8.103092783505155e-05, 'epoch': 0.18}
{'loss': 5.6491, 'learning_rate': 8.097938144329897e-05, 'epoch': 0.18}
{'loss': 5.5879, 'learning_rate': 8.092783505154639e-05, 'epoch': 0.18}
{'loss': 5.6877, 'learning_rate': 8.087628865979382e-05, 'epoch': 0.18}
{'loss': 5.592, 'learning_rate': 8.082474226804125e-05, 'epoch': 0.18}
{'loss': 5.6411, 'learning_rate': 8.077319587628867e-05, 'epoch': 0.18}
{'loss': 5.5289, 'learning_rate': 8.072164948453609e-05, 'epoch': 0.18}
{'loss': 5.6464, 'learning_rate': 8.067010309278351e-05, 'epoch': 0.18}
{'loss': 5.5896, 'learning_rate': 8.061855670103093e-05, 'epoch': 0.18}
{'loss': 5.5865, 'learning_rate': 8.056701030927836e-05, 'epoch': 0.18}
{'loss': 5.5727, 'learning_rate': 8.051546391752578e-05, 'epoch': 0.18}
{'loss': 5.6502, 'learning_rate': 8.04639175257732e-05, 'epoch': 0.18}
{'loss': 5.617, 'learning_rate': 8.041237113402063e-05, 'epoch': 0.18}
{'loss': 5.599, 'learning_rate': 8.036082474226805e-05, 'epoch': 0.18}
{'loss': 5.6357, 'learning_rate': 8.030927835051547e-05, 'epoch': 0.18}
{'loss': 5.6371, 'learning_rate': 8.025773195876289e-05, 'epoch': 0.18}
{'loss': 5.5861, 'learning_rate': 8.020618556701032e-05, 'epoch': 0.18}
{'loss': 5.6336, 'learning_rate': 8.015463917525774e-05, 'epoch': 0.18}
{'loss': 5.5684, 'learning_rate': 8.010309278350516e-05, 'epoch': 0.18}
{'loss': 5.6119, 'learning_rate': 8.005154639175259e-05, 'epoch': 0.18}
{'loss': 5.5717, 'learning_rate': 8e-05, 'epoch': 0.18}
{'loss': 5.6144, 'learning_rate': 7.994845360824743e-05, 'epoch': 0.18}
{'loss': 5.7401, 'learning_rate': 7.989690721649485e-05, 'epoch': 0.18}
{'loss': 5.6676, 'learning_rate': 7.984536082474228e-05, 'epoch': 0.18}
{'loss': 5.6691, 'learning_rate': 7.97938144329897e-05, 'epoch': 0.18}
{'loss': 5.6553, 'learning_rate': 7.974226804123712e-05, 'epoch': 0.18}
{'loss': 5.6134, 'learning_rate': 7.969072164948455e-05, 'epoch': 0.18}
{'loss': 5.5999, 'learning_rate': 7.963917525773195e-05, 'epoch': 0.18}
{'loss': 5.5868, 'learning_rate': 7.958762886597937e-05, 'epoch': 0.18}
{'loss': 5.6359, 'learning_rate': 7.953608247422681e-05, 'epoch': 0.18}
{'loss': 5.6825, 'learning_rate': 7.948453608247423e-05, 'epoch': 0.18}
{'loss': 5.5802, 'learning_rate': 7.943298969072165e-05, 'epoch': 0.18}
{'loss': 5.5272, 'learning_rate': 7.938144329896907e-05, 'epoch': 0.18}
{'loss': 5.6813, 'learning_rate': 7.932989690721649e-05, 'epoch': 0.19}
{'loss': 5.6742, 'learning_rate': 7.927835051546391e-05, 'epoch': 0.19}
{'loss': 5.6623, 'learning_rate': 7.922680412371135e-05, 'epoch': 0.19}
{'loss': 5.6339, 'learning_rate': 7.917525773195877e-05, 'epoch': 0.19}
{'loss': 5.6121, 'learning_rate': 7.912371134020619e-05, 'epoch': 0.19}
{'loss': 5.6699, 'learning_rate': 7.907216494845361e-05, 'epoch': 0.19}
{'loss': 5.6097, 'learning_rate': 7.902061855670103e-05, 'epoch': 0.19}
{'loss': 5.6635, 'learning_rate': 7.896907216494845e-05, 'epoch': 0.19}
{'loss': 5.568, 'learning_rate': 7.891752577319587e-05, 'epoch': 0.19}
{'loss': 5.4947, 'learning_rate': 7.88659793814433e-05, 'epoch': 0.19}
{'loss': 5.6903, 'learning_rate': 7.881443298969073e-05, 'epoch': 0.19}
{'loss': 5.5943, 'learning_rate': 7.876288659793815e-05, 'epoch': 0.19}
{'loss': 5.6698, 'learning_rate': 7.871134020618557e-05, 'epoch': 0.19}
{'loss': 5.5833, 'learning_rate': 7.865979381443299e-05, 'epoch': 0.19}
{'loss': 5.6748, 'learning_rate': 7.860824742268041e-05, 'epoch': 0.19}
{'loss': 5.6813, 'learning_rate': 7.855670103092783e-05, 'epoch': 0.19}
{'loss': 5.6452, 'learning_rate': 7.850515463917527e-05, 'epoch': 0.19}
{'loss': 5.5642, 'learning_rate': 7.845360824742269e-05, 'epoch': 0.19}
{'loss': 5.6007, 'learning_rate': 7.840206185567011e-05, 'epoch': 0.19}
{'loss': 5.5717, 'learning_rate': 7.835051546391753e-05, 'epoch': 0.19}
{'loss': 5.6118, 'learning_rate': 7.829896907216495e-05, 'epoch': 0.19}
{'loss': 5.5661, 'learning_rate': 7.824742268041237e-05, 'epoch': 0.19}
{'loss': 5.626, 'learning_rate': 7.819587628865979e-05, 'epoch': 0.19}
{'loss': 5.5745, 'learning_rate': 7.814432989690723e-05, 'epoch': 0.19}
{'loss': 5.5695, 'learning_rate': 7.809278350515465e-05, 'epoch': 0.19}
{'loss': 5.6485, 'learning_rate': 7.804123711340207e-05, 'epoch': 0.19}
{'loss': 5.6256, 'learning_rate': 7.798969072164949e-05, 'epoch': 0.19}
{'loss': 5.6283, 'learning_rate': 7.793814432989691e-05, 'epoch': 0.19}
{'loss': 5.5757, 'learning_rate': 7.788659793814433e-05, 'epoch': 0.19}
{'loss': 5.5936, 'learning_rate': 7.783505154639175e-05, 'epoch': 0.19}
{'loss': 5.6033, 'learning_rate': 7.778350515463919e-05, 'epoch': 0.19}
{'loss': 5.7344, 'learning_rate': 7.77319587628866e-05, 'epoch': 0.19}
{'loss': 5.7237, 'learning_rate': 7.768041237113403e-05, 'epoch': 0.19}
{'loss': 5.58, 'learning_rate': 7.762886597938145e-05, 'epoch': 0.19}
{'loss': 5.6054, 'learning_rate': 7.757731958762887e-05, 'epoch': 0.19}
{'loss': 5.5923, 'learning_rate': 7.752577319587629e-05, 'epoch': 0.19}
{'loss': 5.6405, 'learning_rate': 7.747422680412372e-05, 'epoch': 0.19}
{'loss': 5.677, 'learning_rate': 7.742268041237114e-05, 'epoch': 0.19}
{'loss': 5.667, 'learning_rate': 7.737113402061857e-05, 'epoch': 0.19}
{'loss': 5.5718, 'learning_rate': 7.731958762886599e-05, 'epoch': 0.19}
{'loss': 5.6472, 'learning_rate': 7.726804123711341e-05, 'epoch': 0.19}
{'loss': 5.5806, 'learning_rate': 7.721649484536083e-05, 'epoch': 0.19}
{'loss': 5.5707, 'learning_rate': 7.716494845360825e-05, 'epoch': 0.19}
{'loss': 5.6044, 'learning_rate': 7.711340206185568e-05, 'epoch': 0.19}
{'loss': 5.4211, 'learning_rate': 7.70618556701031e-05, 'epoch': 0.19}
{'loss': 5.6218, 'learning_rate': 7.701030927835053e-05, 'epoch': 0.19}
{'loss': 5.6745, 'learning_rate': 7.695876288659795e-05, 'epoch': 0.19}
{'loss': 5.6173, 'learning_rate': 7.690721649484537e-05, 'epoch': 0.19}
{'loss': 5.5188, 'learning_rate': 7.685567010309279e-05, 'epoch': 0.19}
{'loss': 5.6307, 'learning_rate': 7.680412371134021e-05, 'epoch': 0.19}
{'loss': 5.5953, 'learning_rate': 7.675257731958764e-05, 'epoch': 0.19}
{'loss': 5.6143, 'learning_rate': 7.670103092783506e-05, 'epoch': 0.19}
{'loss': 5.621, 'learning_rate': 7.664948453608248e-05, 'epoch': 0.19}
{'loss': 5.5109, 'learning_rate': 7.65979381443299e-05, 'epoch': 0.19}
{'loss': 5.5804, 'learning_rate': 7.654639175257731e-05, 'epoch': 0.19}
{'loss': 5.6584, 'learning_rate': 7.649484536082473e-05, 'epoch': 0.19}
{'loss': 5.589, 'learning_rate': 7.644329896907217e-05, 'epoch': 0.19}
{'loss': 5.5481, 'learning_rate': 7.639175257731959e-05, 'epoch': 0.19}
{'loss': 5.5981, 'learning_rate': 7.634020618556701e-05, 'epoch': 0.19}
{'loss': 5.6247, 'learning_rate': 7.628865979381443e-05, 'epoch': 0.19}
{'loss': 5.6596, 'learning_rate': 7.623711340206185e-05, 'epoch': 0.19}
{'loss': 5.6209, 'learning_rate': 7.618556701030927e-05, 'epoch': 0.19}
{'loss': 5.5943, 'learning_rate': 7.613402061855671e-05, 'epoch': 0.19}
{'loss': 5.6028, 'learning_rate': 7.608247422680413e-05, 'epoch': 0.19}
{'loss': 5.6127, 'learning_rate': 7.603092783505155e-05, 'epoch': 0.19}
{'loss': 5.5541, 'learning_rate': 7.597938144329897e-05, 'epoch': 0.19}
{'loss': 5.668, 'learning_rate': 7.592783505154639e-05, 'epoch': 0.19}
{'loss': 5.5735, 'learning_rate': 7.587628865979381e-05, 'epoch': 0.19}
{'loss': 5.5427, 'learning_rate': 7.582474226804123e-05, 'epoch': 0.19}
{'loss': 5.5047, 'learning_rate': 7.577319587628867e-05, 'epoch': 0.19}
{'loss': 5.6502, 'learning_rate': 7.572164948453609e-05, 'epoch': 0.19}
{'loss': 5.6404, 'learning_rate': 7.567010309278351e-05, 'epoch': 0.19}
{'loss': 5.5917, 'learning_rate': 7.561855670103093e-05, 'epoch': 0.19}
{'loss': 5.7279, 'learning_rate': 7.556701030927835e-05, 'epoch': 0.19}
{'loss': 5.6863, 'learning_rate': 7.551546391752577e-05, 'epoch': 0.19}
{'loss': 5.5581, 'learning_rate': 7.546391752577319e-05, 'epoch': 0.19}
{'loss': 5.6384, 'learning_rate': 7.541237113402063e-05, 'epoch': 0.19}
{'loss': 5.5935, 'learning_rate': 7.536082474226805e-05, 'epoch': 0.19}
{'loss': 5.5995, 'learning_rate': 7.530927835051547e-05, 'epoch': 0.19}
{'loss': 5.555, 'learning_rate': 7.525773195876289e-05, 'epoch': 0.19}
{'loss': 5.6326, 'learning_rate': 7.520618556701031e-05, 'epoch': 0.19}
{'loss': 5.6854, 'learning_rate': 7.515463917525773e-05, 'epoch': 0.19}
{'loss': 5.541, 'learning_rate': 7.510309278350515e-05, 'epoch': 0.19}
{'loss': 5.6087, 'learning_rate': 7.505154639175259e-05, 'epoch': 0.19}
{'loss': 5.5558, 'learning_rate': 7.500000000000001e-05, 'epoch': 0.19}
{'loss': 5.625, 'learning_rate': 7.494845360824743e-05, 'epoch': 0.19}
{'loss': 5.6035, 'learning_rate': 7.489690721649485e-05, 'epoch': 0.19}
{'loss': 5.5614, 'learning_rate': 7.484536082474227e-05, 'epoch': 0.19}
{'loss': 5.6295, 'learning_rate': 7.479381443298969e-05, 'epoch': 0.19}
{'loss': 5.641, 'learning_rate': 7.474226804123711e-05, 'epoch': 0.19}
{'loss': 5.5703, 'learning_rate': 7.469072164948455e-05, 'epoch': 0.19}
{'loss': 5.539, 'learning_rate': 7.463917525773197e-05, 'epoch': 0.19}
{'loss': 5.5306, 'learning_rate': 7.458762886597939e-05, 'epoch': 0.19}
{'loss': 5.5671, 'learning_rate': 7.453608247422681e-05, 'epoch': 0.19}
{'loss': 5.5325, 'learning_rate': 7.448453608247423e-05, 'epoch': 0.19}
{'loss': 5.6443, 'learning_rate': 7.443298969072165e-05, 'epoch': 0.19}
{'loss': 5.6205, 'learning_rate': 7.438144329896908e-05, 'epoch': 0.19}
{'loss': 5.6206, 'learning_rate': 7.43298969072165e-05, 'epoch': 0.19}
{'loss': 5.5062, 'learning_rate': 7.427835051546393e-05, 'epoch': 0.19}
{'loss': 5.5615, 'learning_rate': 7.422680412371135e-05, 'epoch': 0.19}
{'loss': 5.6191, 'learning_rate': 7.417525773195877e-05, 'epoch': 0.19}
{'loss': 5.6052, 'learning_rate': 7.412371134020619e-05, 'epoch': 0.19}
{'loss': 5.5564, 'learning_rate': 7.407216494845361e-05, 'epoch': 0.19}
{'loss': 5.5971, 'learning_rate': 7.402061855670104e-05, 'epoch': 0.19}
{'loss': 5.5691, 'learning_rate': 7.396907216494847e-05, 'epoch': 0.19}
{'loss': 5.6753, 'learning_rate': 7.391752577319589e-05, 'epoch': 0.19}
{'loss': 5.5556, 'learning_rate': 7.38659793814433e-05, 'epoch': 0.19}
{'loss': 5.6809, 'learning_rate': 7.381443298969073e-05, 'epoch': 0.19}
{'loss': 5.5921, 'learning_rate': 7.376288659793815e-05, 'epoch': 0.19}
{'loss': 5.6676, 'learning_rate': 7.371134020618557e-05, 'epoch': 0.19}
{'loss': 5.5124, 'learning_rate': 7.3659793814433e-05, 'epoch': 0.19}
{'loss': 5.6472, 'learning_rate': 7.360824742268042e-05, 'epoch': 0.19}
{'loss': 5.5245, 'learning_rate': 7.355670103092785e-05, 'epoch': 0.19}
{'loss': 5.5993, 'learning_rate': 7.350515463917527e-05, 'epoch': 0.19}
{'loss': 5.5869, 'learning_rate': 7.345360824742269e-05, 'epoch': 0.19}
{'loss': 5.5743, 'learning_rate': 7.34020618556701e-05, 'epoch': 0.19}
{'loss': 5.5857, 'learning_rate': 7.335051546391753e-05, 'epoch': 0.19}
{'loss': 5.5345, 'learning_rate': 7.329896907216495e-05, 'epoch': 0.19}
{'loss': 5.6138, 'learning_rate': 7.324742268041237e-05, 'epoch': 0.19}
{'loss': 5.6239, 'learning_rate': 7.319587628865979e-05, 'epoch': 0.19}
{'loss': 5.5144, 'learning_rate': 7.314432989690721e-05, 'epoch': 0.19}
{'loss': 5.6714, 'learning_rate': 7.309278350515463e-05, 'epoch': 0.19}
{'loss': 5.6188, 'learning_rate': 7.304123711340207e-05, 'epoch': 0.19}
{'loss': 5.6507, 'learning_rate': 7.298969072164949e-05, 'epoch': 0.19}
{'loss': 5.6134, 'learning_rate': 7.293814432989691e-05, 'epoch': 0.19}
{'loss': 5.6257, 'learning_rate': 7.288659793814433e-05, 'epoch': 0.19}
{'loss': 5.5859, 'learning_rate': 7.283505154639175e-05, 'epoch': 0.19}
{'loss': 5.5428, 'learning_rate': 7.278350515463917e-05, 'epoch': 0.19}
{'loss': 5.5999, 'learning_rate': 7.273195876288659e-05, 'epoch': 0.19}
{'loss': 5.6084, 'learning_rate': 7.268041237113403e-05, 'epoch': 0.19}
{'loss': 5.5265, 'learning_rate': 7.262886597938145e-05, 'epoch': 0.19}
{'loss': 5.5617, 'learning_rate': 7.257731958762887e-05, 'epoch': 0.19}
{'loss': 5.5582, 'learning_rate': 7.252577319587629e-05, 'epoch': 0.19}
{'loss': 5.6245, 'learning_rate': 7.247422680412371e-05, 'epoch': 0.2}
{'loss': 5.5755, 'learning_rate': 7.242268041237113e-05, 'epoch': 0.2}
{'loss': 5.6099, 'learning_rate': 7.237113402061855e-05, 'epoch': 0.2}
{'loss': 5.5935, 'learning_rate': 7.231958762886599e-05, 'epoch': 0.2}
{'loss': 5.5811, 'learning_rate': 7.226804123711341e-05, 'epoch': 0.2}
{'loss': 5.62, 'learning_rate': 7.221649484536083e-05, 'epoch': 0.2}
{'loss': 5.6171, 'learning_rate': 7.216494845360825e-05, 'epoch': 0.2}
{'loss': 5.6991, 'learning_rate': 7.211340206185567e-05, 'epoch': 0.2}
{'loss': 5.5677, 'learning_rate': 7.206185567010309e-05, 'epoch': 0.2}
{'loss': 5.6308, 'learning_rate': 7.201030927835051e-05, 'epoch': 0.2}
{'loss': 5.572, 'learning_rate': 7.195876288659795e-05, 'epoch': 0.2}
{'loss': 5.4899, 'learning_rate': 7.190721649484537e-05, 'epoch': 0.2}
{'loss': 5.6182, 'learning_rate': 7.185567010309279e-05, 'epoch': 0.2}
{'loss': 5.5488, 'learning_rate': 7.180412371134021e-05, 'epoch': 0.2}
{'loss': 5.489, 'learning_rate': 7.175257731958763e-05, 'epoch': 0.2}
{'loss': 5.5747, 'learning_rate': 7.170103092783505e-05, 'epoch': 0.2}
{'loss': 5.4802, 'learning_rate': 7.164948453608247e-05, 'epoch': 0.2}
{'loss': 5.563, 'learning_rate': 7.15979381443299e-05, 'epoch': 0.2}
{'loss': 5.6294, 'learning_rate': 7.154639175257733e-05, 'epoch': 0.2}
{'loss': 5.6176, 'learning_rate': 7.149484536082475e-05, 'epoch': 0.2}
{'loss': 5.5766, 'learning_rate': 7.144329896907217e-05, 'epoch': 0.2}
{'loss': 5.5095, 'learning_rate': 7.139175257731959e-05, 'epoch': 0.2}
{'loss': 5.6358, 'learning_rate': 7.134020618556701e-05, 'epoch': 0.2}
{'loss': 5.615, 'learning_rate': 7.128865979381445e-05, 'epoch': 0.2}
{'loss': 5.5349, 'learning_rate': 7.123711340206187e-05, 'epoch': 0.2}
{'loss': 5.4815, 'learning_rate': 7.118556701030929e-05, 'epoch': 0.2}
{'loss': 5.7102, 'learning_rate': 7.113402061855671e-05, 'epoch': 0.2}
{'loss': 5.5714, 'learning_rate': 7.108247422680413e-05, 'epoch': 0.2}
{'loss': 5.4914, 'learning_rate': 7.103092783505155e-05, 'epoch': 0.2}
{'loss': 5.5286, 'learning_rate': 7.097938144329897e-05, 'epoch': 0.2}
{'loss': 5.492, 'learning_rate': 7.09278350515464e-05, 'epoch': 0.2}
{'loss': 5.5747, 'learning_rate': 7.087628865979383e-05, 'epoch': 0.2}
{'loss': 5.4704, 'learning_rate': 7.082474226804125e-05, 'epoch': 0.2}
{'loss': 5.6806, 'learning_rate': 7.077319587628867e-05, 'epoch': 0.2}
{'loss': 5.5988, 'learning_rate': 7.072164948453609e-05, 'epoch': 0.2}
{'loss': 5.5478, 'learning_rate': 7.067010309278351e-05, 'epoch': 0.2}
{'loss': 5.5205, 'learning_rate': 7.061855670103093e-05, 'epoch': 0.2}
{'loss': 5.5701, 'learning_rate': 7.056701030927836e-05, 'epoch': 0.2}
{'loss': 5.6251, 'learning_rate': 7.051546391752579e-05, 'epoch': 0.2}
{'loss': 5.5546, 'learning_rate': 7.04639175257732e-05, 'epoch': 0.2}
{'loss': 5.5313, 'learning_rate': 7.041237113402063e-05, 'epoch': 0.2}
{'loss': 5.5769, 'learning_rate': 7.036082474226805e-05, 'epoch': 0.2}
{'loss': 5.5108, 'learning_rate': 7.030927835051546e-05, 'epoch': 0.2}
{'loss': 5.5453, 'learning_rate': 7.025773195876289e-05, 'epoch': 0.2}
{'loss': 5.6296, 'learning_rate': 7.020618556701031e-05, 'epoch': 0.2}
{'loss': 5.5848, 'learning_rate': 7.015463917525773e-05, 'epoch': 0.2}
{'loss': 5.5269, 'learning_rate': 7.010309278350515e-05, 'epoch': 0.2}
{'loss': 5.642, 'learning_rate': 7.005154639175257e-05, 'epoch': 0.2}
{'loss': 5.6872, 'learning_rate': 7e-05, 'epoch': 0.2}
{'loss': 5.5142, 'learning_rate': 6.994845360824743e-05, 'epoch': 0.2}
{'loss': 5.6079, 'learning_rate': 6.989690721649485e-05, 'epoch': 0.2}
{'loss': 5.604, 'learning_rate': 6.984536082474227e-05, 'epoch': 0.2}
{'loss': 5.6099, 'learning_rate': 6.979381443298969e-05, 'epoch': 0.2}
{'loss': 5.5713, 'learning_rate': 6.974226804123711e-05, 'epoch': 0.2}
{'loss': 5.5691, 'learning_rate': 6.969072164948453e-05, 'epoch': 0.2}
{'loss': 5.5713, 'learning_rate': 6.963917525773195e-05, 'epoch': 0.2}
{'loss': 5.6148, 'learning_rate': 6.958762886597939e-05, 'epoch': 0.2}
{'loss': 5.5435, 'learning_rate': 6.953608247422681e-05, 'epoch': 0.2}
{'loss': 5.4975, 'learning_rate': 6.948453608247423e-05, 'epoch': 0.2}
{'loss': 5.5974, 'learning_rate': 6.943298969072165e-05, 'epoch': 0.2}
{'loss': 5.526, 'learning_rate': 6.938144329896907e-05, 'epoch': 0.2}
{'loss': 5.687, 'learning_rate': 6.932989690721649e-05, 'epoch': 0.2}
{'loss': 5.4992, 'learning_rate': 6.927835051546391e-05, 'epoch': 0.2}
{'loss': 5.5708, 'learning_rate': 6.922680412371135e-05, 'epoch': 0.2}
{'loss': 5.525, 'learning_rate': 6.917525773195877e-05, 'epoch': 0.2}
{'loss': 5.6187, 'learning_rate': 6.912371134020619e-05, 'epoch': 0.2}
{'loss': 5.6509, 'learning_rate': 6.907216494845361e-05, 'epoch': 0.2}
{'loss': 5.5737, 'learning_rate': 6.902061855670103e-05, 'epoch': 0.2}
{'loss': 5.5607, 'learning_rate': 6.896907216494845e-05, 'epoch': 0.2}
{'loss': 5.5228, 'learning_rate': 6.891752577319587e-05, 'epoch': 0.2}
{'loss': 5.6081, 'learning_rate': 6.886597938144331e-05, 'epoch': 0.2}
{'loss': 5.528, 'learning_rate': 6.881443298969073e-05, 'epoch': 0.2}
{'loss': 5.5501, 'learning_rate': 6.876288659793815e-05, 'epoch': 0.2}
{'loss': 5.6745, 'learning_rate': 6.871134020618557e-05, 'epoch': 0.2}
{'loss': 5.626, 'learning_rate': 6.865979381443299e-05, 'epoch': 0.2}
{'loss': 5.505, 'learning_rate': 6.860824742268041e-05, 'epoch': 0.2}
{'loss': 5.5907, 'learning_rate': 6.855670103092783e-05, 'epoch': 0.2}
{'loss': 5.5577, 'learning_rate': 6.850515463917527e-05, 'epoch': 0.2}
{'loss': 5.6821, 'learning_rate': 6.845360824742269e-05, 'epoch': 0.2}
{'loss': 5.636, 'learning_rate': 6.840206185567011e-05, 'epoch': 0.2}
{'loss': 5.5337, 'learning_rate': 6.835051546391753e-05, 'epoch': 0.2}
{'loss': 5.6086, 'learning_rate': 6.829896907216495e-05, 'epoch': 0.2}
{'loss': 5.6711, 'learning_rate': 6.824742268041237e-05, 'epoch': 0.2}
{'loss': 5.5842, 'learning_rate': 6.81958762886598e-05, 'epoch': 0.2}
{'loss': 5.6793, 'learning_rate': 6.814432989690723e-05, 'epoch': 0.2}
{'loss': 5.5484, 'learning_rate': 6.809278350515465e-05, 'epoch': 0.2}
{'loss': 5.6068, 'learning_rate': 6.804123711340207e-05, 'epoch': 0.2}
{'loss': 5.6698, 'learning_rate': 6.798969072164949e-05, 'epoch': 0.2}
{'loss': 5.5881, 'learning_rate': 6.793814432989691e-05, 'epoch': 0.2}
{'loss': 5.6226, 'learning_rate': 6.788659793814433e-05, 'epoch': 0.2}
{'loss': 5.5751, 'learning_rate': 6.783505154639177e-05, 'epoch': 0.2}
{'loss': 5.5586, 'learning_rate': 6.778350515463919e-05, 'epoch': 0.2}
{'loss': 5.5267, 'learning_rate': 6.773195876288661e-05, 'epoch': 0.2}
{'loss': 5.6598, 'learning_rate': 6.768041237113403e-05, 'epoch': 0.2}
{'loss': 5.6322, 'learning_rate': 6.762886597938145e-05, 'epoch': 0.2}
{'loss': 5.6131, 'learning_rate': 6.757731958762887e-05, 'epoch': 0.2}
{'loss': 5.4944, 'learning_rate': 6.752577319587629e-05, 'epoch': 0.2}
{'loss': 5.5052, 'learning_rate': 6.747422680412372e-05, 'epoch': 0.2}
{'loss': 5.5763, 'learning_rate': 6.742268041237115e-05, 'epoch': 0.2}
{'loss': 5.6046, 'learning_rate': 6.737113402061857e-05, 'epoch': 0.2}
{'loss': 5.6366, 'learning_rate': 6.731958762886599e-05, 'epoch': 0.2}
{'loss': 5.69, 'learning_rate': 6.726804123711341e-05, 'epoch': 0.2}
{'loss': 5.5528, 'learning_rate': 6.721649484536083e-05, 'epoch': 0.2}
{'loss': 5.5731, 'learning_rate': 6.716494845360825e-05, 'epoch': 0.2}
{'loss': 5.5496, 'learning_rate': 6.711340206185567e-05, 'epoch': 0.2}
{'loss': 5.5619, 'learning_rate': 6.706185567010309e-05, 'epoch': 0.2}
{'loss': 5.5727, 'learning_rate': 6.701030927835051e-05, 'epoch': 0.2}
{'loss': 5.6141, 'learning_rate': 6.695876288659793e-05, 'epoch': 0.2}
{'loss': 5.5822, 'learning_rate': 6.690721649484535e-05, 'epoch': 0.2}
{'loss': 5.6726, 'learning_rate': 6.685567010309279e-05, 'epoch': 0.2}
{'loss': 5.5385, 'learning_rate': 6.680412371134021e-05, 'epoch': 0.2}
{'loss': 5.6073, 'learning_rate': 6.675257731958763e-05, 'epoch': 0.2}
{'loss': 5.5534, 'learning_rate': 6.670103092783505e-05, 'epoch': 0.2}
{'loss': 5.5143, 'learning_rate': 6.664948453608247e-05, 'epoch': 0.2}
{'loss': 5.5383, 'learning_rate': 6.659793814432989e-05, 'epoch': 0.2}
{'loss': 5.5324, 'learning_rate': 6.654639175257731e-05, 'epoch': 0.2}
{'loss': 5.5976, 'learning_rate': 6.649484536082475e-05, 'epoch': 0.2}
{'loss': 5.5499, 'learning_rate': 6.644329896907217e-05, 'epoch': 0.2}
{'loss': 5.6625, 'learning_rate': 6.639175257731959e-05, 'epoch': 0.2}
{'loss': 5.5427, 'learning_rate': 6.634020618556701e-05, 'epoch': 0.2}
{'loss': 5.6172, 'learning_rate': 6.628865979381443e-05, 'epoch': 0.2}
{'loss': 5.6467, 'learning_rate': 6.623711340206185e-05, 'epoch': 0.2}
{'loss': 5.6376, 'learning_rate': 6.618556701030927e-05, 'epoch': 0.2}
{'loss': 5.5995, 'learning_rate': 6.613402061855671e-05, 'epoch': 0.2}
{'loss': 5.458, 'learning_rate': 6.608247422680413e-05, 'epoch': 0.2}
{'loss': 5.4976, 'learning_rate': 6.603092783505155e-05, 'epoch': 0.2}
{'loss': 5.4855, 'learning_rate': 6.597938144329897e-05, 'epoch': 0.2}
{'loss': 5.6614, 'learning_rate': 6.592783505154639e-05, 'epoch': 0.2}
{'loss': 5.5358, 'learning_rate': 6.587628865979381e-05, 'epoch': 0.2}
{'loss': 5.6213, 'learning_rate': 6.582474226804123e-05, 'epoch': 0.2}
{'loss': 5.6069, 'learning_rate': 6.577319587628867e-05, 'epoch': 0.2}
{'loss': 5.5503, 'learning_rate': 6.572164948453609e-05, 'epoch': 0.2}
{'loss': 5.6206, 'learning_rate': 6.567010309278351e-05, 'epoch': 0.2}
{'loss': 5.5659, 'learning_rate': 6.561855670103093e-05, 'epoch': 0.21}
{'loss': 5.5301, 'learning_rate': 6.556701030927835e-05, 'epoch': 0.21}
{'loss': 5.5782, 'learning_rate': 6.551546391752577e-05, 'epoch': 0.21}
{'loss': 5.5672, 'learning_rate': 6.546391752577319e-05, 'epoch': 0.21}
{'loss': 5.5789, 'learning_rate': 6.541237113402063e-05, 'epoch': 0.21}
{'loss': 5.5851, 'learning_rate': 6.536082474226805e-05, 'epoch': 0.21}
{'loss': 5.5978, 'learning_rate': 6.530927835051547e-05, 'epoch': 0.21}
{'loss': 5.5982, 'learning_rate': 6.525773195876289e-05, 'epoch': 0.21}
{'loss': 5.536, 'learning_rate': 6.520618556701031e-05, 'epoch': 0.21}
{'loss': 5.5439, 'learning_rate': 6.515463917525773e-05, 'epoch': 0.21}
{'loss': 5.623, 'learning_rate': 6.510309278350517e-05, 'epoch': 0.21}
{'loss': 5.5488, 'learning_rate': 6.505154639175259e-05, 'epoch': 0.21}
{'loss': 5.649, 'learning_rate': 6.500000000000001e-05, 'epoch': 0.21}
{'loss': 5.5256, 'learning_rate': 6.494845360824743e-05, 'epoch': 0.21}
{'loss': 5.583, 'learning_rate': 6.489690721649485e-05, 'epoch': 0.21}
{'loss': 5.6374, 'learning_rate': 6.484536082474227e-05, 'epoch': 0.21}
{'loss': 5.6565, 'learning_rate': 6.479381443298969e-05, 'epoch': 0.21}
{'loss': 5.6071, 'learning_rate': 6.474226804123713e-05, 'epoch': 0.21}
{'loss': 5.6072, 'learning_rate': 6.469072164948455e-05, 'epoch': 0.21}
{'loss': 5.5482, 'learning_rate': 6.463917525773197e-05, 'epoch': 0.21}
{'loss': 5.5954, 'learning_rate': 6.458762886597939e-05, 'epoch': 0.21}
{'loss': 5.6111, 'learning_rate': 6.453608247422681e-05, 'epoch': 0.21}
{'loss': 5.5064, 'learning_rate': 6.448453608247423e-05, 'epoch': 0.21}
{'loss': 5.5898, 'learning_rate': 6.443298969072165e-05, 'epoch': 0.21}
{'loss': 5.5511, 'learning_rate': 6.438144329896909e-05, 'epoch': 0.21}
{'loss': 5.7104, 'learning_rate': 6.43298969072165e-05, 'epoch': 0.21}
{'loss': 5.6276, 'learning_rate': 6.427835051546393e-05, 'epoch': 0.21}
{'loss': 5.6071, 'learning_rate': 6.422680412371135e-05, 'epoch': 0.21}
{'loss': 5.5677, 'learning_rate': 6.417525773195877e-05, 'epoch': 0.21}
{'loss': 5.6102, 'learning_rate': 6.412371134020619e-05, 'epoch': 0.21}
{'loss': 5.6008, 'learning_rate': 6.407216494845361e-05, 'epoch': 0.21}
{'loss': 5.6018, 'learning_rate': 6.402061855670103e-05, 'epoch': 0.21}
{'loss': 5.5831, 'learning_rate': 6.396907216494845e-05, 'epoch': 0.21}
{'loss': 5.5975, 'learning_rate': 6.391752577319587e-05, 'epoch': 0.21}
{'loss': 5.5147, 'learning_rate': 6.38659793814433e-05, 'epoch': 0.21}
{'loss': 5.5417, 'learning_rate': 6.381443298969071e-05, 'epoch': 0.21}
{'loss': 5.5509, 'learning_rate': 6.376288659793815e-05, 'epoch': 0.21}
{'loss': 5.5296, 'learning_rate': 6.371134020618557e-05, 'epoch': 0.21}
{'loss': 5.522, 'learning_rate': 6.365979381443299e-05, 'epoch': 0.21}
{'loss': 5.5943, 'learning_rate': 6.360824742268041e-05, 'epoch': 0.21}
{'loss': 5.639, 'learning_rate': 6.355670103092783e-05, 'epoch': 0.21}
{'loss': 5.5646, 'learning_rate': 6.350515463917525e-05, 'epoch': 0.21}
{'loss': 5.5531, 'learning_rate': 6.345360824742267e-05, 'epoch': 0.21}
{'loss': 5.6749, 'learning_rate': 6.340206185567011e-05, 'epoch': 0.21}
{'loss': 5.6223, 'learning_rate': 6.335051546391753e-05, 'epoch': 0.21}
{'loss': 5.6042, 'learning_rate': 6.329896907216495e-05, 'epoch': 0.21}
{'loss': 5.6349, 'learning_rate': 6.324742268041237e-05, 'epoch': 0.21}
{'loss': 5.5352, 'learning_rate': 6.319587628865979e-05, 'epoch': 0.21}
{'loss': 5.569, 'learning_rate': 6.314432989690721e-05, 'epoch': 0.21}
{'loss': 5.6364, 'learning_rate': 6.309278350515463e-05, 'epoch': 0.21}
{'loss': 5.6544, 'learning_rate': 6.304123711340207e-05, 'epoch': 0.21}
{'loss': 5.6486, 'learning_rate': 6.298969072164949e-05, 'epoch': 0.21}
{'loss': 5.512, 'learning_rate': 6.293814432989691e-05, 'epoch': 0.21}
{'loss': 5.5325, 'learning_rate': 6.288659793814433e-05, 'epoch': 0.21}
{'loss': 5.6419, 'learning_rate': 6.283505154639175e-05, 'epoch': 0.21}
{'loss': 5.5807, 'learning_rate': 6.278350515463917e-05, 'epoch': 0.21}
{'loss': 5.6652, 'learning_rate': 6.27319587628866e-05, 'epoch': 0.21}
{'loss': 5.5127, 'learning_rate': 6.268041237113403e-05, 'epoch': 0.21}
{'loss': 5.6348, 'learning_rate': 6.262886597938145e-05, 'epoch': 0.21}
{'loss': 5.5741, 'learning_rate': 6.257731958762887e-05, 'epoch': 0.21}
{'loss': 5.5564, 'learning_rate': 6.252577319587629e-05, 'epoch': 0.21}
{'loss': 5.6236, 'learning_rate': 6.247422680412371e-05, 'epoch': 0.21}
{'loss': 5.6393, 'learning_rate': 6.242268041237113e-05, 'epoch': 0.21}
{'loss': 5.4239, 'learning_rate': 6.237113402061855e-05, 'epoch': 0.21}
{'loss': 5.6078, 'learning_rate': 6.231958762886599e-05, 'epoch': 0.21}
{'loss': 5.564, 'learning_rate': 6.226804123711341e-05, 'epoch': 0.21}
{'loss': 5.5542, 'learning_rate': 6.221649484536083e-05, 'epoch': 0.21}
{'loss': 5.5903, 'learning_rate': 6.216494845360825e-05, 'epoch': 0.21}
{'loss': 5.5803, 'learning_rate': 6.211340206185567e-05, 'epoch': 0.21}
{'loss': 5.5234, 'learning_rate': 6.206185567010309e-05, 'epoch': 0.21}
{'loss': 5.5484, 'learning_rate': 6.201030927835053e-05, 'epoch': 0.21}
{'loss': 5.5532, 'learning_rate': 6.195876288659795e-05, 'epoch': 0.21}
{'loss': 5.6221, 'learning_rate': 6.190721649484537e-05, 'epoch': 0.21}
{'loss': 5.5368, 'learning_rate': 6.185567010309279e-05, 'epoch': 0.21}
{'loss': 5.6043, 'learning_rate': 6.180412371134021e-05, 'epoch': 0.21}
{'loss': 5.4839, 'learning_rate': 6.175257731958763e-05, 'epoch': 0.21}
{'loss': 5.5078, 'learning_rate': 6.170103092783505e-05, 'epoch': 0.21}
