ERROR: Unable to locate a modulefile for 'anaconda3/2022.05'
ERROR: Unable to locate a modulefile for 'profile/deeplrn'
Loading cuda/11.8.0-none-none
  ERROR: Conflicting cuda is loaded
03/12/2026 11:17:39 - WARNING - graph_enc.src.model.run_mlm - Process rank: 0, device: cuda:0, n_gpu: 1distributed training: True, 16-bits training: False
03/12/2026 11:17:39 - INFO - graph_enc.src.model.run_mlm - Training/evaluation parameters TrainingArguments(
_n_gpu=1,
adafactor=False,
adam_beta1=0.9,
adam_beta2=0.98,
adam_epsilon=1e-06,
auto_find_batch_size=False,
bf16=False,
bf16_full_eval=False,
data_seed=None,
dataloader_drop_last=False,
dataloader_num_workers=0,
dataloader_pin_memory=True,
ddp_backend=None,
ddp_bucket_cap_mb=None,
ddp_find_unused_parameters=None,
ddp_timeout=1800,
debug=[],
deepspeed=None,
disable_tqdm=False,
do_eval=True,
do_predict=False,
do_train=True,
eval_accumulation_steps=None,
eval_delay=0,
eval_steps=None,
evaluation_strategy=epoch,
fp16=False,
fp16_backend=auto,
fp16_full_eval=False,
fp16_opt_level=O1,
fsdp=[],
fsdp_config={'fsdp_min_num_params': 0, 'xla': False, 'xla_fsdp_grad_ckpt': False},
fsdp_min_num_params=0,
fsdp_transformer_layer_cls_to_wrap=None,
full_determinism=False,
gradient_accumulation_steps=1,
gradient_checkpointing=False,
greater_is_better=None,
group_by_length=False,
half_precision_backend=auto,
hub_model_id=None,
hub_private_repo=False,
hub_strategy=every_save,
hub_token=<HUB_TOKEN>,
ignore_data_skip=False,
include_inputs_for_metrics=False,
jit_mode_eval=False,
label_names=None,
label_smoothing_factor=0.0,
learning_rate=0.0005,
length_column_name=length,
load_best_model_at_end=False,
local_rank=0,
log_level=passive,
log_level_replica=warning,
log_on_each_node=True,
logging_dir=/work/tesi_fgaragnani/checkpoints/ai4bio/dnabert2_cs/runs/Mar12_11-17-38_rezzonico,
logging_first_step=True,
logging_nan_inf_filter=True,
logging_steps=10,
logging_strategy=steps,
lr_scheduler_type=linear,
max_grad_norm=1.0,
max_steps=20000,
metric_for_best_model=None,
mp_parameters=,
no_cuda=False,
num_train_epochs=3.0,
optim=adamw_hf,
optim_args=None,
output_dir=/work/tesi_fgaragnani/checkpoints/ai4bio/dnabert2_cs,
overwrite_output_dir=True,
past_index=-1,
per_device_eval_batch_size=16,
per_device_train_batch_size=16,
prediction_loss_only=False,
push_to_hub=False,
push_to_hub_model_id=None,
push_to_hub_organization=None,
push_to_hub_token=<PUSH_TO_HUB_TOKEN>,
ray_scope=last,
remove_unused_columns=True,
report_to=[],
resume_from_checkpoint=None,
run_name=/work/tesi_fgaragnani/checkpoints/ai4bio/dnabert2_cs,
save_on_each_node=False,
save_safetensors=False,
save_steps=2000,
save_strategy=steps,
save_total_limit=None,
seed=42,
sharded_ddp=[],
skip_memory_metrics=True,
tf32=None,
torch_compile=False,
torch_compile_backend=None,
torch_compile_mode=None,
torchdynamo=None,
tpu_metrics_debug=False,
tpu_num_cores=None,
use_ipex=False,
use_legacy_prediction_loop=False,
use_mps_device=False,
warmup_ratio=0.0,
warmup_steps=600,
weight_decay=1e-05,
xpu_backend=None,
)
03/12/2026 11:17:39 - WARNING - graph_enc.src.model.run_mlm - Process rank: 1, device: cuda:1, n_gpu: 1distributed training: True, 16-bits training: False
03/12/2026 11:18:44 - INFO - graph_enc.src.model.run_mlm - Vocabulary size: 4096
03/12/2026 11:18:44 - INFO - graph_enc.src.model.run_mlm - Training new model from scratch
[Info] Computed num_train_epochs=1 (steps_per_epoch=265332, effective_batch_size=32, world_size=2)
[Info] Computed num_train_epochs=1 (steps_per_epoch=265332, effective_batch_size=32, world_size=2)
[BertDebug] region_len:  183 
sequence_len:  2230
[BertDebug] region_len:  252 
sequence_len:  1584
[BertDebug] region_len:  200 
sequence_len:  2502
[BertDebug] region_len:  1181 
sequence_len:  1983
[BertDebug] region_len:  1469 
sequence_len:  1499
[BertDebug] region_len:  8307 
sequence_len:  10941
[BertDebug] region_len:  228 
sequence_len:  1211
[BertDebug] region_len:  472 
sequence_len:  13992
[BertDebug] region_len:  276 
sequence_len:  3270
[BertDebug] region_len:  186 
sequence_len:  1396
[BertDebug] region_len:  1847 
sequence_len:  1869
[BertDebug] region_len:  371 
sequence_len:  3568
[BertDebug] region_len:  1620 
sequence_len:  4278
[BertDebug] region_len:  406 
sequence_len:  4084
[BertDebug] region_len:  192 
sequence_len:  1834
[BertDebug] region_len:  193 
sequence_len:  1490
[BertDebug] region_len:  172 
sequence_len:  1306
[BertDebug] region_len:  723 
sequence_len:  723
[BertDebug] region_len:  231 
sequence_len:  7623
[BertDebug] region_len:  301 
sequence_len:  924
[BertDebug] region_len:  1041 
sequence_len:  2691
[BertDebug] region_len:  16434 
sequence_len:  16434
[BertDebug] region_len:  713 
sequence_len:  847
[BertDebug] region_len:  267 
sequence_len:  3908
[BertDebug] region_len:  176 
sequence_len:  6213
[BertDebug] region_len:  9375 
sequence_len:  9375
[BertDebug] region_len:  84 
sequence_len:  2679
[BertDebug] region_len:  193 
sequence_len:  3069
[BertDebug] region_len:  399 
sequence_len:  8108
[BertDebug] region_len:  42 
sequence_len:  1243
[BertDebug] region_len:  582 
sequence_len:  1265
[BertDebug] region_len:  306 
sequence_len:  3677
{'loss': 8.4835, 'learning_rate': 8.333333333333334e-07, 'epoch': 0.0}
[BertDebug] region_len:  1038 
sequence_len:  1038
[BertDebug] region_len:  287 
sequence_len:  5115
[BertDebug] region_len:  217 
sequence_len:  1233
[BertDebug] region_len:  88 
sequence_len:  1051
[BertDebug] region_len:  319 
sequence_len:  2399
[BertDebug] region_len:  361 
sequence_len:  9706
[BertDebug] region_len:  144 
sequence_len:  3122
[BertDebug] region_len:  218 
sequence_len:  3643[BertDebug] region_len: 
 269 
sequence_len:  4122
[BertDebug] region_len:  221 
sequence_len: [BertDebug] region_len:   1368274
 
sequence_len:  2067
[BertDebug] region_len:  162 
sequence_len:  588
[BertDebug] region_len:  193 
sequence_len:  799
[BertDebug] region_len:  945 
sequence_len:  945
[BertDebug] region_len:  71 
sequence_len:  708
[BertDebug] region_len:  227 
sequence_len:  6115
[BertDebug] region_len:  78 
sequence_len:  1281
[BertDebug] region_len:  1620 
sequence_len:  5793
[BertDebug] region_len:  246 
sequence_len:  3723
[BertDebug] region_len:  718 
sequence_len:  3245
[BertDebug] region_len:  2772 
sequence_len:  2772
[BertDebug] region_len:  316 
sequence_len:  4748
[BertDebug] region_len:  147 
sequence_len:  1191
[BertDebug] region_len:  1485 
sequence_len:  1485
[BertDebug] region_len:  283 
sequence_len:  1014
[BertDebug] region_len:  783 
sequence_len:  783
[BertDebug] region_len:  984 
sequence_len:  1305
[BertDebug] region_len:  1134 
sequence_len:  1134
[BertDebug] region_len:  207 
sequence_len:  1597
[BertDebug] region_len:  1700 [BertDebug] region_len: 
sequence_len:   5151700 

sequence_len:  2295
[BertDebug] region_len:  326 
sequence_len:  841
[BertDebug] region_len:  255 
sequence_len:  2781
[BertDebug] region_len:  400 
sequence_len:  758
[BertDebug] region_len:  232 
sequence_len:  2239
[BertDebug] region_len:  155 
sequence_len:  4011
[BertDebug] region_len:  595 
sequence_len:  3001
[BertDebug] region_len:  2848 
sequence_len:  5053
[BertDebug] region_len:  143 
sequence_len:  2624
[BertDebug] region_len:  249 
sequence_len:  2514
[BertDebug] region_len:  157 
sequence_len:  2760
[BertDebug] region_len:  227 
sequence_len:  2698
[BertDebug] region_len:  484 
sequence_len:  4924
[BertDebug] region_len:  227 
sequence_len:  2496
[BertDebug] region_len:  673 
sequence_len:  10718
[BertDebug] region_len:  172 
sequence_len:  965
[BertDebug] region_len:  207 
sequence_len:  1312
[BertDebug] region_len:  225 
sequence_len:  1524
[BertDebug] region_len:  154 
sequence_len:  1893
[BertDebug] region_len:  360 
sequence_len:  4988
[BertDebug] region_len:  361 
sequence_len:  2001
[BertDebug] region_len:  143 
sequence_len:  2669
[BertDebug] region_len:  1375 
sequence_len:  4730
[BertDebug] region_len:  305 
sequence_len:  4336
[BertDebug] region_len:  85 
sequence_len:  1647
[BertDebug] region_len:  2113 
sequence_len:  5038
[BertDebug] region_len:  2327 
sequence_len:  3147
[BertDebug] region_len:  337 
sequence_len:  1182
[BertDebug] region_len:  1282 
sequence_len:  2232
[BertDebug] region_len:  1873 
sequence_len:  4263
[BertDebug] region_len:  346 
sequence_len:  3805
[BertDebug] region_len:  269 
sequence_len:  9738
[BertDebug] region_len:  46 
sequence_len:  2704
[BertDebug] region_len:  190 
sequence_len:  2229
[BertDebug] region_len:  2169 
sequence_len:  3742
[BertDebug] region_len:  325 
sequence_len:  646
[BertDebug] region_len:  994 
sequence_len:  1642
[BertDebug] region_len:  120 
sequence_len:  3064
[BertDebug] region_len:  1678 
sequence_len:  2004
[BertDebug] region_len:  365 
sequence_len:  953
[BertDebug] region_len:  400 
sequence_len:  3318
[BertDebug] region_len:  679 
sequence_len:  2560
[BertDebug] region_len:  288 
sequence_len:  6050
[BertDebug] region_len:  400 
sequence_len:  6150
[BertDebug] region_len:  364 
sequence_len:  1951
[BertDebug] region_len:  232 
sequence_len:  837
[BertDebug] region_len:  111 
sequence_len:  1628
[BertDebug] region_len:  653 
sequence_len:  1392
[BertDebug] region_len:  2614 
sequence_len:  3703
[BertDebug] region_len:  284 
sequence_len:  1231
[BertDebug] region_len:  256 
sequence_len:  1464
[BertDebug] region_len:  200 
sequence_len:  742
[BertDebug] region_len:  147 
sequence_len:  6213
[BertDebug] region_len:  944 
sequence_len:  3033
[BertDebug] region_len:  287 
sequence_len:  3180
[BertDebug] region_len:  435 
sequence_len:  2250
[BertDebug] region_len:  3500 
sequence_len:  4498
[BertDebug] region_len:  101 
sequence_len:  2023
[BertDebug] region_len:  182 
sequence_len:  592
[BertDebug] region_len:  357 
sequence_len:  1467
[BertDebug] region_len:  2249 
sequence_len:  3729
[BertDebug] region_len:  252 
sequence_len:  2217
[BertDebug] region_len:  255 
sequence_len:  4502
[BertDebug] region_len:  2655 
sequence_len:  3120
[BertDebug] region_len:  284 
sequence_len:  6115
[BertDebug] region_len:  817 
sequence_len:  6633
[BertDebug] region_len:  1248 
sequence_len:  1248
[BertDebug] region_len:  220 
sequence_len:  3806
[BertDebug] region_len:  848 
sequence_len:  2586
[BertDebug] region_len:  372 
sequence_len:  1968
[BertDebug] region_len:  1981 
sequence_len:  2326
[BertDebug] region_len:  1875 
sequence_len:  1875
[BertDebug] region_len:  172 
sequence_len:  2155
[BertDebug] region_len:  2146 
sequence_len:  2523
[BertDebug] region_len:  5922 
sequence_len:  8600
[BertDebug] region_len:  290 
sequence_len:  1259
[BertDebug] region_len:  1065 
sequence_len:  5851
[BertDebug] region_len:  193 
sequence_len:  11432
[BertDebug] region_len:  3627 
sequence_len:  3627
[BertDebug] region_len:  472 
sequence_len:  1166
[BertDebug] region_len:  259 
sequence_len:  603
[BertDebug] region_len:  361 
sequence_len:  1575
[BertDebug] region_len:  347 
sequence_len:  3342
[BertDebug] region_len:  220 
sequence_len:  2930
[BertDebug] region_len:  500 
sequence_len:  783
[BertDebug] region_len:  483 
sequence_len:  2687
[BertDebug] region_len:  16434 
sequence_len:  16434
[BertDebug] region_len:  262 
sequence_len:  2658
[BertDebug] region_len:  85 
sequence_len:  5059
[BertDebug] region_len:  154 
sequence_len:  3641
[BertDebug] region_len:  187 
sequence_len:  2865
[BertDebug] region_len:  141 
sequence_len:  1997
[BertDebug] region_len:  102 
sequence_len:  2004
[BertDebug] region_len:  197 
sequence_len:  2596
[BertDebug] region_len:  185 
sequence_len:  3825
[BertDebug] region_len:  343 
sequence_len:  1098
[BertDebug] region_len:  234 
sequence_len:  3708
[BertDebug] region_len:  630 
sequence_len:  630
[BertDebug] region_len:  301 
sequence_len:  2920
[BertDebug] region_len:  239 
sequence_len:  3651
[BertDebug] region_len:  814 
sequence_len:  1116
[BertDebug] region_len:  774 
sequence_len:  1888
[BertDebug] region_len:  2228 
sequence_len:  2932
[BertDebug] region_len:  180 
sequence_len:  1157
[BertDebug] region_len:  1590 
sequence_len:  1590
[BertDebug] region_len:  337 
sequence_len:  6065
[BertDebug] region_len:  252 
sequence_len:  1239
[BertDebug] region_len:  288 
sequence_len:  1137
[BertDebug] region_len:  207 
sequence_len:  1587
[BertDebug] region_len:  3495 
sequence_len:  3495
[BertDebug] region_len:  288 
sequence_len:  1491
[BertDebug] region_len:  221 
sequence_len:  2352
[BertDebug] region_len:  322 
sequence_len:  4302
[BertDebug] region_len:  2130 
sequence_len:  2130
[BertDebug] region_len:  1131 
sequence_len:  1131
[BertDebug] region_len:  113 
sequence_len:  1143
[BertDebug] region_len:  1409 
sequence_len:  1409
[BertDebug] region_len:  1608 
sequence_len:  1608
[BertDebug] region_len:  283 
sequence_len:  4633
[BertDebug] region_len:  197 
sequence_len:  2208
[BertDebug] region_len:  298 
sequence_len:  5806
[BertDebug] region_len:  207 
sequence_len:  2506
[BertDebug] region_len:  330 
sequence_len:  1344
[BertDebug] region_len:  207 
sequence_len:  3356
[BertDebug] region_len:  7867 
sequence_len:  7994
[BertDebug] region_len:  311 
sequence_len:  3530
[BertDebug] region_len:  123 
sequence_len:  2844
[BertDebug] region_len:  155 
sequence_len:  450
[BertDebug] region_len:  186 
sequence_len:  4235
[BertDebug] region_len:  147 
sequence_len:  3436
[BertDebug] region_len:  305 
sequence_len:  3449
[BertDebug] region_len:  165 
sequence_len:  5232
[BertDebug] region_len:  348 
sequence_len:  1767
[BertDebug] region_len:  298 
sequence_len:  6130
[BertDebug] region_len:  351 
sequence_len:  1360
[BertDebug] region_len:  371 
sequence_len:  2447
[BertDebug] region_len:  447 
sequence_len:  519
[BertDebug] region_len:  305 
sequence_len:  5502
[BertDebug] region_len:  178 
sequence_len:  9738
[BertDebug] region_len:  267 
sequence_len:  3356
[BertDebug] region_len:  378 
sequence_len:  6197
[BertDebug] region_len:  113 
sequence_len:  681
[BertDebug] region_len:  863 
sequence_len:  900
[BertDebug] region_len:  2121 
sequence_len:  3883
[BertDebug] region_len:  140 
sequence_len:  1062
[BertDebug] region_len:  253 
sequence_len:  5146
[BertDebug] region_len:  337 
sequence_len:  2070
[BertDebug] region_len:  1012 
sequence_len:  1422
[BertDebug] region_len:  283 
sequence_len:  3785
[BertDebug] region_len:  280 
sequence_len:  6516
[BertDebug] region_len:  301 
sequence_len:  7237
[BertDebug] region_len:  262 
sequence_len:  2530
[BertDebug] region_len:  224 
sequence_len:  3396
[BertDebug] region_len:  284 
sequence_len:  8799
[BertDebug] region_len:  252 
sequence_len:  2385
[BertDebug] region_len:  399 
sequence_len:  774
[BertDebug] region_len:  227 
sequence_len:  1584
[BertDebug] region_len:  144 
sequence_len:  3742
[BertDebug] region_len:  377 
sequence_len:  1497
[BertDebug] region_len:  134 
sequence_len:  3462
[BertDebug] region_len:  1986 
sequence_len:  2239
[BertDebug] region_len:  322 
sequence_len:  2758
[BertDebug] region_len:  778 
sequence_len:  1329
[BertDebug] region_len:  207 
sequence_len:  1587
[BertDebug] region_len:  142 
sequence_len:  1522
[BertDebug] region_len:  326 
sequence_len:  2442
[BertDebug] region_len:  529 
sequence_len:  3713
[BertDebug] region_len:  65 
sequence_len:  186
[BertDebug] region_len:  825 
sequence_len:  825
[BertDebug] region_len:  207 
sequence_len:  6234
[BertDebug] region_len:  221 
sequence_len:  2635
[BertDebug] region_len:  266 
sequence_len:  5234
[BertDebug] region_len:  189 
sequence_len:  1833
[BertDebug] region_len:  10 
sequence_len:  2210
[BertDebug] region_len:  1573 
sequence_len:  1573
[BertDebug] region_len:  448 
sequence_len:  2415
[BertDebug] region_len:  141 
sequence_len:  3184
[BertDebug] region_len:  148 
sequence_len:  2850
[BertDebug] region_len:  1414 
sequence_len:  2909
[BertDebug] region_len:  283 
sequence_len:  1548
[BertDebug] region_len:  848 
sequence_len:  5454
[BertDebug] region_len:  161 
sequence_len:  6718
[BertDebug] region_len:  1164 
sequence_len:  1164
[BertDebug] region_len:  255 
sequence_len:  1604
[BertDebug] region_len:  190 
sequence_len:  1918
[BertDebug] region_len:  178 
sequence_len:  891
[BertDebug] region_len:  1185 
sequence_len:  1185
[BertDebug] region_len:  157 
sequence_len:  1371
[BertDebug] region_len:  477 
sequence_len:  900
[BertDebug] region_len:  975 
sequence_len:  975
[BertDebug] region_len:  339 
sequence_len:  987
[BertDebug] region_len:  4057 
sequence_len:  6996
[BertDebug] region_len:  276 
sequence_len:  2964
[BertDebug] region_len:  808 
sequence_len:  2679
[BertDebug] region_len:  417 
sequence_len:  3225
[BertDebug] region_len:  1194 
sequence_len:  1194
[BertDebug] region_len:  189 
sequence_len:  25779
[BertDebug] region_len:  298 
sequence_len:  2529
[BertDebug] region_len:  792 
sequence_len:  1246
[BertDebug] region_len:  6909 
sequence_len:  6909
[BertDebug] region_len:  102 
sequence_len:  1689
[BertDebug] region_len:  241 
sequence_len:  522
[BertDebug] region_len:  344 
sequence_len:  7750
[BertDebug] region_len:  291 
sequence_len:  2030
[BertDebug] region_len:  206 
sequence_len:  984
[BertDebug] region_len:  189 
sequence_len:  4663
[BertDebug] region_len:  60 
sequence_len:  1526
[BertDebug] region_len:  381 
sequence_len:  6747
[BertDebug] region_len:  315 
sequence_len:  2440
[BertDebug] region_len:  533 
sequence_len:  4812
[BertDebug] region_len:  37962 
sequence_len:  43902
[BertDebug] region_len:  185 
sequence_len:  7551
[BertDebug] region_len:  228 
sequence_len:  5712
[BertDebug] region_len:  431 
sequence_len:  1997
[BertDebug] region_len:  332 
sequence_len:  1546
[BertDebug] region_len:  294 
sequence_len:  2799
[BertDebug] region_len:  301 
sequence_len:  4209
[BertDebug] region_len:  144 
sequence_len:  912
[BertDebug] region_len:  403 
sequence_len:  903
[BertDebug] region_len:  52 
sequence_len:  442
[BertDebug] region_len:  290 
sequence_len:  9174
[BertDebug] region_len:  1413 
sequence_len:  1413
[BertDebug] region_len:  289 
sequence_len:  3582
[BertDebug] region_len:  783 
sequence_len:  783
[BertDebug] region_len:  1005 
sequence_len:  1317
[BertDebug] region_len:  372 
sequence_len:  4226
[BertDebug] region_len:  151 
sequence_len:  849
[BertDebug] region_len:  91 
sequence_len:  2886
[BertDebug] region_len:  253 
sequence_len:  1122
[BertDebug] region_len:  176 
sequence_len:  910
[BertDebug] region_len:  7478 
sequence_len:  7478
[BertDebug] region_len:  316 
sequence_len:  7446
[BertDebug] region_len:  309 
sequence_len:  1905
[BertDebug] region_len:  555 
sequence_len:  1088
[BertDebug] region_len:  214 
sequence_len:  3582
[BertDebug] region_len:  214 
sequence_len:  1965
[BertDebug] region_len:  473 
sequence_len:  8276
[BertDebug] region_len:  344 
sequence_len:  2787
[BertDebug] region_len:  270 
sequence_len:  1659
[BertDebug] region_len:  358 
sequence_len:  1558
[BertDebug] region_len:  171 
sequence_len:  3713
[BertDebug] region_len:  200 
sequence_len:  3739
[BertDebug] region_len:  172 
sequence_len:  8108
[BertDebug] region_len:  241 
sequence_len:  2687
[BertDebug] region_len:  350 
sequence_len:  3727
[BertDebug] region_len:  138 
sequence_len:  850
[BertDebug] region_len:  199 
sequence_len:  3477
[BertDebug] region_len:  738 
sequence_len:  1960
[BertDebug] region_len:  326 
sequence_len:  1689
[BertDebug] region_len:  232 
sequence_len:  2025
[BertDebug] region_len:  287 
sequence_len:  3411
[BertDebug] region_len:  927 
sequence_len:  927
[BertDebug] region_len:  2133 
sequence_len:  2133
[BertDebug] region_len:  1498 
sequence_len:  7020
[BertDebug] region_len:  1298 
sequence_len:  2205
[BertDebug] region_len:  251 
sequence_len:  7623
[BertDebug] region_len:  2381 
sequence_len:  3673
[BertDebug] region_len:  613 
sequence_len:  7153
[BertDebug] region_len:  16434 
sequence_len:  16434
{'loss': 8.3956, 'learning_rate': 8.333333333333334e-06, 'epoch': 0.0}
[BertDebug] region_len:  354 
sequence_len:  1680
[BertDebug] region_len:  3345 
sequence_len:  3345
[BertDebug] region_len:  164 
sequence_len:  1499
[BertDebug] region_len:  250 
sequence_len:  2815
[BertDebug] region_len:  462 
sequence_len:  3589
[BertDebug] region_len:  94 
sequence_len:  4986
[BertDebug] region_len:  178 
sequence_len:  6005
[BertDebug] region_len:  129 
sequence_len:  2187
[BertDebug] region_len:  1136 
sequence_len:  1500
[BertDebug] region_len:  102 
sequence_len:  5926
[BertDebug] region_len:  290 
sequence_len:  8125
[BertDebug] region_len:  350 
sequence_len:  4368
[BertDebug] region_len:  9969 
sequence_len:  9969
[BertDebug] region_len:  120 
sequence_len:  1650
[BertDebug] region_len:  168 
sequence_len:  1539
[BertDebug] region_len:  347 
sequence_len:  1782
[BertDebug] region_len:  280 
sequence_len:  1588
[BertDebug] region_len:  309 
sequence_len:  948
[BertDebug] region_len:  6594 
sequence_len:  7101
[BertDebug] region_len:  220 
sequence_len:  1040
[BertDebug] region_len:  253 
sequence_len:  1353
[BertDebug] region_len:  197 
sequence_len:  2255
[BertDebug] region_len:  204 
sequence_len:  2384
[BertDebug] region_len:  218 
sequence_len:  15746
[BertDebug] region_len:  241 
sequence_len:  5904
[BertDebug] region_len:  4028 
sequence_len:  5957
[BertDebug] region_len:  246 
sequence_len:  1282
[BertDebug] region_len:  697 
sequence_len:  2662
[BertDebug] region_len:  177 
sequence_len:  987
[BertDebug] region_len:  130 
sequence_len:  2306
[BertDebug] region_len:  273 
sequence_len:  1500
[BertDebug] region_len:  207 
sequence_len:  2969
[BertDebug] region_len:  119 
sequence_len:  6029
[BertDebug] region_len:  496 
sequence_len:  1617
[BertDebug] region_len:  302 
sequence_len:  4371
[BertDebug] region_len:  262 
sequence_len:  1102
[BertDebug] region_len:  190 
sequence_len:  3162
[BertDebug] region_len:  150 
sequence_len:  3677
[BertDebug] region_len:  258 
sequence_len:  777
[BertDebug] region_len:  115 
sequence_len:  1353
[BertDebug] region_len:  151 
sequence_len:  1565
[BertDebug] region_len:  207 
sequence_len:  1926
[BertDebug] region_len:  694 
sequence_len:  1832
[BertDebug] region_len:  242 
sequence_len:  2289
[BertDebug] region_len:  304 
sequence_len:  2198
[BertDebug] region_len:  1722 
sequence_len:  1722
[BertDebug] region_len:  193 
sequence_len:  2496
[BertDebug] region_len:  344 
sequence_len:  1020
[BertDebug] region_len:  3783 
sequence_len:  5362
[BertDebug] region_len:  266 
sequence_len:  1089
[BertDebug] region_len:  312 
sequence_len:  1050
[BertDebug] region_len:  264 
sequence_len:  879
[BertDebug] region_len:  284 
sequence_len:  2458
[BertDebug] region_len:  610 
sequence_len:  659
[BertDebug] region_len:  88 
sequence_len:  1402
[BertDebug] region_len:  377 
sequence_len:  774
[BertDebug] region_len:  291 
sequence_len:  30667
[BertDebug] region_len:  435 
sequence_len:  726
[BertDebug] region_len:  2832 
sequence_len:  2832
[BertDebug] region_len:  158 
sequence_len:  2389
[BertDebug] region_len:  57 
sequence_len:  1345
[BertDebug] region_len:  259 
sequence_len:  1041
[BertDebug] region_len:  253 
sequence_len:  2858
[BertDebug] region_len:  178 
sequence_len:  1388
[BertDebug] region_len:  262 
sequence_len:  4265
[BertDebug] region_len:  294 
sequence_len:  2223
[BertDebug] region_len:  144 
sequence_len:  3956
[BertDebug] region_len:  388 
sequence_len:  2329
[BertDebug] region_len:  378 
sequence_len:  2526
[BertDebug] region_len:  1462 
sequence_len:  1539
[BertDebug] region_len:  282 
sequence_len:  926
[BertDebug] region_len:  288 
sequence_len:  7148
[BertDebug] region_len:  199 
sequence_len:  2562
[BertDebug] region_len:  1035 
sequence_len:  1035
[BertDebug] region_len:  228 
sequence_len:  8166
[BertDebug] region_len:  129 
sequence_len:  1534
[BertDebug] region_len:  197 
sequence_len:  3059
[BertDebug] region_len:  245 
sequence_len:  1986
[BertDebug] region_len:  231 
sequence_len:  6876
[BertDebug] region_len:  547 
sequence_len:  3713
[BertDebug] region_len:  231 
sequence_len:  1629
[BertDebug] region_len:  217 
sequence_len:  2701
[BertDebug] region_len:  161 
sequence_len:  2733
[BertDebug] region_len:  242 
sequence_len:  5378
[BertDebug] region_len:  1876 
sequence_len:  3132
[BertDebug] region_len:  232 
sequence_len:  3344
[BertDebug] region_len:  351 
sequence_len:  6530
[BertDebug] region_len:  672 
sequence_len:  672
[BertDebug] region_len:  256 
sequence_len:  3082
[BertDebug] region_len:  297 
sequence_len:  3739
[BertDebug] region_len:  365 
sequence_len:  27364
[BertDebug] region_len:  245 
sequence_len:  2778
[BertDebug] region_len:  203 
sequence_len:  645
[BertDebug] region_len:  2331 
sequence_len:  2331
[BertDebug] region_len:  329 
sequence_len:  1591
[BertDebug] region_len:  176 
sequence_len:  6220
[BertDebug] region_len:  283 
sequence_len:  6177
[BertDebug] region_len:  571 
sequence_len:  2130
[BertDebug] region_len:  140 
sequence_len:  1422
[BertDebug] region_len:  4882 
sequence_len:  16770
[BertDebug] region_len:  1106 
sequence_len:  2679
[BertDebug] region_len:  138 
sequence_len:  4714
[BertDebug] region_len:  349 
sequence_len:  792
[BertDebug] region_len:  155 
sequence_len:  915
[BertDebug] region_len:  129 
sequence_len:  4443
[BertDebug] region_len:  713 
sequence_len:  1742
[BertDebug] region_len:  304 
sequence_len:  6000
[BertDebug] region_len:  746 
sequence_len:  942
[BertDebug] region_len:  502 
sequence_len:  1717
[BertDebug] region_len:  316 
sequence_len:  6545
[BertDebug] region_len:  218 
sequence_len:  780
[BertDebug] region_len:  190 
sequence_len:  1233
[BertDebug] region_len:  1397 
sequence_len:  4916
[BertDebug] region_len:  428 
sequence_len:  15636
[BertDebug] region_len:  508 
sequence_len:  977
[BertDebug] region_len:  280 
sequence_len:  3776
[BertDebug] region_len:  5241 
sequence_len:  5241
[BertDebug] region_len:  231 
sequence_len:  6091
[BertDebug] region_len:  288 
sequence_len:  4696
[BertDebug] region_len:  344 
sequence_len:  1187
[BertDebug] region_len:  1110 
sequence_len:  1110
[BertDebug] region_len:  330 
sequence_len:  749
[BertDebug] region_len:  1442 
sequence_len:  1452
[BertDebug] region_len:  4835 
sequence_len:  5607
[BertDebug] region_len:  2258 
sequence_len:  3807
[BertDebug] region_len:  363 
sequence_len:  3806
[BertDebug] region_len:  190 
sequence_len:  1760
[BertDebug] region_len:  567 
sequence_len:  3721
[BertDebug] region_len:  207 
sequence_len:  1602
[BertDebug] region_len:  95 
sequence_len:  1657
[BertDebug] region_len:  393 
sequence_len:  3285
[BertDebug] region_len:  678 
sequence_len:  678
[BertDebug] region_len:  353 
sequence_len:  1314
[BertDebug] region_len:  175 
sequence_len:  3753
[BertDebug] region_len:  1239 
sequence_len:  1254
[BertDebug] region_len:  155 
sequence_len:  3248
[BertDebug] region_len:  3627 
sequence_len:  3627
[BertDebug] region_len:  512 
sequence_len:  2272
[BertDebug] region_len:  213 
sequence_len:  3672
[BertDebug] region_len:  4418 
sequence_len:  4418
[BertDebug] region_len:  1976 
sequence_len:  4983
[BertDebug] region_len:  262 
sequence_len:  1964
[BertDebug] region_len:  241 
sequence_len:  12967
[BertDebug] region_len:  381 
sequence_len:  2336
[BertDebug] region_len:  249 
sequence_len:  7386
[BertDebug] region_len:  80 
sequence_len:  2436
[BertDebug] region_len:  306 
sequence_len:  1405
[BertDebug] region_len:  444 
sequence_len:  733
[BertDebug] region_len:  654 
sequence_len:  1202
[BertDebug] region_len:  204 
sequence_len:  3155
[BertDebug] region_len:  1759 
sequence_len:  3389
[BertDebug] region_len:  8255 
sequence_len:  15265
[BertDebug] region_len:  323 
sequence_len:  1692
[BertDebug] region_len:  147 
sequence_len:  600
[BertDebug] region_len:  186 
sequence_len:  1356
[BertDebug] region_len:  259 
sequence_len:  6286
[BertDebug] region_len:  154 
sequence_len:  2112
[BertDebug] region_len:  354 
sequence_len:  1308
[BertDebug] region_len:  279 
sequence_len:  1656
[BertDebug] region_len:  262 
sequence_len:  12795
[BertDebug] region_len:  144 
sequence_len:  3291
[BertDebug] region_len:  535 
sequence_len:  3081
[BertDebug] region_len:  1184 
sequence_len:  2514
[BertDebug] region_len:  270 
sequence_len:  14982
[BertDebug] region_len:  113 
sequence_len:  4038
[BertDebug] region_len:  256 
sequence_len:  1284
[BertDebug] region_len:  560 
sequence_len:  931
[BertDebug] region_len:  4767 
sequence_len:  4767
[BertDebug] region_len:  193 
sequence_len:  2346
[BertDebug] region_len:  552 
sequence_len:  1688
[BertDebug] region_len:  120 
sequence_len:  6130
[BertDebug] region_len:  1795 
sequence_len:  5286
[BertDebug] region_len:  2337 
sequence_len:  6283
[BertDebug] region_len:  708 
sequence_len:  5622
[BertDebug] region_len:  246 
sequence_len:  1389
[BertDebug] region_len:  221 
sequence_len:  3439
[BertDebug] region_len:  399 
sequence_len:  1926
[BertDebug] region_len:  344 
sequence_len:  3460
[BertDebug] region_len:  188 
sequence_len:  202
[BertDebug] region_len:  4039 
sequence_len:  6597
[BertDebug] region_len:  228 
sequence_len:  2930
[BertDebug] region_len:  168 
sequence_len:  3099
[BertDebug] region_len:  409 
sequence_len:  13548
[BertDebug] region_len:  260 
sequence_len:  6352
[BertDebug] region_len:  9538 
sequence_len:  28546
[BertDebug] region_len:  897 
sequence_len:  897
[BertDebug] region_len:  120 
sequence_len:  3176
[BertDebug] region_len:  9416 
sequence_len:  10941
[BertDebug] region_len:  914 
sequence_len:  7750
[BertDebug] region_len:  246 
sequence_len:  3812
[BertDebug] region_len:  783 
sequence_len:  783
[BertDebug] region_len:  120 
sequence_len:  5378
[BertDebug] region_len:  351 
sequence_len:  1398
[BertDebug] region_len:  409 
sequence_len:  1510
[BertDebug] region_len:  231 
sequence_len:  4740
[BertDebug] region_len:  322 
sequence_len:  920
[BertDebug] region_len:  239 
sequence_len:  4482
[BertDebug] region_len:  141 
sequence_len:  11086
[BertDebug] region_len:  361 
sequence_len:  1060
[BertDebug] region_len:  674 
sequence_len:  945
[BertDebug] region_len:  214 
sequence_len:  6994
[BertDebug] region_len:  812 
sequence_len:  2104
[BertDebug] region_len:  220 
sequence_len:  2316
[BertDebug] region_len:  413 
sequence_len:  1324
[BertDebug] region_len:  304 
sequence_len:  585
[BertDebug] region_len:  372 
sequence_len:  4061
[BertDebug] region_len:  382 
sequence_len:  2484
[BertDebug] region_len:  183 
sequence_len:  6966
[BertDebug] region_len:  972 
sequence_len:  972
[BertDebug] region_len:  585 
sequence_len:  1998
[BertDebug] region_len:  336 
sequence_len:  5619
[BertDebug] region_len:  1374 
sequence_len:  1374
[BertDebug] region_len:  150 
sequence_len:  3203
[BertDebug] region_len:  281 
sequence_len:  852
[BertDebug] region_len:  1119 
sequence_len:  1119
[BertDebug] region_len:  2633 
sequence_len:  9342
[BertDebug] region_len:  188 
sequence_len:  1862
[BertDebug] region_len:  784 
sequence_len:  1078
[BertDebug] region_len:  155 
sequence_len:  1898
[BertDebug] region_len:  340 
sequence_len:  1440
[BertDebug] region_len:  253 
sequence_len:  2502
[BertDebug] region_len:  1515 
sequence_len:  1515
[BertDebug] region_len:  133 
sequence_len:  1896
[BertDebug] region_len:  118 
sequence_len:  1363
[BertDebug] region_len:  1495 
sequence_len:  3503
[BertDebug] region_len:  1472 
sequence_len:  2021
[BertDebug] region_len:  179 
sequence_len:  2916
[BertDebug] region_len:  408 
sequence_len:  408
[BertDebug] region_len:  246 
sequence_len:  1732
[BertDebug] region_len:  154 
sequence_len:  2288
[BertDebug] region_len:  204 
sequence_len:  2511
[BertDebug] region_len:  130 
sequence_len:  1286
[BertDebug] region_len:  357 
sequence_len:  2973
[BertDebug] region_len:  1872 
sequence_len:  1872
[BertDebug] region_len:  228 
sequence_len:  1489
[BertDebug] region_len:  324 
sequence_len:  8964
[BertDebug] region_len:  413 
sequence_len:  2934
[BertDebug] region_len:  144 
sequence_len:  1584
[BertDebug] region_len:  504 
sequence_len:  1190
[BertDebug] region_len:  1098 
sequence_len:  1098
[BertDebug] region_len:  378 
sequence_len:  783
[BertDebug] region_len:  893 
sequence_len:  2267
[BertDebug] region_len:  333 
sequence_len:  1602
[BertDebug] region_len:  95 
sequence_len:  2636
[BertDebug] region_len:  6610 
sequence_len:  6816
[BertDebug] region_len:  218 
sequence_len:  3678
[BertDebug] region_len:  385 
sequence_len:  1040
[BertDebug] region_len:  757 
sequence_len:  912
[BertDebug] region_len:  178 
sequence_len:  1906
[BertDebug] region_len:  162 
sequence_len:  21913
[BertDebug] region_len:  407 
sequence_len:  7072
[BertDebug] region_len:  343 
sequence_len:  2836
[BertDebug] region_len:  1878 
sequence_len:  1878
[BertDebug] region_len:  248 
sequence_len:  780
[BertDebug] region_len:  218 
sequence_len:  2161
[BertDebug] region_len:  303 
sequence_len:  1093
[BertDebug] region_len:  745 
sequence_len:  846
[BertDebug] region_len:  31 
sequence_len:  1353
[BertDebug] region_len:  2927 
sequence_len:  3486
[BertDebug] region_len:  360 
sequence_len:  6128
[BertDebug] region_len:  246 
sequence_len:  887
[BertDebug] region_len:  9080 
sequence_len:  10036
[BertDebug] region_len:  561 
sequence_len:  4442
[BertDebug] region_len:  229 
sequence_len:  2151
[BertDebug] region_len:  197 
sequence_len:  894
[BertDebug] region_len:  151 
sequence_len:  2191
[BertDebug] region_len:  302 
sequence_len:  8964
[BertDebug] region_len:  169 
sequence_len:  4116
[BertDebug] region_len:  295 
sequence_len:  2745
[BertDebug] region_len:  281 
sequence_len:  2145
[BertDebug] region_len:  270 
sequence_len:  1735
[BertDebug] region_len:  78 
sequence_len:  1626
[BertDebug] region_len:  325 
sequence_len:  1944
[BertDebug] region_len:  189 
sequence_len:  569
[BertDebug] region_len:  157 
sequence_len:  5121
[BertDebug] region_len:  141 
sequence_len:  2493
[BertDebug] region_len:  574 
sequence_len:  1005
[BertDebug] region_len:  595 
sequence_len:  3397
[BertDebug] region_len:  220 
sequence_len:  2469
[BertDebug] region_len:  284 
sequence_len:  8257
[BertDebug] region_len:  200 
sequence_len:  2700
[BertDebug] region_len:  210 
sequence_len:  1146
[BertDebug] region_len:  276 
sequence_len:  3128
[BertDebug] region_len:  193 
sequence_len:  3810
[BertDebug] region_len:  2284 
sequence_len:  2964
[BertDebug] region_len:  663 
sequence_len:  663
[BertDebug] region_len:  887 
sequence_len:  10639
[BertDebug] region_len:  751 
sequence_len:  1507
[BertDebug] region_len:  1727 
sequence_len:  2034
[BertDebug] region_len:  378 
sequence_len:  3015
[BertDebug] region_len:  1479 
sequence_len:  1743
[BertDebug] region_len:  182 
sequence_len:  2610
[BertDebug] region_len:  1582 
sequence_len:  8762
[BertDebug] region_len:  246 
sequence_len:  6470
[BertDebug] region_len:  145 
sequence_len:  833
[BertDebug] region_len:  183 
sequence_len:  5188
[BertDebug] region_len:  302 
sequence_len:  3894
[BertDebug] region_len:  154 
sequence_len:  12393
[BertDebug] region_len:  316 
sequence_len:  5742
[BertDebug] region_len:  706 
sequence_len:  3708
[BertDebug] region_len:  393 
sequence_len:  2466
[BertDebug] region_len:  424 
sequence_len:  1785
[BertDebug] region_len:  1671 
sequence_len:  1671
[BertDebug] region_len:  31 
sequence_len:  2582
[BertDebug] region_len:  306 
sequence_len:  1689
[BertDebug] region_len:  364 
sequence_len:  946
[BertDebug] region_len:  264 
sequence_len:  1356
[BertDebug] region_len:  269 
sequence_len:  1716
[BertDebug] region_len:  640 
sequence_len:  3239
[BertDebug] region_len:  11291 
sequence_len:  114586
[BertDebug] region_len:  775 
sequence_len:  1404
[BertDebug] region_len:  592 
sequence_len:  1170
[BertDebug] region_len:  960 
sequence_len:  960
[BertDebug] region_len:  445 
sequence_len:  2199
[BertDebug] region_len:  340 
sequence_len:  3266
[BertDebug] region_len:  2633 
sequence_len:  4554
[BertDebug] region_len:  217 
sequence_len:  3100
[BertDebug] region_len:  179 
sequence_len:  647
[BertDebug] region_len:  126 
sequence_len:  304
{'loss': 8.1767, 'learning_rate': 1.6666666666666667e-05, 'epoch': 0.0}
[BertDebug] region_len:  256 
sequence_len:  7436
[BertDebug] region_len:  325 
sequence_len:  2403
[BertDebug] region_len:  372 
sequence_len:  3225
[BertDebug] region_len:  1764 
sequence_len:  3261
[BertDebug] region_len:  2058 
sequence_len:  2058
[BertDebug] region_len:  406 
sequence_len:  3474
[BertDebug] region_len:  252 
sequence_len:  516
[BertDebug] region_len:  2888 
sequence_len:  3862
[BertDebug] region_len:  412 
sequence_len:  583
[BertDebug] region_len:  514 
sequence_len:  7605
[BertDebug] region_len:  498 
sequence_len:  2745
[BertDebug] region_len:  109 
sequence_len:  552[BertDebug] region_len: 
 172 
sequence_len:  8566
[BertDebug] region_len:  183 
sequence_len:  6150
[BertDebug] region_len:  197 
sequence_len:  1471
[BertDebug] region_len:  449 
sequence_len:  1242
[BertDebug] region_len:  12280 
sequence_len:  12280
[BertDebug] region_len:  270 
sequence_len:  3300
[BertDebug] region_len:  1068 
sequence_len:  1068
[BertDebug] region_len:  219 
sequence_len:  1654
[BertDebug] region_len:  291 
sequence_len:  1840
[BertDebug] region_len:  769 
sequence_len:  1742
[BertDebug] region_len:  103 
sequence_len:  1756
[BertDebug] region_len:  518 
sequence_len:  2825
[BertDebug] region_len:  224 
sequence_len:  1328
[BertDebug] region_len:  1796 
sequence_len:  7750
[BertDebug] region_len:  169 
sequence_len:  6054
[BertDebug] region_len:  183 
sequence_len:  4146
[BertDebug] region_len:  115 
sequence_len:  1195
[BertDebug] region_len:  263 
sequence_len:  3814
[BertDebug] region_len:  356 
sequence_len:  426
[BertDebug] region_len:  263 
sequence_len:  14666
[BertDebug] region_len:  257 
sequence_len:  2055
[BertDebug] region_len:  211 
sequence_len:  3201
[BertDebug] region_len:  225 
sequence_len:  3477
[BertDebug] region_len:  57 
sequence_len:  2074
[BertDebug] region_len:  275 
sequence_len:  1563
[BertDebug] region_len:  137 
sequence_len:  2972
[BertDebug] region_len:  190 
sequence_len:  833
[BertDebug] region_len:  69 
sequence_len:  1389
[BertDebug] region_len:  2409 
sequence_len:  2959
[BertDebug] region_len:  1131 
sequence_len:  2291
[BertDebug] region_len:  267 
sequence_len:  902
[BertDebug] region_len:  736 
sequence_len:  4634
[BertDebug] region_len:  106 
sequence_len:  4301
[BertDebug] region_len:  151 
sequence_len:  1167
[BertDebug] region_len:  2145 
sequence_len:  2145
[BertDebug] region_len:  141 
sequence_len:  4128
[BertDebug] region_len:  189 
sequence_len:  3360
[BertDebug] region_len:  225 
sequence_len:  3561
[BertDebug] region_len:  351 
sequence_len:  7324
[BertDebug] region_len:  1207 
sequence_len:  1335
[BertDebug] region_len:  211 
sequence_len:  3734
[BertDebug] region_len:  248 
sequence_len:  1257
[BertDebug] region_len:  14149 
sequence_len:  14149
[BertDebug] region_len:  134 
sequence_len:  3255
[BertDebug] region_len:  982 
sequence_len:  2259
[BertDebug] region_len:  304 
sequence_len:  1239
[BertDebug] region_len:  344 
sequence_len:  3091
[BertDebug] region_len:  4299 
sequence_len:  4299
[BertDebug] region_len:  295 
sequence_len:  2993
[BertDebug] region_len:  196 
sequence_len:  875
[BertDebug] region_len:  207 
sequence_len:  1110
[BertDebug] region_len:  456 
sequence_len:  812
[BertDebug] region_len:  1860 
sequence_len:  1860
[BertDebug] region_len:  189 
sequence_len:  1917
[BertDebug] region_len:  252 
sequence_len:  2246
[BertDebug] region_len:  198 
sequence_len:  1081
[BertDebug] region_len:  316 
sequence_len:  1080
[BertDebug] region_len:  276 
sequence_len:  5957
[BertDebug] region_len:  248 
sequence_len:  1538
[BertDebug] region_len:  249 
sequence_len:  10529
[BertDebug] region_len:  2475 
sequence_len:  2475
[BertDebug] region_len:  262 
sequence_len:  2002
[BertDebug] region_len:  253 
sequence_len:  2544
[BertDebug] region_len:  420 
sequence_len:  4284
[BertDebug] region_len:  1410 
sequence_len:  1410
[BertDebug] region_len:  301 
sequence_len:  2030
[BertDebug] region_len:  192 
sequence_len:  6966
[BertDebug] region_len:  435 
sequence_len:  7446
[BertDebug] region_len:  521 
sequence_len:  3458
[BertDebug] region_len:  413 
sequence_len:  15730
[BertDebug] region_len:  58 
sequence_len:  1571
[BertDebug] region_len:  578 
sequence_len:  1182
[BertDebug] region_len:  172 
sequence_len:  3708
[BertDebug] region_len:  255 
sequence_len:  1200
[BertDebug] region_len:  2013 
sequence_len:  2013
[BertDebug] region_len:  1989 
sequence_len:  2095
[BertDebug] region_len:  364 
sequence_len:  2896
[BertDebug] region_len:  196 
sequence_len:  3082
[BertDebug] region_len:  319 
sequence_len:  2814
[BertDebug] region_len:  2013 
sequence_len:  2013
[BertDebug] region_len:  133 
sequence_len:  1788
[BertDebug] region_len:  273 
sequence_len:  5436
[BertDebug] region_len:  4376 
sequence_len:  5784
[BertDebug] region_len:  406 
sequence_len:  8762
[BertDebug] region_len:  270 
sequence_len:  4160
[BertDebug] region_len:  217 
sequence_len:  1425
[BertDebug] region_len:  874 
sequence_len:  1263
[BertDebug] region_len:  214 
sequence_len:  8553
[BertDebug] region_len:  1161 
sequence_len:  1161
[BertDebug] region_len:  744 
sequence_len:  744
[BertDebug] region_len:  150 
sequence_len:  2288
[BertDebug] region_len:  266 
sequence_len:  1342
[BertDebug] region_len:  148 
sequence_len:  2370
[BertDebug] region_len:  365 
sequence_len:  1770
[BertDebug] region_len:  689 
sequence_len:  3708
[BertDebug] region_len:  158 
sequence_len:  6370
[BertDebug] region_len:  291 
sequence_len:  4542
[BertDebug] region_len:  651 
sequence_len:  1566
[BertDebug] region_len:  740 
sequence_len:  2362
[BertDebug] region_len:  183 
sequence_len:  1212
[BertDebug] region_len:  339 
sequence_len:  2602
[BertDebug] region_len:  831 
sequence_len:  2310
[BertDebug] region_len:  274 
sequence_len:  14475
[BertDebug] region_len:  417 
sequence_len:  2060
[BertDebug] region_len:  176 
sequence_len:  5682
[BertDebug] region_len:  1067 
sequence_len:  3294
[BertDebug] region_len:  480 
sequence_len:  708
[BertDebug] region_len:  134 
sequence_len:  1300
[BertDebug] region_len:  1031 
sequence_len:  2294
[BertDebug] region_len:  207 
sequence_len:  1974
[BertDebug] region_len:  3636 
sequence_len:  5306
[BertDebug] region_len:  456 
sequence_len:  1158
[BertDebug] region_len:  186 
sequence_len:  2673
[BertDebug] region_len:  441 
sequence_len:  1320
[BertDebug] region_len:  330 
sequence_len:  2821
[BertDebug] region_len:  379 
sequence_len:  5043
[BertDebug] region_len:  675 
sequence_len:  744
[BertDebug] region_len:  196 
sequence_len:  1994
[BertDebug] region_len:  200 
sequence_len:  279
[BertDebug] region_len:  231 
sequence_len:  2126
[BertDebug] region_len:  284 
sequence_len:  4242
[BertDebug] region_len:  231 
sequence_len:  1344
[BertDebug] region_len:  316 
sequence_len:  2458
[BertDebug] region_len:  178 
sequence_len:  501
[BertDebug] region_len:  732 
sequence_len:  2482
[BertDebug] region_len:  281 
sequence_len:  2511
[BertDebug] region_len:  317 
sequence_len:  2841
[BertDebug] region_len:  274 
sequence_len:  1432
[BertDebug] region_len:  691 
sequence_len:  2574
[BertDebug] region_len:  209 
sequence_len:  1248
[BertDebug] region_len:  768 
sequence_len:  12271
[BertDebug] region_len:  318 
sequence_len:  2490
[BertDebug] region_len:  235 
sequence_len:  591
[BertDebug] region_len:  1545 
sequence_len:  1545
[BertDebug] region_len:  262 
sequence_len:  6133
[BertDebug] region_len:  439 
sequence_len:  3191
[BertDebug] region_len:  238 
sequence_len:  720
[BertDebug] region_len:  217 
sequence_len:  1410
[BertDebug] region_len:  4751 
sequence_len:  5226
[BertDebug] region_len:  158 
sequence_len:  1643
[BertDebug] region_len:  21442 
sequence_len:  24666
[BertDebug] region_len:  903 
sequence_len:  3667
[BertDebug] region_len:  4314 
sequence_len:  4314
[BertDebug] region_len:  1816 
sequence_len:  3192
[BertDebug] region_len:  315 
sequence_len:  2001
[BertDebug] region_len:  403 
sequence_len:  2829
[BertDebug] region_len:  277 
sequence_len:  3028
[BertDebug] region_len:  364 
sequence_len:  2904
[BertDebug] region_len:  1235 
sequence_len:  2673
[BertDebug] region_len:  155 
sequence_len:  662
[BertDebug] region_len:  262 
sequence_len:  1563
[BertDebug] region_len:  2324 
sequence_len:  14905
[BertDebug] region_len:  235 
sequence_len:  2365
[BertDebug] region_len:  57 
sequence_len:  1510
[BertDebug] region_len:  143 
sequence_len:  1002
[BertDebug] region_len:  259 
sequence_len:  7553
[BertDebug] region_len:  367 
sequence_len:  4371
[BertDebug] region_len:  1884 
sequence_len:  1884
[BertDebug] region_len:  190 
sequence_len:  13848
[BertDebug] region_len:  367 
sequence_len:  3644
[BertDebug] region_len:  1393 
sequence_len:  14905
[BertDebug] region_len:  588 
sequence_len:  1383
[BertDebug] region_len:  2555 
sequence_len:  3141
[BertDebug] region_len:  294 
sequence_len:  15265
[BertDebug] region_len:  757 
sequence_len:  1467
[BertDebug] region_len:  1466 
sequence_len:  4801
[BertDebug] region_len:  2006 
sequence_len:  3244
[BertDebug] region_len:  1025 
sequence_len:  3488
[BertDebug] region_len:  228 
sequence_len:  4812
[BertDebug] region_len:  319 
sequence_len:  1692
[BertDebug] region_len:  196 
sequence_len:  9631
[BertDebug] region_len:  235 
sequence_len:  1176
[BertDebug] region_len:  395 
sequence_len:  4200
[BertDebug] region_len:  1284 
sequence_len:  2793
[BertDebug] region_len:  291 
sequence_len:  3954
[BertDebug] region_len:  605 
sequence_len:  1482
[BertDebug] region_len:  136 
sequence_len:  1239
[BertDebug] region_len:  325 
sequence_len:  1877
[BertDebug] region_len:  245 
sequence_len:  2115
[BertDebug] region_len:  267 
sequence_len:  2868
[BertDebug] region_len:  157 
sequence_len:  12254
[BertDebug] region_len:  94 
sequence_len:  1575
[BertDebug] region_len:  449 
sequence_len:  3081
[BertDebug] region_len:  420 
sequence_len:  2307
[BertDebug] region_len:  367 
sequence_len:  4792
[BertDebug] region_len:  245 
sequence_len:  1710
[BertDebug] region_len:  327 
sequence_len:  2903
[BertDebug] region_len:  294 
sequence_len:  4369
[BertDebug] region_len:  287 
sequence_len:  6207
[BertDebug] region_len:  2311 
sequence_len:  4365
[BertDebug] region_len:  1335 
sequence_len:  1335
[BertDebug] region_len:  1954 
sequence_len:  2310
[BertDebug] region_len:  652 
sequence_len:  1263
[BertDebug] region_len:  169 
sequence_len:  3437
[BertDebug] region_len:  707 
sequence_len:  1467
[BertDebug] region_len:  1628 
sequence_len:  3749
[BertDebug] region_len:  270 
sequence_len:  11432
[BertDebug] region_len:  126 
sequence_len:  1699
[BertDebug] region_len:  193 
sequence_len:  1782
[BertDebug] region_len:  1299 
sequence_len:  1299
[BertDebug] region_len:  155 
sequence_len:  1451
[BertDebug] region_len:  162 
sequence_len:  3862
[BertDebug] region_len:  598 
sequence_len:  1737
[BertDebug] region_len:  305 
sequence_len:  1672
[BertDebug] region_len:  224 
sequence_len:  1515
[BertDebug] region_len:  114 
sequence_len:  5881
[BertDebug] region_len:  260 
sequence_len:  4128
[BertDebug] region_len:  1506 
sequence_len:  1506
[BertDebug] region_len:  239 
sequence_len:  1241
[BertDebug] region_len:  711 
sequence_len:  2138
[BertDebug] region_len:  14182 
sequence_len:  14182
[BertDebug] region_len:  623 
sequence_len:  3682
[BertDebug] region_len:  295 
sequence_len:  2578
[BertDebug] region_len:  196 
sequence_len:  1947
[BertDebug] region_len:  150 
sequence_len:  7446
[BertDebug] region_len:  239 
sequence_len:  3754
[BertDebug] region_len:  1392 
sequence_len:  1392
[BertDebug] region_len:  204 
sequence_len:  3312
[BertDebug] region_len:  224 
sequence_len:  1224
[BertDebug] region_len:  1272 
sequence_len:  1272
[BertDebug] region_len:  115 
sequence_len:  2376
[BertDebug] region_len:  966 
sequence_len:  5938
[BertDebug] region_len:  99 
sequence_len:  4313
[BertDebug] region_len:  178 
sequence_len:  1040
[BertDebug] region_len:  5957 
sequence_len:  9462
[BertDebug] region_len:  290 
sequence_len:  4226
[BertDebug] region_len:  172 
sequence_len:  1914
[BertDebug] region_len:  382 
sequence_len:  1959
[BertDebug] region_len:  283 
sequence_len:  3439
[BertDebug] region_len:  1086 
sequence_len:  1086
[BertDebug] region_len:  1190 
sequence_len:  4800
[BertDebug] region_len:  14149 
sequence_len:  14149
[BertDebug] region_len:  242 
sequence_len:  812
[BertDebug] region_len:  221 
sequence_len:  3968
[BertDebug] region_len:  6389 
sequence_len:  7049
[BertDebug] region_len:  1311 
sequence_len:  1311
[BertDebug] region_len:  184 
sequence_len:  599
[BertDebug] region_len:  206 
sequence_len:  4829
[BertDebug] region_len:  294 
sequence_len:  3798
[BertDebug] region_len:  307 
sequence_len:  975
[BertDebug] region_len:  267 
sequence_len:  1577
[BertDebug] region_len:  495 
sequence_len:  4745
[BertDebug] region_len:  361 
sequence_len:  1218
[BertDebug] region_len:  1026 
sequence_len:  1512
[BertDebug] region_len:  161 
sequence_len:  1962
[BertDebug] region_len:  249 
sequence_len:  4437
[BertDebug] region_len:  2346 
sequence_len:  2346
[BertDebug] region_len:  358 
sequence_len:  1537
[BertDebug] region_len:  137 
sequence_len:  3153
[BertDebug] region_len:  207 
sequence_len:  983
[BertDebug] region_len:  368 
sequence_len:  3455
[BertDebug] region_len:  157 
sequence_len:  168
[BertDebug] region_len:  113 
sequence_len:  3567
[BertDebug] region_len:  259 
sequence_len:  4966
[BertDebug] region_len:  216 
sequence_len:  1812
[BertDebug] region_len:  3334 
sequence_len:  6404
[BertDebug] region_len:  213 
sequence_len:  4876
[BertDebug] region_len:  263 
sequence_len:  2304
[BertDebug] region_len:  1092 
sequence_len:  3864
[BertDebug] region_len:  281 
sequence_len:  3666
[BertDebug] region_len:  162 
sequence_len:  4451
[BertDebug] region_len:  323 
sequence_len:  948
[BertDebug] region_len:  200 
sequence_len:  1454
[BertDebug] region_len:  689 
sequence_len:  2058
[BertDebug] region_len:  266 
sequence_len:  3175
[BertDebug] region_len:  330 
sequence_len:  4145
[BertDebug] region_len:  2492 
sequence_len:  4977
[BertDebug] region_len:  287 
sequence_len:  1728
[BertDebug] region_len:  220 
sequence_len:  2760
[BertDebug] region_len:  333 
sequence_len:  2595
[BertDebug] region_len:  350 
sequence_len:  1230
[BertDebug] region_len:  46 
sequence_len:  768
[BertDebug] region_len:  166 
sequence_len:  825
[BertDebug] region_len:  2841 
sequence_len:  2841
[BertDebug] region_len:  417 
sequence_len:  15730
[BertDebug] region_len:  1123 
sequence_len:  4548
[BertDebug] region_len:  157 
sequence_len:  1012
[BertDebug] region_len:  4767 
sequence_len:  8769
[BertDebug] region_len:  288 
sequence_len:  633
[BertDebug] region_len:  182 
sequence_len:  1815
[BertDebug] region_len:  256 
sequence_len:  2973
[BertDebug] region_len:  2060 
sequence_len:  2847
[BertDebug] region_len:  5375 
sequence_len:  5375
[BertDebug] region_len:  235 
sequence_len:  2521
[BertDebug] region_len:  420 
sequence_len:  1903
[BertDebug] region_len:  195 
sequence_len:  195
[BertDebug] region_len:  220 
sequence_len:  9991
[BertDebug] region_len:  253 
sequence_len:  1906
[BertDebug] region_len:  4749 
sequence_len:  6687
[BertDebug] region_len:  556 
sequence_len:  1434
[BertDebug] region_len:  3024 
sequence_len:  3024
[BertDebug] region_len:  777 
sequence_len:  777
[BertDebug] region_len:  378 
sequence_len:  441
[BertDebug] region_len:  1422 
sequence_len:  8429
[BertDebug] region_len:  1110 
sequence_len:  1687
[BertDebug] region_len:  392 
sequence_len:  2036
[BertDebug] region_len:  160 
sequence_len:  2096
[BertDebug] region_len:  185 
sequence_len:  2909
[BertDebug] region_len:  5031 
sequence_len:  5031
[BertDebug] region_len:  143 
sequence_len:  1563
[BertDebug] region_len:  182 
sequence_len:  1947
[BertDebug] region_len:  113 
sequence_len:  5583
[BertDebug] region_len:  78 
sequence_len:  1053
[BertDebug] region_len:  112 
sequence_len:  957
[BertDebug] region_len:  1230 
sequence_len:  1290
[BertDebug] region_len:  739 
sequence_len:  2756
[BertDebug] region_len:  203 
sequence_len:  6627
[BertDebug] region_len:  346 
sequence_len:  3276
{'loss': 7.9546, 'learning_rate': 2.5e-05, 'epoch': 0.0}
[BertDebug] region_len:  17385 
sequence_len:  17385
[BertDebug] region_len:  186 
sequence_len:  999
[BertDebug] region_len:  232 
sequence_len:  2781
[BertDebug] region_len:  214 
sequence_len:  4146
[BertDebug] region_len:  6759 
sequence_len:  6759
[BertDebug] region_len:  3434 
sequence_len:  5316
[BertDebug] region_len:  248 
sequence_len:  20726
[BertDebug] region_len:  1785 
sequence_len:  5839
[BertDebug] region_len:  4804 
sequence_len:  7535
[BertDebug] region_len:  1188 
sequence_len:  1188
[BertDebug] region_len:  525 
sequence_len:  3130
[BertDebug] region_len: [BertDebug] region_len:   4449155  
sequence_len: 
sequence_len:   44491724

[BertDebug] region_len:  1395 
sequence_len:  1395
[BertDebug] region_len:  225 
sequence_len:  3408
[BertDebug] region_len:  6201 
sequence_len:  7960
[BertDebug] region_len:  102 
sequence_len:  4388
[BertDebug] region_len:  909 
sequence_len:  1527
[BertDebug] region_len:  550 
sequence_len:  2939
[BertDebug] region_len:  252 
sequence_len:  3577
[BertDebug] region_len:  225 
sequence_len:  2037
[BertDebug] region_len: [BertDebug] region_len:   2080151  
sequence_len: 
sequence_len:   40391149

[BertDebug] region_len:  696 
sequence_len:  9684
[BertDebug] region_len:  1242 
sequence_len:  2071
[BertDebug] region_len:  2331 
sequence_len:  2331
[BertDebug] region_len:  2187 
sequence_len:  3941
[BertDebug] region_len:  301 
sequence_len:  14555
[BertDebug] region_len:  213 
sequence_len:  878
[BertDebug] region_len:  221 
sequence_len:  6890
[BertDebug] region_len:  287 
sequence_len:  4334
[BertDebug] region_len:  246 
sequence_len:  1506
[BertDebug] region_len:  343 
sequence_len:  1475
[BertDebug] region_len:  302 
sequence_len:  1648
[BertDebug] region_len:  151 
sequence_len:  1758
[BertDebug] region_len:  186 
sequence_len:  2740
[BertDebug] region_len:  109 
sequence_len:  3079
[BertDebug] region_len:  276 
sequence_len:  4302
[BertDebug] region_len:  151 
sequence_len:  1489
[BertDebug] region_len:  536 
sequence_len:  1022
[BertDebug] region_len:  200 
sequence_len:  2896
[BertDebug] region_len:  99 
sequence_len:  4563
[BertDebug] region_len:  2592 
sequence_len:  2592
[BertDebug] region_len:  197 
sequence_len:  2320
[BertDebug] region_len:  325 
sequence_len:  3262
[BertDebug] region_len:  2751 
sequence_len:  3285
[BertDebug] region_len:  95 
sequence_len:  3021
[BertDebug] region_len:  249 
sequence_len:  5609
[BertDebug] region_len:  274 
sequence_len:  2806
[BertDebug] region_len:  2196 
sequence_len:  5605
[BertDebug] region_len:  298 
sequence_len:  1983
[BertDebug] region_len:  210 
sequence_len:  1230
[BertDebug] region_len:  434 
sequence_len:  3220
[BertDebug] region_len:  168 
sequence_len:  1195
[BertDebug] region_len:  253 
sequence_len:  3041
[BertDebug] region_len:  316 
sequence_len:  2718
[BertDebug] region_len:  689 
sequence_len:  3717
[BertDebug] region_len:  260 
sequence_len:  2376
[BertDebug] region_len:  881 
sequence_len:  891
[BertDebug] region_len:  339 
sequence_len:  339
[BertDebug] region_len:  218 
sequence_len:  2634
[BertDebug] region_len:  990 
sequence_len:  990
[BertDebug] region_len:  108 
sequence_len:  2855
[BertDebug] region_len:  178 
sequence_len:  1984
[BertDebug] region_len:  574 
sequence_len:  1278
[BertDebug] region_len:  984 
sequence_len:  984
[BertDebug] region_len:  1278 
sequence_len:  1278
[BertDebug] region_len:  382 
sequence_len:  2766
[BertDebug] region_len:  225 
sequence_len:  3122
[BertDebug] region_len:  1246 
sequence_len:  2277
[BertDebug] region_len:  161 
sequence_len:  3081
[BertDebug] region_len:  633 
sequence_len:  1538
[BertDebug] region_len:  81 
sequence_len:  3798
[BertDebug] region_len:  484 
sequence_len:  3964
[BertDebug] region_len:  4480 
sequence_len:  8276
[BertDebug] region_len:  153 
sequence_len:  1472
[BertDebug] region_len:  242 
sequence_len:  297
[BertDebug] region_len:  218 
sequence_len:  1019
[BertDebug] region_len:  249 
sequence_len:  1509
[BertDebug] region_len:  197 
sequence_len:  1770
[BertDebug] region_len:  937 
sequence_len:  1926
[BertDebug] region_len:  1784 
sequence_len:  1784
[BertDebug] region_len:  183 
sequence_len:  1568
[BertDebug] region_len:  250 
sequence_len:  1074
[BertDebug] region_len:  238 
sequence_len:  2906
[BertDebug] region_len:  2607 
sequence_len:  5667
[BertDebug] region_len:  18 
sequence_len:  2255
[BertDebug] region_len:  115 
sequence_len:  12967
[BertDebug] region_len:  323 
sequence_len:  4704
[BertDebug] region_len:  193 
sequence_len:  1743
[BertDebug] region_len:  4035 
sequence_len:  4035
[BertDebug] region_len:  1177 
sequence_len:  10718
[BertDebug] region_len:  739 
sequence_len:  1686
[BertDebug] region_len:  31 
sequence_len:  2714
[BertDebug] region_len:  368 
sequence_len:  1275
[BertDebug] region_len:  1435 
sequence_len:  2049
[BertDebug] region_len:  129 
sequence_len:  1874
[BertDebug] region_len:  1421 
sequence_len:  3897
[BertDebug] region_len:  172 
sequence_len:  1156
[BertDebug] region_len:  519 
sequence_len:  1987
[BertDebug] region_len:  445 
sequence_len:  1365
[BertDebug] region_len:  636 
sequence_len:  636
[BertDebug] region_len:  218 
sequence_len:  2629
[BertDebug] region_len:  3090 
sequence_len:  6280
[BertDebug] region_len:  269 
sequence_len:  2958
[BertDebug] region_len:  255 
sequence_len:  834
[BertDebug] region_len:  267 
sequence_len:  1329
[BertDebug] region_len:  696 
sequence_len:  696
[BertDebug] region_len:  238 
sequence_len:  4021
[BertDebug] region_len:  351 
sequence_len:  7696
[BertDebug] region_len:  2845 
sequence_len:  8454
[BertDebug] region_len:  227 
sequence_len:  7607
[BertDebug] region_len:  542 
sequence_len:  1348
[BertDebug] region_len:  204 
sequence_len:  3185
[BertDebug] region_len:  541 
sequence_len:  2744
[BertDebug] region_len:  372 
sequence_len:  9940
[BertDebug] region_len:  2341 
sequence_len:  2916
[BertDebug] region_len:  155 
sequence_len:  3927
[BertDebug] region_len:  148 
sequence_len:  5638
[BertDebug] region_len:  2522 
sequence_len:  2645
[BertDebug] region_len:  304 
sequence_len:  5619
[BertDebug] region_len:  283 
sequence_len:  831
[BertDebug] region_len:  463 
sequence_len:  1195
[BertDebug] region_len:  199 
sequence_len:  1767
[BertDebug] region_len:  162 
sequence_len:  3894
[BertDebug] region_len:  409 
sequence_len:  6718
[BertDebug] region_len:  242 
sequence_len:  1224
[BertDebug] region_len:  583 
sequence_len:  1738
[BertDebug] region_len:  210 
sequence_len:  3599
[BertDebug] region_len:  1101 
sequence_len:  1101
[BertDebug] region_len:  518 
sequence_len:  4443
[BertDebug] region_len:  214 
sequence_len:  1852
[BertDebug] region_len:  126 
sequence_len:  1896
[BertDebug] region_len:  157 
sequence_len:  8361
[BertDebug] region_len:  227 
sequence_len:  1793
[BertDebug] region_len:  249 
sequence_len:  1230
[BertDebug] region_len:  1581 
sequence_len:  1581
[BertDebug] region_len:  204 
sequence_len:  2606
[BertDebug] region_len:  625 
sequence_len:  1758
[BertDebug] region_len:  435 
sequence_len:  2541
[BertDebug] region_len:  141 
sequence_len:  2069
[BertDebug] region_len:  1352 
sequence_len:  1352
[BertDebug] region_len:  204 
sequence_len:  1916
[BertDebug] region_len:  190 
sequence_len:  4308
[BertDebug] region_len:  283 
sequence_len:  1992
[BertDebug] region_len:  463 
sequence_len:  5118
[BertDebug] region_len:  304 
sequence_len:  4101
[BertDebug] region_len:  294 
sequence_len:  1476
[BertDebug] region_len:  196 
sequence_len:  1261
[BertDebug] region_len:  157 
sequence_len:  2105
[BertDebug] region_len:  3477 
sequence_len:  3477
[BertDebug] region_len:  1334 
sequence_len:  1815
[BertDebug] region_len:  204 
sequence_len:  2438
[BertDebug] region_len:  91 
sequence_len:  807
[BertDebug] region_len:  283 
sequence_len:  7746
[BertDebug] region_len:  270 
sequence_len:  2134
[BertDebug] region_len:  185 
sequence_len:  1745
[BertDebug] region_len:  933 
sequence_len:  2737
[BertDebug] region_len:  183 
sequence_len:  2113
[BertDebug] region_len:  231 
sequence_len:  640
[BertDebug] region_len:  92 
sequence_len:  1331
[BertDebug] region_len:  1279 
sequence_len:  1360
[BertDebug] region_len:  1856 
sequence_len:  9617
[BertDebug] region_len:  3012 
sequence_len:  3012
[BertDebug] region_len:  323 
sequence_len:  1882
[BertDebug] region_len:  392 
sequence_len:  1700
[BertDebug] region_len:  1474 
sequence_len:  1474
[BertDebug] region_len:  180 
sequence_len:  1753
[BertDebug] region_len:  265 
sequence_len:  1614
[BertDebug] region_len:  1074 
sequence_len:  1074
[BertDebug] region_len:  192 
sequence_len:  3105
[BertDebug] region_len:  1554 
sequence_len:  2021
[BertDebug] region_len:  250 
sequence_len:  1197
[BertDebug] region_len:  1538 
sequence_len:  1581
[BertDebug] region_len:  483 
sequence_len:  483
[BertDebug] region_len:  301 
sequence_len:  3138
[BertDebug] region_len:  9016 
sequence_len:  9831
[BertDebug] region_len:  578 
sequence_len:  969
[BertDebug] region_len:  304 
sequence_len:  2532
[BertDebug] region_len:  297 
sequence_len:  3651
[BertDebug] region_len:  438 
sequence_len:  1033
[BertDebug] region_len:  189 
sequence_len:  1666
[BertDebug] region_len:  963 
sequence_len:  963
[BertDebug] region_len:  214 
sequence_len:  3260
[BertDebug] region_len:  1138 
sequence_len:  1590
[BertDebug] region_len:  262 
sequence_len:  2784
[BertDebug] region_len:  148 
sequence_len:  1857
[BertDebug] region_len:  469 
sequence_len:  1748
[BertDebug] region_len:  326 
sequence_len:  2343
[BertDebug] region_len:  414 
sequence_len:  1743
[BertDebug] region_len:  1518 
sequence_len:  1518
[BertDebug] region_len:  161 
sequence_len:  2603
[BertDebug] region_len:  903 
sequence_len:  903
[BertDebug] region_len:  260 
sequence_len:  1086
[BertDebug] region_len:  138 
sequence_len:  2844
[BertDebug] region_len:  267 
sequence_len:  4249
[BertDebug] region_len:  220 
sequence_len:  4356
[BertDebug] region_len:  344 
sequence_len:  6222
[BertDebug] region_len:  210 
sequence_len:  2633
[BertDebug] region_len:  460 
sequence_len:  651
[BertDebug] region_len:  2910 
sequence_len:  2910
[BertDebug] region_len:  273 
sequence_len:  1908
[BertDebug] region_len:  1047 
sequence_len:  2302
[BertDebug] region_len:  162 
sequence_len:  3289
[BertDebug] region_len:  3029 
sequence_len:  3029
[BertDebug] region_len:  183 
sequence_len:  393
[BertDebug] region_len:  2352 
sequence_len:  4787
[BertDebug] region_len:  528 
sequence_len:  7917
[BertDebug] region_len:  239 
sequence_len:  5817
[BertDebug] region_len:  199 
sequence_len:  1265
[BertDebug] region_len:  882 
sequence_len:  882
[BertDebug] region_len:  164 
sequence_len:  5566
[BertDebug] region_len:  178 
sequence_len:  24666
[BertDebug] region_len:  1620 
sequence_len:  1620
[BertDebug] region_len:  98 
sequence_len:  997
[BertDebug] region_len:  294 
sequence_len:  1514
[BertDebug] region_len:  242 
sequence_len:  2666
[BertDebug] region_len:  281 
sequence_len:  4095
[BertDebug] region_len:  294 
sequence_len:  6115
[BertDebug] region_len:  120 
sequence_len:  809
[BertDebug] region_len:  1485 
sequence_len:  2746
[BertDebug] region_len:  287 
sequence_len:  28546
[BertDebug] region_len:  333 
sequence_len:  2451
[BertDebug] region_len:  280 
sequence_len:  2170
[BertDebug] region_len:  90 
sequence_len:  207
[BertDebug] region_len:  224 
sequence_len:  2060
[BertDebug] region_len:  649 
sequence_len:  12254
[BertDebug] region_len:  635 
sequence_len:  1544
[BertDebug] region_len:  249 
sequence_len:  9388
[BertDebug] region_len:  255 
sequence_len:  3248
[BertDebug] region_len:  382 
sequence_len:  417
[BertDebug] region_len:  207 
sequence_len:  1458
[BertDebug] region_len:  276 
sequence_len:  1849
[BertDebug] region_len:  147 
sequence_len:  4624
[BertDebug] region_len:  2741 
sequence_len:  3354
[BertDebug] region_len:  533 
sequence_len:  7603
[BertDebug] region_len:  316 
sequence_len:  1296
[BertDebug] region_len:  259 
sequence_len:  336
[BertDebug] region_len:  294 
sequence_len:  5305
[BertDebug] region_len:  241 
sequence_len:  621
[BertDebug] region_len:  171 
sequence_len:  538
[BertDebug] region_len:  220 
sequence_len:  3635
[BertDebug] region_len:  379 
sequence_len:  4197
[BertDebug] region_len:  301 
sequence_len:  1376
[BertDebug] region_len:  147 
sequence_len:  603
[BertDebug] region_len:  245 
sequence_len:  1605
[BertDebug] region_len:  241 
sequence_len:  1828
[BertDebug] region_len:  423 
sequence_len:  5940
[BertDebug] region_len:  2037 
sequence_len:  2037
[BertDebug] region_len:  268 
sequence_len:  1931
[BertDebug] region_len:  78 
sequence_len:  4986
[BertDebug] region_len:  220 
sequence_len:  1820
[BertDebug] region_len:  407 
sequence_len:  1593
[BertDebug] region_len:  123 
sequence_len:  1055
[BertDebug] region_len:  125 
sequence_len:  878
[BertDebug] region_len:  330 
sequence_len:  9538
[BertDebug] region_len:  1554 
sequence_len:  1653
[BertDebug] region_len:  193 
sequence_len:  4310
[BertDebug] region_len:  235 
sequence_len:  1323
[BertDebug] region_len:  99 
sequence_len:  1140
[BertDebug] region_len:  260 
sequence_len:  999
[BertDebug] region_len:  497 
sequence_len:  6286
[BertDebug] region_len:  162 
sequence_len:  801
[BertDebug] region_len:  161 
sequence_len:  5183
[BertDebug] region_len:  281 
sequence_len:  4032
[BertDebug] region_len:  141 
sequence_len:  1524
[BertDebug] region_len:  955 
sequence_len:  5106
[BertDebug] region_len:  330 
sequence_len:  5498
[BertDebug] region_len:  197 
sequence_len:  1490
[BertDebug] region_len:  940 
sequence_len:  1500
[BertDebug] region_len:  151 
sequence_len:  1150
[BertDebug] region_len:  217 
sequence_len:  2489
[BertDebug] region_len:  672 
sequence_len:  1842
[BertDebug] region_len:  267 
sequence_len:  1353
[BertDebug] region_len:  419 
sequence_len:  11256
[BertDebug] region_len:  108 
sequence_len:  1756
[BertDebug] region_len:  6458 
sequence_len:  8688
[BertDebug] region_len:  143 
sequence_len:  4116
[BertDebug] region_len:  228 
sequence_len:  16788
[BertDebug] region_len:  237 
sequence_len:  2036
[BertDebug] region_len:  232 
sequence_len:  1908
[BertDebug] region_len:  157 
sequence_len:  3314
[BertDebug] region_len:  218 
sequence_len:  5654
[BertDebug] region_len:  193 
sequence_len:  2748
[BertDebug] region_len:  146 
sequence_len:  1611
[BertDebug] region_len:  246 
sequence_len:  3081
[BertDebug] region_len:  486 
sequence_len:  3482
[BertDebug] region_len:  360 
sequence_len:  474
[BertDebug] region_len:  84 
sequence_len:  662
[BertDebug] region_len:  1038 
sequence_len:  5386
[BertDebug] region_len:  769 
sequence_len:  1092
[BertDebug] region_len:  393 
sequence_len:  3096
[BertDebug] region_len:  1645 
sequence_len:  3906
[BertDebug] region_len:  207 
sequence_len:  1389
[BertDebug] region_len:  186 
sequence_len:  4032
[BertDebug] region_len:  993 
sequence_len:  993
[BertDebug] region_len:  164 
sequence_len:  3904
[BertDebug] region_len:  200 
sequence_len:  1729
[BertDebug] region_len:  2670 
sequence_len:  2670
[BertDebug] region_len:  325 
sequence_len:  3276
[BertDebug] region_len:  357 
sequence_len:  1838
[BertDebug] region_len:  358 
sequence_len:  7696
[BertDebug] region_len:  493 
sequence_len:  15746
[BertDebug] region_len:  277 
sequence_len:  3604
[BertDebug] region_len:  437 
sequence_len:  2821
[BertDebug] region_len:  368 
sequence_len:  3968
[BertDebug] region_len:  238 
sequence_len:  907
[BertDebug] region_len:  94 
sequence_len:  471
[BertDebug] region_len:  266 
sequence_len:  1939
[BertDebug] region_len:  945 
sequence_len:  945
[BertDebug] region_len:  248 
sequence_len:  3417
[BertDebug] region_len:  1680 
sequence_len:  1680
[BertDebug] region_len:  427 
sequence_len:  7257
[BertDebug] region_len:  715 
sequence_len:  4221
[BertDebug] region_len:  172 
sequence_len:  4398
[BertDebug] region_len:  590 
sequence_len:  1446
[BertDebug] region_len:  192 
sequence_len:  2289
[BertDebug] region_len:  129 
sequence_len:  4269
[BertDebug] region_len:  703 
sequence_len:  3366
[BertDebug] region_len:  2614 
sequence_len:  3703
[BertDebug] region_len: {'loss': 7.8095, 'learning_rate': 3.3333333333333335e-05, 'epoch': 0.0}
 232 
sequence_len:  7750
[BertDebug] region_len:  1923 
sequence_len:  1923
[BertDebug] region_len:  812 
sequence_len: [BertDebug] region_len:   2535375
 
sequence_len:  11529
[BertDebug] region_len:  1564 
sequence_len:  3709
[BertDebug] region_len:  920 
sequence_len:  930
[BertDebug] region_len:  1369 
sequence_len: [BertDebug] region_len:   2556672
 
sequence_len:  4060
[BertDebug] region_len:  234 
sequence_len:  8259
[BertDebug] region_len:  340[BertDebug] region_len:   
sequence_len: 3381  3722
sequence_len: 
 4956
[BertDebug] region_len:  172 
sequence_len:  3332
[BertDebug] region_len:  2314 
sequence_len:  3350
[BertDebug] region_len:  281 
sequence_len:  2258
[BertDebug] region_len:  143 
sequence_len:  1039
[BertDebug] region_len:  908 
sequence_len:  2148
[BertDebug] region_len:  6417 
sequence_len:  6417
[BertDebug] region_len:  143 
sequence_len:  2619
[BertDebug] region_len:  256 
sequence_len:  1589
[BertDebug] region_len:  1053 
sequence_len:  1053
[BertDebug] region_len:  85 
sequence_len:  3060
[BertDebug] region_len:  64 
sequence_len:  2645
[BertDebug] region_len:  290 
sequence_len:  2130
[BertDebug] region_len:  8148 
sequence_len:  14982
[BertDebug] region_len:  189 
sequence_len:  714
[BertDebug] region_len:  771 
sequence_len:  5682
[BertDebug] region_len:  1194 
sequence_len:  1194
[BertDebug] region_len:  190 
sequence_len:  4571
[BertDebug] region_len:  169 
sequence_len:  985
[BertDebug] region_len:  403 
sequence_len:  5038
[BertDebug] region_len:  231 
sequence_len:  1343
[BertDebug] region_len:  1205 
sequence_len:  2493
[BertDebug] region_len:  340 
sequence_len:  2406
[BertDebug] region_len:  4917 
sequence_len:  4917
[BertDebug] region_len:  732 
sequence_len:  1197
[BertDebug] region_len:  179 
sequence_len:  7058
[BertDebug] region_len:  325 
sequence_len:  838
[BertDebug] region_len:  521 
sequence_len:  1417
[BertDebug] region_len:  221 
sequence_len:  906
[BertDebug] region_len:  473 
sequence_len:  774
[BertDebug] region_len:  2526 
sequence_len:  3039
[BertDebug] region_len:  210 
sequence_len:  766
[BertDebug] region_len:  735 
sequence_len:  735
[BertDebug] region_len:  1158 
sequence_len:  2055
[BertDebug] region_len:  252 
sequence_len:  2265
[BertDebug] region_len:  1116 
sequence_len:  1116
[BertDebug] region_len:  151 
sequence_len:  2645
[BertDebug] region_len:  234 
sequence_len:  1700
[BertDebug] region_len:  372 
sequence_len:  3865
[BertDebug] region_len:  162 
sequence_len:  3976
[BertDebug] region_len:  1414 
sequence_len:  1935
[BertDebug] region_len:  2409 
sequence_len:  3503
[BertDebug] region_len:  753 
sequence_len:  2236
[BertDebug] region_len:  288 
sequence_len:  1716
[BertDebug] region_len:  190 
sequence_len:  2302
[BertDebug] region_len:  3110 
sequence_len:  3879
[BertDebug] region_len:  227 
sequence_len:  495
[BertDebug] region_len:  155 
sequence_len:  2746
[BertDebug] region_len:  217 
sequence_len:  1968
[BertDebug] region_len:  340 
sequence_len:  1839
[BertDebug] region_len:  9518 
sequence_len:  9518
[BertDebug] region_len:  154 
sequence_len:  1914
[BertDebug] region_len:  270 
sequence_len:  4590
[BertDebug] region_len:  16962 
sequence_len:  16962
[BertDebug] region_len:  165 
sequence_len:  1903
[BertDebug] region_len:  342 
sequence_len:  774
[BertDebug] region_len:  239 
sequence_len:  1284
[BertDebug] region_len:  260 
sequence_len:  1074
[BertDebug] region_len:  7921 
sequence_len:  7921
[BertDebug] region_len:  214 
sequence_len:  1887
[BertDebug] region_len:  1026 
sequence_len:  3717
[BertDebug] region_len:  355 
sequence_len:  732
[BertDebug] region_len:  200 
sequence_len:  1489
[BertDebug] region_len:  246 
sequence_len:  3541
[BertDebug] region_len:  107 
sequence_len:  6108
[BertDebug] region_len:  265 
sequence_len:  1573
[BertDebug] region_len:  1296 
sequence_len:  6621
[BertDebug] region_len:  319 
sequence_len:  2786
[BertDebug] region_len:  298 
sequence_len:  1611
[BertDebug] region_len:  297 
sequence_len:  2342
[BertDebug] region_len:  248 
sequence_len:  2302
[BertDebug] region_len:  123 
sequence_len:  552
[BertDebug] region_len:  4432 
sequence_len:  5622
[BertDebug] region_len:  1038 
sequence_len:  1038
[BertDebug] region_len:  325 
sequence_len:  5077
[BertDebug] region_len:  444 
sequence_len:  1411
[BertDebug] region_len:  8141 
sequence_len:  14982
[BertDebug] region_len:  301 
sequence_len:  1650
[BertDebug] region_len:  112 
sequence_len:  1924
[BertDebug] region_len:  239 
sequence_len:  3376
[BertDebug] region_len:  249 
sequence_len:  2262
[BertDebug] region_len:  170 
sequence_len:  1532
[BertDebug] region_len:  347 
sequence_len:  2119
[BertDebug] region_len:  364 
sequence_len:  1254
[BertDebug] region_len:  382 
sequence_len:  795
[BertDebug] region_len:  158 
sequence_len:  3528
[BertDebug] region_len:  1543 
sequence_len:  2975
[BertDebug] region_len:  1818 
sequence_len:  2169
[BertDebug] region_len:  263 
sequence_len:  2940
[BertDebug] region_len:  226 
sequence_len:  2240
[BertDebug] region_len:  150 
sequence_len:  7710
[BertDebug] region_len:  321 
sequence_len:  1190
[BertDebug] region_len:  1221 
sequence_len:  2670
[BertDebug] region_len:  372 
sequence_len:  1447
[BertDebug] region_len:  206 
sequence_len:  1989
[BertDebug] region_len:  287 
sequence_len:  6154
[BertDebug] region_len:  358 
sequence_len:  1812
[BertDebug] region_len:  210 
sequence_len:  4461
[BertDebug] region_len:  241 
sequence_len:  4185
[BertDebug] region_len:  242 
sequence_len:  4524
[BertDebug] region_len:  619 
sequence_len:  1221
[BertDebug] region_len:  809 
sequence_len:  1814
[BertDebug] region_len:  343 
sequence_len:  1473
[BertDebug] region_len:  421 
sequence_len:  2420
[BertDebug] region_len:  273 
sequence_len:  3115
[BertDebug] region_len:  382 
sequence_len:  8102
[BertDebug] region_len:  18 
sequence_len:  1798
[BertDebug] region_len:  232 
sequence_len:  2683
[BertDebug] region_len:  220 
sequence_len:  3456
[BertDebug] region_len:  311 
sequence_len:  14445
[BertDebug] region_len:  52 
sequence_len:  4810
[BertDebug] region_len:  330 
sequence_len:  8566
[BertDebug] region_len:  4101 
sequence_len:  4101
[BertDebug] region_len:  190 
sequence_len:  3568
[BertDebug] region_len:  318 
sequence_len:  2191
[BertDebug] region_len:  561 
sequence_len:  4442
[BertDebug] region_len:  295 
sequence_len:  1326
[BertDebug] region_len:  227 
sequence_len:  2053
[BertDebug] region_len:  205 
sequence_len:  1068
[BertDebug] region_len:  371 
sequence_len:  1769
[BertDebug] region_len:  241 
sequence_len:  1527
[BertDebug] region_len:  228 
sequence_len:  9683
[BertDebug] region_len:  130 
sequence_len:  3996
[BertDebug] region_len:  253 
sequence_len:  5240
[BertDebug] region_len:  179 
sequence_len:  3395
[BertDebug] region_len:  319 
sequence_len:  5638
[BertDebug] region_len:  199 
sequence_len:  7808
[BertDebug] region_len:  408 
sequence_len:  408
[BertDebug] region_len:  238 
sequence_len:  30667
[BertDebug] region_len:  346 
sequence_len:  6633
[BertDebug] region_len:  375 
sequence_len:  2642
[BertDebug] region_len:  33 
sequence_len:  4953
[BertDebug] region_len:  198 
sequence_len:  1700
[BertDebug] region_len:  449 
sequence_len:  1305
[BertDebug] region_len:  225 
sequence_len:  6421
[BertDebug] region_len:  735 
sequence_len:  4268
[BertDebug] region_len:  4287 
sequence_len:  4287
[BertDebug] region_len:  318 
sequence_len:  11655
[BertDebug] region_len:  311 
sequence_len:  1275
[BertDebug] region_len:  3100 
sequence_len:  3483
[BertDebug] region_len:  61 
sequence_len:  1013
[BertDebug] region_len:  342 
sequence_len:  1134
[BertDebug] region_len:  127 
sequence_len:  828
[BertDebug] region_len:  466 
sequence_len:  1943
[BertDebug] region_len:  1941 
sequence_len:  1941
[BertDebug] region_len:  441 
sequence_len:  441
[BertDebug] region_len:  4077 
sequence_len:  4077
[BertDebug] region_len:  1289 
sequence_len:  1713
[BertDebug] region_len:  309 
sequence_len:  2570
[BertDebug] region_len:  171 
sequence_len:  1824
[BertDebug] region_len:  196 
sequence_len:  1551
[BertDebug] region_len:  1750 
sequence_len:  1974
[BertDebug] region_len:  218 
sequence_len:  1725
[BertDebug] region_len:  325 
sequence_len:  6243
[BertDebug] region_len:  304 
sequence_len:  10700
[BertDebug] region_len:  371 
sequence_len:  12393
[BertDebug] region_len:  640 
sequence_len:  2253
[BertDebug] region_len:  217 
sequence_len:  2919
[BertDebug] region_len:  273 
sequence_len:  6958
[BertDebug] region_len:  277 
sequence_len:  1110
[BertDebug] region_len:  106 
sequence_len:  2382
[BertDebug] region_len:  438 
sequence_len:  2660
[BertDebug] region_len:  168 
sequence_len:  921
[BertDebug] region_len:  85 
sequence_len:  6029
[BertDebug] region_len:  2583 
sequence_len:  2583
[BertDebug] region_len:  1542 
sequence_len:  1542
[BertDebug] region_len:  183 
sequence_len:  6421
[BertDebug] region_len:  318 
sequence_len:  2864
[BertDebug] region_len:  465 
sequence_len:  2535
[BertDebug] region_len:  266 
sequence_len:  1793
[BertDebug] region_len:  220 
sequence_len:  3540
[BertDebug] region_len:  521 
sequence_len:  2485
[BertDebug] region_len:  231 
sequence_len:  5841
[BertDebug] region_len:  309 
sequence_len:  1277
[BertDebug] region_len:  162 
sequence_len:  9640
[BertDebug] region_len:  193 
sequence_len:  1838
[BertDebug] region_len:  365 
sequence_len:  8390
[BertDebug] region_len:  318 
sequence_len:  704
[BertDebug] region_len:  934 
sequence_len:  1995
[BertDebug] region_len:  427 
sequence_len:  2046
[BertDebug] region_len:  483 
sequence_len:  6178
[BertDebug] region_len:  388 
sequence_len:  1438
[BertDebug] region_len:  1884 
sequence_len:  1884
[BertDebug] region_len:  361 
sequence_len:  3772
[BertDebug] region_len:  71 
sequence_len:  1117
[BertDebug] region_len:  504 
sequence_len:  604
[BertDebug] region_len:  367 
sequence_len:  3049
[BertDebug] region_len:  220 
sequence_len:  3912
[BertDebug] region_len:  645 
sequence_len:  1431
[BertDebug] region_len:  284 
sequence_len:  2074
[BertDebug] region_len:  566 
sequence_len:  1795
[BertDebug] region_len:  164 
sequence_len:  2742
[BertDebug] region_len:  554 
sequence_len:  1286
[BertDebug] region_len:  676 
sequence_len:  5453
[BertDebug] region_len:  361 
sequence_len:  2145
[BertDebug] region_len:  386 
sequence_len:  1816
[BertDebug] region_len:  774 
sequence_len:  5605
[BertDebug] region_len:  253 
sequence_len:  1218
[BertDebug] region_len:  264 
sequence_len:  810
[BertDebug] region_len:  280 
sequence_len:  6204
[BertDebug] region_len:  206 
sequence_len:  1257
[BertDebug] region_len:  220 
sequence_len:  817
[BertDebug] region_len:  189 
sequence_len:  1286
[BertDebug] region_len:  221 
sequence_len:  4120
[BertDebug] region_len:  122 
sequence_len:  1432
[BertDebug] region_len:  284 
sequence_len:  1970
[BertDebug] region_len:  295 
sequence_len:  1689
[BertDebug] region_len:  2633 
sequence_len:  6075
[BertDebug] region_len:  291 
sequence_len:  1539
[BertDebug] region_len:  168 
sequence_len:  1161
[BertDebug] region_len:  1062 
sequence_len:  1782
[BertDebug] region_len:  122 
sequence_len:  868
[BertDebug] region_len:  182 
sequence_len:  838
[BertDebug] region_len:  255 
sequence_len:  2034
[BertDebug] region_len:  2139 
sequence_len:  2139
[BertDebug] region_len:  197 
sequence_len:  15114
[BertDebug] region_len:  140 
sequence_len:  3554
[BertDebug] region_len:  2928 
sequence_len:  3306
[BertDebug] region_len:  358 
sequence_len:  6750
[BertDebug] region_len:  276 
sequence_len:  642
[BertDebug] region_len:  242 
sequence_len:  2082
[BertDebug] region_len:  301 
sequence_len:  1777
[BertDebug] region_len:  333 
sequence_len:  2208
[BertDebug] region_len:  801 
sequence_len:  1419
[BertDebug] region_len:  77 
sequence_len:  5960
[BertDebug] region_len:  3779 
sequence_len:  4077
[BertDebug] region_len:  298 
sequence_len:  3431
[BertDebug] region_len:  1787 
sequence_len:  1787
[BertDebug] region_len:  157 
sequence_len:  484
[BertDebug] region_len:  196 
sequence_len:  1773
[BertDebug] region_len:  347 
sequence_len:  455
[BertDebug] region_len:  225 
sequence_len:  6608
[BertDebug] region_len:  266 
sequence_len:  3641
[BertDebug] region_len:  245 
sequence_len:  5955
[BertDebug] region_len:  231 
sequence_len:  1503
[BertDebug] region_len:  559 
sequence_len:  2195
[BertDebug] region_len:  88 
sequence_len:  357
[BertDebug] region_len:  297 
sequence_len:  619
[BertDebug] region_len:  983 
sequence_len:  2420
[BertDebug] region_len:  165 
sequence_len:  3483
[BertDebug] region_len:  95 
sequence_len:  1755
[BertDebug] region_len:  262 
sequence_len:  11693
[BertDebug] region_len:  6496 
sequence_len:  8688
[BertDebug] region_len:  1433 
sequence_len:  3950
[BertDebug] region_len:  214 
sequence_len:  1136
[BertDebug] region_len:  301 
sequence_len:  6721
[BertDebug] region_len:  211 
sequence_len:  2235
[BertDebug] region_len:  386 
sequence_len:  2154
[BertDebug] region_len:  2146 
sequence_len:  4227
[BertDebug] region_len:  281 
sequence_len:  2669
[BertDebug] region_len:  308 
sequence_len:  1266
[BertDebug] region_len:  702 
sequence_len:  912
[BertDebug] region_len:  242 
sequence_len:  7461
[BertDebug] region_len:  109 
sequence_len:  3661
[BertDebug] region_len:  123 
sequence_len:  1170
[BertDebug] region_len:  151 
sequence_len:  1801
[BertDebug] region_len:  270 
sequence_len:  3075
[BertDebug] region_len:  4305 
sequence_len:  4305
[BertDebug] region_len:  102 
sequence_len:  2796
[BertDebug] region_len:  165 
sequence_len:  1517
[BertDebug] region_len:  203 
sequence_len:  831
[BertDebug] region_len:  14711 
sequence_len:  20726
[BertDebug] region_len:  297 
sequence_len:  1735
[BertDebug] region_len:  245 
sequence_len:  1668
[BertDebug] region_len:  39 
sequence_len:  4005
[BertDebug] region_len:  294 
sequence_len:  6393
[BertDebug] region_len:  206 
sequence_len:  3283
[BertDebug] region_len:  337 
sequence_len:  5517
[BertDebug] region_len:  8290 
sequence_len:  14982
[BertDebug] region_len:  386 
sequence_len:  3671
[BertDebug] region_len:  16254 
sequence_len:  16254
[BertDebug] region_len:  242 
sequence_len:  4863
[BertDebug] region_len:  634 
sequence_len:  1284
[BertDebug] region_len:  430 
sequence_len:  6562
[BertDebug] region_len:  88 
sequence_len:  810
[BertDebug] region_len:  75 
sequence_len:  1002
[BertDebug] region_len:  97 
sequence_len:  1967
[BertDebug] region_len:  2661 
sequence_len:  2959
[BertDebug] region_len:  3474 
sequence_len:  3474
[BertDebug] region_len:  185 
sequence_len:  3546
[BertDebug] region_len:  3024 
sequence_len:  3024
[BertDebug] region_len:  137 
sequence_len:  3408
[BertDebug] region_len:  981 
sequence_len:  2241
[BertDebug] region_len:  220 
sequence_len:  1920
[BertDebug] region_len:  66 
sequence_len:  1517
[BertDebug] region_len:  2547 
sequence_len:  2547
[BertDebug] region_len:  175 
sequence_len:  5524
[BertDebug] region_len:  312 
sequence_len:  4207
[BertDebug] region_len:  3024 
sequence_len:  3024
[BertDebug] region_len:  288 
sequence_len:  6890
[BertDebug] region_len:  1335 
sequence_len:  1656
[BertDebug] region_len:  176 
sequence_len:  5892
[BertDebug] region_len:  322 
sequence_len:  10639
[BertDebug] region_len:  1241 
sequence_len:  2721
[BertDebug] region_len:  260 
sequence_len:  2932
[BertDebug] region_len:  1118 
sequence_len:  1707
[BertDebug] region_len:  186 
sequence_len:  4990
[BertDebug] region_len:  351 
sequence_len:  4180
[BertDebug] region_len:  620 
sequence_len:  3879
[BertDebug] region_len:  207 
sequence_len:  1011
[BertDebug] region_len:  1035 
sequence_len:  1035
[BertDebug] region_len:  213 
sequence_len:  515
[BertDebug] region_len:  126 
sequence_len:  1593
[BertDebug] region_len:  263 
sequence_len:  963
[BertDebug] region_len:  162 
sequence_len:  542
[BertDebug] region_len:  815 
sequence_len:  2729
[BertDebug] region_len:  207 
sequence_len:  1389
[BertDebug] region_len:  290 
sequence_len:  2115
[BertDebug] region_len:  1882 
sequence_len:  2145
[BertDebug] region_len:  697 
sequence_len:  864
[BertDebug] region_len: {'loss': 7.6345, 'learning_rate': 4.1666666666666665e-05, 'epoch': 0.0}
 1335 
sequence_len:  1335
[BertDebug] region_len:  364 
sequence_len:  1275
[BertDebug] region_len:  241 
sequence_len:  2209
[BertDebug] region_len:  367 
sequence_len:  1896
[BertDebug] region_len:  848 
sequence_len:  1559
[BertDebug] region_len:  241 
sequence_len:  2854
[BertDebug] region_len:  262 
sequence_len:  2406
[BertDebug] region_len:  143 
sequence_len:  582
[BertDebug] region_len:  295 
sequence_len:  3372
[BertDebug] region_len:  162 
sequence_len:  2327
[BertDebug] region_len:  277 
sequence_len:  2548
[BertDebug] region_len:  182 
sequence_len:  2583
[BertDebug] region_len:  238 
sequence_len:  1671
[BertDebug] region_len:  206 
sequence_len:  3718
[BertDebug] region_len:  262 
sequence_len:  2420
[BertDebug] region_len:  451 
sequence_len:  1637
[BertDebug] region_len:  1041 
sequence_len:  4829
[BertDebug] region_len:  357 
sequence_len:  1616
[BertDebug] region_len:  252 
sequence_len:  2973
[BertDebug] region_len:  283 
sequence_len:  9651
[BertDebug] region_len:  939 
sequence_len:  1827
[BertDebug] region_len:  87 
sequence_len:  960
[BertDebug] region_len:  350 
sequence_len:  5196
[BertDebug] region_len:  381 
sequence_len:  1735
[BertDebug] region_len:  178 
sequence_len:  1257
[BertDebug] region_len:  206 
sequence_len: [BertDebug] region_len:   5232942
 
sequence_len:  942
[BertDebug] region_len:  298 
sequence_len:  1897
[BertDebug] region_len:  462 
sequence_len:  2142
[BertDebug] region_len:  199 
sequence_len:  9631
[BertDebug] region_len:  1760 
sequence_len:  8583
[BertDebug] region_len:  291 
sequence_len:  30667
[BertDebug] region_len:  276 
sequence_len:  2943
[BertDebug] region_len:  274 
sequence_len:  1313
[BertDebug] region_len:  385 
sequence_len:  4799
[BertDebug] region_len:  267 
sequence_len:  2514
[BertDebug] region_len:  220 
sequence_len:  1995
[BertDebug] region_len:  221 
sequence_len:  3004
[BertDebug] region_len:  440 
sequence_len:  1290
[BertDebug] region_len:  1895 
sequence_len:  2025
[BertDebug] region_len:  249 
sequence_len:  5121
[BertDebug] region_len:  29935 
sequence_len:  114586
[BertDebug] region_len:  1449 
sequence_len:  1449
[BertDebug] region_len:  567 
sequence_len:  5043
[BertDebug] region_len:  2592 
sequence_len:  2592
[BertDebug] region_len:  374 
sequence_len:  14160
[BertDebug] region_len:  164 
sequence_len:  3228
[BertDebug] region_len:  179 
sequence_len:  5351
[BertDebug] region_len:  269 
sequence_len:  4830
[BertDebug] region_len:  367[BertDebug] region_len:   
sequence_len: 750  2880
sequence_len: 
 750
[BertDebug] region_len:  1565 
sequence_len:  1565
[BertDebug] region_len:  392 
sequence_len:  1475
[BertDebug] region_len:  1047 
sequence_len:  1585
[BertDebug] region_len:  216 
sequence_len:  4252
[BertDebug] region_len:  929 
sequence_len:  2043
[BertDebug] region_len:  497 
sequence_len:  2164
[BertDebug] region_len:  196 
sequence_len: [BertDebug] region_len:   32762842
 
sequence_len:  4390
[BertDebug] region_len:  326 
sequence_len:  1834
[BertDebug] region_len:  176 
sequence_len:  739
[BertDebug] region_len:  2113 
sequence_len:  2412
[BertDebug] region_len:  276 
sequence_len:  950
[BertDebug] region_len:  217 
sequence_len:  1185
[BertDebug] region_len:  107 
sequence_len:  664
[BertDebug] region_len:  441 
sequence_len:  2207
[BertDebug] region_len:  281 
sequence_len:  1512
[BertDebug] region_len:  210 
sequence_len:  1464
[BertDebug] region_len:  549 
sequence_len:  1830
[BertDebug] region_len:  99 
sequence_len:  1000
[BertDebug] region_len:  642 
sequence_len:  667
[BertDebug] region_len:  822 
sequence_len:  3727
[BertDebug] region_len:  151 
sequence_len:  1194
[BertDebug] region_len:  602 
sequence_len:  651
[BertDebug] region_len:  8550 
sequence_len:  8550
[BertDebug] region_len:  909 
sequence_len:  2092
[BertDebug] region_len:  129 
sequence_len:  1355
[BertDebug] region_len:  500 
sequence_len:  2229
[BertDebug] region_len:  120 
sequence_len:  4837
[BertDebug] region_len:  493 
sequence_len:  1430
[BertDebug] region_len:  141 
sequence_len:  2258
[BertDebug] region_len:  279 
sequence_len:  873
[BertDebug] region_len:  248 
sequence_len:  1743[BertDebug] region_len: 
 2486 
sequence_len:  7960
[BertDebug] region_len:  452 
sequence_len:  2864
[BertDebug] region_len:  78 
sequence_len:  3021
[BertDebug] region_len:  2789 
sequence_len:  2789
[BertDebug] region_len:  354 
sequence_len:  1029
[BertDebug] region_len:  206 
sequence_len:  2265
[BertDebug] region_len:  442 
sequence_len:  1350
[BertDebug] region_len:  224 
sequence_len:  5040
[BertDebug] region_len:  1208 
sequence_len:  2577
[BertDebug] region_len:  1059 
sequence_len:  1059
[BertDebug] region_len:  1766 
sequence_len:  2673
[BertDebug] region_len:  2312 
sequence_len:  2312
[BertDebug] region_len:  1704 
sequence_len:  3424
[BertDebug] region_len:  25 
sequence_len:  2267
[BertDebug] region_len:  903 
sequence_len:  1336
[BertDebug] region_len:  379 
sequence_len:  1491
[BertDebug] region_len:  137 
sequence_len:  1681
[BertDebug] region_len:  930 
sequence_len:  3120
[BertDebug] region_len:  497 
sequence_len:  2850
[BertDebug] region_len:  14285 
sequence_len:  20726
[BertDebug] region_len:  242 
sequence_len:  762
[BertDebug] region_len:  4042 
sequence_len:  8916
[BertDebug] region_len:  771 
sequence_len:  3324
[BertDebug] region_len:  1680 
sequence_len:  1680
[BertDebug] region_len:  220 
sequence_len:  7058
[BertDebug] region_len:  3222 
sequence_len:  3222
[BertDebug] region_len:  287 
sequence_len:  3372
[BertDebug] region_len:  182 
sequence_len:  4944
[BertDebug] region_len:  221 
sequence_len:  1912
[BertDebug] region_len:  1533 
sequence_len:  1533
[BertDebug] region_len:  217 
sequence_len:  6441
[BertDebug] region_len:  581 
sequence_len:  1350
[BertDebug] region_len:  158 
sequence_len:  3134
[BertDebug] region_len:  262 
sequence_len:  24666
[BertDebug] region_len:  339 
sequence_len:  6726
[BertDebug] region_len:  294 
sequence_len:  1428
[BertDebug] region_len:  183 
sequence_len:  1839
[BertDebug] region_len:  1653 
sequence_len:  5898
[BertDebug] region_len:  1006 
sequence_len:  1224
[BertDebug] region_len:  178 
sequence_len:  9991
[BertDebug] region_len:  415 
sequence_len:  6890
[BertDebug] region_len:  193 
sequence_len:  1635
[BertDebug] region_len:  817 
sequence_len:  4057
[BertDebug] region_len:  1054 
sequence_len:  9388
[BertDebug] region_len:  189 
sequence_len:  2781
[BertDebug] region_len:  277 
sequence_len:  1263
[BertDebug] region_len:  16164 
sequence_len:  16962
[BertDebug] region_len:  253 
sequence_len:  5981
[BertDebug] region_len:  104 
sequence_len:  1002
[BertDebug] region_len:  243 
sequence_len:  1469
[BertDebug] region_len:  115 
sequence_len:  1419
[BertDebug] region_len:  185 
sequence_len:  1792
[BertDebug] region_len:  309 
sequence_len:  4458
[BertDebug] region_len:  531 
sequence_len:  789
[BertDebug] region_len:  221 
sequence_len:  1501
[BertDebug] region_len:  512 
sequence_len:  2746
[BertDebug] region_len:  318 
sequence_len:  3054
[BertDebug] region_len:  91 
sequence_len:  2235
[BertDebug] region_len:  2758 
sequence_len:  3139
[BertDebug] region_len:  344 
sequence_len:  344
[BertDebug] region_len:  588 
sequence_len:  1180
[BertDebug] region_len:  311 
sequence_len:  1838
[BertDebug] region_len:  96 
sequence_len:  1915
[BertDebug] region_len:  318 
sequence_len:  1551
[BertDebug] region_len:  483 
sequence_len:  1854
[BertDebug] region_len:  1232 
sequence_len:  5182
[BertDebug] region_len:  535 
sequence_len:  8330
[BertDebug] region_len:  175 
sequence_len:  14976
[BertDebug] region_len:  197 
sequence_len:  1653
[BertDebug] region_len:  1804 
sequence_len:  1804
[BertDebug] region_len:  3096 
sequence_len:  3096
[BertDebug] region_len:  272 
sequence_len:  837
[BertDebug] region_len:  158 
sequence_len:  1876
[BertDebug] region_len:  2149 
sequence_len:  2149
[BertDebug] region_len:  241 
sequence_len:  1456
[BertDebug] region_len:  146 
sequence_len:  2051
[BertDebug] region_len:  290 
sequence_len:  3567
[BertDebug] region_len:  505 
sequence_len:  2343
[BertDebug] region_len:  297 
sequence_len:  9159
[BertDebug] region_len:  585 
sequence_len:  5808
[BertDebug] region_len:  783 
sequence_len:  783
[BertDebug] region_len:  294 
sequence_len:  2655
[BertDebug] region_len:  350 
sequence_len:  9020
[BertDebug] region_len:  1935 
sequence_len:  1935
[BertDebug] region_len:  113 
sequence_len:  1103
[BertDebug] region_len:  171 
sequence_len:  1908
[BertDebug] region_len:  330 
sequence_len:  1866
[BertDebug] region_len:  4074 
sequence_len:  4074
[BertDebug] region_len:  588 
sequence_len:  1170
[BertDebug] region_len:  318 
sequence_len:  1606
[BertDebug] region_len:  291 
sequence_len:  4773
[BertDebug] region_len:  224 
sequence_len:  2824
[BertDebug] region_len:  263 
sequence_len:  5274
[BertDebug] region_len:  2274 
sequence_len:  3437
[BertDebug] region_len:  421 
sequence_len:  510
[BertDebug] region_len:  249 
sequence_len:  2712
[BertDebug] region_len:  211 
sequence_len:  7704
[BertDebug] region_len:  343 
sequence_len:  1039
[BertDebug] region_len:  385 
sequence_len:  3423
[BertDebug] region_len:  525 
sequence_len:  1036
[BertDebug] region_len:  555 
sequence_len:  1194
[BertDebug] region_len:  186 
sequence_len:  1204
[BertDebug] region_len:  177 
sequence_len:  742
[BertDebug] region_len:  182 
sequence_len:  1780
[BertDebug] region_len:  241 
sequence_len:  6417
[BertDebug] region_len:  200 
sequence_len:  857
[BertDebug] region_len:  4533 
sequence_len:  4533
[BertDebug] region_len:  965 
sequence_len:  1233
[BertDebug] region_len:  214 
sequence_len:  6690
[BertDebug] region_len:  663 
sequence_len:  1693
[BertDebug] region_len: [BertDebug] region_len:   210134  
sequence_len: 
sequence_len:   22462280

[BertDebug] region_len:  [BertDebug] region_len: 158  358
sequence_len:   
sequence_len: 2115 
1341
[BertDebug] region_len:  512 
sequence_len:  1359
[BertDebug] region_len:  309 
sequence_len:  11693
[BertDebug] region_len:  84 
sequence_len:  1150
[BertDebug] region_len:  312 
sequence_len:  9020
[BertDebug] region_len:  2391 
sequence_len:  2391
[BertDebug] region_len:  78 
sequence_len:  4965
[BertDebug] region_len:  276 
sequence_len:  3398
[BertDebug] region_len:  101 
sequence_len:  2217
[BertDebug] region_len:  494 
sequence_len:  1972
[BertDebug] region_len:  462 
sequence_len:  3897
[BertDebug] region_len:  644 
sequence_len:  2645
[BertDebug] region_len:  318 
sequence_len:  4336
[BertDebug] region_len:  235 
sequence_len:  2609
[BertDebug] region_len:  350 
sequence_len:  6585
[BertDebug] region_len:  738 
sequence_len:  1728
[BertDebug] region_len:  2549 
sequence_len:  2985
[BertDebug] region_len:  5116 
sequence_len:  5802
[BertDebug] region_len:  994 
sequence_len:  1642
[BertDebug] region_len:  123 
sequence_len:  2040
[BertDebug] region_len:  224 
sequence_len:  667
[BertDebug] region_len:  171 
sequence_len:  5232
[BertDebug] region_len:  6721 
sequence_len:  6721
[BertDebug] region_len:  1719 
sequence_len:  1719
[BertDebug] region_len:  1779 
sequence_len:  1779
[BertDebug] region_len:  242 
sequence_len:  1494
[BertDebug] region_len:  1356 
sequence_len:  2055
[BertDebug] region_len:  305 
sequence_len:  4218
[BertDebug] region_len:  191 
sequence_len:  1727
[BertDebug] region_len:  382 
sequence_len:  8257
[BertDebug] region_len:  290 
sequence_len:  1317
[BertDebug] region_len:  833 
sequence_len:  2209
[BertDebug] region_len:  252 
sequence_len:  1758
[BertDebug] region_len:  197 
sequence_len:  2316
[BertDebug] region_len:  1134 
sequence_len:  1134
[BertDebug] region_len:  3936 
sequence_len:  3936
[BertDebug] region_len:  2158 
sequence_len:  2310
[BertDebug] region_len:  105 
sequence_len:  1567
[BertDebug] region_len:  197 
sequence_len:  7946
[BertDebug] region_len:  198 
sequence_len:  2211
[BertDebug] region_len:  1009 
sequence_len:  6770
[BertDebug] region_len:  933 
sequence_len:  933
[BertDebug] region_len:  274 
sequence_len:  1392
[BertDebug] region_len:  171 
sequence_len:  2237
[BertDebug] region_len:  459 
sequence_len:  1803
[BertDebug] region_len:  267 
sequence_len:  2738
[BertDebug] region_len:  295 
sequence_len:  2473
[BertDebug] region_len:  325 
sequence_len:  1983
[BertDebug] region_len:  5538 
sequence_len:  6745
[BertDebug] region_len:  248 
sequence_len:  1781
[BertDebug] region_len:  256 
sequence_len:  3021
[BertDebug] region_len:  280 
sequence_len:  768
[BertDebug] region_len:  189 
sequence_len:  4944
[BertDebug] region_len:  597 
sequence_len:  597
[BertDebug] region_len:  351 
sequence_len:  7603
[BertDebug] region_len:  176 
sequence_len:  14539
[BertDebug] region_len:  190 
sequence_len:  4435
[BertDebug] region_len:  1706 
sequence_len:  2077
[BertDebug] region_len:  333 
sequence_len:  3895
[BertDebug] region_len:  1482 
sequence_len:  1561
[BertDebug] region_len:  347 
sequence_len:  9640
[BertDebug] region_len:  176 
sequence_len:  3541
[BertDebug] region_len:  6798 
sequence_len:  6798
[BertDebug] region_len:  171 
sequence_len:  5412
[BertDebug] region_len:  2040 
sequence_len:  2070
[BertDebug] region_len:  259 
sequence_len:  2939
[BertDebug] region_len:  270 
sequence_len:  3028
[BertDebug] region_len:  162 
sequence_len:  2058
[BertDebug] region_len:  127 
sequence_len:  1269
[BertDebug] region_len:  201 
sequence_len:  2128
[BertDebug] region_len:  300 
sequence_len:  851
[BertDebug] region_len:  933 
sequence_len:  2511
[BertDebug] region_len:  416 
sequence_len:  1800
[BertDebug] region_len:  16164 
sequence_len:  16164
[BertDebug] region_len:  249 
sequence_len:  15962
[BertDebug] region_len:  155 
sequence_len:  1311
[BertDebug] region_len:  916 
sequence_len:  1680
[BertDebug] region_len:  220 
sequence_len:  7560
[BertDebug] region_len:  3168 
sequence_len:  3483
[BertDebug] region_len:  239 
sequence_len:  759
[BertDebug] region_len:  199 
sequence_len:  2406
[BertDebug] region_len:  354 
sequence_len:  1188
[BertDebug] region_len:  305 
sequence_len:  2714
[BertDebug] region_len:  173 
sequence_len:  1270
[BertDebug] region_len:  284 
sequence_len:  2286
[BertDebug] region_len:  325 
sequence_len:  4203
[BertDebug] region_len:  322 
sequence_len:  1971
[BertDebug] region_len:  260 
sequence_len:  3341
[BertDebug] region_len:  210 
sequence_len:  3738
[BertDebug] region_len:  924 
sequence_len:  2554
[BertDebug] region_len:  150 
sequence_len:  4317
[BertDebug] region_len:  141 
sequence_len:  4384
[BertDebug] region_len:  115 
sequence_len:  1980
[BertDebug] region_len:  1404 
sequence_len:  2052
[BertDebug] region_len:  2718 
sequence_len:  2718
[BertDebug] region_len:  207 
sequence_len:  7272
[BertDebug] region_len:  837 
sequence_len:  3807
[BertDebug] region_len:  887 
sequence_len:  1734
[BertDebug] region_len:  287 
sequence_len:  2310
[BertDebug] region_len:  4505 
sequence_len:  4791
[BertDebug] region_len:  190 
sequence_len:  1152
[BertDebug] region_len:  361 
sequence_len:  3688
[BertDebug] region_len:  668 
sequence_len:  3825
[BertDebug] region_len:  193 
sequence_len:  3350
[BertDebug] region_len:  459 
sequence_len:  5622
[BertDebug] region_len:  1247 
sequence_len:  4034
[BertDebug] region_len:  4029 
sequence_len:  4029
[BertDebug] region_len:  540 
sequence_len:  4356
[BertDebug] region_len:  554 
sequence_len:  5412
[BertDebug] region_len:  189 
sequence_len:  1398
[BertDebug] region_len:  89 
sequence_len:  1034
[BertDebug] region_len:  259 
sequence_len:  1306
[BertDebug] region_len:  304 
sequence_len:  1651
[BertDebug] region_len:  3091 
sequence_len:  9651
[BertDebug] region_len:  267 
sequence_len:  2257
[BertDebug] region_len:  190 
sequence_len:  2856
[BertDebug] region_len:  239 
sequence_len:  2720
[BertDebug] region_len:  2085 
sequence_len:  2085
[BertDebug] region_len:  208 
sequence_len:  1744
[BertDebug] region_len:  1512 
sequence_len:  1512
[BertDebug] region_len:  655 
sequence_len:  1356
[BertDebug] region_len:  1149 
sequence_len:  1320
[BertDebug] region_len:  498 
sequence_len:  2034
[BertDebug] region_len:  2169 
sequence_len:  2169
[BertDebug] region_len:  113 
sequence_len:  1409
[BertDebug] region_len:  1050 
sequence_len:  2059{'loss': 7.5237, 'learning_rate': 5e-05, 'epoch': 0.0}

[BertDebug] region_len:  227 
sequence_len:  658
[BertDebug] region_len:  269 
sequence_len:  2954
[BertDebug] region_len:  465 
sequence_len:  2378
[BertDebug] region_len:  252 
sequence_len:  15746
[BertDebug] region_len:  2336 
sequence_len:  4799
[BertDebug] region_len:  162 
sequence_len:  1113
[BertDebug] region_len:  228 
sequence_len:  1431
[BertDebug] region_len:  8343 
sequence_len:  14982
[BertDebug] region_len:  336 
sequence_len:  2636
[BertDebug] region_len:  157 
sequence_len:  1547
[BertDebug] region_len:  473 
sequence_len:  8276
[BertDebug] region_len:  199 
sequence_len:  12795
[BertDebug] region_len:  248 
sequence_len:  2701
[BertDebug] region_len:  1435 
sequence_len:  1596
[BertDebug] region_len:  221 
sequence_len:  9584
[BertDebug] region_len:  1890 
sequence_len:  9768
[BertDebug] region_len:  312 
sequence_len:  8010
[BertDebug] region_len:  885 
sequence_len:  7530
[BertDebug] region_len:  501 
sequence_len:  775
[BertDebug] region_len:  186 
sequence_len:  722
[BertDebug] region_len:  329 
sequence_len:  1184
[BertDebug] region_len:  1796 
sequence_len:  1796
[BertDebug] region_len:  385 
sequence_len:  1459
[BertDebug] region_len:  81 
sequence_len:  3244
[BertDebug] region_len:  94 
sequence_len:  3518
[BertDebug] region_len:  964 
sequence_len:  1305
[BertDebug] region_len:  143 
sequence_len:  1872
[BertDebug] region_len:  822 
sequence_len:  3308
[BertDebug] region_len:  143 
sequence_len:  1670
[BertDebug] region_len:  1473 
sequence_len:  1473
[BertDebug] region_len:  308 
sequence_len:  3172
[BertDebug] region_len:  437 
sequence_len:  4001
[BertDebug] region_len:  221 
sequence_len:  1643
[BertDebug] region_len:  3513 
sequence_len:  3513
[BertDebug] region_len:  204 
sequence_len:  2210
[BertDebug] region_len:  340 
sequence_len:  2208
[BertDebug] region_len:  255 
sequence_len:  2603
[BertDebug] region_len:  528 
sequence_len:  528
[BertDebug] region_len:  154 
sequence_len:  2487
[BertDebug] region_len:  1408 
sequence_len:  1789
[BertDebug] region_len:  262 
sequence_len:  3348
[BertDebug] region_len:  636 
sequence_len:  1285
[BertDebug] region_len:  241 
sequence_len:  4849
[BertDebug] region_len:  141 
sequence_len:  2511
[BertDebug] region_len:  210 
sequence_len:  8013
[BertDebug] region_len:  234 
sequence_len:  2073
[BertDebug] region_len:  577 
sequence_len:  2253
[BertDebug] region_len:  423 
sequence_len:  1842
[BertDebug] region_len:  1284 
sequence_len:  1284
[BertDebug] region_len:  718 
sequence_len:  2252
[BertDebug] region_len:  225 
sequence_len:  489
[BertDebug] region_len:  2298 
sequence_len:  2298
[BertDebug] region_len:  333 
sequence_len:  633
[BertDebug] region_len:  185 
sequence_len:  2955
[BertDebug] region_len:  263 
sequence_len:  1941
[BertDebug] region_len:  288 
sequence_len:  6681
[BertDebug] region_len:  179 
sequence_len:  3519
[BertDebug] region_len:  472 
sequence_len:  1073
[BertDebug] region_len:  1363 
sequence_len:  1404
[BertDebug] region_len:  274 
sequence_len:  1245
[BertDebug] region_len:  435 
sequence_len:  4102
[BertDebug] region_len:  550 
sequence_len:  4515
[BertDebug] region_len:  249 
sequence_len:  1043
[BertDebug] region_len:  137 
sequence_len:  1538
[BertDebug] region_len:  1292 
sequence_len:  1629
[BertDebug] region_len:  1325 
sequence_len:  1539
[BertDebug] region_len:  1740 
sequence_len:  1740
[BertDebug] region_len:  157 
sequence_len:  5060
[BertDebug] region_len:  315 
sequence_len:  7386
[BertDebug] region_len:  339 
sequence_len:  2626
[BertDebug] region_len:  675 
sequence_len:  3904
[BertDebug] region_len:  234 
sequence_len:  2622
[BertDebug] region_len:  126 
sequence_len:  2085
[BertDebug] region_len:  259 
sequence_len:  1487
[BertDebug] region_len:  228 
sequence_len:  1469
[BertDebug] region_len:  584 
sequence_len:  588
[BertDebug] region_len:  4963 
sequence_len:  5885
[BertDebug] region_len:  9768 
sequence_len:  9768
[BertDebug] region_len:  311 
sequence_len:  930
[BertDebug] region_len:  213 
sequence_len:  15025
[BertDebug] region_len:  465 
sequence_len:  9762
[BertDebug] region_len:  330 
sequence_len:  2262
[BertDebug] region_len:  1154 
sequence_len:  1815
[BertDebug] region_len:  361 
sequence_len:  1692
[BertDebug] region_len:  1542 
sequence_len:  1542
[BertDebug] region_len:  271 
sequence_len:  2235
[BertDebug] region_len:  179 
sequence_len:  2685
[BertDebug] region_len:  367 
sequence_len:  3095
[BertDebug] region_len:  881 
sequence_len:  1419
[BertDebug] region_len:  155 
sequence_len:  2528
[BertDebug] region_len:  534 
sequence_len:  1661
[BertDebug] region_len:  1739 
sequence_len:  1926
[BertDebug] region_len:  208 
sequence_len:  531
[BertDebug] region_len:  2113 
sequence_len:  2254
[BertDebug] region_len:  584 
sequence_len:  1464
[BertDebug] region_len:  914 
sequence_len:  4362
[BertDebug] region_len:  505 
sequence_len:  1723
[BertDebug] region_len:  794 
sequence_len:  1548
[BertDebug] region_len:  263 
sequence_len:  4644
[BertDebug] region_len:  1482 
sequence_len:  1482
[BertDebug] region_len:  599 
sequence_len:  648
[BertDebug] region_len:  344 
sequence_len:  2234
[BertDebug] region_len:  147 
sequence_len:  7637
[BertDebug] region_len:  81 
sequence_len:  1722
[BertDebug] region_len:  330 
sequence_len:  1025
[BertDebug] region_len:  486 
sequence_len:  936
[BertDebug] region_len:  350 
sequence_len:  4333
[BertDebug] region_len:  358 
sequence_len:  3639
[BertDebug] region_len:  343 
sequence_len:  2880
[BertDebug] region_len:  945 
sequence_len:  945
[BertDebug] region_len:  325 
sequence_len:  1967
[BertDebug] region_len:  161 
sequence_len:  5029
[BertDebug] region_len:  309 
sequence_len:  1967
[BertDebug] region_len:  403 
sequence_len:  11108
[BertDebug] region_len:  250 
sequence_len:  3507
[BertDebug] region_len:  218 
sequence_len:  1599
[BertDebug] region_len:  116 
sequence_len:  703
[BertDebug] region_len:  1125 
sequence_len:  1125
[BertDebug] region_len:  224 
sequence_len:  3534
[BertDebug] region_len:  8485 
sequence_len:  8485
[BertDebug] region_len:  995 
sequence_len:  2371
[BertDebug] region_len:  441 
sequence_len:  3554
[BertDebug] region_len:  193 
sequence_len:  1820
[BertDebug] region_len:  1316 
sequence_len:  1914
[BertDebug] region_len:  405 
sequence_len:  567
[BertDebug] region_len:  147 
sequence_len:  114586
[BertDebug] region_len:  105 
sequence_len:  3269
[BertDebug] region_len:  343 
sequence_len:  15689
[BertDebug] region_len:  99 
sequence_len:  1105
[BertDebug] region_len:  270 
sequence_len:  1482
[BertDebug] region_len:  291 
sequence_len:  1656
[BertDebug] region_len:  2705 
sequence_len:  5053
[BertDebug] region_len:  5375 
sequence_len:  5375
[BertDebug] region_len:  2634 
sequence_len:  2634
[BertDebug] region_len:  1880 
sequence_len:  2313
[BertDebug] region_len:  3783 
sequence_len:  10202
[BertDebug] region_len:  2193 
sequence_len:  2232
[BertDebug] region_len:  252 
sequence_len:  945
[BertDebug] region_len:  2279 
sequence_len:  2590
[BertDebug] region_len:  367 
sequence_len:  4401
[BertDebug] region_len:  179 
sequence_len:  4047[BertDebug] region_len:  
246 
sequence_len:  2517
[BertDebug] region_len: [BertDebug] region_len:   1436267  
sequence_len: 
sequence_len:   24501653

[BertDebug] region_len:  793 
sequence_len:  1773
[BertDebug] region_len:  188 
sequence_len:  714
[BertDebug] region_len:  434 
sequence_len:  1293
[BertDebug] region_len:  386 
sequence_len:  1917
[BertDebug] region_len:  200 
sequence_len:  8925
[BertDebug] region_len:  424 
sequence_len:  2237
[BertDebug] region_len:  193 
sequence_len:  4082
[BertDebug] region_len:  330 
sequence_len:  2022
[BertDebug] region_len:  799 
sequence_len:  1231
[BertDebug] region_len:  57 
sequence_len:  2477
[BertDebug] region_len:  124 
sequence_len:  243
[BertDebug] region_len:  129 
sequence_len:  3424
[BertDebug] region_len:  387 
sequence_len:  851
[BertDebug] region_len:  354 
sequence_len:  3455
[BertDebug] region_len:  165 
sequence_len:  4221
[BertDebug] region_len:  1080 
sequence_len:  1080
[BertDebug] region_len:  252 
sequence_len:  9020
[BertDebug] region_len:  523 
sequence_len:  1699
[BertDebug] region_len:  210 
sequence_len:  4026
[BertDebug] region_len:  718 
sequence_len:  3063
[BertDebug] region_len:  256 
sequence_len:  2508
[BertDebug] region_len:  199 
sequence_len:  2075
[BertDebug] region_len:  4181 
sequence_len:  8933
[BertDebug] region_len:  252 
sequence_len:  660
[BertDebug] region_len:  206 
sequence_len:  3342
[BertDebug] region_len:  567 
sequence_len:  567
[BertDebug] region_len:  205 
sequence_len:  4464
[BertDebug] region_len:  2525 
sequence_len:  2525
[BertDebug] region_len:  161 
sequence_len:  1110
[BertDebug] region_len:  372 
sequence_len:  2493
[BertDebug] region_len:  228 
sequence_len:  831
[BertDebug] region_len:  217 
sequence_len:  3073
[BertDebug] region_len:  1158 
sequence_len:  1224
[BertDebug] region_len:  193 
sequence_len:  3537
[BertDebug] region_len:  64 
sequence_len:  721
[BertDebug] region_len:  2331 
sequence_len:  2331
[BertDebug] region_len:  2622 
sequence_len:  2622
[BertDebug] region_len:  182 
sequence_len:  630
[BertDebug] region_len:  4297 
sequence_len:  6267
[BertDebug] region_len:  532 
sequence_len:  1761
[BertDebug] region_len:  242 
sequence_len:  11086
[BertDebug] region_len:  67 
sequence_len:  795
[BertDebug] region_len:  1737 
sequence_len:  1737
[BertDebug] region_len:  130 
sequence_len:  1272
[BertDebug] region_len:  231 
sequence_len:  2126
[BertDebug] region_len:  595 
sequence_len:  3810
[BertDebug] region_len:  221 
sequence_len:  965
[BertDebug] region_len:  245 
sequence_len:  1839
[BertDebug] region_len:  123 
sequence_len:  2507
[BertDebug] region_len:  102 
sequence_len:  1600
[BertDebug] region_len:  301 
sequence_len:  1467
[BertDebug] region_len:  313 
sequence_len:  2524
[BertDebug] region_len:  1211 
sequence_len:  114586
[BertDebug] region_len:  181 
sequence_len:  1518
[BertDebug] region_len:  367 
sequence_len:  5334
[BertDebug] region_len:  267 
sequence_len:  2283
[BertDebug] region_len:  4917 
sequence_len:  4917
[BertDebug] region_len:  261 
sequence_len:  1152
[BertDebug] region_len:  1142 
sequence_len:  1334
[BertDebug] region_len:  344 
sequence_len:  5058
[BertDebug] region_len:  260 
sequence_len:  4122
[BertDebug] region_len:  350 
sequence_len:  1871
[BertDebug] region_len:  813 
sequence_len:  813
[BertDebug] region_len:  411 
sequence_len:  411
[BertDebug] region_len:  1407 
sequence_len:  6816
[BertDebug] region_len:  203 
sequence_len:  6656
[BertDebug] region_len:  793 
sequence_len:  1150
[BertDebug] region_len:  347 
sequence_len:  4363
[BertDebug] region_len:  220 
sequence_len:  913
[BertDebug] region_len:  277 
sequence_len:  1064
[BertDebug] region_len:  431 
sequence_len:  4112
[BertDebug] region_len:  1134 
sequence_len:  1134
[BertDebug] region_len:  838 
sequence_len:  2008
[BertDebug] region_len:  105 
sequence_len:  1905
[BertDebug] region_len:  1092 
sequence_len:  1092
[BertDebug] region_len:  2235 
sequence_len:  2235
[BertDebug] region_len:  1068 
sequence_len:  4372
[BertDebug] region_len:  1128 
sequence_len:  1128
[BertDebug] region_len:  262 
sequence_len:  6311
[BertDebug] region_len:  199 
sequence_len:  2394
[BertDebug] region_len:  420 
sequence_len:  3130
[BertDebug] region_len:  403 
sequence_len:  1343
[BertDebug] region_len:  2811 
sequence_len:  13641
[BertDebug] region_len:  217 
sequence_len:  1446
[BertDebug] region_len:  168 
sequence_len:  1980
[BertDebug] region_len:  193 
sequence_len:  1536
[BertDebug] region_len:  2557 
sequence_len:  2844
[BertDebug] region_len:  1791 
sequence_len:  1791
[BertDebug] region_len:  237 
sequence_len:  1784
[BertDebug] region_len:  329 
sequence_len:  2855
[BertDebug] region_len:  284 
sequence_len:  7200
[BertDebug] region_len:  182 
sequence_len:  3528
[BertDebug] region_len:  437 
sequence_len:  4459
[BertDebug] region_len:  269 
sequence_len:  2631
[BertDebug] region_len:  3833 
sequence_len:  3833
[BertDebug] region_len:  308 
sequence_len:  4165
[BertDebug] region_len:  145 
sequence_len:  375
[BertDebug] region_len:  143 
sequence_len:  1656
[BertDebug] region_len:  332 
sequence_len:  6723
[BertDebug] region_len:  228 
sequence_len:  1035
[BertDebug] region_len:  141 
sequence_len:  1236
[BertDebug] region_len:  141 
sequence_len:  1816
[BertDebug] region_len:  948 
sequence_len:  948
[BertDebug] region_len:  393 
sequence_len:  1722
[BertDebug] region_len:  1035 
sequence_len:  1035
[BertDebug] region_len:  1019 
sequence_len:  1593
[BertDebug] region_len:  162 
sequence_len:  1892
[BertDebug] region_len:  262 
sequence_len:  1698
[BertDebug] region_len:  217 
sequence_len:  876
[BertDebug] region_len:  186 
sequence_len:  6534
[BertDebug] region_len:  1320 
sequence_len:  1320
[BertDebug] region_len:  357 
sequence_len:  8441
[BertDebug] region_len:  351 
sequence_len:  3921
[BertDebug] region_len:  626 
sequence_len:  1934
[BertDebug] region_len:  336 
sequence_len:  6656
[BertDebug] region_len:  1299 
sequence_len:  1299
[BertDebug] region_len:  266 
sequence_len:  686
[BertDebug] region_len:  859 
sequence_len:  1260
[BertDebug] region_len:  330 
sequence_len:  5498
[BertDebug] region_len:  221 
sequence_len:  3093
[BertDebug] region_len:  507 
sequence_len:  3889
[BertDebug] region_len:  168 
sequence_len:  2599
[BertDebug] region_len:  239 
sequence_len:  908
[BertDebug] region_len:  172 
sequence_len:  2511
[BertDebug] region_len:  9375 
sequence_len:  9375
[BertDebug] region_len:  102 
sequence_len:  1395
[BertDebug] region_len:  281 
sequence_len:  3081
[BertDebug] region_len:  957 
sequence_len:  957
[BertDebug] region_len:  2368 
sequence_len:  3687
[BertDebug] region_len:  357 
sequence_len:  4313
[BertDebug] region_len:  228 
sequence_len:  3758
[BertDebug] region_len:  239 
sequence_len:  2275
[BertDebug] region_len:  723 
sequence_len:  1431
[BertDebug] region_len:  220 
sequence_len:  3502
[BertDebug] region_len:  592 
sequence_len:  3757
[BertDebug] region_len:  1148 
sequence_len:  4335
[BertDebug] region_len:  248 
sequence_len:  13848
[BertDebug] region_len:  158 
sequence_len:  1254
[BertDebug] region_len:  303 
sequence_len:  1539
[BertDebug] region_len:  1442 
sequence_len:  1710
[BertDebug] region_len:  288 
sequence_len:  4724
[BertDebug] region_len:  270 
sequence_len:  7647
[BertDebug] region_len:  302 
sequence_len:  467
[BertDebug] region_len:  1293 
sequence_len:  1293
[BertDebug] region_len:  245 
sequence_len:  3846
[BertDebug] region_len:  199 
sequence_len:  6750
[BertDebug] region_len:  1353 
sequence_len:  1353
[BertDebug] region_len:  385 
sequence_len:  1618
[BertDebug] region_len:  1029 
sequence_len:  2669
[BertDebug] region_len:  399 
sequence_len:  5264
[BertDebug] region_len:  8509 
sequence_len:  10036
[BertDebug] region_len:  2413 
sequence_len:  4494
[BertDebug] region_len:  419 
sequence_len:  2399
[BertDebug] region_len:  714 
sequence_len:  975
[BertDebug] region_len:  372 
sequence_len:  2559
[BertDebug] region_len:  367 
sequence_len:  7704
[BertDebug] region_len:  206 
sequence_len:  8768
[BertDebug] region_len:  479[BertDebug] region_len:   
sequence_len: 9142  781
sequence_len: 
 9940
[BertDebug] region_len:  405 
sequence_len:  405
[BertDebug] region_len:  1374 
sequence_len:  5472
[BertDebug] region_len:  248 
sequence_len:  2118
[BertDebug] region_len:  619 
sequence_len:  1512
[BertDebug] region_len:  505 
sequence_len:  2825
[BertDebug] region_len:  225 
sequence_len:  1479
[BertDebug] region_len:  1001 
sequence_len:  2660
[BertDebug] region_len:  3918 
sequence_len:  9762
[BertDebug] region_len:  1269 
sequence_len:  1269
[BertDebug] region_len:  196 
sequence_len:  1108
[BertDebug] region_len:  379 
sequence_len:  2232
[BertDebug] region_len:  434 
sequence_len:  3453
[BertDebug] region_len:  332 
sequence_len:  4372
[BertDebug] region_len:  113 
sequence_len:  1143
[BertDebug] region_len:  450 
sequence_len:  984
[BertDebug] region_len:  1606 
sequence_len:  3754{'loss': 7.3221, 'learning_rate': 5.833333333333333e-05, 'epoch': 0.0}

[BertDebug] region_len:  695 
sequence_len:  2205
[BertDebug] region_len:  181 
sequence_len:  1143
[BertDebug] region_len:  316 
sequence_len: [BertDebug] region_len:   6909220
 
sequence_len:  6755
[BertDebug] region_len:  778 
sequence_len:  3424
[BertDebug] region_len:  1139 
sequence_len:  1687
[BertDebug] region_len:  1483 
sequence_len:  1485
[BertDebug] region_len:  2042 
sequence_len:  2069
[BertDebug] region_len:  88 
sequence_len:  2631
[BertDebug] region_len:  858 
sequence_len:  2115
[BertDebug] region_len:  1150 
sequence_len:  3246
[BertDebug] region_len:  134 
sequence_len:  2444
[BertDebug] region_len:  375 
sequence_len:  3499
[BertDebug] region_len:  252 
sequence_len:  6110
[BertDebug] region_len:  232 
sequence_len:  1319
[BertDebug] region_len:  297 
sequence_len:  3273
[BertDebug] region_len:  154 
sequence_len:  1511
[BertDebug] region_len:  2574 
sequence_len:  2574
[BertDebug] region_len:  988 
sequence_len:  1323
[BertDebug] region_len:  872 
sequence_len:  2208
[BertDebug] region_len:  304 
sequence_len:  741
[BertDebug] region_len:  812 
sequence_len:  2394
[BertDebug] region_len:  677 
sequence_len:  2265
[BertDebug] region_len:  396 
sequence_len:  987
[BertDebug] region_len:  336 
sequence_len:  3041
[BertDebug] region_len:  433 
sequence_len:  2213
[BertDebug] region_len:  1581 
sequence_len:  1722
[BertDebug] region_len:  1155 
sequence_len:  4152
[BertDebug] region_len:  308 
sequence_len:  2660
[BertDebug] region_len:  364 
sequence_len:  3485
[BertDebug] region_len:  476 
sequence_len:  5749
[BertDebug] region_len:  491 
sequence_len:  1914
[BertDebug] region_len:  168 
sequence_len:  2789
[BertDebug] region_len:  2282 
sequence_len:  2282
[BertDebug] region_len:  695 
sequence_len:  1314
[BertDebug] region_len:  147 
sequence_len:  870
[BertDebug] region_len:  696 
sequence_len:  3681
[BertDebug] region_len:  619 
sequence_len:  1782
[BertDebug] region_len:  926 
sequence_len:  2667
[BertDebug] region_len:  134 
sequence_len:  1039
[BertDebug] region_len:  260 
sequence_len:  1317
[BertDebug] region_len:  840 
sequence_len:  1128
[BertDebug] region_len:  1306 
sequence_len:  1802
[BertDebug] region_len:  585 
sequence_len:  1998
[BertDebug] region_len:  323 
sequence_len:  6464
[BertDebug] region_len:  407 
sequence_len:  4797
[BertDebug] region_len:  37955 
sequence_len:  43902
[BertDebug] region_len:  319 
sequence_len:  1163
[BertDebug] region_len:  117 
sequence_len:  736
[BertDebug] region_len:  227 
sequence_len:  930
[BertDebug] region_len:  281 
sequence_len:  3720
[BertDebug] region_len:  1645 
sequence_len:  1645
[BertDebug] region_len:  225 
sequence_len:  4509
[BertDebug] region_len:  283 
sequence_len:  4104
[BertDebug] region_len:  137 
sequence_len:  1019
[BertDebug] region_len:  792 
sequence_len:  2713
[BertDebug] region_len:  1572 
sequence_len:  1572
[BertDebug] region_len:  1495 
sequence_len:  3503
[BertDebug] region_len:  723 
sequence_len:  723
[BertDebug] region_len:  351 
sequence_len:  4460
[BertDebug] region_len:  7435 
sequence_len:  12182
[BertDebug] region_len:  1209 
sequence_len:  1209
[BertDebug] region_len:  234 
sequence_len:  11432
[BertDebug] region_len:  2139 
sequence_len:  2139
[BertDebug] region_len:  277 
sequence_len:  2851
[BertDebug] region_len:  2404 
sequence_len:  6133
[BertDebug] region_len:  120 
sequence_len:  1821
[BertDebug] region_len:  225 
sequence_len:  2694
[BertDebug] region_len:  113 
sequence_len:  821
[BertDebug] region_len:  262 
sequence_len:  7494
[BertDebug] region_len:  183 
sequence_len:  2738
[BertDebug] region_len:  792 
sequence_len:  1434
[BertDebug] region_len:  245 
sequence_len:  2170
[BertDebug] region_len:  224 
sequence_len:  3279
[BertDebug] region_len:  2609 
sequence_len:  3436
[BertDebug] region_len:  392 
sequence_len:  4443
[BertDebug] region_len:  916 
sequence_len:  1236
[BertDebug] region_len:  232 
sequence_len:  910
[BertDebug] region_len:  236 
sequence_len:  1157
[BertDebug] region_len:  330 
sequence_len:  12393
[BertDebug] region_len:  238 
sequence_len:  2406
[BertDebug] region_len:  1737 
sequence_len:  1737
[BertDebug] region_len:  162 
sequence_len:  3244
[BertDebug] region_len:  317 
sequence_len:  1435
[BertDebug] region_len:  253 
sequence_len:  3224
[BertDebug] region_len:  9768 
sequence_len:  9768
[BertDebug] region_len:  176 
sequence_len:  1464
[BertDebug] region_len:  2947 
sequence_len:  4480
[BertDebug] region_len:  308 
sequence_len:  2255
[BertDebug] region_len:  1386 
sequence_len:  3201
[BertDebug] region_len:  1611 
sequence_len:  1611
[BertDebug] region_len:  1512 
sequence_len:  2019
[BertDebug] region_len:  85 
sequence_len:  2088
[BertDebug] region_len:  248 
sequence_len:  2391
[BertDebug] region_len:  1083 
sequence_len:  2850
[BertDebug] region_len:  1421 
sequence_len:  1421
[BertDebug] region_len:  857 
sequence_len:  4042
[BertDebug] region_len:  2290 
sequence_len:  2290
[BertDebug] region_len:  12831 
sequence_len:  15633
[BertDebug] region_len:  158 
sequence_len:  7873
[BertDebug] region_len:  263 
sequence_len:  4093
[BertDebug] region_len:  900 
sequence_len:  900
[BertDebug] region_len:  1443 
sequence_len:  3785
[BertDebug] region_len:  234 
sequence_len:  2609
[BertDebug] region_len:  604 
sequence_len:  2770
[BertDebug] region_len:  199 
sequence_len:  1464
[BertDebug] region_len:  344 
sequence_len:  344
[BertDebug] region_len:  288 
sequence_len:  2544
[BertDebug] region_len:  389 
sequence_len:  1331
[BertDebug] region_len:  1167 
sequence_len:  1167
[BertDebug] region_len:  421 
sequence_len:  8564
[BertDebug] region_len:  379 
sequence_len:  1967
[BertDebug] region_len:  277 
sequence_len:  5234
[BertDebug] region_len:  442 
sequence_len:  1528
[BertDebug] region_len:  273 
sequence_len:  1868
[BertDebug] region_len:  4480 
sequence_len:  8276
[BertDebug] region_len:  526 
sequence_len:  907
[BertDebug] region_len:  854 
sequence_len:  1444
[BertDebug] region_len:  227 
sequence_len:  5571
[BertDebug] region_len:  330 
sequence_len:  3174
[BertDebug] region_len:  540 
sequence_len:  1923
[BertDebug] region_len:  1434 
sequence_len:  1434
[BertDebug] region_len:  144 
sequence_len:  2747
[BertDebug] region_len:  102 
sequence_len:  1638
[BertDebug] region_len:  208 
sequence_len:  1758
[BertDebug] region_len:  641 
sequence_len:  4241
[BertDebug] region_len:  652 
sequence_len:  6197
[BertDebug] region_len:  224 
sequence_len:  3582
[BertDebug] region_len:  416 
sequence_len:  16905
[BertDebug] region_len:  190 
sequence_len:  9392
[BertDebug] region_len:  213 
sequence_len:  2997
[BertDebug] region_len:  1089 
sequence_len:  1089
[BertDebug] region_len:  309 
sequence_len:  3178
[BertDebug] region_len:  295 
sequence_len:  2948
[BertDebug] region_len:  172 
sequence_len:  1170
[BertDebug] region_len:  227 
sequence_len:  1892
[BertDebug] region_len:  157 
sequence_len:  1905
[BertDebug] region_len:  315 
sequence_len:  2148
[BertDebug] region_len:  400 
sequence_len:  2384
[BertDebug] region_len:  2652 
sequence_len:  3798
[BertDebug] region_len:  162 
sequence_len:  1588
[BertDebug] region_len:  295 
sequence_len:  2689
[BertDebug] region_len:  196 
sequence_len:  7607
[BertDebug] region_len:  325 
sequence_len:  4548
[BertDebug] region_len:  120 
sequence_len:  4296
[BertDebug] region_len:  189 
sequence_len:  5235
[BertDebug] region_len:  319 
sequence_len:  2310
[BertDebug] region_len:  248 
sequence_len:  1464
[BertDebug] region_len:  4139 
sequence_len:  8916
[BertDebug] region_len:  1507 
sequence_len:  5472
[BertDebug] region_len:  102 
sequence_len:  1708
[BertDebug] region_len:  455 
sequence_len:  1395
[BertDebug] region_len:  1147 
sequence_len:  1845
[BertDebug] region_len:  127 
sequence_len:  468
[BertDebug] region_len:  437 
sequence_len:  2934
[BertDebug] region_len:  213 
sequence_len:  1593
[BertDebug] region_len:  395 
sequence_len:  978
[BertDebug] region_len:  357 
sequence_len:  1755
[BertDebug] region_len:  129 
sequence_len:  4275
[BertDebug] region_len:  252 
sequence_len:  3126
[BertDebug] region_len:  12280 
sequence_len:  12280
[BertDebug] region_len:  241 
sequence_len:  2469
[BertDebug] region_len:  294 
sequence_len:  2973
[BertDebug] region_len:  147 
sequence_len:  525
[BertDebug] region_len:  186 
sequence_len:  685
[BertDebug] region_len:  169 
sequence_len:  4301
[BertDebug] region_len:  1979 
sequence_len:  1979
[BertDebug] region_len:  318 
sequence_len:  3095
[BertDebug] region_len:  263 
sequence_len:  780
[BertDebug] region_len:  856 
sequence_len:  1263
[BertDebug] region_len:  529 
sequence_len:  114586
[BertDebug] region_len:  262 
sequence_len:  1745
[BertDebug] region_len:  371 
sequence_len:  897
[BertDebug] region_len:  87 
sequence_len:  3047
[BertDebug] region_len:  141 
sequence_len:  2073
[BertDebug] region_len:  136 
sequence_len:  1687
[BertDebug] region_len:  203 
sequence_len:  1272
[BertDebug] region_len:  151 
sequence_len:  12474
[BertDebug] region_len:  267 
sequence_len:  2738
[BertDebug] region_len:  84 
sequence_len:  2220
[BertDebug] region_len:  2087 
sequence_len:  12849
[BertDebug] region_len:  403 
sequence_len:  1488
[BertDebug] region_len:  288 
sequence_len:  2725
[BertDebug] region_len:  119 
sequence_len:  3398
[BertDebug] region_len:  890 
sequence_len:  1515
[BertDebug] region_len:  755 
sequence_len:  1494
[BertDebug] region_len:  2210 
sequence_len:  2684
[BertDebug] region_len:  1008 
sequence_len:  4345
[BertDebug] region_len:  1742 
sequence_len:  2379
[BertDebug] region_len:  6743 
sequence_len:  6743
[BertDebug] region_len:  1091 
sequence_len:  4152
[BertDebug] region_len:  351 
sequence_len:  3208
[BertDebug] region_len:  1686 
sequence_len:  1686
[BertDebug] region_len:  1652 
sequence_len:  5151
[BertDebug] region_len:  1626 
sequence_len:  1636
[BertDebug] region_len:  389 
sequence_len:  7237
[BertDebug] region_len:  4074 
sequence_len:  4074
[BertDebug] region_len:  224 
sequence_len:  5654
[BertDebug] region_len:  318 
sequence_len:  2191
[BertDebug] region_len:  196 
sequence_len:  4443
[BertDebug] region_len:  1624 
sequence_len:  1638
[BertDebug] region_len:  640 
sequence_len:  1532
[BertDebug] region_len:  116 
sequence_len:  3076
[BertDebug] region_len:  260 
sequence_len:  3747
[BertDebug] region_len:  255 
sequence_len:  7616
[BertDebug] region_len:  253 
sequence_len:  4619
[BertDebug] region_len:  708 
sequence_len:  1413
[BertDebug] region_len:  315 
sequence_len:  13848
[BertDebug] region_len:  1172 
sequence_len:  3565
[BertDebug] region_len:  361 
sequence_len:  1882
[BertDebug] region_len:  162 
sequence_len:  2006
[BertDebug] region_len:  16164 
sequence_len:  16164
[BertDebug] region_len:  577 
sequence_len:  1899
[BertDebug] region_len:  410 
sequence_len:  4509
[BertDebug] region_len:  189 
sequence_len:  816
[BertDebug] region_len:  108 
sequence_len:  1379
[BertDebug] region_len:  129 
sequence_len:  577
[BertDebug] region_len:  1600 
sequence_len:  6360
[BertDebug] region_len:  162 
sequence_len:  2229
[BertDebug] region_len:  975 
sequence_len:  975
[BertDebug] region_len:  319 
sequence_len:  1359
[BertDebug] region_len:  913 
sequence_len:  7501
[BertDebug] region_len:  160 
sequence_len:  231
[BertDebug] region_len:  283 
sequence_len:  7153
[BertDebug] region_len:  309 
sequence_len:  3518
[BertDebug] region_len:  157 
sequence_len:  3472
[BertDebug] region_len:  374 
sequence_len:  3587
[BertDebug] region_len:  298 
sequence_len:  15962
[BertDebug] region_len:  221 
sequence_len:  1662
[BertDebug] region_len:  242 
sequence_len:  6130
[BertDebug] region_len:  204 
sequence_len:  1227
[BertDebug] region_len:  7759 
sequence_len:  9507
[BertDebug] region_len:  136 
sequence_len:  3849
[BertDebug] region_len:  375 
sequence_len:  4371
[BertDebug] region_len:  133 
sequence_len:  3838
[BertDebug] region_len:  1170 
sequence_len:  1170
[BertDebug] region_len:  304 
sequence_len:  4473
[BertDebug] region_len:  186 
sequence_len:  4696
[BertDebug] region_len:  158 
sequence_len:  4391
[BertDebug] region_len:  192 
sequence_len:  1934
[BertDebug] region_len:  1428 
sequence_len:  1428
[BertDebug] region_len:  4727 
sequence_len:  6948
[BertDebug] region_len:  259 
sequence_len:  3527
[BertDebug] region_len:  137 
sequence_len:  685
[BertDebug] region_len:  848 
sequence_len:  4020
[BertDebug] region_len:  171 
sequence_len:  20726
[BertDebug] region_len:  365 
sequence_len:  702
[BertDebug] region_len:  134 
sequence_len:  2055
[BertDebug] region_len:  145 
sequence_len:  1395
[BertDebug] region_len:  94 
sequence_len:  5340
[BertDebug] region_len:  2199 
sequence_len:  2199
[BertDebug] region_len:  963 
sequence_len:  3753
[BertDebug] region_len:  2623 
sequence_len:  3642
[BertDebug] region_len:  130 
sequence_len:  1473
[BertDebug] region_len:  1410 
sequence_len:  12385
[BertDebug] region_len:  2166 
sequence_len:  2166
[BertDebug] region_len:  521 
sequence_len:  746
[BertDebug] region_len:  1004 
sequence_len:  1004
[BertDebug] region_len:  12316 
sequence_len:  12316
[BertDebug] region_len:  260 
sequence_len:  7863
[BertDebug] region_len:  123 
sequence_len:  1401
[BertDebug] region_len:  350 
sequence_len:  1777
[BertDebug] region_len:  276 
sequence_len:  1850
[BertDebug] region_len:  273 
sequence_len:  2483
[BertDebug] region_len:  155 
sequence_len:  1664
[BertDebug] region_len:  1885 
sequence_len:  2442
[BertDebug] region_len:  1072 
sequence_len:  2362
[BertDebug] region_len:  479 
sequence_len:  781
[BertDebug] region_len:  231 
sequence_len:  576
[BertDebug] region_len:  183 
sequence_len:  2088
[BertDebug] region_len:  593 
sequence_len:  4740
[BertDebug] region_len:  354 
sequence_len:  9159
[BertDebug] region_len:  263 
sequence_len:  1579
[BertDebug] region_len:  470 
sequence_len:  3219
[BertDebug] region_len:  735 
sequence_len:  1053
[BertDebug] region_len:  382 
sequence_len:  3838
[BertDebug] region_len:  276 
sequence_len:  1169
[BertDebug] region_len:  263 
sequence_len:  741
[BertDebug] region_len:  444 
sequence_len:  12795
[BertDebug] region_len:  1089 
sequence_len:  1089
[BertDebug] region_len:  361 
sequence_len:  2938
[BertDebug] region_len:  301 
sequence_len:  2840
[BertDebug] region_len:  245 
sequence_len:  2319
[BertDebug] region_len:  470 
sequence_len:  1359
[BertDebug] region_len:  504 
sequence_len:  2742
[BertDebug] region_len:  8448 
sequence_len:  8448
[BertDebug] region_len:  144 
sequence_len:  2887
[BertDebug] region_len:  281 
sequence_len:  1615
[BertDebug] region_len:  348 
sequence_len:  1858
[BertDebug] region_len:  954 
sequence_len:  954
[BertDebug] region_len:  343 
sequence_len:  1244
[BertDebug] region_len:  1287 
sequence_len:  1287
[BertDebug] region_len:  353 
sequence_len:  6966
[BertDebug] region_len:  178 
sequence_len:  1954
[BertDebug] region_len:  1433 
sequence_len:  2275
[BertDebug] region_len:  1536 
sequence_len:  5745
[BertDebug] region_len:  1784 
sequence_len:  7704
[BertDebug] region_len:  1013 
sequence_len:  1585
[BertDebug] region_len:  281 
sequence_len:  1310
[BertDebug] region_len:  225 
sequence_len:  5015
[BertDebug] region_len:  298 
sequence_len:  3257
[BertDebug] region_len:  2341 
sequence_len:  2341
[BertDebug] region_len:  178 
sequence_len:  2544
[BertDebug] region_len:  265 
sequence_len:  552
[BertDebug] region_len:  270 
sequence_len:  7560
[BertDebug] region_len:  3369 
sequence_len:  3369
[BertDebug] region_len:  162 
sequence_len:  2436
[BertDebug] region_len:  312 
sequence_len:  2667
[BertDebug] region_len:  269 
sequence_len:  2610
[BertDebug] region_len:  298 
sequence_len:  3241
[BertDebug] region_len:  2556 
sequence_len:  2556
[BertDebug] region_len:  714 
sequence_len:  3276
[BertDebug] region_len:  185 
sequence_len:  1506
[BertDebug] region_len:  67 
sequence_len:  4730
[BertDebug] region_len:  234 
sequence_len:  3006
[BertDebug] region_len:  321 
sequence_len:  5104
[BertDebug] region_len:  193 
sequence_len:  2337
[BertDebug] region_len:  794 
sequence_len:  795
[BertDebug] region_len:  178 
sequence_len:  2701
[BertDebug] region_len:  2055 
sequence_len:  2055
{'loss': 7.2308, 'learning_rate': 6.666666666666667e-05, 'epoch': 0.0}
[BertDebug] region_len:  151 
sequence_len:  2735
[BertDebug] region_len:  113 
sequence_len:  1968
[BertDebug] region_len:  168 
sequence_len:  1074
[BertDebug] region_len:  77 
sequence_len:  674
[BertDebug] region_len:  109 
sequence_len:  [BertDebug] region_len: 9706 
308 
sequence_len:  708
[BertDebug] region_len:  187 
sequence_len:  3963
[BertDebug] region_len:  1416 
sequence_len:  1529[BertDebug] region_len: 
 238 
sequence_len:  2489
[BertDebug] region_len:  197 
sequence_len:  1053
[BertDebug] region_len:  266 
sequence_len:  3417
[BertDebug] region_len:  225 
sequence_len:  2587
[BertDebug] region_len:  407 
sequence_len:  1217
[BertDebug] region_len:  200 
sequence_len:  16788
[BertDebug] region_len:  308 [BertDebug] region_len: 
sequence_len:   38113587 

sequence_len:  5634
[BertDebug] region_len:  388 
sequence_len:  4125
[BertDebug] region_len:  1956 
sequence_len:  1956
[BertDebug] region_len:  309 
sequence_len:  1472
[BertDebug] region_len:  330 
sequence_len:  3554
[BertDebug] region_len:  535 
sequence_len:  1886
[BertDebug] region_len:  92 
sequence_len:  6000
[BertDebug] region_len:  168 [BertDebug] region_len: 
sequence_len:   1908074 

sequence_len:  11529
[BertDebug] region_len:  280 
sequence_len: [BertDebug] region_len:   931476
 
sequence_len:  898
[BertDebug] region_len:  146 
sequence_len:  1148
[BertDebug] region_len:  262 
sequence_len:  [BertDebug] region_len: 1105 
114 
sequence_len:  651
[BertDebug] region_len:  242 
sequence_len:  2170
[BertDebug] region_len:  304 
sequence_len:  4059
[BertDebug] region_len:  297 
sequence_len:  13519
[BertDebug] region_len:  627 
sequence_len:  4397
[BertDebug] region_len:  7063 
sequence_len:  7063
[BertDebug] region_len:  357 
sequence_len:  1540
[BertDebug] region_len:  945 
sequence_len:  945
[BertDebug] region_len:  288 
sequence_len:  2835
[BertDebug] region_len:  477 
sequence_len:  2279
[BertDebug] region_len:  252 
sequence_len:  2172
[BertDebug] region_len:  1662 
sequence_len:  1662
[BertDebug] region_len:  347 
sequence_len:  6286
[BertDebug] region_len:  256 
sequence_len:  3209
[BertDebug] region_len:  325 
sequence_len:  2335
[BertDebug] region_len:  1497 
sequence_len:  1497
[BertDebug] region_len:  253 
sequence_len:  1494
[BertDebug] region_len:  600 
sequence_len:  5710
[BertDebug] region_len:  841 
sequence_len:  963
[BertDebug] region_len:  864 
sequence_len:  2262
[BertDebug] region_len:  455 
sequence_len:  1395
[BertDebug] region_len:  273 
sequence_len:  4418
[BertDebug] region_len:  575 
sequence_len:  1996
[BertDebug] region_len:  281 
sequence_len:  1506
[BertDebug] region_len:  281 
sequence_len:  2343
[BertDebug] region_len:  1305 
sequence_len:  1305
[BertDebug] region_len:  410 
sequence_len:  1615
[BertDebug] region_len:  326 
sequence_len:  1074
[BertDebug] region_len:  311 
sequence_len:  1533
[BertDebug] region_len:  316 
sequence_len:  1410
[BertDebug] region_len:  298 
sequence_len:  8769
[BertDebug] region_len:  487 
sequence_len:  6049
[BertDebug] region_len:  126 
sequence_len:  1296
[BertDebug] region_len:  204 
sequence_len:  1885
[BertDebug] region_len:  235 
sequence_len:  9991
[BertDebug] region_len:  241 
sequence_len:  1584
[BertDebug] region_len:  186 
sequence_len:  2684
[BertDebug] region_len:  309 
sequence_len:  1921
[BertDebug] region_len:  339 
sequence_len:  2541
[BertDebug] region_len:  452 
sequence_len:  2092
[BertDebug] region_len:  378 
sequence_len:  3015
[BertDebug] region_len:  493 
sequence_len:  3945
[BertDebug] region_len:  172 
sequence_len:  1885
[BertDebug] region_len:  633 
sequence_len:  633
[BertDebug] region_len:  286 
sequence_len:  663
[BertDebug] region_len:  658 
sequence_len:  5517
[BertDebug] region_len:  178 
sequence_len:  7553
[BertDebug] region_len:  1376 
sequence_len:  1983
[BertDebug] region_len:  437 
sequence_len:  870
[BertDebug] region_len:  3627 
sequence_len:  3627
[BertDebug] region_len:  354 
sequence_len:  756
[BertDebug] region_len:  206 
sequence_len:  1102
[BertDebug] region_len:  1823 
sequence_len:  1979
[BertDebug] region_len:  192 
sequence_len:  3234
[BertDebug] region_len:  193 
sequence_len:  3732
[BertDebug] region_len:  150 
sequence_len:  5283
[BertDebug] region_len:  203 
sequence_len:  5210
[BertDebug] region_len:  459 
sequence_len:  2261
[BertDebug] region_len:  183 
sequence_len:  1644
[BertDebug] region_len:  727 
sequence_len:  1036
[BertDebug] region_len:  185 
sequence_len:  2775
[BertDebug] region_len:  722 
sequence_len:  1791
[BertDebug] region_len:  204 
sequence_len:  1353
[BertDebug] region_len:  492 
sequence_len:  492
[BertDebug] region_len:  213 
sequence_len:  1953
[BertDebug] region_len:  204 
sequence_len:  1058
[BertDebug] region_len:  490 
sequence_len:  3618
[BertDebug] region_len:  298 
sequence_len:  1890
[BertDebug] region_len:  175 
sequence_len:  3528
[BertDebug] region_len:  260 
sequence_len:  2821
[BertDebug] region_len:  1045 
sequence_len:  1653
[BertDebug] region_len:  239 
sequence_len:  2582
[BertDebug] region_len:  1040 
sequence_len:  12612
[BertDebug] region_len:  147 
sequence_len:  2074
[BertDebug] region_len:  171 
sequence_len:  4001
[BertDebug] region_len:  227 
sequence_len:  1997
[BertDebug] region_len:  288 
sequence_len:  4122
[BertDebug] region_len:  207 
sequence_len:  1389
[BertDebug] region_len:  273 
sequence_len:  14160
[BertDebug] region_len:  283 
sequence_len:  1409
[BertDebug] region_len:  386 
sequence_len:  8418
[BertDebug] region_len:  312 
sequence_len:  4247
[BertDebug] region_len:  335 
sequence_len:  1204
[BertDebug] region_len:  99 
sequence_len:  7560
[BertDebug] region_len:  164 
sequence_len:  2059
[BertDebug] region_len:  2139 
sequence_len:  2139
[BertDebug] region_len:  137 
sequence_len:  1152
[BertDebug] region_len:  915 
sequence_len:  915
[BertDebug] region_len:  329 
sequence_len:  794
[BertDebug] region_len:  329 
sequence_len:  4001
[BertDebug] region_len:  446 
sequence_len:  2325
[BertDebug] region_len:  350 
sequence_len:  3466
[BertDebug] region_len:  2671 
sequence_len:  2676
[BertDebug] region_len:  225 
sequence_len:  4211
[BertDebug] region_len:  224 
sequence_len:  1859
[BertDebug] region_len:  260 
sequence_len:  2622
[BertDebug] region_len:  291 
sequence_len:  3951
[BertDebug] region_len:  241 
sequence_len:  5638
[BertDebug] region_len:  182 
sequence_len:  2707
[BertDebug] region_len:  554 
sequence_len:  1767
[BertDebug] region_len:  187 
sequence_len:  2531
[BertDebug] region_len:  1096 
sequence_len:  1393
[BertDebug] region_len:  626 
sequence_len:  1284
[BertDebug] region_len:  134 
sequence_len:  1303
[BertDebug] region_len:  220 
sequence_len:  2928
[BertDebug] region_len:  207 
sequence_len:  8933
[BertDebug] region_len:  311 
sequence_len:  1398
[BertDebug] region_len:  409 
sequence_len:  1313
[BertDebug] region_len:  220 
sequence_len:  2538
[BertDebug] region_len:  438 
sequence_len:  2816
[BertDebug] region_len:  406 
sequence_len:  5109
[BertDebug] region_len:  1155 
sequence_len:  1155
[BertDebug] region_len:  1126 
sequence_len:  1377
[BertDebug] region_len:  203 
sequence_len:  1305
[BertDebug] region_len:  291 
sequence_len:  556
[BertDebug] region_len:  382 
sequence_len:  6222
[BertDebug] region_len:  298 
sequence_len:  1675
[BertDebug] region_len:  140 
sequence_len:  3919
[BertDebug] region_len:  260 
sequence_len:  2603
[BertDebug] region_len:  154 
sequence_len:  2208
[BertDebug] region_len:  158 
sequence_len:  1932
[BertDebug] region_len:  948 
sequence_len:  948
[BertDebug] region_len:  907 
sequence_len:  2008
[BertDebug] region_len:  276 
sequence_len:  2442
[BertDebug] region_len:  1110 
sequence_len:  1170
[BertDebug] region_len:  2293 
sequence_len:  2310
[BertDebug] region_len:  52 
sequence_len:  3033
[BertDebug] region_len:  417 
sequence_len:  4152
[BertDebug] region_len:  168 
sequence_len:  2758
[BertDebug] region_len:  344 
sequence_len:  1476
[BertDebug] region_len:  500 
sequence_len:  1805
[BertDebug] region_len:  410 
sequence_len:  12795
[BertDebug] region_len:  214 
sequence_len:  1405
[BertDebug] region_len:  1088 
sequence_len:  1635
[BertDebug] region_len:  114 
sequence_len:  1610
[BertDebug] region_len:  1501 
sequence_len:  1501
[BertDebug] region_len:  864 
sequence_len:  2868
[BertDebug] region_len:  287 
sequence_len:  5226
[BertDebug] region_len:  193 
sequence_len:  3022
[BertDebug] region_len:  297 
sequence_len:  10660
[BertDebug] region_len:  731 
sequence_len:  1245
[BertDebug] region_len:  3041 
sequence_len:  3041
[BertDebug] region_len:  94 
sequence_len:  3844
[BertDebug] region_len:  1983 
sequence_len:  1983
[BertDebug] region_len:  1632 
sequence_len:  1863
[BertDebug] region_len:  2190 
sequence_len:  2190
[BertDebug] region_len:  273 
sequence_len:  1536
[BertDebug] region_len:  157 
sequence_len:  884
[BertDebug] region_len:  262 
sequence_len:  5438
[BertDebug] region_len:  283 
sequence_len:  16905
[BertDebug] region_len:  178 
sequence_len:  2104
[BertDebug] region_len:  102 
sequence_len:  3284
[BertDebug] region_len:  169 
sequence_len:  2363
[BertDebug] region_len:  352 
sequence_len:  964
[BertDebug] region_len:  1404 
sequence_len:  1404
[BertDebug] region_len:  378 
sequence_len:  2354
[BertDebug] region_len:  228 
sequence_len:  5029
[BertDebug] region_len:  175 
sequence_len:  789
[BertDebug] region_len:  115 
sequence_len:  1761
[BertDebug] region_len:  867 
sequence_len:  1336
[BertDebug] region_len:  262 
sequence_len:  1999
[BertDebug] region_len:  253 
sequence_len:  3488
[BertDebug] region_len:  252 
sequence_len:  3105
[BertDebug] region_len:  1299 
sequence_len:  1299
[BertDebug] region_len:  3322 
sequence_len:  30667
[BertDebug] region_len:  375 
sequence_len:  3417
[BertDebug] region_len:  1297 
sequence_len:  2670
[BertDebug] region_len:  172 
sequence_len:  4398
[BertDebug] region_len:  329 
sequence_len:  975
[BertDebug] region_len:  141 
sequence_len:  1095
[BertDebug] region_len:  1178 
sequence_len:  1263
[BertDebug] region_len:  505 
sequence_len:  3836
[BertDebug] region_len:  95 
sequence_len:  1591
[BertDebug] region_len:  164 
sequence_len:  1764
[BertDebug] region_len:  1908 
sequence_len:  1908
[BertDebug] region_len:  4317 
sequence_len:  4317
[BertDebug] region_len:  951 
sequence_len:  951
[BertDebug] region_len:  350 
sequence_len:  2972
[BertDebug] region_len:  351 
sequence_len:  3636
[BertDebug] region_len:  204 
sequence_len:  1527
[BertDebug] region_len:  206 
sequence_len:  14475
[BertDebug] region_len:  278 
sequence_len:  1708
[BertDebug] region_len:  256 
sequence_len:  1220
[BertDebug] region_len:  332 
sequence_len:  2640
[BertDebug] region_len:  1723 
sequence_len:  1723
[BertDebug] region_len:  249 
sequence_len:  15549
[BertDebug] region_len:  3627 
sequence_len:  3627
[BertDebug] region_len:  163 
sequence_len:  2281
[BertDebug] region_len:  385 
sequence_len:  1734
[BertDebug] region_len:  31 
sequence_len:  3507
[BertDebug] region_len:  905 
sequence_len:  1757
[BertDebug] region_len:  4179 
sequence_len:  4179
[BertDebug] region_len:  849 
sequence_len:  849
[BertDebug] region_len:  562 
sequence_len:  3129
[BertDebug] region_len:  1696 
sequence_len:  1722
[BertDebug] region_len:  1267 
sequence_len:  1374
[BertDebug] region_len:  1040 
sequence_len:  1101
[BertDebug] region_len:  1122 
sequence_len:  1122
[BertDebug] region_len:  960 
sequence_len:  960
[BertDebug] region_len:  1236 
sequence_len:  1236
[BertDebug] region_len:  290 
sequence_len:  3975
[BertDebug] region_len:  1893 
sequence_len:  1931
[BertDebug] region_len:  1566 
sequence_len:  1566
[BertDebug] region_len:  1956 
sequence_len:  1956
[BertDebug] region_len:  225 
sequence_len:  5046
[BertDebug] region_len:  735 
sequence_len:  2364
[BertDebug] region_len:  1022 
sequence_len:  5038
[BertDebug] region_len:  484 
sequence_len:  1091
[BertDebug] region_len:  372 
sequence_len:  1082
[BertDebug] region_len:  318 
sequence_len:  3822
[BertDebug] region_len:  221 
sequence_len:  5089
[BertDebug] region_len:  217 
sequence_len:  5766
[BertDebug] region_len:  581 
sequence_len:  1307
[BertDebug] region_len:  115 
sequence_len:  1836
[BertDebug] region_len:  343 
sequence_len:  1473
[BertDebug] region_len:  321 
sequence_len:  423
[BertDebug] region_len:  269 
sequence_len:  1998
[BertDebug] region_len:  232 
sequence_len:  4079
[BertDebug] region_len:  302 
sequence_len:  11385
[BertDebug] region_len:  301 
sequence_len:  2167
[BertDebug] region_len:  182 
sequence_len:  2743
[BertDebug] region_len:  140 
sequence_len:  2081
[BertDebug] region_len:  222 
sequence_len:  3681
[BertDebug] region_len:  966 
sequence_len:  1059
[BertDebug] region_len:  716 
sequence_len:  726
[BertDebug] region_len:  309 
sequence_len:  8102
[BertDebug] region_len:  176 
sequence_len:  3904
[BertDebug] region_len:  231 
sequence_len:  5938
[BertDebug] region_len:  246 
sequence_len:  2761
[BertDebug] region_len:  160 
sequence_len:  1758
[BertDebug] region_len:  1105 
sequence_len:  1452
[BertDebug] region_len:  410 
sequence_len:  4025
[BertDebug] region_len:  968 
sequence_len:  1159
[BertDebug] region_len:  1510 
sequence_len:  1648
[BertDebug] region_len:  1114 
sequence_len:  1152
[BertDebug] region_len:  144 
sequence_len:  1675
[BertDebug] region_len:  249 
sequence_len:  4197
[BertDebug] region_len:  232 
sequence_len:  1663
[BertDebug] region_len:  179 
sequence_len:  1005
[BertDebug] region_len:  662 
sequence_len:  1409
[BertDebug] region_len:  109 
sequence_len:  1309
[BertDebug] region_len:  211 
sequence_len:  2848
[BertDebug] region_len:  822 
sequence_len:  2088
[BertDebug] region_len:  939 
sequence_len:  2868
[BertDebug] region_len:  311 
sequence_len:  2419
[BertDebug] region_len:  71 
sequence_len:  1326
[BertDebug] region_len:  305 
sequence_len:  2185
[BertDebug] region_len:  550 
sequence_len:  1331
[BertDebug] region_len:  326 
sequence_len:  2189
[BertDebug] region_len:  228 
sequence_len:  1372
[BertDebug] region_len:  224 
sequence_len:  4473
[BertDebug] region_len:  367 
sequence_len:  5918
[BertDebug] region_len:  3666 
sequence_len:  3666
[BertDebug] region_len:  2319 
sequence_len:  2355
[BertDebug] region_len:  206 
sequence_len:  3641
[BertDebug] region_len:  1134 
sequence_len:  1635
[BertDebug] region_len:  172 
sequence_len:  3029
[BertDebug] region_len:  644 
sequence_len:  7055
[BertDebug] region_len:  246 
sequence_len:  3666
[BertDebug] region_len:  413 
sequence_len:  1947
[BertDebug] region_len:  218 
sequence_len:  1173
[BertDebug] region_len:  731 
sequence_len:  2887
[BertDebug] region_len:  651 
sequence_len:  931
[BertDebug] region_len:  251 
sequence_len:  1047
[BertDebug] region_len:  403 
sequence_len:  4045
[BertDebug] region_len:  257 
sequence_len:  1497
[BertDebug] region_len:  294 
sequence_len:  884
[BertDebug] region_len:  2892 
sequence_len:  3597
[BertDebug] region_len:  480 
sequence_len:  5605
[BertDebug] region_len:  368 
sequence_len:  7137
[BertDebug] region_len:  297 
sequence_len:  2599
[BertDebug] region_len:  464 
sequence_len:  8074
[BertDebug] region_len:  245 
sequence_len:  3907
[BertDebug] region_len:  1065 
sequence_len:  1065
[BertDebug] region_len:  253 
sequence_len:  3480
[BertDebug] region_len:  269 
sequence_len:  2287
[BertDebug] region_len:  2088 
sequence_len:  2088
[BertDebug] region_len:  122 
sequence_len:  3643
[BertDebug] region_len:  214 
sequence_len:  2865
[BertDebug] region_len:  144 
sequence_len:  1542
[BertDebug] region_len:  125 
sequence_len:  396
[BertDebug] region_len:  582 
sequence_len:  2433
[BertDebug] region_len:  467 
sequence_len:  1006
[BertDebug] region_len:  263 
sequence_len:  1633
[BertDebug] region_len:  952 
sequence_len:  1860
[BertDebug] region_len:  1228 
sequence_len:  1392
[BertDebug] region_len:  101 
sequence_len:  2097
[BertDebug] region_len:  1074 
sequence_len:  1074
[BertDebug] region_len:  6910 
sequence_len:  8157
[BertDebug] region_len:  270 
sequence_len:  5597
[BertDebug] region_len:  109 
sequence_len:  1275
[BertDebug] region_len:  235 
sequence_len:  5556
{'loss': 7.0957, 'learning_rate': 7.5e-05, 'epoch': 0.0}
[BertDebug] region_len:  2250 
sequence_len:  2397
[BertDebug] region_len:  1019 
sequence_len:  3264
[BertDebug] region_len:  392 
sequence_len:  6448
[BertDebug] region_len:  235 
sequence_len:  2538
[BertDebug] region_len:  339 
sequence_len:  3115
[BertDebug] region_len:  105 
sequence_len:  [BertDebug] region_len: 4675 
227 
sequence_len:  2925
[BertDebug] region_len:  1501 
sequence_len:  1835[BertDebug] region_len: 
 284 
sequence_len:  15549
[BertDebug] region_len:  2729 
sequence_len:  4129
[BertDebug] region_len:  501 
sequence_len:  2740
[BertDebug] region_len:  423 
sequence_len:  2276
[BertDebug] region_len:  337 
sequence_len:  1813
[BertDebug] region_len:  295[BertDebug] region_len:   
sequence_len: 255  2430
sequence_len: 
 1386
[BertDebug] region_len: [BertDebug] region_len:   211182  
sequence_len: 
sequence_len:   17963384

[BertDebug] region_len:  210 
sequence_len: [BertDebug] region_len:   1654607
 
sequence_len:  762
[BertDebug] region_len:  330 
sequence_len:  1566
[BertDebug] region_len:  459[BertDebug] region_len:   
sequence_len: 390  6966
sequence_len: 
 933
[BertDebug] region_len:  178 
sequence_len: [BertDebug] region_len:   484112528
 
sequence_len:  14583
[BertDebug] region_len:  17385 
sequence_len:  17385
[BertDebug] region_len:  206 
sequence_len:  5553
[BertDebug] region_len:  250 
sequence_len:  3842
[BertDebug] region_len:  1427 
sequence_len:  3222
[BertDebug] region_len:  236 
sequence_len:  1512
[BertDebug] region_len:  2400 
sequence_len:  2561
[BertDebug] region_len:  338 
sequence_len:  1569
[BertDebug] region_len:  874 
sequence_len:  1637
[BertDebug] region_len:  13479 
sequence_len:  13479
[BertDebug] region_len:  1203 
sequence_len:  2419
[BertDebug] region_len:  273 
sequence_len:  2808
[BertDebug] region_len:  291 
sequence_len:  10361
[BertDebug] region_len:  273 
sequence_len:  2436
[BertDebug] region_len:  199 
sequence_len:  15689
[BertDebug] region_len:  631 
sequence_len:  631
[BertDebug] region_len:  224 
sequence_len:  4453
[BertDebug] region_len:  448 
sequence_len:  3806
[BertDebug] region_len:  266 
sequence_len:  3897
[BertDebug] region_len:  12183 
sequence_len:  12183
[BertDebug] region_len:  354 
sequence_len:  1305
[BertDebug] region_len:  130 
sequence_len:  4363
[BertDebug] region_len:  256 
sequence_len:  657
[BertDebug] region_len:  466 
sequence_len:  114586
[BertDebug] region_len:  399 
sequence_len:  2458
[BertDebug] region_len:  162 
sequence_len:  6470
[BertDebug] region_len:  3563 
sequence_len:  5405
[BertDebug] region_len:  189 
sequence_len:  1705
[BertDebug] region_len:  472 
sequence_len:  5229
[BertDebug] region_len:  1674 
sequence_len:  2600
[BertDebug] region_len:  161 
sequence_len:  1435
[BertDebug] region_len:  357 
sequence_len:  3248
[BertDebug] region_len:  220 
sequence_len:  2256
[BertDebug] region_len:  269 
sequence_len:  1245
[BertDebug] region_len:  2167 
sequence_len:  [BertDebug] region_len: 5084 
312 
sequence_len:  1574
[BertDebug] region_len:  159 
sequence_len:  4006
[BertDebug] region_len:  960 
sequence_len:  4540
[BertDebug] region_len:  287 
sequence_len:  2211
[BertDebug] region_len:  451 
sequence_len:  2744
[BertDebug] region_len:  326 
sequence_len:  1094
[BertDebug] region_len:  147 
sequence_len:  2058
[BertDebug] region_len:  3413 
sequence_len:  3440
[BertDebug] region_len:  193 
sequence_len:  4225
[BertDebug] region_len:  603 
sequence_len:  884
[BertDebug] region_len:  288 
sequence_len:  6441
[BertDebug] region_len:  1570 
sequence_len:  2763
[BertDebug] region_len:  44 
sequence_len:  3621
[BertDebug] region_len:  403 
sequence_len:  1458
[BertDebug] region_len:  214 
sequence_len:  4443
[BertDebug] region_len:  277 
sequence_len:  9706
[BertDebug] region_len:  350 
sequence_len:  3510
[BertDebug] region_len:  12952 
sequence_len:  20726
[BertDebug] region_len:  141 
sequence_len:  804
[BertDebug] region_len:  354 
sequence_len:  2867
[BertDebug] region_len:  199 
sequence_len:  1902
[BertDebug] region_len:  220 
sequence_len:  1937
[BertDebug] region_len:  3591 
sequence_len:  3591
[BertDebug] region_len:  874 
sequence_len:  1344
[BertDebug] region_len:  238 
sequence_len:  698
[BertDebug] region_len:  934 
sequence_len:  1308
[BertDebug] region_len:  3525 
sequence_len:  15695
[BertDebug] region_len:  1197 
sequence_len:  1885
[BertDebug] region_len:  171 
sequence_len:  1438
[BertDebug] region_len:  409 
sequence_len:  2529
[BertDebug] region_len:  266 
sequence_len:  2711
[BertDebug] region_len:  267 
sequence_len:  9468
[BertDebug] region_len:  93 
sequence_len:  1263
[BertDebug] region_len:  134 
sequence_len:  7257
[BertDebug] region_len:  157 
sequence_len:  2461
[BertDebug] region_len:  175 
sequence_len:  1735
[BertDebug] region_len:  259 
sequence_len:  2280
[BertDebug] region_len:  124 
sequence_len:  252
[BertDebug] region_len:  238 
sequence_len:  1515
[BertDebug] region_len:  203 
sequence_len:  732
[BertDebug] region_len:  1665 
sequence_len:  3747
[BertDebug] region_len:  1095 
sequence_len:  1095
[BertDebug] region_len:  465 
sequence_len:  6470
[BertDebug] region_len:  192 
sequence_len:  1960
[BertDebug] region_len:  221 
sequence_len:  2576
[BertDebug] region_len:  253 
sequence_len:  7257
[BertDebug] region_len:  296 
sequence_len:  1623
[BertDebug] region_len:  351 
sequence_len:  6078
[BertDebug] region_len:  218 
sequence_len:  6352
[BertDebug] region_len:  239 
sequence_len:  1769
[BertDebug] region_len:  1126 
sequence_len:  3162
[BertDebug] region_len:  185 
sequence_len:  555
[BertDebug] region_len:  210 
sequence_len:  2346
[BertDebug] region_len:  315 
sequence_len:  14149
[BertDebug] region_len:  319 
sequence_len:  1820
[BertDebug] region_len:  340 
sequence_len:  2619
[BertDebug] region_len:  2412 
sequence_len:  5106
[BertDebug] region_len:  336 
sequence_len:  2781
[BertDebug] region_len:  2454 
sequence_len:  2454
[BertDebug] region_len:  120 
sequence_len:  1761
[BertDebug] region_len:  31 
sequence_len:  292
[BertDebug] region_len:  398 
sequence_len:  851
[BertDebug] region_len:  805 
sequence_len:  3350
[BertDebug] region_len:  151 
sequence_len:  5116
[BertDebug] region_len:  2331 
sequence_len:  2331
[BertDebug] region_len:  305 
sequence_len:  2067
[BertDebug] region_len:  176 
sequence_len:  1996
[BertDebug] region_len:  6743 
sequence_len:  6743
[BertDebug] region_len:  532 
sequence_len:  2338
[BertDebug] region_len:  2513 
sequence_len:  4310
[BertDebug] region_len:  235 
sequence_len:  1385
[BertDebug] region_len:  192 
sequence_len:  1075
[BertDebug] region_len:  1977 
sequence_len:  2069
[BertDebug] region_len:  210 
sequence_len:  669
[BertDebug] region_len:  307 
sequence_len:  983
[BertDebug] region_len:  424 
sequence_len:  642
[BertDebug] region_len:  372 
sequence_len:  3750
[BertDebug] region_len:  239 
sequence_len:  2635
[BertDebug] region_len:  217 
sequence_len:  1854
[BertDebug] region_len:  294 
sequence_len:  2403
[BertDebug] region_len:  1012 
sequence_len:  1422
[BertDebug] region_len:  277 
sequence_len:  5378
[BertDebug] region_len:  204 
sequence_len:  2844
[BertDebug] region_len:  186 
sequence_len:  5180
[BertDebug] region_len:  140 
sequence_len:  1682
[BertDebug] region_len:  531 
sequence_len:  1074
[BertDebug] region_len:  364 
sequence_len:  3491
[BertDebug] region_len:  1659 
sequence_len:  1659
[BertDebug] region_len:  493 
sequence_len:  780
[BertDebug] region_len:  252 
sequence_len:  2844
[BertDebug] region_len:  108 
sequence_len:  1254
[BertDebug] region_len:  260 
sequence_len:  749
[BertDebug] region_len:  255 
sequence_len:  4368
[BertDebug] region_len:  386 
sequence_len:  2629
[BertDebug] region_len:  1873 
sequence_len:  6302
[BertDebug] region_len:  150 
sequence_len:  1351
[BertDebug] region_len:  388 
sequence_len:  3076
[BertDebug] region_len:  624 
sequence_len:  1882
[BertDebug] region_len:  84 
sequence_len:  471
[BertDebug] region_len:  3498 
sequence_len:  5041
[BertDebug] region_len:  361 
sequence_len:  3031
[BertDebug] region_len:  295 
sequence_len:  4624
[BertDebug] region_len:  546 
sequence_len:  2757
[BertDebug] region_len:  504 
sequence_len:  3453
[BertDebug] region_len:  161 
sequence_len:  1993
[BertDebug] region_len:  5191 
sequence_len:  114586
[BertDebug] region_len:  193 
sequence_len:  3284
[BertDebug] region_len:  263 
sequence_len:  1527
[BertDebug] region_len:  609 
sequence_len:  1139
[BertDebug] region_len:  250 
sequence_len:  579
[BertDebug] region_len:  2333 
sequence_len:  2333
[BertDebug] region_len:  339 
sequence_len:  2484
[BertDebug] region_len:  249 
sequence_len:  1254
[BertDebug] region_len:  218 
sequence_len:  8292
[BertDebug] region_len:  1120 
sequence_len:  1179
[BertDebug] region_len:  94 
sequence_len:  513
[BertDebug] region_len:  3150 
sequence_len:  11693
[BertDebug] region_len:  197 
sequence_len:  1236
[BertDebug] region_len:  32 
sequence_len:  1675
[BertDebug] region_len:  235 
sequence_len:  2804
[BertDebug] region_len:  182 
sequence_len:  1890
[BertDebug] region_len:  439 
sequence_len:  4128
[BertDebug] region_len:  567 
sequence_len:  10632
[BertDebug] region_len:  302 
sequence_len:  11529
[BertDebug] region_len:  1703 
sequence_len:  1703
[BertDebug] region_len:  339 
sequence_len:  687
[BertDebug] region_len:  346 
sequence_len:  5929
[BertDebug] region_len:  544 
sequence_len:  1301
[BertDebug] region_len:  102 
sequence_len:  3141
[BertDebug] region_len:  113 
sequence_len:  1972
[BertDebug] region_len:  164 
sequence_len:  1626
[BertDebug] region_len:  864 
sequence_len:  3270
[BertDebug] region_len:  298 
sequence_len:  2297
[BertDebug] region_len:  360 
sequence_len:  13663
[BertDebug] region_len:  337 
sequence_len:  13663
[BertDebug] region_len:  2266 
sequence_len:  2266
[BertDebug] region_len:  2154 
sequence_len:  2154
[BertDebug] region_len:  133 
sequence_len:  1773
[BertDebug] region_len:  2183 
sequence_len:  5273
[BertDebug] region_len:  201 
sequence_len:  3501
[BertDebug] region_len:  4533 
sequence_len:  4533
[BertDebug] region_len:  225 
sequence_len:  3927
[BertDebug] region_len:  199 
sequence_len:  2438
[BertDebug] region_len:  332 
sequence_len:  3384
[BertDebug] region_len:  742 
sequence_len:  1362
[BertDebug] region_len:  171 
sequence_len:  7469
[BertDebug] region_len:  753 
sequence_len:  2907
[BertDebug] region_len:  67 
sequence_len:  2026
[BertDebug] region_len:  2951 
sequence_len:  2951
[BertDebug] region_len:  392 
sequence_len:  1563
[BertDebug] region_len:  108 
sequence_len:  1653
[BertDebug] region_len:  175 
sequence_len:  8311
[BertDebug] region_len:  322 
sequence_len:  2704
[BertDebug] region_len:  515 
sequence_len:  2274
[BertDebug] region_len:  983 
sequence_len:  3060
[BertDebug] region_len:  202 
sequence_len:  2586
[BertDebug] region_len:  3722 
sequence_len:  5957
[BertDebug] region_len:  280 
sequence_len:  791
[BertDebug] region_len:  94 
sequence_len:  5235
[BertDebug] region_len:  382 
sequence_len:  1647
[BertDebug] region_len:  1995 
sequence_len:  1995
[BertDebug] region_len:  388 
sequence_len:  1425
[BertDebug] region_len:  263 
sequence_len:  2671
[BertDebug] region_len:  184 
sequence_len:  1104
[BertDebug] region_len:  158 
sequence_len:  3248
[BertDebug] region_len:  289 
sequence_len:  1657
[BertDebug] region_len:  138 
sequence_len:  481
[BertDebug] region_len:  474 
sequence_len:  1838
[BertDebug] region_len:  9016 
sequence_len:  9831
[BertDebug] region_len:  570 
sequence_len:  1574
[BertDebug] region_len:  1130 
sequence_len:  1398
[BertDebug] region_len:  438 
sequence_len:  774
[BertDebug] region_len:  942 
sequence_len:  942
[BertDebug] region_len:  276 
sequence_len:  717
[BertDebug] region_len:  336 
sequence_len:  3304
[BertDebug] region_len:  235 
sequence_len:  2025
[BertDebug] region_len:  1281 
sequence_len:  1459
[BertDebug] region_len:  346 
sequence_len:  1743
[BertDebug] region_len:  1488 
sequence_len:  1488
[BertDebug] region_len:  1341 
sequence_len:  1341
[BertDebug] region_len:  71 
sequence_len:  2886
[BertDebug] region_len:  2175 
sequence_len:  2175
[BertDebug] region_len:  228 
sequence_len:  2156
[BertDebug] region_len:  762 
sequence_len:  1438
[BertDebug] region_len:  249 
sequence_len:  4092
[BertDebug] region_len:  915 
sequence_len:  2829
[BertDebug] region_len:  301 
sequence_len:  2109
[BertDebug] region_len:  94 
sequence_len:  3844
[BertDebug] region_len:  277 
sequence_len:  3753
[BertDebug] region_len:  116 
sequence_len:  3339
[BertDebug] region_len:  6188 
sequence_len:  7628
[BertDebug] region_len:  269 
sequence_len:  8010
[BertDebug] region_len:  186 
sequence_len:  1425
[BertDebug] region_len:  106 
sequence_len:  5386
[BertDebug] region_len:  255 
sequence_len:  1120
[BertDebug] region_len:  220 
sequence_len:  2622
[BertDebug] region_len:  351 
sequence_len:  3303
[BertDebug] region_len:  178 
sequence_len:  3056
[BertDebug] region_len:  134 
sequence_len:  1254
[BertDebug] region_len:  129 
sequence_len:  3746
[BertDebug] region_len:  228 
sequence_len:  1230
[BertDebug] region_len:  2126 
sequence_len:  2126
[BertDebug] region_len:  246 
sequence_len:  585
[BertDebug] region_len:  1029 
sequence_len:  2297
[BertDebug] region_len:  172 
sequence_len:  1396
[BertDebug] region_len:  529 
sequence_len:  2724
[BertDebug] region_len:  99 
sequence_len:  1812
[BertDebug] region_len:  315 
sequence_len:  2744
[BertDebug] region_len:  378 
sequence_len:  816
[BertDebug] region_len:  1069 
sequence_len:  1069
[BertDebug] region_len:  206 
sequence_len:  1392
[BertDebug] region_len:  342 
sequence_len:  342
[BertDebug] region_len:  175 
sequence_len:  1508
[BertDebug] region_len:  1437 
sequence_len:  1437
[BertDebug] region_len:  207 
sequence_len:  3721
[BertDebug] region_len:  21 
sequence_len:  1712
[BertDebug] region_len:  266 
sequence_len:  2278
[BertDebug] region_len:  199 
sequence_len:  4319
[BertDebug] region_len:  386 
sequence_len:  1859
[BertDebug] region_len:  776 
sequence_len:  1834
[BertDebug] region_len:  135 
sequence_len:  316
[BertDebug] region_len:  168 
sequence_len:  2260
[BertDebug] region_len:  663 
sequence_len:  744
[BertDebug] region_len:  678 
sequence_len:  678
[BertDebug] region_len:  396 
sequence_len:  1198
[BertDebug] region_len:  119 
sequence_len:  561
[BertDebug] region_len:  231 
sequence_len:  2760
[BertDebug] region_len:  154 
sequence_len:  3410
[BertDebug] region_len:  119 
sequence_len:  2327
[BertDebug] region_len:  372 
sequence_len:  2588
[BertDebug] region_len:  2657 
sequence_len:  4548
[BertDebug] region_len:  262 
sequence_len:  2208
[BertDebug] region_len:  2907 
sequence_len:  3012
[BertDebug] region_len:  302 
sequence_len:  1505
[BertDebug] region_len:  1613 
sequence_len:  4283
[BertDebug] region_len:  291 
sequence_len:  4365
[BertDebug] region_len:  684 
sequence_len:  969
[BertDebug] region_len:  235 
sequence_len:  1707
[BertDebug] region_len:  118 
sequence_len:  4876
[BertDebug] region_len:  1036 
sequence_len:  3120
[BertDebug] region_len:  210 
sequence_len:  1793
[BertDebug] region_len:  234 
sequence_len:  1919
[BertDebug] region_len:  172 
sequence_len:  1499
[BertDebug] region_len:  42 
sequence_len:  912
[BertDebug] region_len:  179 
sequence_len:  3081
[BertDebug] region_len:  168 
sequence_len:  4743
[BertDebug] region_len:  308 
sequence_len:  4165
[BertDebug] region_len:  2216 
sequence_len:  2590
[BertDebug] region_len:  809 
sequence_len:  6000
[BertDebug] region_len:  954 
sequence_len:  954
[BertDebug] region_len:  284 
sequence_len:  1338
[BertDebug] region_len:  472 
sequence_len:  114586
[BertDebug] region_len:  29 
sequence_len:  937
[BertDebug] region_len:  143 
sequence_len:  5808
[BertDebug] region_len:  336 
sequence_len:  6110
[BertDebug] region_len:  447 
sequence_len:  7072
[BertDebug] region_len:  141 
sequence_len:  2006
[BertDebug] region_len:  1236 
sequence_len:  4752
[BertDebug] region_len:  316 
sequence_len:  2877
[BertDebug] region_len:  309 
sequence_len:  2630
[BertDebug] region_len:  60 
sequence_len:  1388
[BertDebug] region_len:  581 
sequence_len:  2955
{'loss': 6.9324, 'learning_rate': 8.333333333333333e-05, 'epoch': 0.0}
[BertDebug] region_len:  248 
sequence_len:  2643
[BertDebug] region_len:  115 
sequence_len:  1285
[BertDebug] region_len:  1851 
sequence_len:  1851
[BertDebug] region_len:  2982 
sequence_len:  2982
[BertDebug] region_len:  2031 
sequence_len:  2031
[BertDebug] region_len:  900 
sequence_len:  900
[BertDebug] region_len:  25 
sequence_len:  889
[BertDebug] region_len:  301 
sequence_len:  5497
[BertDebug] region_len:  724 
sequence_len:  2759
[BertDebug] region_len:  252 
sequence_len:  1221
[BertDebug] region_len:  141 
sequence_len:  1220[BertDebug] region_len: 
 410 
sequence_len:  5982
[BertDebug] region_len:  118 
sequence_len:  2130
[BertDebug] region_len:  366 
sequence_len:  [BertDebug] region_len: 1479 
352 
sequence_len:  2489
[BertDebug] region_len:  138 
sequence_len:  1086[BertDebug] region_len: 
 1459 
sequence_len:  2868
[BertDebug] region_len:  151 
sequence_len:  1083
[BertDebug] region_len:  316 
sequence_len:  2877
[BertDebug] region_len:  340 
sequence_len:  1434
[BertDebug] region_len:  561 
sequence_len:  4745
[BertDebug] region_len:  6759 
sequence_len:  6759
[BertDebug] region_len:  2311 
sequence_len:  3434
[BertDebug] region_len:  112 
sequence_len:  730
[BertDebug] region_len:  364 
sequence_len:  4265
[BertDebug] region_len:  291 
sequence_len:  1502
[BertDebug] region_len:  2059 
sequence_len:  2106
[BertDebug] region_len:  623 
sequence_len:  2925
[BertDebug] region_len:  242 
sequence_len:  3870
[BertDebug] region_len:  154 
sequence_len:  2993
[BertDebug] region_len:  4974 
sequence_len:  4974
[BertDebug] region_len:  364 
sequence_len:  449
[BertDebug] region_len:  313 
sequence_len:  954
[BertDebug] region_len:  1067 
sequence_len:  1067
[BertDebug] region_len:  161 
sequence_len:  1569
[BertDebug] region_len:  360 
sequence_len:  1501
[BertDebug] region_len:  934 
sequence_len:  6217
[BertDebug] region_len:  298 
sequence_len:  1318
[BertDebug] region_len:  309 
sequence_len:  703
[BertDebug] region_len:  462 
sequence_len:  12271
[BertDebug] region_len:  1035 
sequence_len:  1035
[BertDebug] region_len:  1781 
sequence_len:  1781
[BertDebug] region_len:  326 
sequence_len:  963
[BertDebug] region_len:  342 
sequence_len:  2421
[BertDebug] region_len:  235 
sequence_len:  1824
[BertDebug] region_len:  501 
sequence_len:  501
[BertDebug] region_len:  298 
sequence_len:  4109
[BertDebug] region_len:  673 
sequence_len:  1301
[BertDebug] region_len:  130 
sequence_len:  4833
[BertDebug] region_len:  2132 
sequence_len:  2132
[BertDebug] region_len:  325 
sequence_len:  1579
[BertDebug] region_len:  228 
sequence_len:  2727
[BertDebug] region_len:  1123 
sequence_len:  2751
[BertDebug] region_len:  364 
sequence_len:  3022
[BertDebug] region_len:  325 
sequence_len:  1471
[BertDebug] region_len:  202 
sequence_len:  2217
[BertDebug] region_len:  651 
sequence_len:  1153
[BertDebug] region_len:  101 
sequence_len:  595
[BertDebug] region_len:  169 
sequence_len:  1499
[BertDebug] region_len:  473 
sequence_len:  1590
[BertDebug] region_len:  441 
sequence_len:  2187
[BertDebug] region_len:  2433 
sequence_len:  2433
[BertDebug] region_len:  954 
sequence_len:  954
[BertDebug] region_len:  287 
sequence_len:  3867
[BertDebug] region_len:  284 
sequence_len:  7953
[BertDebug] region_len:  190 
sequence_len:  5400
[BertDebug] region_len:  241 
sequence_len:  2037
[BertDebug] region_len:  312 
sequence_len:  2067
[BertDebug] region_len:  192 
sequence_len:  2615
[BertDebug] region_len:  325 
sequence_len:  2282
[BertDebug] region_len:  1289 
sequence_len:  2284
[BertDebug] region_len:  623 
sequence_len:  639
[BertDebug] region_len:  101 
sequence_len:  879
[BertDebug] region_len:  204 
sequence_len:  4990
[BertDebug] region_len:  179 
sequence_len:  1128
[BertDebug] region_len:  241 
sequence_len:  1389
[BertDebug] region_len:  997 
sequence_len:  1803
[BertDebug] region_len:  83 
sequence_len:  165
[BertDebug] region_len:  256 
sequence_len:  1147
[BertDebug] region_len:  1158 
sequence_len:  7845
[BertDebug] region_len:  1391 
sequence_len:  2978
[BertDebug] region_len:  351 
sequence_len:  4403
[BertDebug] region_len:  1515 
sequence_len:  2603
[BertDebug] region_len:  295 
sequence_len:  1512
[BertDebug] region_len:  529 
sequence_len:  7940
[BertDebug] region_len:  448 
sequence_len:  6303
[BertDebug] region_len:  210 
sequence_len:  1551
[BertDebug] region_len:  717 
sequence_len:  717
[BertDebug] region_len:  99 
sequence_len:  14905
[BertDebug] region_len:  228 
sequence_len:  1796
[BertDebug] region_len:  199 
sequence_len:  3593
[BertDebug] region_len:  1011 
sequence_len:  3354
[BertDebug] region_len:  359 
sequence_len:  1929
[BertDebug] region_len:  3966 
sequence_len:  4218
[BertDebug] region_len:  414 
sequence_len:  4058
[BertDebug] region_len:  134 
sequence_len:  3175
[BertDebug] region_len:  277 
sequence_len:  4271
[BertDebug] region_len:  189 
sequence_len:  2945
[BertDebug] region_len:  1825 
sequence_len:  4353
[BertDebug] region_len:  137 
sequence_len:  1522
[BertDebug] region_len:  326 
sequence_len:  2161
[BertDebug] region_len:  239 
sequence_len:  1777
[BertDebug] region_len:  137 
sequence_len:  4227
[BertDebug] region_len:  206 
sequence_len:  2489
[BertDebug] region_len:  6417 
sequence_len:  6417
[BertDebug] region_len:  151 
sequence_len:  1512
[BertDebug] region_len:  197 
sequence_len:  1797
[BertDebug] region_len:  1125 
sequence_len:  1561
[BertDebug] region_len:  283 
sequence_len:  1770
[BertDebug] region_len:  3196 
sequence_len:  3196
[BertDebug] region_len:  274 
sequence_len:  3236
[BertDebug] region_len:  464 
sequence_len:  1491
[BertDebug] region_len:  779 
sequence_len:  3615
[BertDebug] region_len:  319 
sequence_len:  1423
[BertDebug] region_len:  1659 
sequence_len:  1659
[BertDebug] region_len:  204 
sequence_len:  12909
[BertDebug] region_len:  218 
sequence_len:  2413
[BertDebug] region_len:  253 
sequence_len:  3781
[BertDebug] region_len:  451 
sequence_len:  1314
[BertDebug] region_len:  227 
sequence_len:  1617
[BertDebug] region_len:  168 
sequence_len:  2010
[BertDebug] region_len:  225 
sequence_len:  3122
[BertDebug] region_len:  115 
sequence_len:  1286
[BertDebug] region_len:  163 
sequence_len:  1392
[BertDebug] region_len:  270 
sequence_len:  4026
[BertDebug] region_len:  2118 
sequence_len:  2118
[BertDebug] region_len:  281 
sequence_len:  2698
[BertDebug] region_len:  106 
sequence_len:  2159
[BertDebug] region_len:  493 
sequence_len:  3249
[BertDebug] region_len:  302 
sequence_len:  43902
[BertDebug] region_len:  178 
sequence_len:  547
[BertDebug] region_len:  252 
sequence_len:  2189
[BertDebug] region_len:  309 
sequence_len:  9271
[BertDebug] region_len:  147 
sequence_len:  1095
[BertDebug] region_len:  93 
sequence_len:  1533
[BertDebug] region_len:  151 
sequence_len:  953
[BertDebug] region_len:  207 
sequence_len:  426
[BertDebug] region_len:  147 
sequence_len:  4956
[BertDebug] region_len:  2312 
sequence_len:  2312
[BertDebug] region_len:  2097 
sequence_len:  2097
[BertDebug] region_len:  819 
sequence_len:  2697
[BertDebug] region_len:  310 
sequence_len:  657
[BertDebug] region_len:  84 
sequence_len:  1386
[BertDebug] region_len:  301 
sequence_len:  5225
[BertDebug] region_len:  1700 
sequence_len:  1700
[BertDebug] region_len:  1558 
sequence_len:  1558
[BertDebug] region_len:  433 
sequence_len:  1356
[BertDebug] region_len:  323 
sequence_len:  2247
[BertDebug] region_len:  318 
sequence_len:  2919
[BertDebug] region_len:  109 
sequence_len:  4019
[BertDebug] region_len:  298 
sequence_len:  6910
[BertDebug] region_len:  14182 
sequence_len:  14182
[BertDebug] region_len:  406 
sequence_len:  2911
[BertDebug] region_len:  420 
sequence_len:  2136
[BertDebug] region_len:  1381 
sequence_len:  2208
[BertDebug] region_len:  1354 
sequence_len:  6393
[BertDebug] region_len:  154 
sequence_len:  1119
[BertDebug] region_len:  1164 
sequence_len:  1164
[BertDebug] region_len:  598 
sequence_len:  12182
[BertDebug] region_len:  78 
sequence_len:  8418
[BertDebug] region_len:  150 
sequence_len:  1896
[BertDebug] region_len:  204 
sequence_len:  6286
[BertDebug] region_len:  420 
sequence_len:  1608
[BertDebug] region_len:  266 
sequence_len:  4176
[BertDebug] region_len:  368 
sequence_len:  749
[BertDebug] region_len:  246 
sequence_len:  1421
[BertDebug] region_len:  713 
sequence_len:  1273
[BertDebug] region_len:  1266 
sequence_len:  1983
[BertDebug] region_len:  302 
sequence_len:  7765
[BertDebug] region_len:  8631 
sequence_len:  10645
[BertDebug] region_len:  2954 
sequence_len:  2954
[BertDebug] region_len:  453 
sequence_len:  1659
[BertDebug] region_len:  474 
sequence_len:  2699
[BertDebug] region_len:  1881 
sequence_len:  1881
[BertDebug] region_len:  199 
sequence_len:  2544
[BertDebug] region_len:  2121 
sequence_len:  4359
[BertDebug] region_len:  6287 
sequence_len:  6745
[BertDebug] region_len:  796 
sequence_len:  1056
[BertDebug] region_len:  358 
sequence_len:  3356
[BertDebug] region_len:  371 
sequence_len:  1040
[BertDebug] region_len:  297 
sequence_len:  1255
[BertDebug] region_len:  270 
sequence_len:  3821
[BertDebug] region_len:  220 
sequence_len:  5412
[BertDebug] region_len:  242 
sequence_len:  9584
[BertDebug] region_len:  185 
sequence_len:  2553
[BertDebug] region_len:  1260 
sequence_len:  4082
[BertDebug] region_len:  1019 
sequence_len:  2406
[BertDebug] region_len:  154 
sequence_len:  15962
[BertDebug] region_len:  252 
sequence_len:  609
[BertDebug] region_len:  232 
sequence_len:  4890
[BertDebug] region_len:  339 
sequence_len:  1278
[BertDebug] region_len:  119 
sequence_len:  12106
[BertDebug] region_len:  792 
sequence_len:  792
[BertDebug] region_len:  127 
sequence_len:  234
[BertDebug] region_len:  285 
sequence_len:  1842
[BertDebug] region_len:  595 
sequence_len:  1797
[BertDebug] region_len:  503 
sequence_len:  969
[BertDebug] region_len:  127 
sequence_len:  1797
[BertDebug] region_len:  2812 
sequence_len:  3371
[BertDebug] region_len:  200 
sequence_len:  1317
[BertDebug] region_len:  252 
sequence_len:  3604
[BertDebug] region_len:  2861 
sequence_len:  3060
[BertDebug] region_len:  196 
sequence_len:  5524
[BertDebug] region_len:  768 
sequence_len:  1647
[BertDebug] region_len:  267 
sequence_len:  6102
[BertDebug] region_len:  458 
sequence_len:  3755
[BertDebug] region_len:  490 
sequence_len:  15025
[BertDebug] region_len:  154 
sequence_len:  942
[BertDebug] region_len:  1320 
sequence_len:  2348
[BertDebug] region_len:  1128 
sequence_len:  1128
[BertDebug] region_len:  2057 
sequence_len:  2649
[BertDebug] region_len:  203 
sequence_len:  2523
[BertDebug] region_len:  477 
sequence_len:  900
[BertDebug] region_len:  1587 
sequence_len:  1587
[BertDebug] region_len:  486 
sequence_len:  2823
[BertDebug] region_len:  224 
sequence_len:  3000
[BertDebug] region_len:  151 
sequence_len:  2040
[BertDebug] region_len:  191 
sequence_len:  723
[BertDebug] region_len:  374 
sequence_len:  1755
[BertDebug] region_len:  535 
sequence_len:  5981
[BertDebug] region_len:  4286 
sequence_len:  4418
[BertDebug] region_len:  246 
sequence_len:  498
[BertDebug] region_len:  199 
sequence_len:  1516
[BertDebug] region_len:  1373 
sequence_len:  3116
[BertDebug] region_len:  283 
sequence_len:  3092
[BertDebug] region_len:  21243 
sequence_len:  21243
[BertDebug] region_len:  393 
sequence_len:  7404
[BertDebug] region_len:  169 
sequence_len:  4176
[BertDebug] region_len:  241 
sequence_len:  3465
[BertDebug] region_len:  326 
sequence_len:  868
[BertDebug] region_len:  1229 
sequence_len:  7637
[BertDebug] region_len:  963 
sequence_len:  963
[BertDebug] region_len:  252 
sequence_len:  3915
[BertDebug] region_len:  179 
sequence_len:  2662
[BertDebug] region_len:  200 
sequence_len:  1157
[BertDebug] region_len:  960 
sequence_len:  960
[BertDebug] region_len:  137 
sequence_len:  582
[BertDebug] region_len:  409 
sequence_len:  1647
[BertDebug] region_len:  165 
sequence_len:  8330
[BertDebug] region_len:  80 
sequence_len:  2637
[BertDebug] region_len:  207 
sequence_len:  1470
[BertDebug] region_len:  996 
sequence_len:  3831
[BertDebug] region_len:  458 
sequence_len:  11655
[BertDebug] region_len:  119 
sequence_len:  2089
[BertDebug] region_len:  1029 
sequence_len:  1029
[BertDebug] region_len:  1370 
sequence_len:  1983
[BertDebug] region_len:  353 
sequence_len:  891
[BertDebug] region_len:  483 
sequence_len:  3462
[BertDebug] region_len:  1146 
sequence_len:  1928
[BertDebug] region_len:  323 
sequence_len:  1735
[BertDebug] region_len:  312 
sequence_len:  2538
[BertDebug] region_len:  500 
sequence_len:  1494
[BertDebug] region_len:  136 
sequence_len:  887
[BertDebug] region_len:  518 
sequence_len:  6448
[BertDebug] region_len:  4305 
sequence_len:  4305
[BertDebug] region_len:  203 
sequence_len:  2564
[BertDebug] region_len:  270 
sequence_len:  740
[BertDebug] region_len:  2045 
sequence_len:  2427
[BertDebug] region_len:  353 
sequence_len:  1899
[BertDebug] region_len:  542 
sequence_len:  1445
[BertDebug] region_len:  4047 
sequence_len:  4047
[BertDebug] region_len:  332 
sequence_len:  2215
[BertDebug] region_len:  2746 
sequence_len:  2844
[BertDebug] region_len:  127 
sequence_len:  3844
[BertDebug] region_len:  1065 
sequence_len:  1359
[BertDebug] region_len:  224 
sequence_len:  6456
[BertDebug] region_len:  277 
sequence_len:  12795
[BertDebug] region_len:  151 
sequence_len:  2937
[BertDebug] region_len:  1810 
sequence_len:  3708
[BertDebug] region_len:  85 
sequence_len:  1282
[BertDebug] region_len:  332 
sequence_len:  1917
[BertDebug] region_len:  279 
sequence_len:  2177
[BertDebug] region_len:  378 
sequence_len:  2560
[BertDebug] region_len:  1404 
sequence_len:  1404
[BertDebug] region_len:  365 
sequence_len:  2288
[BertDebug] region_len:  1581 
sequence_len:  1581
[BertDebug] region_len:  571 
sequence_len:  3732
[BertDebug] region_len:  456 
sequence_len:  2034
[BertDebug] region_len:  135 
sequence_len:  1404
[BertDebug] region_len:  81 
sequence_len:  3494
[BertDebug] region_len:  47 
sequence_len:  177
[BertDebug] region_len:  964 
sequence_len:  1002
[BertDebug] region_len:  1082 
sequence_len:  1647
[BertDebug] region_len:  3029 
sequence_len:  3029
[BertDebug] region_len:  479 
sequence_len:  1468
[BertDebug] region_len:  147 
sequence_len:  3239
[BertDebug] region_len:  1755 
sequence_len:  1755
[BertDebug] region_len:  266 
sequence_len:  7853
[BertDebug] region_len:  199 
sequence_len:  2237
[BertDebug] region_len:  1120 
sequence_len:  3035
[BertDebug] region_len:  506 
sequence_len:  1515
[BertDebug] region_len:  3159 
sequence_len:  3159
[BertDebug] region_len:  402 
sequence_len:  1535
[BertDebug] region_len:  274 
sequence_len:  13993
[BertDebug] region_len:  732 
sequence_len:  1638
[BertDebug] region_len:  283 
sequence_len:  1156
[BertDebug] region_len:  266 
sequence_len:  4268
[BertDebug] region_len:  329 
sequence_len:  1600
[BertDebug] region_len:  212 
sequence_len:  1154
[BertDebug] region_len:  699 
sequence_len:  1083
[BertDebug] region_len:  248 
sequence_len:  1291
[BertDebug] region_len:  1065 
sequence_len:  4211
[BertDebug] region_len:  276 
sequence_len:  2514
[BertDebug] region_len:  346 
sequence_len:  846
[BertDebug] region_len:  228 
sequence_len:  1914
[BertDebug] region_len:  189 
sequence_len:  4513
[BertDebug] region_len:  291 
sequence_len:  4841
[BertDebug] region_len:  661 
sequence_len:  2654
[BertDebug] region_len:  1386 
sequence_len:  1386
[BertDebug] region_len:  468 
sequence_len:  1476
[BertDebug] region_len:  178 
sequence_len:  792
[BertDebug] region_len:  439 
sequence_len:  3220
[BertDebug] region_len:  137 
sequence_len:  797
[BertDebug] region_len:  455 
sequence_len:  2235
[BertDebug] region_len:  298 
sequence_len:  3749
[BertDebug] region_len:  137 
sequence_len:  5400
[BertDebug] region_len:  2850 
sequence_len:  2901
[BertDebug] region_len:  1215 
sequence_len:  4077
[BertDebug] region_len:  834 
sequence_len:  11041
[BertDebug] region_len:  1205 
sequence_len:  1272
{'loss': 6.9502, 'learning_rate': 9.166666666666667e-05, 'epoch': 0.0}
[BertDebug] region_len:  225 
sequence_len:  930
[BertDebug] region_len:  309 
sequence_len:  2562
[BertDebug] region_len:  211 
sequence_len:  3086
[BertDebug] region_len:  708 
sequence_len:  3063
[BertDebug] region_len:  270 
sequence_len:  2508
[BertDebug] region_len:  953 
sequence_len:  1095
[BertDebug] region_len:  2712 
sequence_len:  2712
[BertDebug] region_len:  488 
sequence_len:  630
[BertDebug] region_len:  2436 
sequence_len:  2436
[BertDebug] region_len:  1098 
sequence_len:  1098
[BertDebug] region_len:  150 
sequence_len:  1255
[BertDebug] region_len:  315 [BertDebug] region_len: 
sequence_len:   3782159 

sequence_len:  783
[BertDebug] region_len:  2978 
sequence_len:  4449
[BertDebug] region_len:  290 
sequence_len:  2363
[BertDebug] region_len:  451 
sequence_len:  5229
[BertDebug] region_len:  99 
sequence_len:  4563
[BertDebug] region_len:  340 
sequence_len:  14539
[BertDebug] region_len:  171 
sequence_len:  2021
[BertDebug] region_len:  372 
sequence_len:  825
[BertDebug] region_len:  399 
sequence_len:  1467
[BertDebug] region_len:  298 
sequence_len:  7455
[BertDebug] region_len:  609 
sequence_len:  1679
[BertDebug] region_len:  196 
sequence_len:  2397
[BertDebug] region_len:  1323 
sequence_len:  1323
[BertDebug] region_len:  255 
sequence_len:  5058
[BertDebug] region_len:  354 
sequence_len:  3353
[BertDebug] region_len:  326 
sequence_len:  4198
[BertDebug] region_len:  3033 
sequence_len:  3033
[BertDebug] region_len:  395 
sequence_len:  2834
[BertDebug] region_len:  158 
sequence_len:  3175
[BertDebug] region_len:  1338 
sequence_len:  1338
[BertDebug] region_len:  1715 
sequence_len:  2500
[BertDebug] region_len:  1029 
sequence_len:  1029
[BertDebug] region_len:  380 
sequence_len:  2178
[BertDebug] region_len:  245 
sequence_len:  1457
[BertDebug] region_len:  133 
sequence_len:  1371
[BertDebug] region_len:  127 
sequence_len:  4371
[BertDebug] region_len:  348 
sequence_len:  3916
[BertDebug] region_len:  224 
sequence_len:  43902
[BertDebug] region_len:  144 
sequence_len:  3573
[BertDebug] region_len:  1197 
sequence_len:  1197
[BertDebug] region_len:  162 
sequence_len:  1385
[BertDebug] region_len:  267 
sequence_len:  3868
[BertDebug] region_len:  220 
sequence_len:  4995
[BertDebug] region_len:  649 
sequence_len:  3018
[BertDebug] region_len:  500 
sequence_len:  1742
[BertDebug] region_len:  598 
sequence_len:  5234
[BertDebug] region_len:  493 
sequence_len:  3754
[BertDebug] region_len:  1341 
sequence_len:  1341
[BertDebug] region_len:  2549 
sequence_len:  2978
[BertDebug] region_len:  283 
sequence_len:  2353
[BertDebug] region_len:  294 
sequence_len:  5285
[BertDebug] region_len:  4101 
sequence_len:  4101
[BertDebug] region_len:  281 
sequence_len:  1842
[BertDebug] region_len:  130 
sequence_len:  1378
[BertDebug] region_len:  172 
sequence_len:  5283
[BertDebug] region_len:  67 
sequence_len:  2469
[BertDebug] region_len:  754 
sequence_len:  1797
[BertDebug] region_len:  897 
sequence_len:  897
[BertDebug] region_len:  329 
sequence_len:  1554
[BertDebug] region_len:  634 
sequence_len:  6585
[BertDebug] region_len:  270 
sequence_len:  2023
[BertDebug] region_len:  1796 
sequence_len:  7750
[BertDebug] region_len:  344 
sequence_len:  2182
[BertDebug] region_len:  728 
sequence_len:  1350
[BertDebug] region_len:  311 
sequence_len:  7137
[BertDebug] region_len:  239 
sequence_len:  1560
[BertDebug] region_len:  4767 
sequence_len:  4767
[BertDebug] region_len:  171 
sequence_len:  3605
[BertDebug] region_len:  336 
sequence_len:  21913
[BertDebug] region_len:  675 
sequence_len:  2306
[BertDebug] region_len:  1415 
sequence_len:  2799
[BertDebug] region_len:  819 
sequence_len:  1940
[BertDebug] region_len:  679 
sequence_len:  2144
[BertDebug] region_len:  308 
sequence_len:  1444
[BertDebug] region_len:  2669 
sequence_len:  2935
[BertDebug] region_len:  71 
sequence_len:  1345
[BertDebug] region_len:  242 
sequence_len:  3829
[BertDebug] region_len:  25 
sequence_len:  3609
[BertDebug] region_len:  598 
sequence_len:  5234
[BertDebug] region_len:  777 
sequence_len:  777
[BertDebug] region_len:  16434 
sequence_len:  16434
[BertDebug] region_len:  2331 
sequence_len:  2331
[BertDebug] region_len:  494 
sequence_len:  2114
[BertDebug] region_len:  529 
sequence_len:  1419
[BertDebug] region_len:  515 
sequence_len:  2367
[BertDebug] region_len:  616 
sequence_len:  961
[BertDebug] region_len:  326 
sequence_len:  6302
[BertDebug] region_len:  606 
sequence_len:  2173
[BertDebug] region_len:  253 
sequence_len:  3186
[BertDebug] region_len:  277 
sequence_len:  1204
[BertDebug] region_len:  373 
sequence_len:  1068
[BertDebug] region_len:  185 
sequence_len:  6321
[BertDebug] region_len:  449 
sequence_len:  1194
[BertDebug] region_len:  270 
sequence_len:  8916
[BertDebug] region_len:  256 
sequence_len:  3624
[BertDebug] region_len:  200 
sequence_len:  3976
[BertDebug] region_len:  1059 
sequence_len:  1059
[BertDebug] region_len:  1145 
sequence_len:  1905
[BertDebug] region_len:  564 
sequence_len:  2566
[BertDebug] region_len:  218 
sequence_len:  1849
[BertDebug] region_len:  155 
sequence_len:  1853
[BertDebug] region_len:  116 
sequence_len:  9640
[BertDebug] region_len:  1620 
sequence_len:  4212
[BertDebug] region_len:  147 
sequence_len:  3248
[BertDebug] region_len:  2236 
sequence_len:  4829
[BertDebug] region_len:  279 
sequence_len:  3295
[BertDebug] region_len:  133 
sequence_len:  3449
[BertDebug] region_len:  301 
sequence_len:  4667
[BertDebug] region_len:  981 
sequence_len:  1677
[BertDebug] region_len:  349 
sequence_len:  3228
[BertDebug] region_len:  9509 
sequence_len:  9768
[BertDebug] region_len:  227 
sequence_len:  10361
[BertDebug] region_len:  665 
sequence_len:  2988
[BertDebug] region_len:  249 
sequence_len:  1434
[BertDebug] region_len:  3210 
sequence_len:  3210
[BertDebug] region_len:  323 
sequence_len:  1095
[BertDebug] region_len:  217 
sequence_len:  2688
[BertDebug] region_len:  276 
sequence_len:  8870
[BertDebug] region_len:  525 
sequence_len:  704
[BertDebug] region_len:  1320 
sequence_len:  3285
[BertDebug] region_len:  225 
sequence_len:  1039
[BertDebug] region_len:  224 
sequence_len:  7808
[BertDebug] region_len:  256 
sequence_len:  3645
[BertDebug] region_len:  445 
sequence_len:  2149
[BertDebug] region_len:  1503 
sequence_len:  1932
[BertDebug] region_len:  199 
sequence_len:  3822
[BertDebug] region_len:  2088 
sequence_len:  2088
[BertDebug] region_len:  204 
sequence_len:  4019
[BertDebug] region_len:  246 
sequence_len:  2624
[BertDebug] region_len:  570 
sequence_len:  3462
[BertDebug] region_len:  249 
sequence_len:  1419
[BertDebug] region_len:  221 
sequence_len:  2585
[BertDebug] region_len:  1101 
sequence_len:  1101
[BertDebug] region_len:  367 
sequence_len:  702
[BertDebug] region_len:  434 
sequence_len:  4757
[BertDebug] region_len:  4882 
sequence_len:  16770
[BertDebug] region_len:  774 
sequence_len:  1606
[BertDebug] region_len:  617 
sequence_len:  2142
[BertDebug] region_len:  4077 
sequence_len:  4077
[BertDebug] region_len:  157 
sequence_len:  8454
[BertDebug] region_len:  114 
sequence_len:  1722
[BertDebug] region_len:  178 
sequence_len:  4752
[BertDebug] region_len:  171 
sequence_len:  1835
[BertDebug] region_len:  312 
sequence_len:  3502
[BertDebug] region_len:  231 
sequence_len:  2683
[BertDebug] region_len:  260 
sequence_len:  3912
[BertDebug] region_len:  978 
sequence_len:  978
[BertDebug] region_len:  384 
sequence_len:  2067
[BertDebug] region_len:  326 
sequence_len:  1881
[BertDebug] region_len:  1351 
sequence_len:  5934
[BertDebug] region_len:  130 
sequence_len:  1566
[BertDebug] region_len:  2544 
sequence_len:  3894
[BertDebug] region_len:  900 
sequence_len:  900
[BertDebug] region_len:  441 
sequence_len:  12429
[BertDebug] region_len:  585 
sequence_len:  1238
[BertDebug] region_len:  287 
sequence_len:  13993
[BertDebug] region_len:  940 
sequence_len:  1996
[BertDebug] region_len:  2842 
sequence_len:  4390
[BertDebug] region_len:  112 
sequence_len:  1185
[BertDebug] region_len:  17385 
sequence_len:  17385
[BertDebug] region_len:  1529 
sequence_len:  2118
[BertDebug] region_len:  178 
sequence_len:  690
[BertDebug] region_len:  357 
sequence_len:  2476
[BertDebug] region_len:  267 
sequence_len:  1491
[BertDebug] region_len:  893 
sequence_len:  2877
[BertDebug] region_len:  346 
sequence_len:  1037
[BertDebug] region_len:  329 
sequence_len:  1967
[BertDebug] region_len:  1759 
sequence_len:  2820
[BertDebug] region_len:  1655 
sequence_len:  3514
[BertDebug] region_len:  266 
sequence_len:  1689
[BertDebug] region_len:  660 
sequence_len:  1194
[BertDebug] region_len:  400 
sequence_len:  7968
[BertDebug] region_len:  204 
sequence_len:  2451
[BertDebug] region_len:  81 
sequence_len:  2774
[BertDebug] region_len:  220 
sequence_len:  2100
[BertDebug] region_len:  2176 
sequence_len:  2678
[BertDebug] region_len:  46 
sequence_len:  715
[BertDebug] region_len:  417 
sequence_len:  9720
[BertDebug] region_len:  679 
sequence_len:  2144
[BertDebug] region_len:  179 
sequence_len:  1097
[BertDebug] region_len:  501 
sequence_len:  501
[BertDebug] region_len:  256 
sequence_len:  1071
[BertDebug] region_len:  151 
sequence_len:  1947
[BertDebug] region_len:  2823 
sequence_len:  2823
[BertDebug] region_len:  106 
sequence_len:  2057
[BertDebug] region_len:  332 
sequence_len:  1980
[BertDebug] region_len:  280 
sequence_len:  4924
[BertDebug] region_len:  211 
sequence_len:  777
[BertDebug] region_len:  321 
sequence_len:  651
[BertDebug] region_len:  238 
sequence_len:  1386
[BertDebug] region_len:  284 
sequence_len:  2742
[BertDebug] region_len:  353 
sequence_len:  8916
[BertDebug] region_len:  193 
sequence_len:  1821
[BertDebug] region_len:  71 
sequence_len:  1240
[BertDebug] region_len:  372 
sequence_len:  3666
[BertDebug] region_len:  2703 
sequence_len:  3436
[BertDebug] region_len:  954 
sequence_len:  954
[BertDebug] region_len:  277 
sequence_len:  4633
[BertDebug] region_len:  291 
sequence_len:  5898
[BertDebug] region_len:  162 
sequence_len:  1244
[BertDebug] region_len:  3303 
sequence_len:  3303
[BertDebug] region_len:  833 
sequence_len:  2209
[BertDebug] region_len:  3616 
sequence_len:  114586
[BertDebug] region_len:  330 
sequence_len:  1957
[BertDebug] region_len:  295 
sequence_len:  1752
[BertDebug] region_len:  375 
sequence_len:  959
[BertDebug] region_len:  210 
sequence_len:  14982
[BertDebug] region_len:  815 
sequence_len:  3041
[BertDebug] region_len:  151 
sequence_len:  3314
[BertDebug] region_len:  179 
sequence_len:  4084
[BertDebug] region_len:  309 
sequence_len:  3645
[BertDebug] region_len:  273 
sequence_len:  1158
[BertDebug] region_len:  501 
sequence_len:  2920
[BertDebug] region_len:  544 
sequence_len:  690
[BertDebug] region_len:  228 
sequence_len:  8566
[BertDebug] region_len:  249 
sequence_len:  2367
[BertDebug] region_len:  375 
sequence_len:  5061
[BertDebug] region_len:  364 
sequence_len:  3210
[BertDebug] region_len:  304 
sequence_len:  2359
[BertDebug] region_len:  4335 
sequence_len:  4335
[BertDebug] region_len:  273 
sequence_len:  4810
[BertDebug] region_len:  274 
sequence_len:  4079
[BertDebug] region_len:  808 
sequence_len:  2646
[BertDebug] region_len:  253 
sequence_len:  2844
[BertDebug] region_len:  284 
sequence_len:  1550
[BertDebug] region_len:  487 
sequence_len:  8125
[BertDebug] region_len:  203 
sequence_len:  3253
[BertDebug] region_len:  224 
sequence_len:  6966
[BertDebug] region_len:  906 
sequence_len:  1425
[BertDebug] region_len:  291 
sequence_len:  1992
[BertDebug] region_len:  655 
sequence_len:  655
[BertDebug] region_len:  199 
sequence_len:  6958
[BertDebug] region_len:  175 
sequence_len:  2953
[BertDebug] region_len:  190 
sequence_len:  882
[BertDebug] region_len:  225 
sequence_len:  3303
[BertDebug] region_len:  234 
sequence_len:  1337
[BertDebug] region_len:  185 
sequence_len:  3573
[BertDebug] region_len:  263 
sequence_len:  4001
[BertDebug] region_len:  532 
sequence_len:  2525
[BertDebug] region_len:  213 
sequence_len:  2477
[BertDebug] region_len:  193 
sequence_len:  1362
[BertDebug] region_len:  1893 
sequence_len:  1893
[BertDebug] region_len:  115 
sequence_len:  11179
[BertDebug] region_len:  197 
sequence_len:  1508
[BertDebug] region_len:  252 
sequence_len:  2574
[BertDebug] region_len:  356 
sequence_len:  2082
[BertDebug] region_len:  4902 
sequence_len:  5226
[BertDebug] region_len:  1096 
sequence_len:  2451
[BertDebug] region_len:  284 
sequence_len:  5791
[BertDebug] region_len:  181 
sequence_len:  1029
[BertDebug] region_len:  204 
sequence_len:  1365
[BertDebug] region_len:  479 
sequence_len:  13992
[BertDebug] region_len:  224 
sequence_len:  1377
[BertDebug] region_len:  15264 
sequence_len:  15264
[BertDebug] region_len:  120 
sequence_len:  1908
[BertDebug] region_len:  141 
sequence_len:  2972
[BertDebug] region_len:  200 
sequence_len:  1251
[BertDebug] region_len:  1166 
sequence_len:  2586
[BertDebug] region_len:  941 
sequence_len:  2729
[BertDebug] region_len:  63 
sequence_len:  5926
[BertDebug] region_len:  353 
sequence_len:  1317
[BertDebug] region_len:  3084 
sequence_len:  3084
[BertDebug] region_len:  211 
sequence_len:  2158
[BertDebug] region_len:  197 
sequence_len:  3908
[BertDebug] region_len:  468 
sequence_len:  468
[BertDebug] region_len:  284 
sequence_len:  2870
[BertDebug] region_len:  279[BertDebug] region_len:   
sequence_len: 485  2321
sequence_len: 
 1467
[BertDebug] region_len:  249 
sequence_len:  2153
[BertDebug] region_len:  288 
sequence_len:  2119
[BertDebug] region_len:  274 
sequence_len: [BertDebug] region_len:   96981
 
sequence_len:  795
[BertDebug] region_len: [BertDebug] region_len:   269297  
sequence_len: 
sequence_len:   64266433

[BertDebug] region_len:  365 
sequence_len:  [BertDebug] region_len: 6110 
385 
sequence_len:  3999
[BertDebug] region_len:  666 
sequence_len:  14583
[BertDebug] region_len:  232 
sequence_len:  2054
[BertDebug] region_len:  402 
sequence_len:  7616
[BertDebug] region_len:  16434 
sequence_len:  16434
[BertDebug] region_len:  826 
sequence_len:  14149
[BertDebug] region_len:  1609 
sequence_len:  1609
[BertDebug] region_len:  999 
sequence_len:  999
[BertDebug] region_len:  2400 
sequence_len:  2400
[BertDebug] region_len:  130 
sequence_len:  114586
[BertDebug] region_len:  3616 
sequence_len:  114586
[BertDebug] region_len:  325 
sequence_len:  2496
[BertDebug] region_len:  239 
sequence_len:  1957
[BertDebug] region_len:  351 
sequence_len:  4125
[BertDebug] region_len:  466 
sequence_len:  3453
[BertDebug] region_len:  431 
sequence_len:  3079
[BertDebug] region_len:  267 
sequence_len:  15636
[BertDebug] region_len:  332 
sequence_len:  2514
[BertDebug] region_len:  255 
sequence_len:  3703
[BertDebug] region_len:  3196 
sequence_len:  15265
[BertDebug] region_len:  3012 
sequence_len:  3012
[BertDebug] region_len:  361 
sequence_len:  3342
[BertDebug] region_len:  308 
sequence_len:  4335
[BertDebug] region_len:  3636 
sequence_len:  6404
[BertDebug] region_len:  428 
sequence_len:  3930
[BertDebug] region_len:  1074 
sequence_len:  1074
[BertDebug] region_len:  323 
sequence_len:  1438
[BertDebug] region_len:  221 
sequence_len:  2192
[BertDebug] region_len:  161 
sequence_len:  3709
[BertDebug] region_len:  150 
sequence_len:  3375
[BertDebug] region_len:  434 
sequence_len:  1814
[BertDebug] region_len:  1839 
sequence_len:  2241
[BertDebug] region_len:  381 
sequence_len:  5839
[BertDebug] region_len:  328 
sequence_len:  2713
[BertDebug] region_len:  2480 
sequence_len:  3040
[BertDebug] region_len:  151 
sequence_len:  3621
[BertDebug] region_len:  206 
sequence_len:  1758
[BertDebug] region_len:  784 
sequence_len:  3126
[BertDebug] region_len:  476 
sequence_len:  2280
[BertDebug] region_len:  442 
sequence_len:  2603
[BertDebug] region_len:  240 
sequence_len:  1591
[BertDebug] region_len:  361 
sequence_len:  5820
[BertDebug] region_len:  {'loss': 6.8381, 'learning_rate': 0.0001, 'epoch': 0.0}157
 
sequence_len:  3291
[BertDebug] region_len:  1120 
sequence_len:  3035
[BertDebug] region_len:  3033 
sequence_len:  3033
[BertDebug] region_len:  304 
sequence_len:  3708
[BertDebug] region_len:  38 
sequence_len:  1444
[BertDebug] region_len:  171 
sequence_len:  1815
[BertDebug] region_len:  16254 
sequence_len:  [BertDebug] region_len: 16254 
702 
sequence_len:  2285
[BertDebug] region_len:  318 
sequence_len:  666
[BertDebug] region_len:  375 
sequence_len:  1017
[BertDebug] region_len:  11859 
sequence_len:  11859
[BertDebug] region_len:  508 
sequence_len:  13641
[BertDebug] region_len:  245 
sequence_len:  1827
[BertDebug] region_len:  340 
sequence_len:  6681
[BertDebug] region_len:  179 
sequence_len:  3944
[BertDebug] region_len:  191 
sequence_len:  270
[BertDebug] region_len:  119 
sequence_len:  1744
[BertDebug] region_len:  981 
sequence_len:  1734
[BertDebug] region_len:  256 
sequence_len:  2931
[BertDebug] region_len:  214 
sequence_len:  4619
[BertDebug] region_len:  176 
sequence_len:  1899
[BertDebug] region_len:  189 
sequence_len:  849
[BertDebug] region_len:  325 
sequence_len:  7473
[BertDebug] region_len:  330 
sequence_len:  3300
[BertDebug] region_len:  1669 
sequence_len:  4524
[BertDebug] region_len:  683 
sequence_len:  2426
[BertDebug] region_len:  253 
sequence_len:  2025
[BertDebug] region_len:  540 
sequence_len:  13641
[BertDebug] region_len:  1443 
sequence_len:  5661
[BertDebug] region_len:  246 
sequence_len:  2213
[BertDebug] region_len:  197 
sequence_len:  2511
[BertDebug] region_len:  238 
sequence_len:  2274
[BertDebug] region_len:  683 
sequence_len:  1999
[BertDebug] region_len:  753 
sequence_len:  753
[BertDebug] region_len:  256 
sequence_len:  4477
[BertDebug] region_len:  2214 
sequence_len:  2214
[BertDebug] region_len:  330 
sequence_len:  2859
[BertDebug] region_len:  227 
sequence_len:  2426
[BertDebug] region_len:  164 
sequence_len:  8441
[BertDebug] region_len:  4823 
sequence_len:  6091
[BertDebug] region_len:  150 
sequence_len:  2341
[BertDebug] region_len:  1641 
sequence_len:  5519
[BertDebug] region_len:  1178 
sequence_len:  1791
[BertDebug] region_len:  101 
sequence_len:  2994
[BertDebug] region_len:  346 
sequence_len:  4032
[BertDebug] region_len:  382 
sequence_len:  695
[BertDebug] region_len:  409 
sequence_len:  4260
[BertDebug] region_len:  200 
sequence_len:  5007
[BertDebug] region_len:  350 
sequence_len:  2070
[BertDebug] region_len:  304 
sequence_len:  3054
[BertDebug] region_len:  1071 
sequence_len:  1071
[BertDebug] region_len:  127 
sequence_len:  2502
[BertDebug] region_len:  343 
sequence_len:  1329
[BertDebug] region_len:  518 
sequence_len:  687
[BertDebug] region_len:  221 
sequence_len:  2886
[BertDebug] region_len:  253 
sequence_len:  1901
[BertDebug] region_len:  154 
sequence_len:  8157
[BertDebug] region_len:  256 
sequence_len:  3082
[BertDebug] region_len:  1131 
sequence_len:  1914
[BertDebug] region_len:  235 
sequence_len:  934
[BertDebug] region_len:  193 
sequence_len:  4245
[BertDebug] region_len:  452 
sequence_len:  2439
[BertDebug] region_len:  2333 
sequence_len:  2333
[BertDebug] region_len:  231 
sequence_len:  2284
[BertDebug] region_len:  157 
sequence_len:  1626
[BertDebug] region_len:  105 
sequence_len:  1881
[BertDebug] region_len:  273 
sequence_len:  1976
[BertDebug] region_len:  196 
sequence_len:  1504
[BertDebug] region_len:  717 
sequence_len:  2271
[BertDebug] region_len:  2013 
sequence_len:  2013
[BertDebug] region_len:  328 
sequence_len:  2986
[BertDebug] region_len:  245 
sequence_len:  5538
[BertDebug] region_len:  249 
sequence_len:  2134
[BertDebug] region_len:  157 
sequence_len:  1545
[BertDebug] region_len:  158 
sequence_len:  1467
[BertDebug] region_len:  1549 
sequence_len:  3039
[BertDebug] region_len:  647 
sequence_len:  1240
[BertDebug] region_len:  818 
sequence_len:  1647
[BertDebug] region_len:  1677 
sequence_len:  4245
[BertDebug] region_len:  190 
sequence_len:  11385
[BertDebug] region_len:  9528 
sequence_len:  9528
[BertDebug] region_len:  253 
sequence_len:  1275
[BertDebug] region_len:  933 
sequence_len:  933
[BertDebug] region_len:  329 
sequence_len:  1035
[BertDebug] region_len:  402 
sequence_len:  1791
[BertDebug] region_len:  409 
sequence_len:  2598
[BertDebug] region_len:  498 
sequence_len:  1618
[BertDebug] region_len:  546 
sequence_len:  14666
[BertDebug] region_len:  94 
sequence_len:  5553
[BertDebug] region_len:  1065 
sequence_len:  1065
[BertDebug] region_len:  227 
sequence_len:  1240
[BertDebug] region_len:  585 
sequence_len:  1445
[BertDebug] region_len:  210 
sequence_len:  2979
[BertDebug] region_len:  582 
sequence_len:  582
[BertDebug] region_len:  2796 
sequence_len:  2796
[BertDebug] region_len:  2361 
sequence_len:  2361
[BertDebug] region_len:  183 
sequence_len:  2306
[BertDebug] region_len:  189 
sequence_len:  3240
[BertDebug] region_len:  218 
sequence_len:  2952
[BertDebug] region_len:  259 
sequence_len:  2700
[BertDebug] region_len:  209 
sequence_len:  775
[BertDebug] region_len:  255 
sequence_len:  2681
[BertDebug] region_len:  199 
sequence_len:  4308
[BertDebug] region_len:  1299 
sequence_len:  1299
[BertDebug] region_len:  364 
sequence_len:  2375
[BertDebug] region_len:  936 
sequence_len:  936
[BertDebug] region_len:  457 
sequence_len:  2103
[BertDebug] region_len:  536 
sequence_len:  2523
[BertDebug] region_len:  305 
sequence_len:  1518
[BertDebug] region_len:  237 
sequence_len:  2343
[BertDebug] region_len:  1128 
sequence_len:  1128
[BertDebug] region_len:  304 
sequence_len:  7155
[BertDebug] region_len:  4014 
sequence_len:  4014
[BertDebug] region_len:  816 
sequence_len:  1791
[BertDebug] region_len:  185 
sequence_len:  3335
[BertDebug] region_len:  396 
sequence_len:  5918
[BertDebug] region_len:  245 
sequence_len:  723
[BertDebug] region_len:  290 
sequence_len:  2972
[BertDebug] region_len:  211 
sequence_len:  2658
[BertDebug] region_len:  95 
sequence_len:  677
[BertDebug] region_len:  507 
sequence_len:  6302
[BertDebug] region_len:  399 
sequence_len:  784
[BertDebug] region_len:  5802 
sequence_len:  5802
[BertDebug] region_len:  1585 
sequence_len:  1902
[BertDebug] region_len:  368 
sequence_len:  3963
[BertDebug] region_len:  933 
sequence_len:  933
[BertDebug] region_len:  214 
sequence_len:  960
[BertDebug] region_len:  94 
sequence_len:  1131
[BertDebug] region_len:  86 
sequence_len:  494
[BertDebug] region_len:  365 
sequence_len:  2684
[BertDebug] region_len:  199 
sequence_len:  2399
[BertDebug] region_len:  5895 
sequence_len:  5895
[BertDebug] region_len:  350 
sequence_len:  1323
[BertDebug] region_len:  276 
sequence_len:  1857
[BertDebug] region_len:  147 
sequence_len:  8870
[BertDebug] region_len:  3414 
sequence_len:  3684
[BertDebug] region_len:  435 
sequence_len:  7845
[BertDebug] region_len:  1373 
sequence_len:  9342
[BertDebug] region_len:  232 
sequence_len:  570
[BertDebug] region_len:  945 
sequence_len:  945
[BertDebug] region_len:  692 
sequence_len:  3187
[BertDebug] region_len:  508 
sequence_len:  1078
[BertDebug] region_len:  126 
sequence_len:  3147
[BertDebug] region_len:  619 
sequence_len:  1143
[BertDebug] region_len:  158 
sequence_len:  863
[BertDebug] region_len:  263 
sequence_len:  4916
[BertDebug] region_len:  136 
sequence_len:  114586
[BertDebug] region_len:  220 
sequence_len:  1712
[BertDebug] region_len:  129 
sequence_len:  5340
[BertDebug] region_len:  108 
sequence_len:  9265
[BertDebug] region_len:  206 
sequence_len:  1866
[BertDebug] region_len:  407 
sequence_len:  3609
[BertDebug] region_len:  151 
sequence_len:  2602
[BertDebug] region_len:  1201 
sequence_len:  1476
[BertDebug] region_len:  876 
sequence_len:  3036
[BertDebug] region_len:  287 
sequence_len:  4438
[BertDebug] region_len:  886 
sequence_len:  1745
[BertDebug] region_len:  151 
sequence_len:  1545
[BertDebug] region_len:  423 
sequence_len:  3876
[BertDebug] region_len:  269 
sequence_len:  2943
[BertDebug] region_len:  462 
sequence_len:  3072
[BertDebug] region_len:  235 
sequence_len:  2309
[BertDebug] region_len:  204 
sequence_len:  4841
[BertDebug] region_len:  337 
sequence_len:  1972
[BertDebug] region_len:  613 
sequence_len:  1938
[BertDebug] region_len:  277 
sequence_len:  2046
[BertDebug] region_len:  1421 
sequence_len:  1477
[BertDebug] region_len:  378 
sequence_len:  5340
[BertDebug] region_len:  183 
sequence_len:  2088
[BertDebug] region_len:  129 
sequence_len:  2942
[BertDebug] region_len:  231 
sequence_len:  1590
[BertDebug] region_len:  321 
sequence_len:  1871
[BertDebug] region_len:  323 
sequence_len:  3921
[BertDebug] region_len:  325 
sequence_len:  2496
[BertDebug] region_len:  329 
sequence_len:  2913
[BertDebug] region_len:  288 
sequence_len:  2983
[BertDebug] region_len:  221 
sequence_len:  495
[BertDebug] region_len:  134 
sequence_len:  8382
[BertDebug] region_len:  298 
sequence_len:  5298
[BertDebug] region_len:  668 
sequence_len:  1450
[BertDebug] region_len:  134 
sequence_len:  3171
[BertDebug] region_len:  301 
sequence_len:  3537
[BertDebug] region_len:  164 
sequence_len:  777
[BertDebug] region_len:  442 
sequence_len:  1976
[BertDebug] region_len:  936 
sequence_len:  936
[BertDebug] region_len:  234 
sequence_len:  6141
[BertDebug] region_len:  487 
sequence_len:  1539
[BertDebug] region_len:  1333 
sequence_len:  2324
[BertDebug] region_len:  242 
sequence_len:  16788
[BertDebug] region_len:  340 
sequence_len:  1544
[BertDebug] region_len:  1369 
sequence_len:  1737
[BertDebug] region_len:  175 
sequence_len:  712
[BertDebug] region_len:  227 
sequence_len:  692
[BertDebug] region_len:  172 
sequence_len:  4241
[BertDebug] region_len:  262 
sequence_len:  5235
[BertDebug] region_len:  801 
sequence_len:  10632
[BertDebug] region_len:  479 
sequence_len:  1068
[BertDebug] region_len:  294 
sequence_len:  8259
[BertDebug] region_len:  147 
sequence_len:  12106
[BertDebug] region_len:  1536 
sequence_len:  8388
[BertDebug] region_len:  256 
sequence_len:  1955
[BertDebug] region_len:  385 
sequence_len:  1949
[BertDebug] region_len:  416 
sequence_len:  2162
[BertDebug] region_len:  741 
sequence_len:  741
[BertDebug] region_len:  126 
sequence_len:  2419
[BertDebug] region_len:  3045 
sequence_len:  3045
[BertDebug] region_len:  218 
sequence_len:  2666
[BertDebug] region_len:  232 
sequence_len:  2073
[BertDebug] region_len:  1801 
sequence_len:  2145
[BertDebug] region_len:  120 
sequence_len:  5583
[BertDebug] region_len:  589 
sequence_len:  5337
[BertDebug] region_len:  676 
sequence_len:  2204
[BertDebug] region_len:  1526 
sequence_len:  3249
[BertDebug] region_len:  345 
sequence_len:  1840
[BertDebug] region_len:  281 
sequence_len:  1444
[BertDebug] region_len:  252 
sequence_len:  2748
[BertDebug] region_len:  325 
sequence_len:  2541
[BertDebug] region_len:  304 
sequence_len:  1217
[BertDebug] region_len:  162 
sequence_len:  2470
[BertDebug] region_len:  127 
sequence_len:  3211
[BertDebug] region_len:  682 
sequence_len:  7637
[BertDebug] region_len:  405 
sequence_len:  405
[BertDebug] region_len:  91 
sequence_len:  1006
[BertDebug] region_len:  2766 
sequence_len:  6131
[BertDebug] region_len:  559 
sequence_len:  780
[BertDebug] region_len:  262 
sequence_len:  1259
[BertDebug] region_len:  130 
sequence_len:  2844
[BertDebug] region_len:  165 
sequence_len:  315
[BertDebug] region_len:  204 
sequence_len:  2527
[BertDebug] region_len:  1048 
sequence_len:  1748
[BertDebug] region_len:  151 
sequence_len:  5536
[BertDebug] region_len:  333 
sequence_len:  14160
[BertDebug] region_len:  197 
sequence_len:  9348
[BertDebug] region_len:  127 
sequence_len:  1233
[BertDebug] region_len:  263 
sequence_len:  1681
[BertDebug] region_len:  4158 
sequence_len:  4791
[BertDebug] region_len:  151 
sequence_len:  7968
[BertDebug] region_len:  82 
sequence_len:  1515
[BertDebug] region_len:  168 
sequence_len:  1172
[BertDebug] region_len:  242 
sequence_len:  2006
[BertDebug] region_len:  417 
sequence_len:  6417
[BertDebug] region_len:  113 
sequence_len:  1887
[BertDebug] region_len:  966 
sequence_len:  966
[BertDebug] region_len:  800 
sequence_len:  5029
[BertDebug] region_len:  265 
sequence_len:  1227
[BertDebug] region_len:  186 
sequence_len:  1473
[BertDebug] region_len:  2944 
sequence_len:  5516
[BertDebug] region_len:  718 
sequence_len:  2731
[BertDebug] region_len:  8448 
sequence_len:  8448
[BertDebug] region_len:  1419 
sequence_len:  1419
[BertDebug] region_len:  833 
sequence_len:  2712
[BertDebug] region_len:  266 
sequence_len:  2313
[BertDebug] region_len:  305 
sequence_len:  4101
[BertDebug] region_len:  98 
sequence_len:  3356
[BertDebug] region_len:  322 
sequence_len:  3625
[BertDebug] region_len:  256 
sequence_len:  6049
[BertDebug] region_len:  2823 
sequence_len:  2823
[BertDebug] region_len:  2656 
sequence_len:  8501
[BertDebug] region_len:  1878 
sequence_len:  2367
[BertDebug] region_len:  333 
sequence_len:  3156
[BertDebug] region_len:  1145 
sequence_len:  2350
[BertDebug] region_len:  993 
sequence_len:  1732
[BertDebug] region_len:  274 
sequence_len:  1224
[BertDebug] region_len:  140 
sequence_len:  1655
[BertDebug] region_len:  325 
sequence_len:  2215
[BertDebug] region_len:  378 
sequence_len:  3028
[BertDebug] region_len:  344 
sequence_len:  3931
[BertDebug] region_len:  1776 
sequence_len:  1776
[BertDebug] region_len:  318 
sequence_len:  5535
[BertDebug] region_len:  281 
sequence_len:  1555
[BertDebug] region_len:  441 
sequence_len:  1359
[BertDebug] region_len:  720 
sequence_len:  2394
[BertDebug] region_len:  143 
sequence_len:  3805
[BertDebug] region_len:  216 
sequence_len:  216
[BertDebug] region_len:  597 
sequence_len:  597
[BertDebug] region_len:  242 
sequence_len:  2238
[BertDebug] region_len:  151 
sequence_len:  2142
[BertDebug] region_len:  9768 
sequence_len:  9768
[BertDebug] region_len:  164 
sequence_len:  1286
[BertDebug] region_len:  145 
sequence_len:  6627
[BertDebug] region_len:  218 
sequence_len:  1172
[BertDebug] region_len:  927 
sequence_len:  927
[BertDebug] region_len:  109 
sequence_len:  7249
[BertDebug] region_len:  403 
sequence_len:  2340
[BertDebug] region_len:  1063 
sequence_len:  1539
[BertDebug] region_len:  106 
sequence_len:  2641
[BertDebug] region_len:  4418 
sequence_len:  4937
[BertDebug] region_len:  1708 
sequence_len:  3324
[BertDebug] region_len:  196 
sequence_len:  1863
[BertDebug] region_len:  242 
sequence_len:  1756
[BertDebug] region_len:  844 
sequence_len:  11041
[BertDebug] region_len:  1389 
sequence_len:  1389
[BertDebug] region_len:  610 
sequence_len:  1734
[BertDebug] region_len:  337 
sequence_len:  1623
[BertDebug] region_len:  143 
sequence_len:  3837
[BertDebug] region_len:  266 
sequence_len:  3451
[BertDebug] region_len:  371 
sequence_len:  3464
[BertDebug] region_len:  225 
sequence_len:  5423
[BertDebug] region_len:  178 
sequence_len:  2271
[BertDebug] region_len:  248 
sequence_len:  10361
[BertDebug] region_len:  2181 
sequence_len:  2649
[BertDebug] region_len:  312 
sequence_len:  897
[BertDebug] region_len:  211 
sequence_len:  2027
[BertDebug] region_len:  16164 
sequence_len:  16164
[BertDebug] region_len:  1879 
sequence_len:  3636
[BertDebug] region_len:  437 
sequence_len:  5748
[BertDebug] region_len:  1234 
sequence_len:  1872
[BertDebug] region_len:  1165 
sequence_len:  1165
[BertDebug] region_len:  325 
sequence_len:  2836
[BertDebug] region_len:  267 
sequence_len:  2631
[BertDebug] region_len:  802 
sequence_len:  8870
[BertDebug] region_len:  874 
sequence_len:  1296
[BertDebug] region_len:  207 
sequence_len:  2092
[BertDebug] region_len:  5436 
sequence_len:  7926
[BertDebug] region_len:  1137 
sequence_len:  5712
[BertDebug] region_len:  1018 
sequence_len:  1434
[BertDebug] region_len:  95 
sequence_len:  3821
[BertDebug] region_len:  91 
sequence_len:  1326
[BertDebug] region_len:  305 
sequence_len:  15077
[BertDebug] region_len:  276 
sequence_len:  2136
[BertDebug] region_len:  379 
sequence_len:  1032
{'loss': 6.8016, 'learning_rate': 0.00010833333333333334, 'epoch': 0.0}
[BertDebug] region_len:  319 
sequence_len:  1729
[BertDebug] region_len:  375 
sequence_len:  1179
[BertDebug] region_len:  277 
sequence_len:  456
[BertDebug] region_len:  246 
sequence_len:  1176
[BertDebug] region_len:  284 
sequence_len:  2629
[BertDebug] region_len: [BertDebug] region_len:   69721243  
sequence_len: 
sequence_len:   103821243

[BertDebug] region_len:  141 
sequence_len:  1311
[BertDebug] region_len:  88 
sequence_len:  1983
[BertDebug] region_len:  297 
sequence_len:  6412
[BertDebug] region_len:  1098 
sequence_len:  1098
[BertDebug] region_len:  1200 
sequence_len:  2295
[BertDebug] region_len:  73 
sequence_len:  1722
[BertDebug] region_len:  434 
sequence_len:  2774
[BertDebug] region_len:  1005 
sequence_len:  1455
[BertDebug] region_len:  5302 
sequence_len:  9314
[BertDebug] region_len:  123 
sequence_len:  403
[BertDebug] region_len:  224 
sequence_len:  2624
[BertDebug] region_len:  339 
sequence_len:  3390
[BertDebug] region_len:  371 
sequence_len:  1626
[BertDebug] region_len:  1121 
sequence_len:  1743
[BertDebug] region_len:  269 
sequence_len:  7863
[BertDebug] region_len:  266 
sequence_len:  2680
[BertDebug] region_len:  2629 
sequence_len:  3881
[BertDebug] region_len:  109 
sequence_len:  4122
[BertDebug] region_len:  1975 
sequence_len:  5361
[BertDebug] region_len:  354 
sequence_len:  2670
[BertDebug] region_len:  3147 
sequence_len:  3659
[BertDebug] region_len:  909 
sequence_len:  9684
[BertDebug] region_len:  834 
sequence_len:  834
[BertDebug] region_len:  476 
sequence_len:  8501
[BertDebug] region_len:  3330 
sequence_len:  4401
[BertDebug] region_len:  130 
sequence_len:  2022
[BertDebug] region_len:  312 
sequence_len:  4309
[BertDebug] region_len:  11291 
sequence_len:  114586
[BertDebug] region_len:  249 
sequence_len:  1217
[BertDebug] region_len:  101 
sequence_len:  2336
[BertDebug] region_len:  280 
sequence_len:  627
[BertDebug] region_len:  1089 
sequence_len:  1272
[BertDebug] region_len:  253 
sequence_len:  1413
[BertDebug] region_len:  287 
sequence_len:  3215
[BertDebug] region_len:  1362 
sequence_len:  1761
[BertDebug] region_len:  235 
sequence_len:  3771
[BertDebug] region_len:  153 
sequence_len:  1236
[BertDebug] region_len:  225 
sequence_len:  1458
[BertDebug] region_len:  2468 
sequence_len:  3729
[BertDebug] region_len:  425 
sequence_len:  6303
[BertDebug] region_len:  1181 
sequence_len:  1404
[BertDebug] region_len:  445 
sequence_len:  2896
[BertDebug] region_len:  666 
sequence_len:  3300
[BertDebug] region_len:  2387 
sequence_len:  3040
[BertDebug] region_len:  179 
sequence_len:  3648
[BertDebug] region_len:  3091 
sequence_len:  9651
[BertDebug] region_len:  330 
sequence_len:  2483
[BertDebug] region_len:  371 
sequence_len:  1908
[BertDebug] region_len:  175 
sequence_len:  3621
[BertDebug] region_len:  200 
sequence_len:  2463
[BertDebug] region_len:  445 
sequence_len:  2242
[BertDebug] region_len:  367 
sequence_len:  6325
[BertDebug] region_len:  827 
sequence_len:  6108
[BertDebug] region_len:  942 
sequence_len:  942
[BertDebug] region_len:  631 
sequence_len:  2574
[BertDebug] region_len:  1166 
sequence_len:  2586
[BertDebug] region_len:  1299 
sequence_len:  1299
[BertDebug] region_len:  127 
sequence_len:  2202
[BertDebug] region_len:  1406 
sequence_len:  1566
[BertDebug] region_len:  1035 
sequence_len:  1035
[BertDebug] region_len:  1116 
sequence_len:  4696
[BertDebug] region_len:  182 
sequence_len:  2777
[BertDebug] region_len:  267 
sequence_len:  2240
[BertDebug] region_len:  116 
sequence_len:  2244
[BertDebug] region_len:  283 
sequence_len:  5453
[BertDebug] region_len:  84 
sequence_len:  1783
[BertDebug] region_len:  1212 
sequence_len:  1212
[BertDebug] region_len:  1311 
sequence_len:  1311
[BertDebug] region_len:  253 
sequence_len:  3737
[BertDebug] region_len:  154 
sequence_len:  4418
[BertDebug] region_len:  3774 
sequence_len:  7647
[BertDebug] region_len:  329 
sequence_len:  4060
[BertDebug] region_len:  1289 
sequence_len:  1614
[BertDebug] region_len:  185 
sequence_len:  6113
[BertDebug] region_len:  168 
sequence_len:  9265
[BertDebug] region_len:  50 
sequence_len:  1974
[BertDebug] region_len:  182 
sequence_len:  3004
[BertDebug] region_len:  304 
sequence_len:  732
[BertDebug] region_len:  305 
sequence_len:  4644
[BertDebug] region_len:  129 
sequence_len:  471
[BertDebug] region_len:  220 
sequence_len:  1605
[BertDebug] region_len:  235 
sequence_len:  3321
[BertDebug] region_len:  239 
sequence_len:  4263
[BertDebug] region_len:  435 
sequence_len:  906
[BertDebug] region_len:  503 
sequence_len:  2669
[BertDebug] region_len:  959 
sequence_len:  959
[BertDebug] region_len:  267 
sequence_len:  1527
[BertDebug] region_len:  213 
sequence_len:  1231
[BertDebug] region_len:  150 
sequence_len:  1058
[BertDebug] region_len:  94 
sequence_len:  827
[BertDebug] region_len:  280 
sequence_len:  1277
[BertDebug] region_len:  137 
sequence_len:  2387
[BertDebug] region_len:  3220 
sequence_len:  5938
[BertDebug] region_len:  338 
sequence_len:  3249
[BertDebug] region_len:  283 
sequence_len:  6656
[BertDebug] region_len:  250 
sequence_len:  2057
[BertDebug] region_len:  669 
sequence_len:  3076
[BertDebug] region_len:  186 
sequence_len:  418
[BertDebug] region_len:  287 
sequence_len:  4438
[BertDebug] region_len:  197 
sequence_len:  3855
[BertDebug] region_len:  237 
sequence_len:  1793
[BertDebug] region_len:  256 
sequence_len:  9507
[BertDebug] region_len:  214 
sequence_len:  1324
[BertDebug] region_len:  357 
sequence_len:  1381
[BertDebug] region_len:  399 
sequence_len:  2567
[BertDebug] region_len:  224 
sequence_len:  1904
[BertDebug] region_len:  939 
sequence_len:  939
[BertDebug] region_len:  309 
sequence_len:  2241
[BertDebug] region_len:  532 
sequence_len:  5180
[BertDebug] region_len:  1824 
sequence_len:  3191
[BertDebug] region_len:  63 
sequence_len:  1899
[BertDebug] region_len:  193 
sequence_len:  5264
[BertDebug] region_len:  193 
sequence_len:  2784
[BertDebug] region_len:  293 
sequence_len:  390
[BertDebug] region_len:  1344 
sequence_len:  1344
[BertDebug] region_len:  305 
sequence_len:  1607
[BertDebug] region_len:  256 
sequence_len:  1849
[BertDebug] region_len:  1366 
sequence_len:  5954
[BertDebug] region_len:  3033 
sequence_len:  3033
[BertDebug] region_len:  323 
sequence_len:  1393
[BertDebug] region_len:  232 
sequence_len:  2400
[BertDebug] region_len:  401 
sequence_len:  5046
[BertDebug] region_len:  1219 
sequence_len:  9174
[BertDebug] region_len:  539 
sequence_len:  1291
[BertDebug] region_len:  308 
sequence_len:  3162
[BertDebug] region_len:  2200 
sequence_len:  2785
[BertDebug] region_len:  1257 
sequence_len:  3954
[BertDebug] region_len:  315 
sequence_len:  1113
[BertDebug] region_len:  35 
sequence_len:  2362
[BertDebug] region_len:  756 
sequence_len:  2865
[BertDebug] region_len:  262 
sequence_len:  2126
[BertDebug] region_len:  2170 
sequence_len:  3395
[BertDebug] region_len:  309 
sequence_len:  7249
[BertDebug] region_len:  206 
sequence_len:  6799
[BertDebug] region_len:  937 
sequence_len:  1452
[BertDebug] region_len:  521 
sequence_len:  2057
[BertDebug] region_len:  235 
sequence_len:  6723
[BertDebug] region_len:  130 
sequence_len:  1863
[BertDebug] region_len:  1039 
sequence_len:  2258
[BertDebug] region_len:  368 
sequence_len:  5742
[BertDebug] region_len:  169 
sequence_len:  4361
[BertDebug] region_len:  241 
sequence_len:  1971
[BertDebug] region_len:  441 
sequence_len:  3741
[BertDebug] region_len:  472 
sequence_len:  2295
[BertDebug] region_len:  2277 
sequence_len:  2277
[BertDebug] region_len:  472 
sequence_len:  7765
[BertDebug] region_len:  185 
sequence_len:  2585
[BertDebug] region_len:  309 
sequence_len:  5989
[BertDebug] region_len:  3234 
sequence_len:  3234
[BertDebug] region_len:  403 
sequence_len:  1390
[BertDebug] region_len:  301 
sequence_len:  3954
[BertDebug] region_len:  200 
sequence_len:  796
[BertDebug] region_len:  87 
sequence_len:  3261
[BertDebug] region_len:  260 
sequence_len:  3645
[BertDebug] region_len:  280 
sequence_len:  1990
[BertDebug] region_len:  225 
sequence_len:  1319
[BertDebug] region_len:  175 
sequence_len:  7494
[BertDebug] region_len:  624 
sequence_len:  1848
[BertDebug] region_len:  125 
sequence_len:  315
[BertDebug] region_len:  210 
sequence_len:  793
[BertDebug] region_len:  130 
sequence_len:  2554
[BertDebug] region_len:  231 
sequence_len:  4758
[BertDebug] region_len:  1500 
sequence_len:  1500
[BertDebug] region_len:  319 
sequence_len:  3057
[BertDebug] region_len:  325 
sequence_len:  1602
[BertDebug] region_len:  297 
sequence_len:  3488
[BertDebug] region_len:  360 
sequence_len:  2780
[BertDebug] region_len:  420 
sequence_len:  2025
[BertDebug] region_len:  364 
sequence_len:  4309
[BertDebug] region_len:  112 
sequence_len:  243
[BertDebug] region_len:  301 
sequence_len:  2836
[BertDebug] region_len:  225 
sequence_len:  5769
[BertDebug] region_len:  174 
sequence_len:  5769
[BertDebug] region_len:  193 
sequence_len:  2466
[BertDebug] region_len:  242 
sequence_len:  2131
[BertDebug] region_len:  3024 
sequence_len:  3024
[BertDebug] region_len:  487 
sequence_len:  964
[BertDebug] region_len:  4305 
sequence_len:  4305
[BertDebug] region_len:  1933 
sequence_len:  2163
[BertDebug] region_len:  190 
sequence_len:  2002
[BertDebug] region_len:  144 
sequence_len:  3089
[BertDebug] region_len:  1757 
sequence_len:  1866
[BertDebug] region_len:  105 
sequence_len:  2095
[BertDebug] region_len:  602 
sequence_len:  602
[BertDebug] region_len:  358 
sequence_len:  3798
[BertDebug] region_len:  85 
sequence_len:  1008
[BertDebug] region_len:  351 
sequence_len:  4180
[BertDebug] region_len:  287 
sequence_len:  3595
[BertDebug] region_len:  115 
sequence_len:  1623
[BertDebug] region_len:  302 
sequence_len:  3576
[BertDebug] region_len:  4449 
sequence_len:  4449
[BertDebug] region_len:  1293 
sequence_len:  1293
[BertDebug] region_len:  281 
sequence_len:  929
[BertDebug] region_len:  583 
sequence_len:  2120
[BertDebug] region_len:  263 
sequence_len:  4372
[BertDebug] region_len:  297 
sequence_len:  870
[BertDebug] region_len:  353 
sequence_len:  3477
[BertDebug] region_len:  2394 
sequence_len:  2394
[BertDebug] region_len:  3108 
sequence_len:  3108
[BertDebug] region_len:  344 
sequence_len:  8061
[BertDebug] region_len:  414 
sequence_len:  8762
[BertDebug] region_len:  232 
sequence_len:  1890
[BertDebug] region_len:  311 
sequence_len:  1590
[BertDebug] region_len:  7101 
sequence_len:  7101
[BertDebug] region_len:  3327 
sequence_len:  3327
[BertDebug] region_len:  98 
sequence_len:  2685
[BertDebug] region_len:  154 
sequence_len:  1947
[BertDebug] region_len:  417 
sequence_len:  5007
[BertDebug] region_len:  374 
sequence_len:  2415
[BertDebug] region_len:  365 
sequence_len:  1837
[BertDebug] region_len:  144 
sequence_len:  3422
[BertDebug] region_len:  231 
sequence_len:  4443
[BertDebug] region_len:  297 
sequence_len:  4521
[BertDebug] region_len:  165 
sequence_len:  4991
[BertDebug] region_len:  129 
sequence_len:  868
[BertDebug] region_len:  315 
sequence_len:  4566
[BertDebug] region_len:  102 
sequence_len:  3488
[BertDebug] region_len:  249 
sequence_len:  10529
[BertDebug] region_len:  1884 
sequence_len:  1884
[BertDebug] region_len:  301 
sequence_len:  5784
[BertDebug] region_len:  196 
sequence_len:  2471
[BertDebug] region_len:  780 
sequence_len:  816
[BertDebug] region_len:  300 
sequence_len:  3916
[BertDebug] region_len:  102 
sequence_len:  789
[BertDebug] region_len:  268 
sequence_len:  1710
[BertDebug] region_len:  221 
sequence_len:  4701
[BertDebug] region_len:  246 
sequence_len:  3314
[BertDebug] region_len:  225 
sequence_len:  3214
[BertDebug] region_len:  213 
sequence_len:  5059
[BertDebug] region_len:  378 
sequence_len:  1491
[BertDebug] region_len:  424 
sequence_len:  1709
[BertDebug] region_len:  242 
sequence_len:  1865
[BertDebug] region_len:  1148 
sequence_len:  2191
[BertDebug] region_len:  315 
sequence_len:  1774
[BertDebug] region_len:  80 
sequence_len:  1353
[BertDebug] region_len:  259 
sequence_len:  2723
[BertDebug] region_len:  267 
sequence_len:  2346
[BertDebug] region_len:  388 
sequence_len:  2513
[BertDebug] region_len:  189 
sequence_len:  786
[BertDebug] region_len:  179 
sequence_len:  4010
[BertDebug] region_len:  451 
sequence_len:  1758
[BertDebug] region_len:  2511 
sequence_len:  2511
[BertDebug] region_len:  947 
sequence_len:  947
[BertDebug] region_len:  33 
sequence_len:  1985
[BertDebug] region_len:  311 
sequence_len:  7845
[BertDebug] region_len:  1131 
sequence_len:  1776
[BertDebug] region_len:  260 
sequence_len:  1239
[BertDebug] region_len:  361 
sequence_len:  5552
[BertDebug] region_len:  1346 
sequence_len:  3048
[BertDebug] region_len:  445 
sequence_len:  2757
[BertDebug] region_len:  2217 
sequence_len:  2217
[BertDebug] region_len:  168 
sequence_len:  2019
[BertDebug] region_len:  197 
sequence_len:  2041
[BertDebug] region_len:  399 
sequence_len:  2603
[BertDebug] region_len:  999 
sequence_len:  999
[BertDebug] region_len:  351 
sequence_len:  11041
[BertDebug] region_len:  378 
sequence_len:  2103
[BertDebug] region_len:  420 
sequence_len:  15730
[BertDebug] region_len:  343 
sequence_len:  665
[BertDebug] region_len:  338 
sequence_len:  489
[BertDebug] region_len:  207 
sequence_len:  2634
[BertDebug] region_len:  1413 
sequence_len:  1709
[BertDebug] region_len:  189 
sequence_len:  2377
[BertDebug] region_len:  212 
sequence_len:  3018
[BertDebug] region_len:  218 
sequence_len:  1743
[BertDebug] region_len:  473 
sequence_len:  2133
[BertDebug] region_len:  193 
sequence_len:  4694
[BertDebug] region_len:  654 
sequence_len:  2306
[BertDebug] region_len:  620 
sequence_len:  2434
[BertDebug] region_len:  162 
sequence_len:  772
[BertDebug] region_len:  129 
sequence_len:  3231
[BertDebug] region_len:  161 
sequence_len:  2642
[BertDebug] region_len:  2087 
sequence_len:  12849
[BertDebug] region_len:  117 
sequence_len:  1389
[BertDebug] region_len:  1120 
sequence_len:  3035
[BertDebug] region_len:  217 
sequence_len:  1313
[BertDebug] region_len:  133 
sequence_len:  4533
[BertDebug] region_len:  298 
sequence_len:  3451
[BertDebug] region_len:  730 
sequence_len:  1761
[BertDebug] region_len:  295 
sequence_len:  3106
[BertDebug] region_len:  1627 
sequence_len:  6770
[BertDebug] region_len:  192 
sequence_len:  1691
[BertDebug] region_len:  211 
sequence_len:  1830
[BertDebug] region_len:  1602 
sequence_len:  1602
[BertDebug] region_len:  305 
sequence_len:  1770
[BertDebug] region_len:  2452 
sequence_len:  2452
[BertDebug] region_len:  189 
sequence_len:  7535
[BertDebug] region_len:  2328 
sequence_len:  2328
[BertDebug] region_len:  144 
sequence_len:  1743
[BertDebug] region_len:  249 
sequence_len:  1169
[BertDebug] region_len:  9123 
sequence_len:  9123
[BertDebug] region_len:  375 
sequence_len:  2642
[BertDebug] region_len:  2133 
sequence_len:  2133
[BertDebug] region_len:  2059 
sequence_len:  2604
[BertDebug] region_len:  227 
sequence_len:  1096
[BertDebug] region_len:  468 
sequence_len:  1806
[BertDebug] region_len:  274 
sequence_len:  4353
[BertDebug] region_len:  267 
sequence_len:  1023
[BertDebug] region_len:  141 
sequence_len:  1131
[BertDebug] region_len:  8550 
sequence_len:  8550
[BertDebug] region_len:  115 
sequence_len:  7446
[BertDebug] region_len:  73 
sequence_len:  1944
[BertDebug] region_len:  383 
sequence_len:  1782
[BertDebug] region_len:  193 
sequence_len:  4646
[BertDebug] region_len:  505 
sequence_len:  1143
[BertDebug] region_len:  379 
sequence_len:  4956
[BertDebug] region_len:  2346 
sequence_len:  2346
[BertDebug] region_len:  387 
sequence_len:  747
[BertDebug] region_len:  399 
sequence_len:  5264
[BertDebug] region_len:  157 
sequence_len:  4296
[BertDebug] region_len:  4889 
sequence_len:  6505
[BertDebug] region_len:  94 
sequence_len:  24666
{'loss': 6.6553, 'learning_rate': 0.00011666666666666667, 'epoch': 0.0}[BertDebug] region_len: 
 3474 
sequence_len:  3474
[BertDebug] region_len:  1122 
sequence_len:  5031
[BertDebug] region_len:  133 
sequence_len:  3609
[BertDebug] region_len:  441 
sequence_len:  3806
[BertDebug] region_len:  1376 
sequence_len: [BertDebug] region_len:   34421917
 
sequence_len:  1917
[BertDebug] region_len:  199 
sequence_len:  3105
[BertDebug] region_len:  3347 
sequence_len:  4020
[BertDebug] region_len:  130 
sequence_len:  2140
[BertDebug] region_len:  735 
sequence_len:  982
[BertDebug] region_len:  283 
sequence_len:  2575
[BertDebug] region_len:  1649 
sequence_len:  1653
[BertDebug] region_len:  147 
sequence_len:  3284
[BertDebug] region_len:  262 
sequence_len:  3456
[BertDebug] region_len:  1053 
sequence_len:  1053
[BertDebug] region_len:  6496 
sequence_len:  6926
[BertDebug] region_len:  200 
sequence_len:  9063
[BertDebug] region_len:  253 
sequence_len:  6052
[BertDebug] region_len:  936 
sequence_len:  936
[BertDebug] region_len:  5606 
sequence_len:  5606
[BertDebug] region_len:  4642 
sequence_len:  4642
[BertDebug] region_len:  211 
sequence_len:  1164
[BertDebug] region_len:  284 
sequence_len:  2635
[BertDebug] region_len:  185 
sequence_len:  1410
[BertDebug] region_len:  388 
sequence_len:  960
[BertDebug] region_len:  228 
sequence_len:  1738
[BertDebug] region_len:  126 
sequence_len:  2458
[BertDebug] region_len:  1768 
sequence_len:  2313
[BertDebug] region_len:  227 
sequence_len:  14539
[BertDebug] region_len:  263 
sequence_len:  1827
[BertDebug] region_len:  126 
sequence_len:  793
[BertDebug] region_len:  1247 
sequence_len:  1365
[BertDebug] region_len:  7173 
sequence_len:  7173
[BertDebug] region_len:  294 
sequence_len:  1181
[BertDebug] region_len:  16434 
sequence_len:  16434
[BertDebug] region_len:  246 
sequence_len:  2286
[BertDebug] region_len:  430 
sequence_len:  1434
[BertDebug] region_len:  729 
sequence_len:  729
[BertDebug] region_len:  1780 
sequence_len:  1780
[BertDebug] region_len:  291 
sequence_len:  807
[BertDebug] region_len:  750 
sequence_len:  5252
[BertDebug] region_len:  64 
sequence_len:  2713
[BertDebug] region_len:  178 
sequence_len:  16905
[BertDebug] region_len:  451 
sequence_len:  3362
[BertDebug] region_len:  1461 
sequence_len:  3021
[BertDebug] region_len:  182 
sequence_len:  2306
[BertDebug] region_len:  1134 
sequence_len:  1134
[BertDebug] region_len:  109[BertDebug] region_len:   
sequence_len: 284  1001
sequence_len: 
 601
[BertDebug] region_len:  158 
sequence_len:  3125
[BertDebug] region_len:  228 
sequence_len:  2679
[BertDebug] region_len:  220 
sequence_len:  1362
[BertDebug] region_len:  213 
sequence_len:  1430
[BertDebug] region_len:  231 
sequence_len:  710
[BertDebug] region_len:  290 
sequence_len:  2562
[BertDebug] region_len:  396 
sequence_len:  3738
[BertDebug] region_len:  1050 
sequence_len:  1050
[BertDebug] region_len:  37962 
sequence_len:  43902
[BertDebug] region_len:  339 
sequence_len:  4110
[BertDebug] region_len:  214 
sequence_len:  570
[BertDebug] region_len:  277 
sequence_len:  1467
[BertDebug] region_len:  241 
sequence_len:  5251
[BertDebug] region_len:  70 
sequence_len:  2278
[BertDebug] region_len:  823 
sequence_len:  885
[BertDebug] region_len:  235 
sequence_len:  5046
[BertDebug] region_len:  954 
sequence_len:  954
[BertDebug] region_len:  175 
sequence_len:  2367
[BertDebug] region_len:  287 
sequence_len:  1686
[BertDebug] region_len:  268 
sequence_len:  1523
[BertDebug] region_len:  155 
sequence_len:  2126
[BertDebug] region_len:  482 
sequence_len:  1332
[BertDebug] region_len:  199 
sequence_len:  2902
[BertDebug] region_len:  228 
sequence_len:  1036
[BertDebug] region_len:  277 
sequence_len:  593
[BertDebug] region_len:  1598 
sequence_len:  1598
[BertDebug] region_len:  1023 
sequence_len:  1023
[BertDebug] region_len:  977 
sequence_len:  1663
[BertDebug] region_len:  318 
sequence_len:  1574
[BertDebug] region_len:  280 
sequence_len:  1943
[BertDebug] region_len:  444 
sequence_len:  3645
[BertDebug] region_len:  344 
sequence_len:  7750
[BertDebug] region_len:  267 
sequence_len:  3179
[BertDebug] region_len:  227 
sequence_len:  1542
[BertDebug] region_len:  242 
sequence_len:  2484
[BertDebug] region_len:  207 
sequence_len:  2508
[BertDebug] region_len:  175 
sequence_len:  2444
[BertDebug] region_len:  301 
sequence_len:  1674
[BertDebug] region_len:  221 
sequence_len:  1577
[BertDebug] region_len:  185 
sequence_len:  1839
[BertDebug] region_len:  234 
sequence_len:  957
[BertDebug] region_len:  94 
sequence_len:  835
[BertDebug] region_len:  1969 
sequence_len:  3403
[BertDebug] region_len:  323 
sequence_len:  4359
[BertDebug] region_len:  4594 
sequence_len:  4876
[BertDebug] region_len:  672 
sequence_len:  4060
[BertDebug] region_len:  280 
sequence_len:  1764
[BertDebug] region_len:  73 
sequence_len:  2046
[BertDebug] region_len:  63 
sequence_len:  3380
[BertDebug] region_len:  368 
sequence_len:  7940
[BertDebug] region_len:  1564 
sequence_len:  1983
[BertDebug] region_len:  1144 
sequence_len:  2346
[BertDebug] region_len:  288 
sequence_len:  2202
[BertDebug] region_len:  346 
sequence_len:  1759
[BertDebug] region_len:  288 
sequence_len:  3864
[BertDebug] region_len:  315 
sequence_len:  3881
[BertDebug] region_len:  2135 
sequence_len:  3757
[BertDebug] region_len:  106 
sequence_len:  204
[BertDebug] region_len:  2874 
sequence_len:  6315
[BertDebug] region_len:  186 
sequence_len:  3051
[BertDebug] region_len:  344 
sequence_len:  4145
[BertDebug] region_len:  466 
sequence_len:  1707
[BertDebug] region_len:  319 
sequence_len:  2712
[BertDebug] region_len:  223 
sequence_len:  1695
[BertDebug] region_len:  197 
sequence_len:  983
[BertDebug] region_len:  305 
sequence_len:  4174
[BertDebug] region_len:  386 
sequence_len:  5196
[BertDebug] region_len:  535 
sequence_len:  3472
[BertDebug] region_len:  2899 
sequence_len:  3436
[BertDebug] region_len:  97 
sequence_len:  930
[BertDebug] region_len:  337 
sequence_len:  1489
[BertDebug] region_len:  367 
sequence_len:  9894
[BertDebug] region_len:  227 
sequence_len:  1785
[BertDebug] region_len:  396 
sequence_len:  3384
[BertDebug] region_len:  756 
sequence_len:  4038
[BertDebug] region_len:  5703 
sequence_len:  5703
[BertDebug] region_len:  259 
sequence_len:  1596
[BertDebug] region_len:  157 
sequence_len:  3579
[BertDebug] region_len:  162 
sequence_len:  1231
[BertDebug] region_len:  498 
sequence_len:  1985
[BertDebug] region_len:  301 
sequence_len:  3389
[BertDebug] region_len:  330 
sequence_len:  1182
[BertDebug] region_len:  280 
sequence_len:  1717
[BertDebug] region_len:  204 
sequence_len:  2538
[BertDebug] region_len:  50 
sequence_len:  1263
[BertDebug] region_len:  16434 
sequence_len:  16434
[BertDebug] region_len:  155 
sequence_len:  2693
[BertDebug] region_len:  100 
sequence_len:  4906
[BertDebug] region_len:  350 
sequence_len:  6011
[BertDebug] region_len:  199 
sequence_len:  954
[BertDebug] region_len:  336 
sequence_len:  2232
[BertDebug] region_len:  504 
sequence_len:  6429
[BertDebug] region_len:  365 
sequence_len:  2876
[BertDebug] region_len:  132 
sequence_len:  114586
[BertDebug] region_len:  737 
sequence_len:  3727
[BertDebug] region_len:  407 
sequence_len:  8157
[BertDebug] region_len:  157 
sequence_len:  651
[BertDebug] region_len:  406 
sequence_len:  1241
[BertDebug] region_len:  340 
sequence_len:  1434
[BertDebug] region_len:  214 
sequence_len:  6690
[BertDebug] region_len:  274 
sequence_len:  4082
[BertDebug] region_len:  218 
sequence_len:  1278
[BertDebug] region_len:  269 
sequence_len:  657
[BertDebug] region_len:  59 
sequence_len:  2913
[BertDebug] region_len:  137 
sequence_len:  2534
[BertDebug] region_len:  402 
sequence_len:  1728
[BertDebug] region_len:  377 
sequence_len:  2195
[BertDebug] region_len:  295 
sequence_len:  5062
[BertDebug] region_len:  417 
sequence_len:  4775
[BertDebug] region_len:  157 
sequence_len:  2277
[BertDebug] region_len:  266 
sequence_len:  1715
[BertDebug] region_len:  398 
sequence_len:  1680
[BertDebug] region_len:  564 
sequence_len:  564
[BertDebug] region_len:  199 
sequence_len:  2931
[BertDebug] region_len:  347 
sequence_len:  455
[BertDebug] region_len:  322 
sequence_len:  2027
[BertDebug] region_len:  315 
sequence_len:  1764
[BertDebug] region_len:  1192 
sequence_len:  2833
[BertDebug] region_len:  462 
sequence_len:  732
[BertDebug] region_len:  147 
sequence_len:  1325
[BertDebug] region_len:  287 
sequence_len:  1399
[BertDebug] region_len:  274 
sequence_len:  5334
[BertDebug] region_len:  749 
sequence_len:  4257
[BertDebug] region_len:  388 
sequence_len:  3861
[BertDebug] region_len:  3287 
sequence_len:  3287
[BertDebug] region_len:  200 
sequence_len:  11307
[BertDebug] region_len:  164 
sequence_len:  2064
[BertDebug] region_len:  703 
sequence_len:  1417
[BertDebug] region_len:  431 
sequence_len:  1263
[BertDebug] region_len:  655 
sequence_len:  744
[BertDebug] region_len:  199 
sequence_len:  3105
[BertDebug] region_len:  343 
sequence_len:  1328
[BertDebug] region_len:  1086 
sequence_len:  1086
[BertDebug] region_len:  358 
sequence_len:  12106
[BertDebug] region_len:  249 
sequence_len:  2065
[BertDebug] region_len:  297 
sequence_len:  1725
[BertDebug] region_len:  2312 
sequence_len:  2312
[BertDebug] region_len:  351 
sequence_len:  1155
[BertDebug] region_len:  210 
sequence_len:  6426
[BertDebug] region_len:  401 
sequence_len:  2973
[BertDebug] region_len:  295 
sequence_len:  2038
[BertDebug] region_len:  394 
sequence_len:  1337
[BertDebug] region_len:  7101 
sequence_len:  7101
[BertDebug] region_len:  141 
sequence_len:  723
[BertDebug] region_len:  825 
sequence_len:  2019
[BertDebug] region_len:  217 
sequence_len:  1446
[BertDebug] region_len:  162 
sequence_len:  2277
[BertDebug] region_len:  274 
sequence_len:  5029
[BertDebug] region_len:  233 
sequence_len:  4473
[BertDebug] region_len:  295 
sequence_len:  1799
[BertDebug] region_len:  139 
sequence_len:  7446
[BertDebug] region_len:  373 
sequence_len:  1146
[BertDebug] region_len:  227 
sequence_len:  3689
[BertDebug] region_len:  6909 
sequence_len:  6909
[BertDebug] region_len:  291 
sequence_len:  9375
[BertDebug] region_len:  462 
sequence_len:  1505
[BertDebug] region_len:  270 
sequence_len:  2134
[BertDebug] region_len:  486 
sequence_len:  9159
[BertDebug] region_len:  42 
sequence_len:  1224
[BertDebug] region_len:  360 
sequence_len:  15265
[BertDebug] region_len:  441 
sequence_len:  3518
[BertDebug] region_len:  379 
sequence_len:  2397
[BertDebug] region_len:  248 
sequence_len:  4323
[BertDebug] region_len:  199 
sequence_len:  3400
[BertDebug] region_len:  494 
sequence_len:  3861
[BertDebug] region_len:  178 
sequence_len:  1156
[BertDebug] region_len:  207 
sequence_len:  3615
[BertDebug] region_len:  56 
sequence_len:  793
[BertDebug] region_len:  281 
sequence_len:  2802
[BertDebug] region_len:  1026 
sequence_len:  2028
[BertDebug] region_len:  211 
sequence_len:  3183
[BertDebug] region_len:  316 
sequence_len:  2042
[BertDebug] region_len:  267 
sequence_len:  3908
[BertDebug] region_len:  2066 
sequence_len:  2066
[BertDebug] region_len:  2033 
sequence_len:  2033
[BertDebug] region_len: [BertDebug] region_len:  528  308
sequence_len:   
sequence_len: 3868 
371
[BertDebug] region_len:  252 
sequence_len:  14006
[BertDebug] region_len:  367 
sequence_len:  9831
[BertDebug] region_len:  1592 
sequence_len:  2465
[BertDebug] region_len:  1392 
sequence_len:  1392
[BertDebug] region_len:  [BertDebug] region_len: 136  393
sequence_len:   
sequence_len: 1398 
2169
[BertDebug] region_len:  2198 
sequence_len:  4109
[BertDebug] region_len:  218 
sequence_len:  6406
[BertDebug] region_len:  933 
sequence_len:  933
[BertDebug] region_len:  171 
sequence_len:  1092
[BertDebug] region_len:  315 
sequence_len:  3300
[BertDebug] region_len:  2615 
sequence_len:  4597
[BertDebug] region_len:  149 
sequence_len:  2413
[BertDebug] region_len:  290 
sequence_len:  2077
[BertDebug] region_len:  301 
sequence_len:  14666
[BertDebug] region_len:  291 
sequence_len:  1668
[BertDebug] region_len:  407 
sequence_len:  2043
[BertDebug] region_len:  552 
sequence_len:  960
[BertDebug] region_len:  283 
sequence_len:  5650
[BertDebug] region_len:  315 
sequence_len: [BertDebug] region_len:   61502019
 
sequence_len:  2019
[BertDebug] region_len:  220 
sequence_len:  14982
[BertDebug] region_len:  325 
sequence_len:  5104
[BertDebug] region_len:  249 
sequence_len:  4080
[BertDebug] region_len:  2009 
sequence_len:  2821
[BertDebug] region_len:  368 
sequence_len:  1342
[BertDebug] region_len:  315 
sequence_len:  13220
[BertDebug] region_len:  234 
sequence_len:  828
[BertDebug] region_len:  232 
sequence_len:  6223
[BertDebug] region_len:  305 
sequence_len:  1459
[BertDebug] region_len:  1623 
sequence_len:  1623
[BertDebug] region_len:  174 
sequence_len:  1455
[BertDebug] region_len:  322 
sequence_len:  2755
[BertDebug] region_len:  379 
sequence_len:  1587
[BertDebug] region_len:  3876 
sequence_len:  6283
[BertDebug] region_len:  346 
sequence_len:  3825
[BertDebug] region_len:  438 
sequence_len:  3069
[BertDebug] region_len:  396 
sequence_len:  1518
[BertDebug] region_len:  182 
sequence_len:  675
[BertDebug] region_len:  13479 
sequence_len:  13479
[BertDebug] region_len:  192 
sequence_len:  3222
[BertDebug] region_len:  248 
sequence_len:  5793
[BertDebug] region_len:  186 
sequence_len:  11108
[BertDebug] region_len:  3045 
sequence_len:  3045
[BertDebug] region_len:  183 
sequence_len:  3099
[BertDebug] region_len:  375 
sequence_len:  2352
[BertDebug] region_len:  176 
sequence_len:  3210
[BertDebug] region_len:  2492 
sequence_len:  4977
[BertDebug] region_len:  344 
sequence_len:  13767
[BertDebug] region_len:  1856 
sequence_len:  9617
[BertDebug] region_len:  518 
sequence_len:  759
[BertDebug] region_len:  2556 
sequence_len:  2556
[BertDebug] region_len:  2926 
sequence_len:  13641
[BertDebug] region_len:  161 
sequence_len:  1644
[BertDebug] region_len:  540[BertDebug] region_len:   
sequence_len: 255  4545
sequence_len: 
 3782
[BertDebug] region_len:  172 
sequence_len:  4145
[BertDebug] region_len:  759 
sequence_len:  4438
[BertDebug] region_len:  224 
sequence_len:  2502
[BertDebug] region_len:  280 
sequence_len:  1484
[BertDebug] region_len:  134 
sequence_len:  3540
[BertDebug] region_len:  238 
sequence_len:  13848
[BertDebug] region_len:  933 
sequence_len:  933
[BertDebug] region_len:  2553 
sequence_len:  2553
[BertDebug] region_len:  162 
sequence_len:  1401
[BertDebug] region_len:  164 
sequence_len:  2337
[BertDebug] region_len:  162 
sequence_len:  987
[BertDebug] region_len:  235 
sequence_len:  627
[BertDebug] region_len:  5280 
sequence_len:  8768
[BertDebug] region_len:  234 
sequence_len:  3153
[BertDebug] region_len:  204 
sequence_len:  1454
[BertDebug] region_len:  137 
sequence_len:  2055
[BertDebug] region_len:  343 
sequence_len:  5061
[BertDebug] region_len:  288 
sequence_len:  681
[BertDebug] region_len:  325 
sequence_len:  2766
[BertDebug] region_len:  381 
sequence_len:  1803
[BertDebug] region_len:  183 
sequence_len:  3968
[BertDebug] region_len:  506 
sequence_len:  1201
[BertDebug] region_len:  304 
sequence_len:  2937
[BertDebug] region_len:  406 
sequence_len:  1536
[BertDebug] region_len:  77 
sequence_len:  2089
[BertDebug] region_len:  1908 
sequence_len:  1908
[BertDebug] region_len:  210 
sequence_len:  3248
[BertDebug] region_len:  245 
sequence_len:  7993
[BertDebug] region_len:  718 
sequence_len:  1743
[BertDebug] region_len:  304 
sequence_len:  3754
[BertDebug] region_len:  471 
sequence_len:  618
[BertDebug] region_len:  357 
sequence_len:  2193
[BertDebug] region_len:  291 
sequence_len:  4107
[BertDebug] region_len:  218 
sequence_len:  2028
[BertDebug] region_len:  2076 
sequence_len:  2850
[BertDebug] region_len:  333 
sequence_len:  1036
[BertDebug] region_len:  526 
sequence_len:  3820
[BertDebug] region_len:  3741 
sequence_len:  5179
[BertDebug] region_len:  1770 
sequence_len:  2960
{'loss': 6.722, 'learning_rate': 0.000125, 'epoch': 0.0}
[BertDebug] region_len:  687 
sequence_len:  6421
[BertDebug] region_len:  308 
sequence_len:  1821
[BertDebug] region_len:  378 
sequence_len:  1445
[BertDebug] region_len: [BertDebug] region_len:   2463263  
sequence_len: 
sequence_len:   1169312849

[BertDebug] region_len:  699 
sequence_len:  699
[BertDebug] region_len:  222 
sequence_len:  777
[BertDebug] region_len:  [BertDebug] region_len: 979  4259
sequence_len:   
sequence_len: 1572 
6013
[BertDebug] region_len:  2463 
sequence_len:  2463
[BertDebug] region_len:  606 
sequence_len:  2481
[BertDebug] region_len:  245 
sequence_len:  1287
[BertDebug] region_len:  172 
sequence_len: [BertDebug] region_len:   4192428
 
sequence_len:  2428
[BertDebug] region_len:  1871 
sequence_len:  2529
[BertDebug] region_len:  2016 
sequence_len:  2457
[BertDebug] region_len:  1856 
sequence_len:  9617
[BertDebug] region_len:  168 
sequence_len:  1351
[BertDebug] region_len:  136 
sequence_len:  318
[BertDebug] region_len:  1218 
sequence_len:  1218
[BertDebug] region_len:  183 
sequence_len:  1919
[BertDebug] region_len:  930 
sequence_len:  930
[BertDebug] region_len:  476 
sequence_len: [BertDebug] region_len:   8501421
 
sequence_len:  1511
[BertDebug] region_len: [BertDebug] region_len:   2670297  
sequence_len: 
sequence_len:   26702176

[BertDebug] region_len:  77 
sequence_len:  3499
[BertDebug] region_len:  530 
sequence_len:  1350
[BertDebug] region_len:  110 
sequence_len:  753
[BertDebug] region_len:  1628 
sequence_len:  1980
[BertDebug] region_len:  2097 
sequence_len:  2097
[BertDebug] region_len:  354 
sequence_len:  1689
[BertDebug] region_len:  4551 
sequence_len:  8736
[BertDebug] region_len:  447 
sequence_len:  447
[BertDebug] region_len:  147 
sequence_len:  4240
[BertDebug] region_len:  164 
sequence_len:  2109
[BertDebug] region_len:  250 
sequence_len:  2916
[BertDebug] region_len:  367 
sequence_len:  4858
[BertDebug] region_len:  270 
sequence_len:  1610
[BertDebug] region_len:  535 
sequence_len:  114586
[BertDebug] region_len:  616 
sequence_len:  1970
[BertDebug] region_len:  2826 
sequence_len:  2826
[BertDebug] region_len:  326 
sequence_len:  1962
[BertDebug] region_len:  52 
sequence_len:  1215
[BertDebug] region_len:  179 
sequence_len:  1263
[BertDebug] region_len:  217 
sequence_len: [BertDebug] region_len:   489248 

sequence_len:  5163
[BertDebug] region_len:  413[BertDebug] region_len:   
sequence_len: 232  5225
sequence_len: 
 1423
[BertDebug] region_len:  339 
sequence_len:  3643
[BertDebug] region_len:  332 
sequence_len:  2939
[BertDebug] region_len:  449 
sequence_len:  1731
[BertDebug] region_len:  337 
sequence_len:  1491
[BertDebug] region_len:  540 
sequence_len:  715
[BertDebug] region_len:  178 
sequence_len:  1803
[BertDebug] region_len:  890 
sequence_len:  2079
[BertDebug] region_len:  1281 
sequence_len:  1618
[BertDebug] region_len:  926 
sequence_len:  1791
[BertDebug] region_len:  305 
sequence_len:  4395
[BertDebug] region_len:  1548 
sequence_len:  6339
[BertDebug] region_len:  783 
sequence_len:  783
[BertDebug] region_len:  227 
sequence_len:  4077
[BertDebug] region_len:  95 
sequence_len:  948
