ERROR: Unable to locate a modulefile for 'anaconda3/2022.05'
ERROR: Unable to locate a modulefile for 'profile/deeplrn'
Loading cuda/11.8.0-none-none
  ERROR: Conflicting cuda is loaded
03/13/2026 17:41:42 - WARNING - graph_enc.src.model.run_mlm - Process rank: 1, device: cuda:1, n_gpu: 1distributed training: True, 16-bits training: False
03/13/2026 17:41:42 - WARNING - graph_enc.src.model.run_mlm - Process rank: 2, device: cuda:2, n_gpu: 1distributed training: True, 16-bits training: False
03/13/2026 17:41:42 - WARNING - graph_enc.src.model.run_mlm - Process rank: 3, device: cuda:3, n_gpu: 1distributed training: True, 16-bits training: False
03/13/2026 17:41:42 - WARNING - graph_enc.src.model.run_mlm - Process rank: 0, device: cuda:0, n_gpu: 1distributed training: True, 16-bits training: False
03/13/2026 17:41:42 - INFO - graph_enc.src.model.run_mlm - Training/evaluation parameters TrainingArguments(
_n_gpu=1,
adafactor=False,
adam_beta1=0.9,
adam_beta2=0.98,
adam_epsilon=1e-06,
auto_find_batch_size=False,
bf16=False,
bf16_full_eval=False,
data_seed=None,
dataloader_drop_last=False,
dataloader_num_workers=0,
dataloader_pin_memory=True,
ddp_backend=None,
ddp_bucket_cap_mb=None,
ddp_find_unused_parameters=False,
ddp_timeout=1800,
debug=[],
deepspeed=None,
disable_tqdm=False,
do_eval=True,
do_predict=False,
do_train=True,
eval_accumulation_steps=None,
eval_delay=0,
eval_steps=None,
evaluation_strategy=epoch,
fp16=False,
fp16_backend=auto,
fp16_full_eval=False,
fp16_opt_level=O1,
fsdp=[],
fsdp_config={'fsdp_min_num_params': 0, 'xla': False, 'xla_fsdp_grad_ckpt': False},
fsdp_min_num_params=0,
fsdp_transformer_layer_cls_to_wrap=None,
full_determinism=False,
gradient_accumulation_steps=1,
gradient_checkpointing=False,
greater_is_better=None,
group_by_length=False,
half_precision_backend=auto,
hub_model_id=None,
hub_private_repo=False,
hub_strategy=every_save,
hub_token=<HUB_TOKEN>,
ignore_data_skip=False,
include_inputs_for_metrics=False,
jit_mode_eval=False,
label_names=None,
label_smoothing_factor=0.0,
learning_rate=0.0005,
length_column_name=length,
load_best_model_at_end=False,
local_rank=0,
log_level=passive,
log_level_replica=warning,
log_on_each_node=True,
logging_dir=/work/tesi_fgaragnani/checkpoints/ai4bio/dnabert2_cs/runs/Mar13_17-41-42_rezzonico,
logging_first_step=True,
logging_nan_inf_filter=True,
logging_steps=10,
logging_strategy=steps,
lr_scheduler_type=linear,
max_grad_norm=1.0,
max_steps=40000,
metric_for_best_model=None,
mp_parameters=,
no_cuda=False,
num_train_epochs=3.0,
optim=adamw_hf,
optim_args=None,
output_dir=/work/tesi_fgaragnani/checkpoints/ai4bio/dnabert2_cs,
overwrite_output_dir=True,
past_index=-1,
per_device_eval_batch_size=4,
per_device_train_batch_size=4,
prediction_loss_only=False,
push_to_hub=False,
push_to_hub_model_id=None,
push_to_hub_organization=None,
push_to_hub_token=<PUSH_TO_HUB_TOKEN>,
ray_scope=last,
remove_unused_columns=True,
report_to=[],
resume_from_checkpoint=None,
run_name=/work/tesi_fgaragnani/checkpoints/ai4bio/dnabert2_cs,
save_on_each_node=False,
save_safetensors=False,
save_steps=20000,
save_strategy=steps,
save_total_limit=None,
seed=42,
sharded_ddp=[],
skip_memory_metrics=True,
tf32=None,
torch_compile=False,
torch_compile_backend=None,
torch_compile_mode=None,
torchdynamo=None,
tpu_metrics_debug=False,
tpu_num_cores=None,
use_ipex=False,
use_legacy_prediction_loop=False,
use_mps_device=False,
warmup_ratio=0.0,
warmup_steps=1200,
weight_decay=1e-05,
xpu_backend=None,
)
[Info] Computed num_train_epochs=1 (steps_per_epoch=1063839, effective_batch_size=16, world_size=4)
[Info] Computed num_train_epochs=1 (steps_per_epoch=1063839, effective_batch_size=16, world_size=4)
03/13/2026 17:42:45 - INFO - graph_enc.src.model.run_mlm - Vocabulary size: 4096
03/13/2026 17:42:45 - INFO - graph_enc.src.model.run_mlm - Training new model from scratch
[Info] Computed num_train_epochs=1 (steps_per_epoch=1063839, effective_batch_size=16, world_size=4)
[Info] Computed num_train_epochs=1 (steps_per_epoch=1063839, effective_batch_size=16, world_size=4)
[DataCollatorForCDSMaskedLM] Tokenized sequence lengths: [299, 299, 299, 299]
[BatchStats] sample=0 masked_tokens_pct=6.33 unique_token_ids=68
[BatchStats] sample=1 masked_tokens_pct=10.11 unique_token_ids=81
[BatchStats] sample=2 masked_tokens_pct=13.29 unique_token_ids=104
[BatchStats] sample=3 masked_tokens_pct=9.70 unique_token_ids=224
[DataCollatorForCDSMaskedLM] Tokenized sequence lengths: [362, 362, 362, 362]
[BatchStats] sample=0 masked_tokens_pct=7.63 unique_token_ids=94
[BatchStats] sample=1 masked_tokens_pct=7.14 unique_token_ids=117
[BatchStats] sample=2 masked_tokens_pct=8.06 unique_token_ids=152
[BatchStats] sample=3 masked_tokens_pct=14.64 unique_token_ids=230
[DataCollatorForCDSMaskedLM] Tokenized sequence lengths: [119, 119, 119, 119]
[BatchStats] sample=0 masked_tokens_pct=6.67 unique_token_ids=68
[BatchStats] sample=1 masked_tokens_pct=5.88 unique_token_ids=110
[BatchStats] sample=2 masked_tokens_pct=11.76 unique_token_ids=60
[BatchStats] sample=3 masked_tokens_pct=7.94 unique_token_ids=57
[DataCollatorForCDSMaskedLM] Tokenized sequence lengths: [105, 105, 105, 105]
[BatchStats] sample=0 masked_tokens_pct=6.41 unique_token_ids=68
[BatchStats] sample=1 masked_tokens_pct=10.39 unique_token_ids=70
[BatchStats] sample=2 masked_tokens_pct=13.33 unique_token_ids=86
[BatchStats] sample=3 masked_tokens_pct=8.47 unique_token_ids=52
{'loss': 8.4038, 'learning_rate': 4.166666666666667e-07, 'epoch': 0.0}
[DataCollatorForCDSMaskedLM] Tokenized sequence lengths: [129, 129, 129, 129]
[DataCollatorForCDSMaskedLM] Tokenized sequence lengths: [108, 108, 108, 108]
[DataCollatorForCDSMaskedLM] Tokenized sequence lengths: [523, 523, 523, 523]
[BatchStats] sample=0 masked_tokens_pct=4.40 unique_token_ids=82
[BatchStats] sample=1 masked_tokens_pct=7.94 unique_token_ids=58
[BatchStats] sample=2 masked_tokens_pct=6.20 unique_token_ids=107
[BatchStats] sample=3 masked_tokens_pct=3.61 unique_token_ids=77
[BatchStats] sample=0 masked_tokens_pct=5.41 unique_token_ids=34
[BatchStats] sample=1 masked_tokens_pct=5.56 unique_token_ids=96
[BatchStats] sample=2 masked_tokens_pct=4.35 unique_token_ids=43
[BatchStats] sample=3 masked_tokens_pct=7.59 unique_token_ids=71
[DataCollatorForCDSMaskedLM] Tokenized sequence lengths: [495, 495, 495, 495]
[BatchStats] sample=0 masked_tokens_pct=9.75 unique_token_ids=346
[BatchStats] sample=1 masked_tokens_pct=6.00 unique_token_ids=160
[BatchStats] sample=2 masked_tokens_pct=12.09 unique_token_ids=79
[BatchStats] sample=3 masked_tokens_pct=5.88 unique_token_ids=48
[BatchStats] sample=0 masked_tokens_pct=15.15 unique_token_ids=309
[BatchStats] sample=1 masked_tokens_pct=6.33 unique_token_ids=70
[BatchStats] sample=2 masked_tokens_pct=1.37 unique_token_ids=66
[BatchStats] sample=3 masked_tokens_pct=12.12 unique_token_ids=140
[DataCollatorForCDSMaskedLM] Tokenized sequence lengths: [139, 139, 139, 139]
[BatchStats] sample=0 masked_tokens_pct=7.53 unique_token_ids=84
[BatchStats] sample=1 masked_tokens_pct=8.62 unique_token_ids=49
[BatchStats] sample=2 masked_tokens_pct=4.55 unique_token_ids=21
[BatchStats] sample=3 masked_tokens_pct=8.63 unique_token_ids=118
[DataCollatorForCDSMaskedLM] Tokenized sequence lengths: [1009, 1009, 1009, 1009]
[BatchStats] sample=0 masked_tokens_pct=0.00 unique_token_ids=27
[BatchStats] sample=1 masked_tokens_pct=8.33 unique_token_ids=99
[BatchStats] sample=2 masked_tokens_pct=9.32 unique_token_ids=563
[BatchStats] sample=3 masked_tokens_pct=2.08 unique_token_ids=45
[DataCollatorForCDSMaskedLM] Tokenized sequence lengths: [113, 113, 113, 113]
[BatchStats] sample=0 masked_tokens_pct=10.62 unique_token_ids=98
[BatchStats] sample=1 masked_tokens_pct=6.67 unique_token_ids=41
[BatchStats] sample=2 masked_tokens_pct=7.69 unique_token_ids=24
[BatchStats] sample=3 masked_tokens_pct=7.50 unique_token_ids=38
[DataCollatorForCDSMaskedLM] Tokenized sequence lengths: [1024, 1024, 1024, 1024]
[BatchStats] sample=0 masked_tokens_pct=10.00 unique_token_ids=76
[BatchStats] sample=1 masked_tokens_pct=6.36 unique_token_ids=90
[BatchStats] sample=2 masked_tokens_pct=6.98 unique_token_ids=40
[BatchStats] sample=3 masked_tokens_pct=16.60 unique_token_ids=424
[DataCollatorForCDSMaskedLM] Tokenized sequence lengths: [160, 160, 160, 160]
[DataCollatorForCDSMaskedLM] Tokenized sequence lengths: [145, 145, 145, 145]
[BatchStats] sample=0 masked_tokens_pct=10.00 unique_token_ids=121
[BatchStats] sample=1 masked_tokens_pct=2.78 unique_token_ids=63
[BatchStats] sample=2 masked_tokens_pct=12.00 unique_token_ids=67
[BatchStats] sample=3 masked_tokens_pct=9.72 unique_token_ids=65
[DataCollatorForCDSMaskedLM] Tokenized sequence lengths: [438, 438, 438, 438]
[BatchStats] sample=0 masked_tokens_pct=2.38 unique_token_ids=40
[BatchStats] sample=1 masked_tokens_pct=7.50 unique_token_ids=36
[BatchStats] sample=2 masked_tokens_pct=9.66 unique_token_ids=117
[BatchStats] sample=3 masked_tokens_pct=4.35 unique_token_ids=44
[BatchStats] sample=0 masked_tokens_pct=12.50 unique_token_ids=51
[BatchStats] sample=1 masked_tokens_pct=10.71 unique_token_ids=47
[BatchStats] sample=2 masked_tokens_pct=3.90 unique_token_ids=70
[BatchStats] sample=3 masked_tokens_pct=14.38 unique_token_ids=228
[DataCollatorForCDSMaskedLM] Tokenized sequence lengths: [101, 101, 101, 101]
[BatchStats] sample=0 masked_tokens_pct=12.50 unique_token_ids=45
[BatchStats] sample=1 masked_tokens_pct=11.27 unique_token_ids=59
[BatchStats] sample=2 masked_tokens_pct=9.80 unique_token_ids=40
[BatchStats] sample=3 masked_tokens_pct=9.90 unique_token_ids=86
[DataCollatorForCDSMaskedLM] Tokenized sequence lengths: [285, 285, 285, 285]
[DataCollatorForCDSMaskedLM] Tokenized sequence lengths: [136, 136, 136, 136]
[BatchStats] sample=0 masked_tokens_pct=4.41 unique_token_ids=115
[BatchStats] sample=1 masked_tokens_pct=4.41 unique_token_ids=62
[BatchStats] sample=2 masked_tokens_pct=7.94 unique_token_ids=55
[BatchStats] sample=3 masked_tokens_pct=7.41 unique_token_ids=26
[BatchStats] sample=0 masked_tokens_pct=10.53 unique_token_ids=35
[BatchStats] sample=1 masked_tokens_pct=14.14 unique_token_ids=82
[BatchStats] sample=2 masked_tokens_pct=8.42 unique_token_ids=209
[BatchStats] sample=3 masked_tokens_pct=10.14 unique_token_ids=59
[DataCollatorForCDSMaskedLM] Tokenized sequence lengths: [386, 386, 386, 386]
[BatchStats] sample=0 masked_tokens_pct=11.27 unique_token_ids=62
[BatchStats] sample=1 masked_tokens_pct=5.36 unique_token_ids=98
[BatchStats] sample=2 masked_tokens_pct=11.66 unique_token_ids=195
[BatchStats] sample=3 masked_tokens_pct=5.56 unique_token_ids=34
[DataCollatorForCDSMaskedLM] Tokenized sequence lengths: [1024, 1024, 1024, 1024]
[BatchStats] sample=0 masked_tokens_pct=10.42 unique_token_ids=224
[BatchStats] sample=1 masked_tokens_pct=11.29 unique_token_ids=56
[BatchStats] sample=2 masked_tokens_pct=7.45 unique_token_ids=124
[BatchStats] sample=3 masked_tokens_pct=6.84 unique_token_ids=559
[DataCollatorForCDSMaskedLM] Tokenized sequence lengths: [145, 145, 145, 145]
[DataCollatorForCDSMaskedLM] Tokenized sequence lengths: [656, 656, 656, 656]
[DataCollatorForCDSMaskedLM] Tokenized sequence lengths: [174, 174, 174, 174]
[DataCollatorForCDSMaskedLM] Tokenized sequence lengths: [1024, 1024, 1024, 1024]
[DataCollatorForCDSMaskedLM] Tokenized sequence lengths: [425, 425, 425, 425]
[DataCollatorForCDSMaskedLM] Tokenized sequence lengths: [1024, 1024, 1024, 1024]
[DataCollatorForCDSMaskedLM] Tokenized sequence lengths: [138, 138, 138, 138]
[DataCollatorForCDSMaskedLM] Tokenized sequence lengths: [122, 122, 122, 122]
[DataCollatorForCDSMaskedLM] Tokenized sequence lengths: [230, 230, 230, 230]
[DataCollatorForCDSMaskedLM] Tokenized sequence lengths: [105, 105, 105, 105]
[DataCollatorForCDSMaskedLM] Tokenized sequence lengths: [216, 216, 216, 216]
[DataCollatorForCDSMaskedLM] Tokenized sequence lengths: [643, 643, 643, 643]
[DataCollatorForCDSMaskedLM] Tokenized sequence lengths: [457, 457, 457, 457]
[DataCollatorForCDSMaskedLM] Tokenized sequence lengths: [612, 612, 612, 612]
[DataCollatorForCDSMaskedLM] Tokenized sequence lengths: [768, 768, 768, 768]
[DataCollatorForCDSMaskedLM] Tokenized sequence lengths: [70, 70, 70, 70]
[DataCollatorForCDSMaskedLM] Tokenized sequence lengths: [226, 226, 226, 226]
[DataCollatorForCDSMaskedLM] Tokenized sequence lengths: [209, 209, 209, 209]
[DataCollatorForCDSMaskedLM] Tokenized sequence lengths: [701, 701, 701, 701]
[DataCollatorForCDSMaskedLM] Tokenized sequence lengths: [227, 227, 227, 227]
{'loss': 8.4555, 'learning_rate': 4.166666666666667e-06, 'epoch': 0.0}
[DataCollatorForCDSMaskedLM] Tokenized sequence lengths: [178, 178, 178, 178]
[DataCollatorForCDSMaskedLM] Tokenized sequence lengths: [330, 330, 330, 330]
[DataCollatorForCDSMaskedLM] Tokenized sequence lengths: [291, 291, 291, 291]
[DataCollatorForCDSMaskedLM] Tokenized sequence lengths: [233, 233, 233, 233]
[DataCollatorForCDSMaskedLM] Tokenized sequence lengths: [189, 189, 189, 189]
[DataCollatorForCDSMaskedLM] Tokenized sequence lengths: [261, 261, 261, 261]
[DataCollatorForCDSMaskedLM] Tokenized sequence lengths: [896, 896, 896, 896]
[DataCollatorForCDSMaskedLM] Tokenized sequence lengths: [1024, 1024, 1024, 1024]
[DataCollatorForCDSMaskedLM] Tokenized sequence lengths: [140, 140, 140, 140]
[DataCollatorForCDSMaskedLM] Tokenized sequence lengths: [323, 323, 323, 323]
[DataCollatorForCDSMaskedLM] Tokenized sequence lengths: [1024, 1024, 1024, 1024]
[DataCollatorForCDSMaskedLM] Tokenized sequence lengths: [1024, 1024, 1024, 1024]
[DataCollatorForCDSMaskedLM] Tokenized sequence lengths: [338, 338, 338, 338]
[DataCollatorForCDSMaskedLM] Tokenized sequence lengths: [365, 365, 365, 365]
[DataCollatorForCDSMaskedLM] Tokenized sequence lengths: [74, 74, 74, 74]
[DataCollatorForCDSMaskedLM] Tokenized sequence lengths: [801, 801, 801, 801]
[DataCollatorForCDSMaskedLM] Tokenized sequence lengths: [123, 123, 123, 123]
[DataCollatorForCDSMaskedLM] Tokenized sequence lengths: [94, 94, 94, 94]
[DataCollatorForCDSMaskedLM] Tokenized sequence lengths: [648, 648, 648, 648]
[DataCollatorForCDSMaskedLM] Tokenized sequence lengths: [811, 811, 811, 811]
[DataCollatorForCDSMaskedLM] Tokenized sequence lengths: [105, 105, 105, 105]
[DataCollatorForCDSMaskedLM] Tokenized sequence lengths: [480, 480, 480, 480]
[DataCollatorForCDSMaskedLM] Tokenized sequence lengths: [956, 956, 956, 956]
[DataCollatorForCDSMaskedLM] Tokenized sequence lengths: [89, 89, 89, 89]
[DataCollatorForCDSMaskedLM] Tokenized sequence lengths: [207, 207, 207, 207]
[DataCollatorForCDSMaskedLM] Tokenized sequence lengths: [361, 361, 361, 361]
[DataCollatorForCDSMaskedLM] Tokenized sequence lengths: [235, 235, 235, 235]
[DataCollatorForCDSMaskedLM] Tokenized sequence lengths: [1024, 1024, 1024, 1024]
[DataCollatorForCDSMaskedLM] Tokenized sequence lengths: [117, 117, 117, 117]
[DataCollatorForCDSMaskedLM] Tokenized sequence lengths: [417, 417, 417, 417]
[DataCollatorForCDSMaskedLM] Tokenized sequence lengths: [263, 263, 263, 263]
[DataCollatorForCDSMaskedLM] Tokenized sequence lengths: [481, 481, 481, 481]
[DataCollatorForCDSMaskedLM] Tokenized sequence lengths: [146, 146, 146, 146]
[DataCollatorForCDSMaskedLM] Tokenized sequence lengths: [198, 198, 198, 198]
[DataCollatorForCDSMaskedLM] Tokenized sequence lengths: [128, 128, 128, 128]
[DataCollatorForCDSMaskedLM] Tokenized sequence lengths: [544, 544, 544, 544]
[DataCollatorForCDSMaskedLM] Tokenized sequence lengths: [109, 109, 109, 109]
[DataCollatorForCDSMaskedLM] Tokenized sequence lengths: [288, 288, 288, 288]
[DataCollatorForCDSMaskedLM] Tokenized sequence lengths: [487, 487, 487, 487]
[DataCollatorForCDSMaskedLM] Tokenized sequence lengths: [80, 80, 80, 80]
{'loss': 8.2708, 'learning_rate': 8.333333333333334e-06, 'epoch': 0.0}
[DataCollatorForCDSMaskedLM] Tokenized sequence lengths: [174, 174, 174, 174]
[DataCollatorForCDSMaskedLM] Tokenized sequence lengths: [343, 343, 343, 343]
[DataCollatorForCDSMaskedLM] Tokenized sequence lengths: [275, 275, 275, 275]
[DataCollatorForCDSMaskedLM] Tokenized sequence lengths: [523, 523, 523, 523]
[DataCollatorForCDSMaskedLM] Tokenized sequence lengths: [357, 357, 357, 357]
[DataCollatorForCDSMaskedLM] Tokenized sequence lengths: [138, 138, 138, 138]
[DataCollatorForCDSMaskedLM] Tokenized sequence lengths: [256, 256, 256, 256]
[DataCollatorForCDSMaskedLM] Tokenized sequence lengths: [1024, 1024, 1024, 1024]
[DataCollatorForCDSMaskedLM] Tokenized sequence lengths: [157, 157, 157, 157]
[DataCollatorForCDSMaskedLM] Tokenized sequence lengths: [417, 417, 417, 417]
[DataCollatorForCDSMaskedLM] Tokenized sequence lengths: [277, 277, 277, 277]
[DataCollatorForCDSMaskedLM] Tokenized sequence lengths: [810, 810, 810, 810]
[DataCollatorForCDSMaskedLM] Tokenized sequence lengths: [202, 202, 202, 202]
[DataCollatorForCDSMaskedLM] Tokenized sequence lengths: [373, 373, 373, 373]
[DataCollatorForCDSMaskedLM] Tokenized sequence lengths: [504, 504, 504, 504]
[DataCollatorForCDSMaskedLM] Tokenized sequence lengths: [365, 365, 365, 365]
[DataCollatorForCDSMaskedLM] Tokenized sequence lengths: [117, 117, 117, 117]
[DataCollatorForCDSMaskedLM] Tokenized sequence lengths: [80, 80, 80, 80]
[DataCollatorForCDSMaskedLM] Tokenized sequence lengths: [383, 383, 383, 383]
[DataCollatorForCDSMaskedLM] Tokenized sequence lengths: [261, 261, 261, 261]
[DataCollatorForCDSMaskedLM] Tokenized sequence lengths: [75, 75, 75, 75]
[DataCollatorForCDSMaskedLM] Tokenized sequence lengths: [538, 538, 538, 538]
[DataCollatorForCDSMaskedLM] Tokenized sequence lengths: [104, 104, 104, 104]
[DataCollatorForCDSMaskedLM] Tokenized sequence lengths: [1024, 1024, 1024, 1024]
[DataCollatorForCDSMaskedLM] Tokenized sequence lengths: [103, 103, 103, 103]
[DataCollatorForCDSMaskedLM] Tokenized sequence lengths: [96, 96, 96, 96]
[DataCollatorForCDSMaskedLM] Tokenized sequence lengths: [320, 320, 320, 320]
[DataCollatorForCDSMaskedLM] Tokenized sequence lengths: [129, 129, 129, 129]
[DataCollatorForCDSMaskedLM] Tokenized sequence lengths: [1024, 1024, 1024, 1024]
[DataCollatorForCDSMaskedLM] Tokenized sequence lengths: [178, 178, 178, 178]
[DataCollatorForCDSMaskedLM] Tokenized sequence lengths: [312, 312, 312, 312]
[DataCollatorForCDSMaskedLM] Tokenized sequence lengths: [1024, 1024, 1024, 1024]
[DataCollatorForCDSMaskedLM] Tokenized sequence lengths: [83, 83, 83, 83]
[DataCollatorForCDSMaskedLM] Tokenized sequence lengths: [255, 255, 255, 255]
[DataCollatorForCDSMaskedLM] Tokenized sequence lengths: [891, 891, 891, 891]
[DataCollatorForCDSMaskedLM] Tokenized sequence lengths: [322, 322, 322, 322]
[DataCollatorForCDSMaskedLM] Tokenized sequence lengths: [497, 497, 497, 497]
[DataCollatorForCDSMaskedLM] Tokenized sequence lengths: [416, 416, 416, 416]
[DataCollatorForCDSMaskedLM] Tokenized sequence lengths: [342, 342, 342, 342]
[DataCollatorForCDSMaskedLM] Tokenized sequence lengths: [127, 127, 127, 127]
{'loss': 8.1056, 'learning_rate': 1.25e-05, 'epoch': 0.0}
[DataCollatorForCDSMaskedLM] Tokenized sequence lengths: [126, 126, 126, 126]
[DataCollatorForCDSMaskedLM] Tokenized sequence lengths: [DataCollatorForCDSMaskedLM] Tokenized sequence lengths:[347, 347, 347, 347] 
[299, 299, 299, 299]
[DataCollatorForCDSMaskedLM] Tokenized sequence lengths: [305, 305, 305, 305]
[DataCollatorForCDSMaskedLM] Tokenized sequence lengths: [112, 112, 112, 112]
[DataCollatorForCDSMaskedLM] Tokenized sequence lengths: [473, 473, 473, 473]
[DataCollatorForCDSMaskedLM] Tokenized sequence lengths: [1007, 1007, 1007, 1007]
[DataCollatorForCDSMaskedLM] Tokenized sequence lengths: [514, 514, 514, 514]
[DataCollatorForCDSMaskedLM] Tokenized sequence lengths: [241, 241, 241, 241]
[DataCollatorForCDSMaskedLM] Tokenized sequence lengths: [122, 122, 122, 122]
[DataCollatorForCDSMaskedLM] Tokenized sequence lengths: [749, 749, 749, 749]
[DataCollatorForCDSMaskedLM] Tokenized sequence lengths: [207, 207, 207, 207]
[DataCollatorForCDSMaskedLM] Tokenized sequence lengths: [79, 79, 79, 79]
[DataCollatorForCDSMaskedLM] Tokenized sequence lengths: [237, 237, 237, 237]
[DataCollatorForCDSMaskedLM] Tokenized sequence lengths: [1024, 1024, 1024, 1024]
[DataCollatorForCDSMaskedLM] Tokenized sequence lengths: [142, 142, 142, 142]
[DataCollatorForCDSMaskedLM] Tokenized sequence lengths: [724, 724, 724, 724]
[DataCollatorForCDSMaskedLM] Tokenized sequence lengths: [939, 939, 939, 939]
[DataCollatorForCDSMaskedLM] Tokenized sequence lengths: [111, 111, 111, 111]
[DataCollatorForCDSMaskedLM] Tokenized sequence lengths: [573, 573, 573, 573]
[DataCollatorForCDSMaskedLM] Tokenized sequence lengths: [123, 123, 123, 123]
[DataCollatorForCDSMaskedLM] Tokenized sequence lengths: [672, 672, 672, 672]
[DataCollatorForCDSMaskedLM] Tokenized sequence lengths: [408, 408, 408, 408]
[DataCollatorForCDSMaskedLM] Tokenized sequence lengths: [232, 232, 232, 232]
[DataCollatorForCDSMaskedLM] Tokenized sequence lengths: [183, 183, 183, 183]
[DataCollatorForCDSMaskedLM] Tokenized sequence lengths: [208, 208, 208, 208]
[DataCollatorForCDSMaskedLM] Tokenized sequence lengths: [459, 459, 459, 459]
[DataCollatorForCDSMaskedLM] Tokenized sequence lengths: [149, 149, 149, 149]
[DataCollatorForCDSMaskedLM] Tokenized sequence lengths: [128, 128, 128, 128]
[DataCollatorForCDSMaskedLM] Tokenized sequence lengths: [213, 213, 213, 213]
[DataCollatorForCDSMaskedLM] Tokenized sequence lengths: [635, 635, 635, 635]
[DataCollatorForCDSMaskedLM] Tokenized sequence lengths: [436, 436, 436, 436]
[DataCollatorForCDSMaskedLM] Tokenized sequence lengths: [117, 117, 117, 117]
[DataCollatorForCDSMaskedLM] Tokenized sequence lengths: [403, 403, 403, 403]
[DataCollatorForCDSMaskedLM] Tokenized sequence lengths: [714, 714, 714, 714]
[DataCollatorForCDSMaskedLM] Tokenized sequence lengths: [445, 445, 445, 445]
[DataCollatorForCDSMaskedLM] Tokenized sequence lengths: [78, 78, 78, 78]
[DataCollatorForCDSMaskedLM] Tokenized sequence lengths: [152, 152, 152, 152]
[DataCollatorForCDSMaskedLM] Tokenized sequence lengths: [116, 116, 116, 116]
[DataCollatorForCDSMaskedLM] Tokenized sequence lengths: [1024, 1024, 1024, 1024]
{'loss': 8.0244, 'learning_rate': 1.6666666666666667e-05, 'epoch': 0.0}
[DataCollatorForCDSMaskedLM] Tokenized sequence lengths: [238, 238, 238, 238]
[DataCollatorForCDSMaskedLM] Tokenized sequence lengths: [75, 75, 75, 75]
[DataCollatorForCDSMaskedLM] Tokenized sequence lengths: [234, 234, 234, 234]
[DataCollatorForCDSMaskedLM] Tokenized sequence lengths: [363, 363, 363, 363]
[DataCollatorForCDSMaskedLM] Tokenized sequence lengths: [259, 259, 259, 259]
[DataCollatorForCDSMaskedLM] Tokenized sequence lengths: [91, 91, 91, 91]
[DataCollatorForCDSMaskedLM] Tokenized sequence lengths: [493, 493, 493, 493]
[DataCollatorForCDSMaskedLM] Tokenized sequence lengths: [811, 811, 811, 811]
[DataCollatorForCDSMaskedLM] Tokenized sequence lengths: [185, 185, 185, 185]
[DataCollatorForCDSMaskedLM] Tokenized sequence lengths: [197, 197, 197, 197]
[DataCollatorForCDSMaskedLM] Tokenized sequence lengths: [125, 125, 125, 125]
[DataCollatorForCDSMaskedLM] Tokenized sequence lengths: [675, 675, 675, 675]
[DataCollatorForCDSMaskedLM] Tokenized sequence lengths: [269, 269, 269, 269]
[DataCollatorForCDSMaskedLM] Tokenized sequence lengths: [461, 461, 461, 461]
[DataCollatorForCDSMaskedLM] Tokenized sequence lengths: [688, 688, 688, 688]
[DataCollatorForCDSMaskedLM] Tokenized sequence lengths: [115, 115, 115, 115]
[DataCollatorForCDSMaskedLM] Tokenized sequence lengths: [298, 298, 298, 298]
[DataCollatorForCDSMaskedLM] Tokenized sequence lengths: [135, 135, 135, 135]
[DataCollatorForCDSMaskedLM] Tokenized sequence lengths: [477, 477, 477, 477]
[DataCollatorForCDSMaskedLM] Tokenized sequence lengths: [1024, 1024, 1024, 1024]
[DataCollatorForCDSMaskedLM] Tokenized sequence lengths: [251, 251, 251, 251]
[DataCollatorForCDSMaskedLM] Tokenized sequence lengths: [178, 178, 178, 178]
[DataCollatorForCDSMaskedLM] Tokenized sequence lengths: [171, 171, 171, 171]
[DataCollatorForCDSMaskedLM] Tokenized sequence lengths: [193, 193, 193, 193]
[DataCollatorForCDSMaskedLM] Tokenized sequence lengths: [100, 100, 100, 100]
[DataCollatorForCDSMaskedLM] Tokenized sequence lengths: [116, 116, 116, 116]
[DataCollatorForCDSMaskedLM] Tokenized sequence lengths: [879, 879, 879, 879]
[DataCollatorForCDSMaskedLM] Tokenized sequence lengths: [74, 74, 74, 74]
[DataCollatorForCDSMaskedLM] Tokenized sequence lengths: [346, 346, 346, 346]
[DataCollatorForCDSMaskedLM] Tokenized sequence lengths: [103, 103, 103, 103]
[DataCollatorForCDSMaskedLM] Tokenized sequence lengths: [192, 192, 192, 192]
[DataCollatorForCDSMaskedLM] Tokenized sequence lengths: [87, 87, 87, 87]
[DataCollatorForCDSMaskedLM] Tokenized sequence lengths: [142, 142, 142, 142]
[DataCollatorForCDSMaskedLM] Tokenized sequence lengths: [325, 325, 325, 325]
[DataCollatorForCDSMaskedLM] Tokenized sequence lengths: [879, 879, 879, 879]
[DataCollatorForCDSMaskedLM] Tokenized sequence lengths: [1024, 1024, 1024, 1024]
[DataCollatorForCDSMaskedLM] Tokenized sequence lengths: [100, 100, 100, 100]
[DataCollatorForCDSMaskedLM] Tokenized sequence lengths: [175, 175, 175, 175]
[DataCollatorForCDSMaskedLM] Tokenized sequence lengths: [179, 179, 179, 179]
[DataCollatorForCDSMaskedLM] Tokenized sequence lengths: [410, 410, 410, 410]
{'loss': 7.908, 'learning_rate': 2.0833333333333333e-05, 'epoch': 0.0}
[DataCollatorForCDSMaskedLM] Tokenized sequence lengths: [118, 118, 118, 118]
[DataCollatorForCDSMaskedLM] Tokenized sequence lengths: [102, 102, 102, 102]
[DataCollatorForCDSMaskedLM] Tokenized sequence lengths: [288, 288, 288, 288]
[DataCollatorForCDSMaskedLM] Tokenized sequence lengths: [1024, 1024, 1024, 1024]
[DataCollatorForCDSMaskedLM] Tokenized sequence lengths: [517, 517, 517, 517]
[DataCollatorForCDSMaskedLM] Tokenized sequence lengths: [296, 296, 296, 296]
[DataCollatorForCDSMaskedLM] Tokenized sequence lengths: [162, 162, 162, 162]
[DataCollatorForCDSMaskedLM] Tokenized sequence lengths: [1024, 1024, 1024, 1024]
[DataCollatorForCDSMaskedLM] Tokenized sequence lengths: [585, 585, 585, 585]
[DataCollatorForCDSMaskedLM] Tokenized sequence lengths: [204, 204, 204, 204]
[DataCollatorForCDSMaskedLM] Tokenized sequence lengths: [375, 375, 375, 375]
[DataCollatorForCDSMaskedLM] Tokenized sequence lengths: [1024, 1024, 1024, 1024]
[DataCollatorForCDSMaskedLM] Tokenized sequence lengths: [1024, 1024, 1024, 1024]
[DataCollatorForCDSMaskedLM] Tokenized sequence lengths: [913, 913, 913, 913]
[DataCollatorForCDSMaskedLM] Tokenized sequence lengths: [111, 111, 111, 111]
[DataCollatorForCDSMaskedLM] Tokenized sequence lengths: [246, 246, 246, 246]
[DataCollatorForCDSMaskedLM] Tokenized sequence lengths: [128, 128, 128, 128]
[DataCollatorForCDSMaskedLM] Tokenized sequence lengths: [136, 136, 136, 136]
[DataCollatorForCDSMaskedLM] Tokenized sequence lengths: [451, 451, 451, 451]
[DataCollatorForCDSMaskedLM] Tokenized sequence lengths: [443, 443, 443, 443]
[DataCollatorForCDSMaskedLM] Tokenized sequence lengths: [122, 122, 122, 122]
[DataCollatorForCDSMaskedLM] Tokenized sequence lengths: [230, 230, 230, 230]
[DataCollatorForCDSMaskedLM] Tokenized sequence lengths: [399, 399, 399, 399]
[DataCollatorForCDSMaskedLM] Tokenized sequence lengths: [176, 176, 176, 176]
[DataCollatorForCDSMaskedLM] Tokenized sequence lengths: [135, 135, 135, 135]
[DataCollatorForCDSMaskedLM] Tokenized sequence lengths: [1024, 1024, 1024, 1024]
[DataCollatorForCDSMaskedLM] Tokenized sequence lengths: [1024, 1024, 1024, 1024]
[DataCollatorForCDSMaskedLM] Tokenized sequence lengths: [1024, 1024, 1024, 1024]
[DataCollatorForCDSMaskedLM] Tokenized sequence lengths: [226, 226, 226, 226]
[DataCollatorForCDSMaskedLM] Tokenized sequence lengths: [352, 352, 352, 352]
[DataCollatorForCDSMaskedLM] Tokenized sequence lengths: [108, 108, 108, 108]
[DataCollatorForCDSMaskedLM] Tokenized sequence lengths: [1024, 1024, 1024, 1024]
[DataCollatorForCDSMaskedLM] Tokenized sequence lengths: [389, 389, 389, 389]
[DataCollatorForCDSMaskedLM] Tokenized sequence lengths: [314, 314, 314, 314]
[DataCollatorForCDSMaskedLM] Tokenized sequence lengths: [86, 86, 86, 86]
[DataCollatorForCDSMaskedLM] Tokenized sequence lengths: [1024, 1024, 1024, 1024]
[DataCollatorForCDSMaskedLM] Tokenized sequence lengths: [1024, 1024, 1024, 1024]
[DataCollatorForCDSMaskedLM] Tokenized sequence lengths: [250, 250, 250, 250]
[DataCollatorForCDSMaskedLM] Tokenized sequence lengths: [461, 461, 461, 461]
[DataCollatorForCDSMaskedLM] Tokenized sequence lengths: [805, 805, 805, 805]
{'loss': 7.795, 'learning_rate': 2.5e-05, 'epoch': 0.0}
[DataCollatorForCDSMaskedLM] Tokenized sequence lengths: [523, 523, 523, 523]
[DataCollatorForCDSMaskedLM] Tokenized sequence lengths: [412, 412, 412, 412]
[DataCollatorForCDSMaskedLM] Tokenized sequence lengths: [519, 519, 519, 519]
[DataCollatorForCDSMaskedLM] Tokenized sequence lengths: [775, 775, 775, 775]
[DataCollatorForCDSMaskedLM] Tokenized sequence lengths: [153, 153, 153, 153]
[DataCollatorForCDSMaskedLM] Tokenized sequence lengths: [681, 681, 681, 681]
[DataCollatorForCDSMaskedLM] Tokenized sequence lengths: [372, 372, 372, 372]
[DataCollatorForCDSMaskedLM] Tokenized sequence lengths: [1024, 1024, 1024, 1024]
[DataCollatorForCDSMaskedLM] Tokenized sequence lengths: [100, 100, 100, 100]
[DataCollatorForCDSMaskedLM] Tokenized sequence lengths: [142, 142, 142, 142]
[DataCollatorForCDSMaskedLM] Tokenized sequence lengths: [123, 123, 123, 123]
[DataCollatorForCDSMaskedLM] Tokenized sequence lengths: [1024, 1024, 1024, 1024]
[DataCollatorForCDSMaskedLM] Tokenized sequence lengths: [119, 119, 119, 119]
[DataCollatorForCDSMaskedLM] Tokenized sequence lengths: [104, 104, 104, 104]
[DataCollatorForCDSMaskedLM] Tokenized sequence lengths: [462, 462, 462, 462]
[DataCollatorForCDSMaskedLM] Tokenized sequence lengths: [259, 259, 259, 259]
[DataCollatorForCDSMaskedLM] Tokenized sequence lengths: [215, 215, 215, 215]
[DataCollatorForCDSMaskedLM] Tokenized sequence lengths: [77, 77, 77, 77]
[DataCollatorForCDSMaskedLM] Tokenized sequence lengths: [408, 408, 408, 408]
[DataCollatorForCDSMaskedLM] Tokenized sequence lengths: [114, 114, 114, 114]
[DataCollatorForCDSMaskedLM] Tokenized sequence lengths: [123, 123, 123, 123]
[DataCollatorForCDSMaskedLM] Tokenized sequence lengths: [287, 287, 287, 287]
[DataCollatorForCDSMaskedLM] Tokenized sequence lengths: [271, 271, 271, 271]
[DataCollatorForCDSMaskedLM] Tokenized sequence lengths: [126, 126, 126, 126]
[DataCollatorForCDSMaskedLM] Tokenized sequence lengths: [DataCollatorForCDSMaskedLM] Tokenized sequence lengths:[395, 395, 395, 395] 
[263, 263, 263, 263]
[DataCollatorForCDSMaskedLM] Tokenized sequence lengths: [552, 552, 552, 552]
[DataCollatorForCDSMaskedLM] Tokenized sequence lengths: [86, 86, 86, 86]
[DataCollatorForCDSMaskedLM] Tokenized sequence lengths: [236, 236, 236, 236]
[DataCollatorForCDSMaskedLM] Tokenized sequence lengths: [475, 475, 475, 475]
[DataCollatorForCDSMaskedLM] Tokenized sequence lengths: [287, 287, 287, 287]
[DataCollatorForCDSMaskedLM] Tokenized sequence lengths: [1010, 1010, 1010, 1010]
[DataCollatorForCDSMaskedLM] Tokenized sequence lengths: [101, 101, 101, 101]
[DataCollatorForCDSMaskedLM] Tokenized sequence lengths: [732, 732, 732, 732]
[DataCollatorForCDSMaskedLM] Tokenized sequence lengths: [86, 86, 86, 86]
[DataCollatorForCDSMaskedLM] Tokenized sequence lengths: [527, 527, 527, 527]
[DataCollatorForCDSMaskedLM] Tokenized sequence lengths: [182, 182, 182, 182]
[DataCollatorForCDSMaskedLM] Tokenized sequence lengths: [1024, 1024, 1024, 1024]
[DataCollatorForCDSMaskedLM] Tokenized sequence lengths: [1024, 1024, 1024, 1024]
[DataCollatorForCDSMaskedLM] Tokenized sequence lengths: [726, 726, 726, 726]
{'loss': 7.7364, 'learning_rate': 2.9166666666666666e-05, 'epoch': 0.0}
[DataCollatorForCDSMaskedLM] Tokenized sequence lengths: [150, 150, 150, 150]
[DataCollatorForCDSMaskedLM] Tokenized sequence lengths: [82, 82, 82, 82]
[DataCollatorForCDSMaskedLM] Tokenized sequence lengths: [322, 322, 322, 322]
[DataCollatorForCDSMaskedLM] Tokenized sequence lengths: [315, 315, 315, 315]
[DataCollatorForCDSMaskedLM] Tokenized sequence lengths: [132, 132, 132, 132]
[DataCollatorForCDSMaskedLM] Tokenized sequence lengths: [201, 201, 201, 201]
[DataCollatorForCDSMaskedLM] Tokenized sequence lengths: [356, 356, 356, 356]
[DataCollatorForCDSMaskedLM] Tokenized sequence lengths: [1024, 1024, 1024, 1024]
[DataCollatorForCDSMaskedLM] Tokenized sequence lengths: [440, 440, 440, 440]
[DataCollatorForCDSMaskedLM] Tokenized sequence lengths: [1024, 1024, 1024, 1024]
[DataCollatorForCDSMaskedLM] Tokenized sequence lengths: [225, 225, 225, 225]
[DataCollatorForCDSMaskedLM] Tokenized sequence lengths: [689, 689, 689, 689]
[DataCollatorForCDSMaskedLM] Tokenized sequence lengths: [139, 139, 139, 139]
[DataCollatorForCDSMaskedLM] Tokenized sequence lengths: [71, 71, 71, 71]
[DataCollatorForCDSMaskedLM] Tokenized sequence lengths: [110, 110, 110, 110]
[DataCollatorForCDSMaskedLM] Tokenized sequence lengths: [86, 86, 86, 86]
[DataCollatorForCDSMaskedLM] Tokenized sequence lengths: [293, 293, 293, 293]
[DataCollatorForCDSMaskedLM] Tokenized sequence lengths: [120, 120, 120, 120]
[DataCollatorForCDSMaskedLM] Tokenized sequence lengths: [108, 108, 108, 108]
[DataCollatorForCDSMaskedLM] Tokenized sequence lengths: [375, 375, 375, 375]
[DataCollatorForCDSMaskedLM] Tokenized sequence lengths: [347, 347, 347, 347]
[DataCollatorForCDSMaskedLM] Tokenized sequence lengths: [354, 354, 354, 354]
[DataCollatorForCDSMaskedLM] Tokenized sequence lengths: [786, 786, 786, 786]
[DataCollatorForCDSMaskedLM] Tokenized sequence lengths: [85, 85, 85, 85]
[DataCollatorForCDSMaskedLM] Tokenized sequence lengths: [1024, 1024, 1024, 1024]
[DataCollatorForCDSMaskedLM] Tokenized sequence lengths: [137, 137, 137, 137]
[DataCollatorForCDSMaskedLM] Tokenized sequence lengths: [138, 138, 138, 138]
[DataCollatorForCDSMaskedLM] Tokenized sequence lengths: [1024, 1024, 1024, 1024]
[DataCollatorForCDSMaskedLM] Tokenized sequence lengths: [729, 729, 729, 729]
[DataCollatorForCDSMaskedLM] Tokenized sequence lengths: [495, 495, 495, 495]
[DataCollatorForCDSMaskedLM] Tokenized sequence lengths: [743, 743, 743, 743]
[DataCollatorForCDSMaskedLM] Tokenized sequence lengths: [146, 146, 146, 146]
[DataCollatorForCDSMaskedLM] Tokenized sequence lengths: [636, 636, 636, 636]
[DataCollatorForCDSMaskedLM] Tokenized sequence lengths: [1020, 1020, 1020, 1020]
[DataCollatorForCDSMaskedLM] Tokenized sequence lengths: [1024, 1024, 1024, 1024]
[DataCollatorForCDSMaskedLM] Tokenized sequence lengths: [193, 193, 193, 193]
[DataCollatorForCDSMaskedLM] Tokenized sequence lengths: [68, 68, 68, 68]
[DataCollatorForCDSMaskedLM] Tokenized sequence lengths: [350, 350, 350, 350]
[DataCollatorForCDSMaskedLM] Tokenized sequence lengths: [267, 267, 267, 267]
[DataCollatorForCDSMaskedLM] Tokenized sequence lengths: [91, 91, 91, 91]
{'loss': 7.6131, 'learning_rate': 3.3333333333333335e-05, 'epoch': 0.0}
[DataCollatorForCDSMaskedLM] Tokenized sequence lengths: [247, 247, 247, 247]
[DataCollatorForCDSMaskedLM] Tokenized sequence lengths: [415, 415, 415, 415]
[DataCollatorForCDSMaskedLM] Tokenized sequence lengths: [484, 484, 484, 484]
[DataCollatorForCDSMaskedLM] Tokenized sequence lengths: [1024, 1024, 1024, 1024]
[DataCollatorForCDSMaskedLM] Tokenized sequence lengths: [146, 146, 146, 146]
[DataCollatorForCDSMaskedLM] Tokenized sequence lengths: [413, 413, 413, 413]
[DataCollatorForCDSMaskedLM] Tokenized sequence lengths: [813, 813, 813, 813]
[DataCollatorForCDSMaskedLM] Tokenized sequence lengths: [612, 612, 612, 612]
[DataCollatorForCDSMaskedLM] Tokenized sequence lengths: [659, 659, 659, 659]
[DataCollatorForCDSMaskedLM] Tokenized sequence lengths: [122, 122, 122, 122]
[DataCollatorForCDSMaskedLM] Tokenized sequence lengths: [101, 101, 101, 101]
[DataCollatorForCDSMaskedLM] Tokenized sequence lengths: [259, 259, 259, 259]
[DataCollatorForCDSMaskedLM] Tokenized sequence lengths: [342, 342, 342, 342]
[DataCollatorForCDSMaskedLM] Tokenized sequence lengths: [679, 679, 679, 679]
[DataCollatorForCDSMaskedLM] Tokenized sequence lengths: [552, 552, 552, 552]
[DataCollatorForCDSMaskedLM] Tokenized sequence lengths: [1024, 1024, 1024, 1024]
[DataCollatorForCDSMaskedLM] Tokenized sequence lengths: [136, 136, 136, 136]
[DataCollatorForCDSMaskedLM] Tokenized sequence lengths: [212, 212, 212, 212]
[DataCollatorForCDSMaskedLM] Tokenized sequence lengths: [109, 109, 109, 109]
[DataCollatorForCDSMaskedLM] Tokenized sequence lengths: [775, 775, 775, 775]
[DataCollatorForCDSMaskedLM] Tokenized sequence lengths: [57, 57, 57, 57]
[DataCollatorForCDSMaskedLM] Tokenized sequence lengths: [102, 102, 102, 102]
[DataCollatorForCDSMaskedLM] Tokenized sequence lengths: [556, 556, 556, 556]
[DataCollatorForCDSMaskedLM] Tokenized sequence lengths: [215, 215, 215, 215]
[DataCollatorForCDSMaskedLM] Tokenized sequence lengths: [158, 158, 158, 158]
[DataCollatorForCDSMaskedLM] Tokenized sequence lengths: [545, 545, 545, 545]
[DataCollatorForCDSMaskedLM] Tokenized sequence lengths: [603, 603, 603, 603]
[DataCollatorForCDSMaskedLM] Tokenized sequence lengths: [243, 243, 243, 243]
[DataCollatorForCDSMaskedLM] Tokenized sequence lengths: [101, 101, 101, 101]
[DataCollatorForCDSMaskedLM] Tokenized sequence lengths: [371, 371, 371, 371]
[DataCollatorForCDSMaskedLM] Tokenized sequence lengths: [485, 485, 485, 485]
[DataCollatorForCDSMaskedLM] Tokenized sequence lengths: [315, 315, 315, 315]
[DataCollatorForCDSMaskedLM] Tokenized sequence lengths: [101, 101, 101, 101]
[DataCollatorForCDSMaskedLM] Tokenized sequence lengths: [459, 459, 459, 459]
[DataCollatorForCDSMaskedLM] Tokenized sequence lengths: [538, 538, 538, 538]
[DataCollatorForCDSMaskedLM] Tokenized sequence lengths: [519, 519, 519, 519]
[DataCollatorForCDSMaskedLM] Tokenized sequence lengths: [134, 134, 134, 134]
[DataCollatorForCDSMaskedLM] Tokenized sequence lengths: [495, 495, 495, 495]
[DataCollatorForCDSMaskedLM] Tokenized sequence lengths: [647, 647, 647, 647]
[DataCollatorForCDSMaskedLM] Tokenized sequence lengths: [118, 118, 118, 118]
{'loss': 7.4913, 'learning_rate': 3.75e-05, 'epoch': 0.0}
[DataCollatorForCDSMaskedLM] Tokenized sequence lengths: [134, 134, 134, 134]
[DataCollatorForCDSMaskedLM] Tokenized sequence lengths: [195, 195, 195, 195]
[DataCollatorForCDSMaskedLM] Tokenized sequence lengths: [550, 550, 550, 550]
[DataCollatorForCDSMaskedLM] Tokenized sequence lengths: [612, 612, 612, 612]
[DataCollatorForCDSMaskedLM] Tokenized sequence lengths: [312, 312, 312, 312]
[DataCollatorForCDSMaskedLM] Tokenized sequence lengths: [134, 134, 134, 134]
[DataCollatorForCDSMaskedLM] Tokenized sequence lengths: [1024, 1024, 1024, 1024]
[DataCollatorForCDSMaskedLM] Tokenized sequence lengths: [511, 511, 511, 511]
[DataCollatorForCDSMaskedLM] Tokenized sequence lengths: [197, 197, 197, 197]
[DataCollatorForCDSMaskedLM] Tokenized sequence lengths: [747, 747, 747, 747]
[DataCollatorForCDSMaskedLM] Tokenized sequence lengths: [481, 481, 481, 481]
[DataCollatorForCDSMaskedLM] Tokenized sequence lengths: [491, 491, 491, 491]
[DataCollatorForCDSMaskedLM] Tokenized sequence lengths: [249, 249, 249, 249]
[DataCollatorForCDSMaskedLM] Tokenized sequence lengths: [259, 259, 259, 259]
[DataCollatorForCDSMaskedLM] Tokenized sequence lengths: [211, 211, 211, 211]
[DataCollatorForCDSMaskedLM] Tokenized sequence lengths: [969, 969, 969, 969]
[DataCollatorForCDSMaskedLM] Tokenized sequence lengths: [202, 202, 202, 202]
[DataCollatorForCDSMaskedLM] Tokenized sequence lengths: [102, 102, 102, 102]
[DataCollatorForCDSMaskedLM] Tokenized sequence lengths: [287, 287, 287, 287]
[DataCollatorForCDSMaskedLM] Tokenized sequence lengths: [145, 145, 145, 145]
[DataCollatorForCDSMaskedLM] Tokenized sequence lengths: [427, 427, 427, 427]
[DataCollatorForCDSMaskedLM] Tokenized sequence lengths: [238, 238, 238, 238]
[DataCollatorForCDSMaskedLM] Tokenized sequence lengths: [729, 729, 729, 729]
[DataCollatorForCDSMaskedLM] Tokenized sequence lengths: [1024, 1024, 1024, 1024]
[DataCollatorForCDSMaskedLM] Tokenized sequence lengths: [86, 86, 86, 86]
[DataCollatorForCDSMaskedLM] Tokenized sequence lengths: [838, 838, 838, 838]
[DataCollatorForCDSMaskedLM] Tokenized sequence lengths: [538, 538, 538, 538]
[DataCollatorForCDSMaskedLM] Tokenized sequence lengths: [872, 872, 872, 872]
[DataCollatorForCDSMaskedLM] Tokenized sequence lengths: [266, 266, 266, 266]
[DataCollatorForCDSMaskedLM] Tokenized sequence lengths: [362, 362, 362, 362]
[DataCollatorForCDSMaskedLM] Tokenized sequence lengths: [245, 245, 245, 245]
[DataCollatorForCDSMaskedLM] Tokenized sequence lengths: [112, 112, 112, 112]
[DataCollatorForCDSMaskedLM] Tokenized sequence lengths: [232, 232, 232, 232]
[DataCollatorForCDSMaskedLM] Tokenized sequence lengths: [242, 242, 242, 242]
[DataCollatorForCDSMaskedLM] Tokenized sequence lengths: [1024, 1024, 1024, 1024]
[DataCollatorForCDSMaskedLM] Tokenized sequence lengths: [1024, 1024, 1024, 1024]
[DataCollatorForCDSMaskedLM] Tokenized sequence lengths: [142, 142, 142, 142]
[DataCollatorForCDSMaskedLM] Tokenized sequence lengths: [687, 687, 687, 687]
[DataCollatorForCDSMaskedLM] Tokenized sequence lengths: [1024, 1024, 1024, 1024]
[DataCollatorForCDSMaskedLM] Tokenized sequence lengths: [1024, 1024, 1024, 1024]
{'loss': 7.4137, 'learning_rate': 4.1666666666666665e-05, 'epoch': 0.0}
[DataCollatorForCDSMaskedLM] Tokenized sequence lengths: [185, 185, 185, 185]
[DataCollatorForCDSMaskedLM] Tokenized sequence lengths: [369, 369, 369, 369]
[DataCollatorForCDSMaskedLM] Tokenized sequence lengths: [1024, 1024, 1024, 1024]
[DataCollatorForCDSMaskedLM] Tokenized sequence lengths: [1024, 1024, 1024, 1024]
[DataCollatorForCDSMaskedLM] Tokenized sequence lengths: [125, 125, 125, 125]
[DataCollatorForCDSMaskedLM] Tokenized sequence lengths: [117, 117, 117, 117]
[DataCollatorForCDSMaskedLM] Tokenized sequence lengths: [88, 88, 88, 88]
[DataCollatorForCDSMaskedLM] Tokenized sequence lengths: [315, 315, 315, 315]
[DataCollatorForCDSMaskedLM] Tokenized sequence lengths: [93, 93, 93, 93]
[DataCollatorForCDSMaskedLM] Tokenized sequence lengths: [88, 88, 88, 88]
[DataCollatorForCDSMaskedLM] Tokenized sequence lengths: [401, 401, 401, 401]
[DataCollatorForCDSMaskedLM] Tokenized sequence lengths: [528, 528, 528, 528]
[DataCollatorForCDSMaskedLM] Tokenized sequence lengths: [231, 231, 231, 231]
[DataCollatorForCDSMaskedLM] Tokenized sequence lengths: [230, 230, 230, 230]
[DataCollatorForCDSMaskedLM] Tokenized sequence lengths: [477, 477, 477, 477]
[DataCollatorForCDSMaskedLM] Tokenized sequence lengths: [411, 411, 411, 411]
[DataCollatorForCDSMaskedLM] Tokenized sequence lengths: [414, 414, 414, 414]
[DataCollatorForCDSMaskedLM] Tokenized sequence lengths: [615, 615, 615, 615]
[DataCollatorForCDSMaskedLM] Tokenized sequence lengths: [553, 553, 553, 553]
[DataCollatorForCDSMaskedLM] Tokenized sequence lengths: [428, 428, 428, 428]
[DataCollatorForCDSMaskedLM] Tokenized sequence lengths: [205, 205, 205, 205]
[DataCollatorForCDSMaskedLM] Tokenized sequence lengths: [351, 351, 351, 351]
[DataCollatorForCDSMaskedLM] Tokenized sequence lengths: [1024, 1024, 1024, 1024]
[DataCollatorForCDSMaskedLM] Tokenized sequence lengths: [205, 205, 205, 205]
[DataCollatorForCDSMaskedLM] Tokenized sequence lengths: [201, 201, 201, 201]
[DataCollatorForCDSMaskedLM] Tokenized sequence lengths: [640, 640, 640, 640]
[DataCollatorForCDSMaskedLM] Tokenized sequence lengths: [124, 124, 124, 124]
[DataCollatorForCDSMaskedLM] Tokenized sequence lengths: [1024, 1024, 1024, 1024]
[DataCollatorForCDSMaskedLM] Tokenized sequence lengths: [278, 278, 278, 278]
[DataCollatorForCDSMaskedLM] Tokenized sequence lengths: [113, 113, 113, 113]
[DataCollatorForCDSMaskedLM] Tokenized sequence lengths: [675, 675, 675, 675]
[DataCollatorForCDSMaskedLM] Tokenized sequence lengths: [1024, 1024, 1024, 1024]
[DataCollatorForCDSMaskedLM] Tokenized sequence lengths: [120, 120, 120, 120]
[DataCollatorForCDSMaskedLM] Tokenized sequence lengths: [739, 739, 739, 739]
[DataCollatorForCDSMaskedLM] Tokenized sequence lengths: [537, 537, 537, 537]
[DataCollatorForCDSMaskedLM] Tokenized sequence lengths: [291, 291, 291, 291]
[DataCollatorForCDSMaskedLM] Tokenized sequence lengths: [428, 428, 428, 428]
[DataCollatorForCDSMaskedLM] Tokenized sequence lengths: [794, 794, 794, 794]
[DataCollatorForCDSMaskedLM] Tokenized sequence lengths: [919, 919, 919, 919]
[DataCollatorForCDSMaskedLM] Tokenized sequence lengths: [285, 285, 285, 285]
{'loss': 7.2492, 'learning_rate': 4.5833333333333334e-05, 'epoch': 0.0}
[DataCollatorForCDSMaskedLM] Tokenized sequence lengths: [405, 405, 405, 405][DataCollatorForCDSMaskedLM] Tokenized sequence lengths:
 [515, 515, 515, 515]
[DataCollatorForCDSMaskedLM] Tokenized sequence lengths: [350, 350, 350, 350]
[DataCollatorForCDSMaskedLM] Tokenized sequence lengths: [501, 501, 501, 501]
[DataCollatorForCDSMaskedLM] Tokenized sequence lengths: [116, 116, 116, 116]
[DataCollatorForCDSMaskedLM] Tokenized sequence lengths: [323, 323, 323, 323]
[DataCollatorForCDSMaskedLM] Tokenized sequence lengths: [443, 443, 443, 443]
[DataCollatorForCDSMaskedLM] Tokenized sequence lengths: [769, 769, 769, 769]
[DataCollatorForCDSMaskedLM] Tokenized sequence lengths: [380, 380, 380, 380]
[DataCollatorForCDSMaskedLM] Tokenized sequence lengths: [415, 415, 415, 415]
[DataCollatorForCDSMaskedLM] Tokenized sequence lengths: [127, 127, 127, 127]
[DataCollatorForCDSMaskedLM] Tokenized sequence lengths: [567, 567, 567, 567]
[DataCollatorForCDSMaskedLM] Tokenized sequence lengths: [135, 135, 135, 135]
[DataCollatorForCDSMaskedLM] Tokenized sequence lengths: [124, 124, 124, 124]
[DataCollatorForCDSMaskedLM] Tokenized sequence lengths: [373, 373, 373, 373]
[DataCollatorForCDSMaskedLM] Tokenized sequence lengths: [105, 105, 105, 105]
[DataCollatorForCDSMaskedLM] Tokenized sequence lengths: [93, 93, 93, 93]
[DataCollatorForCDSMaskedLM] Tokenized sequence lengths: [1024, 1024, 1024, 1024]
[DataCollatorForCDSMaskedLM] Tokenized sequence lengths: [1024, 1024, 1024, 1024]
[DataCollatorForCDSMaskedLM] Tokenized sequence lengths: [265, 265, 265, 265]
[DataCollatorForCDSMaskedLM] Tokenized sequence lengths: [320, 320, 320, 320]
[DataCollatorForCDSMaskedLM] Tokenized sequence lengths: [481, 481, 481, 481]
[DataCollatorForCDSMaskedLM] Tokenized sequence lengths: [348, 348, 348, 348]
[DataCollatorForCDSMaskedLM] Tokenized sequence lengths: [883, 883, 883, 883]
[DataCollatorForCDSMaskedLM] Tokenized sequence lengths: [339, 339, 339, 339]
[DataCollatorForCDSMaskedLM] Tokenized sequence lengths: [459, 459, 459, 459]
[DataCollatorForCDSMaskedLM] Tokenized sequence lengths: [628, 628, 628, 628]
[DataCollatorForCDSMaskedLM] Tokenized sequence lengths: [680, 680, 680, 680]
[DataCollatorForCDSMaskedLM] Tokenized sequence lengths: [277, 277, 277, 277]
[DataCollatorForCDSMaskedLM] Tokenized sequence lengths: [571, 571, 571, 571]
[DataCollatorForCDSMaskedLM] Tokenized sequence lengths: [1024, 1024, 1024, 1024]
[DataCollatorForCDSMaskedLM] Tokenized sequence lengths: [1024, 1024, 1024, 1024]
[DataCollatorForCDSMaskedLM] Tokenized sequence lengths: [76, 76, 76, 76]
[DataCollatorForCDSMaskedLM] Tokenized sequence lengths: [181, 181, 181, 181]
[DataCollatorForCDSMaskedLM] Tokenized sequence lengths: [228, 228, 228, 228]
[DataCollatorForCDSMaskedLM] Tokenized sequence lengths: [372, 372, 372, 372]
[DataCollatorForCDSMaskedLM] Tokenized sequence lengths: [165, 165, 165, 165]
[DataCollatorForCDSMaskedLM] Tokenized sequence lengths: [342, 342, 342, 342]
[DataCollatorForCDSMaskedLM] Tokenized sequence lengths: [665, 665, 665, 665]
[DataCollatorForCDSMaskedLM] Tokenized sequence lengths: [406, 406, 406, 406]
{'loss': 7.2041, 'learning_rate': 5e-05, 'epoch': 0.0}
[DataCollatorForCDSMaskedLM] Tokenized sequence lengths: [91, 91, 91, 91]
[DataCollatorForCDSMaskedLM] Tokenized sequence lengths: [134, 134, 134, 134]
[DataCollatorForCDSMaskedLM] Tokenized sequence lengths: [334, 334, 334, 334]
[DataCollatorForCDSMaskedLM] Tokenized sequence lengths: [1024, 1024, 1024, 1024]
[DataCollatorForCDSMaskedLM] Tokenized sequence lengths: [172, 172, 172, 172]
[DataCollatorForCDSMaskedLM] Tokenized sequence lengths: [191, 191, 191, 191]
[DataCollatorForCDSMaskedLM] Tokenized sequence lengths: [411, 411, 411, 411]
[DataCollatorForCDSMaskedLM] Tokenized sequence lengths: [493, 493, 493, 493]
[DataCollatorForCDSMaskedLM] Tokenized sequence lengths: [325, 325, 325, 325]
[DataCollatorForCDSMaskedLM] Tokenized sequence lengths: [368, 368, 368, 368]
[DataCollatorForCDSMaskedLM] Tokenized sequence lengths: [1024, 1024, 1024, 1024]
[DataCollatorForCDSMaskedLM] Tokenized sequence lengths: [249, 249, 249, 249]
[DataCollatorForCDSMaskedLM] Tokenized sequence lengths: [370, 370, 370, 370]
[DataCollatorForCDSMaskedLM] Tokenized sequence lengths: [189, 189, 189, 189]
[DataCollatorForCDSMaskedLM] Tokenized sequence lengths: [107, 107, 107, 107]
[DataCollatorForCDSMaskedLM] Tokenized sequence lengths: [830, 830, 830, 830]
[DataCollatorForCDSMaskedLM] Tokenized sequence lengths: [663, 663, 663, 663]
[DataCollatorForCDSMaskedLM] Tokenized sequence lengths: [443, 443, 443, 443]
[DataCollatorForCDSMaskedLM] Tokenized sequence lengths: [298, 298, 298, 298]
[DataCollatorForCDSMaskedLM] Tokenized sequence lengths: [1024, 1024, 1024, 1024]
[DataCollatorForCDSMaskedLM] Tokenized sequence lengths: [259, 259, 259, 259]
[DataCollatorForCDSMaskedLM] Tokenized sequence lengths: [483, 483, 483, 483]
[DataCollatorForCDSMaskedLM] Tokenized sequence lengths: [383, 383, 383, 383]
[DataCollatorForCDSMaskedLM] Tokenized sequence lengths: [111, 111, 111, 111]
[DataCollatorForCDSMaskedLM] Tokenized sequence lengths: [254, 254, 254, 254]
[DataCollatorForCDSMaskedLM] Tokenized sequence lengths: [84, 84, 84, 84]
[DataCollatorForCDSMaskedLM] Tokenized sequence lengths: [534, 534, 534, 534]
[DataCollatorForCDSMaskedLM] Tokenized sequence lengths: [194, 194, 194, 194]
[DataCollatorForCDSMaskedLM] Tokenized sequence lengths: [231, 231, 231, 231]
[DataCollatorForCDSMaskedLM] Tokenized sequence lengths: [317, 317, 317, 317]
[DataCollatorForCDSMaskedLM] Tokenized sequence lengths: [646, 646, 646, 646]
[DataCollatorForCDSMaskedLM] Tokenized sequence lengths: [176, 176, 176, 176]
[DataCollatorForCDSMaskedLM] Tokenized sequence lengths: [124, 124, 124, 124]
[DataCollatorForCDSMaskedLM] Tokenized sequence lengths: [240, 240, 240, 240]
[DataCollatorForCDSMaskedLM] Tokenized sequence lengths: [518, 518, 518, 518]
[DataCollatorForCDSMaskedLM] Tokenized sequence lengths: [385, 385, 385, 385]
[DataCollatorForCDSMaskedLM] Tokenized sequence lengths: [107, 107, 107, 107]
[DataCollatorForCDSMaskedLM] Tokenized sequence lengths: [757, 757, 757, 757]
[DataCollatorForCDSMaskedLM] Tokenized sequence lengths: [768, 768, 768, 768]
[DataCollatorForCDSMaskedLM] Tokenized sequence lengths: [364, 364, 364, 364]
{'loss': 7.1024, 'learning_rate': 5.416666666666667e-05, 'epoch': 0.0}
[DataCollatorForCDSMaskedLM] Tokenized sequence lengths: [232, 232, 232, 232]
[DataCollatorForCDSMaskedLM] Tokenized sequence lengths: [382, 382, 382, 382]
[DataCollatorForCDSMaskedLM] Tokenized sequence lengths: [579, 579, 579, 579]
[DataCollatorForCDSMaskedLM] Tokenized sequence lengths: [1024, 1024, 1024, 1024]
[DataCollatorForCDSMaskedLM] Tokenized sequence lengths: [247, 247, 247, 247]
[DataCollatorForCDSMaskedLM] Tokenized sequence lengths: [316, 316, 316, 316]
[DataCollatorForCDSMaskedLM] Tokenized sequence lengths: [296, 296, 296, 296]
[DataCollatorForCDSMaskedLM] Tokenized sequence lengths: [297, 297, 297, 297]
[DataCollatorForCDSMaskedLM] Tokenized sequence lengths: [112, 112, 112, 112]
[DataCollatorForCDSMaskedLM] Tokenized sequence lengths: [609, 609, 609, 609]
[DataCollatorForCDSMaskedLM] Tokenized sequence lengths: [1024, 1024, 1024, 1024]
[DataCollatorForCDSMaskedLM] Tokenized sequence lengths: [234, 234, 234, 234]
[DataCollatorForCDSMaskedLM] Tokenized sequence lengths: [82, 82, 82, 82]
[DataCollatorForCDSMaskedLM] Tokenized sequence lengths: [305, 305, 305, 305]
[DataCollatorForCDSMaskedLM] Tokenized sequence lengths: [141, 141, 141, 141]
[DataCollatorForCDSMaskedLM] Tokenized sequence lengths: [309, 309, 309, 309]
[DataCollatorForCDSMaskedLM] Tokenized sequence lengths: [392, 392, 392, 392]
[DataCollatorForCDSMaskedLM] Tokenized sequence lengths: [262, 262, 262, 262]
[DataCollatorForCDSMaskedLM] Tokenized sequence lengths: [345, 345, 345, 345]
[DataCollatorForCDSMaskedLM] Tokenized sequence lengths: [1024, 1024, 1024, 1024]
[DataCollatorForCDSMaskedLM] Tokenized sequence lengths: [109, 109, 109, 109]
[DataCollatorForCDSMaskedLM] Tokenized sequence lengths: [774, 774, 774, 774]
[DataCollatorForCDSMaskedLM] Tokenized sequence lengths: [498, 498, 498, 498]
[DataCollatorForCDSMaskedLM] Tokenized sequence lengths: [433, 433, 433, 433]
[DataCollatorForCDSMaskedLM] Tokenized sequence lengths: [410, 410, 410, 410]
[DataCollatorForCDSMaskedLM] Tokenized sequence lengths: [848, 848, 848, 848]
[DataCollatorForCDSMaskedLM] Tokenized sequence lengths: [110, 110, 110, 110]
[DataCollatorForCDSMaskedLM] Tokenized sequence lengths: [235, 235, 235, 235]
[DataCollatorForCDSMaskedLM] Tokenized sequence lengths: [1020, 1020, 1020, 1020]
[DataCollatorForCDSMaskedLM] Tokenized sequence lengths: [278, 278, 278, 278]
[DataCollatorForCDSMaskedLM] Tokenized sequence lengths: [128, 128, 128, 128]
[DataCollatorForCDSMaskedLM] Tokenized sequence lengths: [181, 181, 181, 181]
[DataCollatorForCDSMaskedLM] Tokenized sequence lengths: [302, 302, 302, 302]
[DataCollatorForCDSMaskedLM] Tokenized sequence lengths: [637, 637, 637, 637]
[DataCollatorForCDSMaskedLM] Tokenized sequence lengths: [460, 460, 460, 460]
[DataCollatorForCDSMaskedLM] Tokenized sequence lengths: [122, 122, 122, 122]
[DataCollatorForCDSMaskedLM] Tokenized sequence lengths: [148, 148, 148, 148]
[DataCollatorForCDSMaskedLM] Tokenized sequence lengths: [95, 95, 95, 95]
[DataCollatorForCDSMaskedLM] Tokenized sequence lengths: [679, 679, 679, 679]
[DataCollatorForCDSMaskedLM] Tokenized sequence lengths: [711, 711, 711, 711]
{'loss': 7.0597, 'learning_rate': 5.833333333333333e-05, 'epoch': 0.0}
[DataCollatorForCDSMaskedLM] Tokenized sequence lengths: [116, 116, 116, 116]
[DataCollatorForCDSMaskedLM] Tokenized sequence lengths: [195, 195, 195, 195]
[DataCollatorForCDSMaskedLM] Tokenized sequence lengths: [187, 187, 187, 187]
[DataCollatorForCDSMaskedLM] Tokenized sequence lengths: [572, 572, 572, 572]
[DataCollatorForCDSMaskedLM] Tokenized sequence lengths: [161, 161, 161, 161]
[DataCollatorForCDSMaskedLM] Tokenized sequence lengths: [140, 140, 140, 140]
[DataCollatorForCDSMaskedLM] Tokenized sequence lengths: [326, 326, 326, 326]
[DataCollatorForCDSMaskedLM] Tokenized sequence lengths: [894, 894, 894, 894]
[DataCollatorForCDSMaskedLM] Tokenized sequence lengths: [88, 88, 88, 88]
[DataCollatorForCDSMaskedLM] Tokenized sequence lengths: [338, 338, 338, 338]
[DataCollatorForCDSMaskedLM] Tokenized sequence lengths: [288, 288, 288, 288]
[DataCollatorForCDSMaskedLM] Tokenized sequence lengths: [546, 546, 546, 546]
[DataCollatorForCDSMaskedLM] Tokenized sequence lengths: [205, 205, 205, 205]
[DataCollatorForCDSMaskedLM] Tokenized sequence lengths: [693, 693, 693, 693]
[DataCollatorForCDSMaskedLM] Tokenized sequence lengths: [927, 927, 927, 927]
[DataCollatorForCDSMaskedLM] Tokenized sequence lengths: [101, 101, 101, 101]
[DataCollatorForCDSMaskedLM] Tokenized sequence lengths: [196, 196, 196, 196]
[DataCollatorForCDSMaskedLM] Tokenized sequence lengths: [417, 417, 417, 417]
[DataCollatorForCDSMaskedLM] Tokenized sequence lengths: [246, 246, 246, 246]
[DataCollatorForCDSMaskedLM] Tokenized sequence lengths: [131, 131, 131, 131]
[DataCollatorForCDSMaskedLM] Tokenized sequence lengths: [317, 317, 317, 317]
[DataCollatorForCDSMaskedLM] Tokenized sequence lengths: [378, 378, 378, 378]
[DataCollatorForCDSMaskedLM] Tokenized sequence lengths: [564, 564, 564, 564]
[DataCollatorForCDSMaskedLM] Tokenized sequence lengths: [1024, 1024, 1024, 1024]
[DataCollatorForCDSMaskedLM] Tokenized sequence lengths: [96, 96, 96, 96]
[DataCollatorForCDSMaskedLM] Tokenized sequence lengths: [163, 163, 163, 163]
[DataCollatorForCDSMaskedLM] Tokenized sequence lengths: [319, 319, 319, 319]
[DataCollatorForCDSMaskedLM] Tokenized sequence lengths: [111, 111, 111, 111]
[DataCollatorForCDSMaskedLM] Tokenized sequence lengths: [72, 72, 72, 72]
[DataCollatorForCDSMaskedLM] Tokenized sequence lengths: [303, 303, 303, 303]
[DataCollatorForCDSMaskedLM] Tokenized sequence lengths: [181, 181, 181, 181]
[DataCollatorForCDSMaskedLM] Tokenized sequence lengths: [585, 585, 585, 585]
[DataCollatorForCDSMaskedLM] Tokenized sequence lengths: [286, 286, 286, 286]
[DataCollatorForCDSMaskedLM] Tokenized sequence lengths: [254, 254, 254, 254]
[DataCollatorForCDSMaskedLM] Tokenized sequence lengths: [390, 390, 390, 390]
[DataCollatorForCDSMaskedLM] Tokenized sequence lengths: [202, 202, 202, 202]
[DataCollatorForCDSMaskedLM] Tokenized sequence lengths: [874, 874, 874, 874]
[DataCollatorForCDSMaskedLM] Tokenized sequence lengths: [344, 344, 344, 344]
[DataCollatorForCDSMaskedLM] Tokenized sequence lengths: [177, 177, 177, 177]
[DataCollatorForCDSMaskedLM] Tokenized sequence lengths: [178, 178, 178, 178]
{'loss': 7.0003, 'learning_rate': 6.25e-05, 'epoch': 0.0}
[DataCollatorForCDSMaskedLM] Tokenized sequence lengths: [196, 196, 196, 196]
[DataCollatorForCDSMaskedLM] Tokenized sequence lengths: [115, 115, 115, 115]
[DataCollatorForCDSMaskedLM] Tokenized sequence lengths: [259, 259, 259, 259]
[DataCollatorForCDSMaskedLM] Tokenized sequence lengths: [515, 515, 515, 515]
[DataCollatorForCDSMaskedLM] Tokenized sequence lengths: [150, 150, 150, 150]
[DataCollatorForCDSMaskedLM] Tokenized sequence lengths: [144, 144, 144, 144]
[DataCollatorForCDSMaskedLM] Tokenized sequence lengths: [691, 691, 691, 691]
[DataCollatorForCDSMaskedLM] Tokenized sequence lengths: [585, 585, 585, 585]
[DataCollatorForCDSMaskedLM] Tokenized sequence lengths: [127, 127, 127, 127]
[DataCollatorForCDSMaskedLM] Tokenized sequence lengths: [151, 151, 151, 151]
[DataCollatorForCDSMaskedLM] Tokenized sequence lengths: [334, 334, 334, 334]
[DataCollatorForCDSMaskedLM] Tokenized sequence lengths: [691, 691, 691, 691]
[DataCollatorForCDSMaskedLM] Tokenized sequence lengths: [68, 68, 68, 68]
[DataCollatorForCDSMaskedLM] Tokenized sequence lengths: [109, 109, 109, 109]
[DataCollatorForCDSMaskedLM] Tokenized sequence lengths: [175, 175, 175, 175]
[DataCollatorForCDSMaskedLM] Tokenized sequence lengths: [526, 526, 526, 526]
[DataCollatorForCDSMaskedLM] Tokenized sequence lengths: [79, 79, 79, 79]
[DataCollatorForCDSMaskedLM] Tokenized sequence lengths: [190, 190, 190, 190]
[DataCollatorForCDSMaskedLM] Tokenized sequence lengths: [464, 464, 464, 464]
[DataCollatorForCDSMaskedLM] Tokenized sequence lengths: [717, 717, 717, 717]
[DataCollatorForCDSMaskedLM] Tokenized sequence lengths: [94, 94, 94, 94]
[DataCollatorForCDSMaskedLM] Tokenized sequence lengths: [310, 310, 310, 310]
[DataCollatorForCDSMaskedLM] Tokenized sequence lengths: [102, 102, 102, 102]
[DataCollatorForCDSMaskedLM] Tokenized sequence lengths: [1024, 1024, 1024, 1024]
[DataCollatorForCDSMaskedLM] Tokenized sequence lengths: [87, 87, 87, 87]
[DataCollatorForCDSMaskedLM] Tokenized sequence lengths: [583, 583, 583, 583]
[DataCollatorForCDSMaskedLM] Tokenized sequence lengths: [119, 119, 119, 119]
[DataCollatorForCDSMaskedLM] Tokenized sequence lengths: [293, 293, 293, 293]
[DataCollatorForCDSMaskedLM] Tokenized sequence lengths: [391, 391, 391, 391]
[DataCollatorForCDSMaskedLM] Tokenized sequence lengths: [750, 750, 750, 750]
[DataCollatorForCDSMaskedLM] Tokenized sequence lengths: [146, 146, 146, 146]
[DataCollatorForCDSMaskedLM] Tokenized sequence lengths: [574, 574, 574, 574]
[DataCollatorForCDSMaskedLM] Tokenized sequence lengths: [190, 190, 190, 190]
[DataCollatorForCDSMaskedLM] Tokenized sequence lengths: [369, 369, 369, 369]
[DataCollatorForCDSMaskedLM] Tokenized sequence lengths: [115, 115, 115, 115]
[DataCollatorForCDSMaskedLM] Tokenized sequence lengths: [377, 377, 377, 377]
[DataCollatorForCDSMaskedLM] Tokenized sequence lengths: [151, 151, 151, 151]
[DataCollatorForCDSMaskedLM] Tokenized sequence lengths: [1024, 1024, 1024, 1024]
[DataCollatorForCDSMaskedLM] Tokenized sequence lengths: [1024, 1024, 1024, 1024]
[DataCollatorForCDSMaskedLM] Tokenized sequence lengths: [1024, 1024, 1024, 1024]
{'loss': 7.0155, 'learning_rate': 6.666666666666667e-05, 'epoch': 0.0}
[DataCollatorForCDSMaskedLM] Tokenized sequence lengths: [105, 105, 105, 105]
[DataCollatorForCDSMaskedLM] Tokenized sequence lengths: [289, 289, 289, 289]
[DataCollatorForCDSMaskedLM] Tokenized sequence lengths: [180, 180, 180, 180]
[DataCollatorForCDSMaskedLM] Tokenized sequence lengths: [621, 621, 621, 621]
[DataCollatorForCDSMaskedLM] Tokenized sequence lengths: [132, 132, 132, 132]
[DataCollatorForCDSMaskedLM] Tokenized sequence lengths: [93, 93, 93, 93]
[DataCollatorForCDSMaskedLM] Tokenized sequence lengths: [737, 737, 737, 737]
[DataCollatorForCDSMaskedLM] Tokenized sequence lengths: [240, 240, 240, 240]
[DataCollatorForCDSMaskedLM] Tokenized sequence lengths: [103, 103, 103, 103]
[DataCollatorForCDSMaskedLM] Tokenized sequence lengths: [95, 95, 95, 95]
[DataCollatorForCDSMaskedLM] Tokenized sequence lengths: [248, 248, 248, 248]
[DataCollatorForCDSMaskedLM] Tokenized sequence lengths: [306, 306, 306, 306]
[DataCollatorForCDSMaskedLM] Tokenized sequence lengths: [338, 338, 338, 338]
[DataCollatorForCDSMaskedLM] Tokenized sequence lengths: [690, 690, 690, 690]
[DataCollatorForCDSMaskedLM] Tokenized sequence lengths: [748, 748, 748, 748]
[DataCollatorForCDSMaskedLM] Tokenized sequence lengths: [741, 741, 741, 741]
[DataCollatorForCDSMaskedLM] Tokenized sequence lengths: [203, 203, 203, 203]
[DataCollatorForCDSMaskedLM] Tokenized sequence lengths: [222, 222, 222, 222]
[DataCollatorForCDSMaskedLM] Tokenized sequence lengths: [1024, 1024, 1024, 1024]
[DataCollatorForCDSMaskedLM] Tokenized sequence lengths: [303, 303, 303, 303]
[DataCollatorForCDSMaskedLM] Tokenized sequence lengths: [243, 243, 243, 243]
[DataCollatorForCDSMaskedLM] Tokenized sequence lengths: [233, 233, 233, 233]
[DataCollatorForCDSMaskedLM] Tokenized sequence lengths: [89, 89, 89, 89]
[DataCollatorForCDSMaskedLM] Tokenized sequence lengths: [391, 391, 391, 391]
[DataCollatorForCDSMaskedLM] Tokenized sequence lengths: [67, 67, 67, 67]
[DataCollatorForCDSMaskedLM] Tokenized sequence lengths: [283, 283, 283, 283]
[DataCollatorForCDSMaskedLM] Tokenized sequence lengths: [586, 586, 586, 586]
[DataCollatorForCDSMaskedLM] Tokenized sequence lengths: [1024, 1024, 1024, 1024]
[DataCollatorForCDSMaskedLM] Tokenized sequence lengths: [268, 268, 268, 268]
[DataCollatorForCDSMaskedLM] Tokenized sequence lengths: [1024, 1024, 1024, 1024]
[DataCollatorForCDSMaskedLM] Tokenized sequence lengths: [94, 94, 94, 94]
[DataCollatorForCDSMaskedLM] Tokenized sequence lengths: [70, 70, 70, 70]
[DataCollatorForCDSMaskedLM] Tokenized sequence lengths: [170, 170, 170, 170]
[DataCollatorForCDSMaskedLM] Tokenized sequence lengths: [75, 75, 75, 75]
[DataCollatorForCDSMaskedLM] Tokenized sequence lengths: [137, 137, 137, 137]
[DataCollatorForCDSMaskedLM] Tokenized sequence lengths: [1024, 1024, 1024, 1024]
[DataCollatorForCDSMaskedLM] Tokenized sequence lengths: [382, 382, 382, 382]
[DataCollatorForCDSMaskedLM] Tokenized sequence lengths: [1000, 1000, 1000, 1000]
[DataCollatorForCDSMaskedLM] Tokenized sequence lengths: [395, 395, 395, 395]
[DataCollatorForCDSMaskedLM] Tokenized sequence lengths: [1024, 1024, 1024, 1024]
{'loss': 6.9395, 'learning_rate': 7.083333333333334e-05, 'epoch': 0.0}
[DataCollatorForCDSMaskedLM] Tokenized sequence lengths: [73, 73, 73, 73]
[DataCollatorForCDSMaskedLM] Tokenized sequence lengths: [312, 312, 312, 312]
[DataCollatorForCDSMaskedLM] Tokenized sequence lengths: [810, 810, 810, 810]
[DataCollatorForCDSMaskedLM] Tokenized sequence lengths: [1024, 1024, 1024, 1024]
[DataCollatorForCDSMaskedLM] Tokenized sequence lengths: [108, 108, 108, 108]
[DataCollatorForCDSMaskedLM] Tokenized sequence lengths: [241, 241, 241, 241]
[DataCollatorForCDSMaskedLM] Tokenized sequence lengths: [166, 166, 166, 166]
[DataCollatorForCDSMaskedLM] Tokenized sequence lengths: [192, 192, 192, 192]
[DataCollatorForCDSMaskedLM] Tokenized sequence lengths: [491, 491, 491, 491]
[DataCollatorForCDSMaskedLM] Tokenized sequence lengths: [528, 528, 528, 528]
[DataCollatorForCDSMaskedLM] Tokenized sequence lengths: [104, 104, 104, 104]
[DataCollatorForCDSMaskedLM] Tokenized sequence lengths: [1024, 1024, 1024, 1024]
[DataCollatorForCDSMaskedLM] Tokenized sequence lengths: [79, 79, 79, 79]
[DataCollatorForCDSMaskedLM] Tokenized sequence lengths: [424, 424, 424, 424]
[DataCollatorForCDSMaskedLM] Tokenized sequence lengths: [328, 328, 328, 328]
[DataCollatorForCDSMaskedLM] Tokenized sequence lengths: [95, 95, 95, 95]
[DataCollatorForCDSMaskedLM] Tokenized sequence lengths: [406, 406, 406, 406]
[DataCollatorForCDSMaskedLM] Tokenized sequence lengths: [211, 211, 211, 211]
[DataCollatorForCDSMaskedLM] Tokenized sequence lengths: [1024, 1024, 1024, 1024]
[DataCollatorForCDSMaskedLM] Tokenized sequence lengths: [290, 290, 290, 290]
[DataCollatorForCDSMaskedLM] Tokenized sequence lengths: [159, 159, 159, 159]
[DataCollatorForCDSMaskedLM] Tokenized sequence lengths: [350, 350, 350, 350]
[DataCollatorForCDSMaskedLM] Tokenized sequence lengths: [1024, 1024, 1024, 1024]
[DataCollatorForCDSMaskedLM] Tokenized sequence lengths: [1024, 1024, 1024, 1024]
[DataCollatorForCDSMaskedLM] Tokenized sequence lengths: [176, 176, 176, 176]
[DataCollatorForCDSMaskedLM] Tokenized sequence lengths: [619, 619, 619, 619]
[DataCollatorForCDSMaskedLM] Tokenized sequence lengths: [349, 349, 349, 349]
[DataCollatorForCDSMaskedLM] Tokenized sequence lengths: [466, 466, 466, 466]
[DataCollatorForCDSMaskedLM] Tokenized sequence lengths: [421, 421, 421, 421]
[DataCollatorForCDSMaskedLM] Tokenized sequence lengths: [454, 454, 454, 454]
[DataCollatorForCDSMaskedLM] Tokenized sequence lengths: [540, 540, 540, 540]
[DataCollatorForCDSMaskedLM] Tokenized sequence lengths: [1024, 1024, 1024, 1024]
[DataCollatorForCDSMaskedLM] Tokenized sequence lengths: [125, 125, 125, 125]
[DataCollatorForCDSMaskedLM] Tokenized sequence lengths: [96, 96, 96, 96]
[DataCollatorForCDSMaskedLM] Tokenized sequence lengths: [75, 75, 75, 75]
[DataCollatorForCDSMaskedLM] Tokenized sequence lengths: [318, 318, 318, 318]
[DataCollatorForCDSMaskedLM] Tokenized sequence lengths:[DataCollatorForCDSMaskedLM] Tokenized sequence lengths:  [88, 88, 88, 88][192, 192, 192, 192]

[DataCollatorForCDSMaskedLM] Tokenized sequence lengths: [1024, 1024, 1024, 1024]
[DataCollatorForCDSMaskedLM] Tokenized sequence lengths: [447, 447, 447, 447]
{'loss': 6.8761, 'learning_rate': 7.5e-05, 'epoch': 0.0}
[DataCollatorForCDSMaskedLM] Tokenized sequence lengths: [79, 79, 79, 79]
[DataCollatorForCDSMaskedLM] Tokenized sequence lengths: [110, 110, 110, 110]
[DataCollatorForCDSMaskedLM] Tokenized sequence lengths: [1024, 1024, 1024, 1024]
[DataCollatorForCDSMaskedLM] Tokenized sequence lengths: [1024, 1024, 1024, 1024]
[DataCollatorForCDSMaskedLM] Tokenized sequence lengths: [144, 144, 144, 144]
[DataCollatorForCDSMaskedLM] Tokenized sequence lengths: [309, 309, 309, 309]
[DataCollatorForCDSMaskedLM] Tokenized sequence lengths: [73, 73, 73, 73][DataCollatorForCDSMaskedLM] Tokenized sequence lengths:
 [81, 81, 81, 81]
[DataCollatorForCDSMaskedLM] Tokenized sequence lengths: [149, 149, 149, 149]
[DataCollatorForCDSMaskedLM] Tokenized sequence lengths: [427, 427, 427, 427]
[DataCollatorForCDSMaskedLM] Tokenized sequence lengths: [820, 820, 820, 820]
[DataCollatorForCDSMaskedLM] Tokenized sequence lengths: [70, 70, 70, 70]
[DataCollatorForCDSMaskedLM] Tokenized sequence lengths: [171, 171, 171, 171]
[DataCollatorForCDSMaskedLM] Tokenized sequence lengths: [339, 339, 339, 339]
[DataCollatorForCDSMaskedLM] Tokenized sequence lengths: [265, 265, 265, 265]
[DataCollatorForCDSMaskedLM] Tokenized sequence lengths: [1024, 1024, 1024, 1024]
[DataCollatorForCDSMaskedLM] Tokenized sequence lengths: [208, 208, 208, 208]
[DataCollatorForCDSMaskedLM] Tokenized sequence lengths: [93, 93, 93, 93]
[DataCollatorForCDSMaskedLM] Tokenized sequence lengths: [653, 653, 653, 653]
[DataCollatorForCDSMaskedLM] Tokenized sequence lengths: [360, 360, 360, 360]
[DataCollatorForCDSMaskedLM] Tokenized sequence lengths: [322, 322, 322, 322]
[DataCollatorForCDSMaskedLM] Tokenized sequence lengths: [431, 431, 431, 431]
[DataCollatorForCDSMaskedLM] Tokenized sequence lengths: [314, 314, 314, 314]
[DataCollatorForCDSMaskedLM] Tokenized sequence lengths: [1024, 1024, 1024, 1024]
[DataCollatorForCDSMaskedLM] Tokenized sequence lengths: [814, 814, 814, 814]
[DataCollatorForCDSMaskedLM] Tokenized sequence lengths: [231, 231, 231, 231]
[DataCollatorForCDSMaskedLM] Tokenized sequence lengths: [195, 195, 195, 195]
[DataCollatorForCDSMaskedLM] Tokenized sequence lengths: [295, 295, 295, 295]
[DataCollatorForCDSMaskedLM] Tokenized sequence lengths: [378, 378, 378, 378]
[DataCollatorForCDSMaskedLM] Tokenized sequence lengths: [480, 480, 480, 480]
[DataCollatorForCDSMaskedLM] Tokenized sequence lengths: [344, 344, 344, 344]
[DataCollatorForCDSMaskedLM] Tokenized sequence lengths: [884, 884, 884, 884]
[DataCollatorForCDSMaskedLM] Tokenized sequence lengths: [290, 290, 290, 290]
[DataCollatorForCDSMaskedLM] Tokenized sequence lengths: [611, 611, 611, 611]
[DataCollatorForCDSMaskedLM] Tokenized sequence lengths: [272, 272, 272, 272]
[DataCollatorForCDSMaskedLM] Tokenized sequence lengths: [1024, 1024, 1024, 1024]
[DataCollatorForCDSMaskedLM] Tokenized sequence lengths: [259, 259, 259, 259]
[DataCollatorForCDSMaskedLM] Tokenized sequence lengths: [440, 440, 440, 440]
[DataCollatorForCDSMaskedLM] Tokenized sequence lengths: [1024, 1024, 1024, 1024]
[DataCollatorForCDSMaskedLM] Tokenized sequence lengths: [681, 681, 681, 681]
{'loss': 6.9157, 'learning_rate': 7.916666666666666e-05, 'epoch': 0.0}
[DataCollatorForCDSMaskedLM] Tokenized sequence lengths: [75, 75, 75, 75]
[DataCollatorForCDSMaskedLM] Tokenized sequence lengths: [365, 365, 365, 365]
[DataCollatorForCDSMaskedLM] Tokenized sequence lengths: [414, 414, 414, 414]
[DataCollatorForCDSMaskedLM] Tokenized sequence lengths: [322, 322, 322, 322]
[DataCollatorForCDSMaskedLM] Tokenized sequence lengths: [428, 428, 428, 428]
[DataCollatorForCDSMaskedLM] Tokenized sequence lengths: [610, 610, 610, 610]
[DataCollatorForCDSMaskedLM] Tokenized sequence lengths: [101, 101, 101, 101]
[DataCollatorForCDSMaskedLM] Tokenized sequence lengths: [1024, 1024, 1024, 1024]
[DataCollatorForCDSMaskedLM] Tokenized sequence lengths: [89, 89, 89, 89]
[DataCollatorForCDSMaskedLM] Tokenized sequence lengths: [756, 756, 756, 756]
[DataCollatorForCDSMaskedLM] Tokenized sequence lengths: [185, 185, 185, 185]
[DataCollatorForCDSMaskedLM] Tokenized sequence lengths: [1024, 1024, 1024, 1024]
[DataCollatorForCDSMaskedLM] Tokenized sequence lengths: [431, 431, 431, 431]
[DataCollatorForCDSMaskedLM] Tokenized sequence lengths: [371, 371, 371, 371]
[DataCollatorForCDSMaskedLM] Tokenized sequence lengths: [267, 267, 267, 267]
[DataCollatorForCDSMaskedLM] Tokenized sequence lengths: [751, 751, 751, 751]
[DataCollatorForCDSMaskedLM] Tokenized sequence lengths: [84, 84, 84, 84]
[DataCollatorForCDSMaskedLM] Tokenized sequence lengths: [259, 259, 259, 259]
[DataCollatorForCDSMaskedLM] Tokenized sequence lengths: [1024, 1024, 1024, 1024]
[DataCollatorForCDSMaskedLM] Tokenized sequence lengths: [1024, 1024, 1024, 1024]
[DataCollatorForCDSMaskedLM] Tokenized sequence lengths: [243, 243, 243, 243]
[DataCollatorForCDSMaskedLM] Tokenized sequence lengths: [205, 205, 205, 205]
[DataCollatorForCDSMaskedLM] Tokenized sequence lengths: [83, 83, 83, 83]
[DataCollatorForCDSMaskedLM] Tokenized sequence lengths: [1024, 1024, 1024, 1024]
[DataCollatorForCDSMaskedLM] Tokenized sequence lengths: [717, 717, 717, 717]
[DataCollatorForCDSMaskedLM] Tokenized sequence lengths: [837, 837, 837, 837]
[DataCollatorForCDSMaskedLM] Tokenized sequence lengths: [1024, 1024, 1024, 1024]
[DataCollatorForCDSMaskedLM] Tokenized sequence lengths: [303, 303, 303, 303]
[DataCollatorForCDSMaskedLM] Tokenized sequence lengths: [88, 88, 88, 88]
[DataCollatorForCDSMaskedLM] Tokenized sequence lengths: [202, 202, 202, 202]
[DataCollatorForCDSMaskedLM] Tokenized sequence lengths: [617, 617, 617, 617]
[DataCollatorForCDSMaskedLM] Tokenized sequence lengths: [1024, 1024, 1024, 1024]
[DataCollatorForCDSMaskedLM] Tokenized sequence lengths: [83, 83, 83, 83]
[DataCollatorForCDSMaskedLM] Tokenized sequence lengths: [302, 302, 302, 302]
[DataCollatorForCDSMaskedLM] Tokenized sequence lengths: [213, 213, 213, 213]
[DataCollatorForCDSMaskedLM] Tokenized sequence lengths: [69, 69, 69, 69]
[DataCollatorForCDSMaskedLM] Tokenized sequence lengths: [342, 342, 342, 342]
[DataCollatorForCDSMaskedLM] Tokenized sequence lengths: [150, 150, 150, 150]
[DataCollatorForCDSMaskedLM] Tokenized sequence lengths: [264, 264, 264, 264]
[DataCollatorForCDSMaskedLM] Tokenized sequence lengths: [360, 360, 360, 360]
{'loss': 6.8611, 'learning_rate': 8.333333333333333e-05, 'epoch': 0.0}
[DataCollatorForCDSMaskedLM] Tokenized sequence lengths: [122, 122, 122, 122]
[DataCollatorForCDSMaskedLM] Tokenized sequence lengths: [456, 456, 456, 456]
[DataCollatorForCDSMaskedLM] Tokenized sequence lengths: [352, 352, 352, 352]
[DataCollatorForCDSMaskedLM] Tokenized sequence lengths: [1024, 1024, 1024, 1024]
[DataCollatorForCDSMaskedLM] Tokenized sequence lengths: [466, 466, 466, 466]
[DataCollatorForCDSMaskedLM] Tokenized sequence lengths: [168, 168, 168, 168]
[DataCollatorForCDSMaskedLM] Tokenized sequence lengths: [212, 212, 212, 212]
[DataCollatorForCDSMaskedLM] Tokenized sequence lengths: [1024, 1024, 1024, 1024]
[DataCollatorForCDSMaskedLM] Tokenized sequence lengths: [122, 122, 122, 122]
[DataCollatorForCDSMaskedLM] Tokenized sequence lengths: [287, 287, 287, 287]
[DataCollatorForCDSMaskedLM] Tokenized sequence lengths: [538, 538, 538, 538]
[DataCollatorForCDSMaskedLM] Tokenized sequence lengths: [1024, 1024, 1024, 1024]
[DataCollatorForCDSMaskedLM] Tokenized sequence lengths: [50, 50, 50, 50]
[DataCollatorForCDSMaskedLM] Tokenized sequence lengths: [263, 263, 263, 263]
[DataCollatorForCDSMaskedLM] Tokenized sequence lengths: [104, 104, 104, 104]
[DataCollatorForCDSMaskedLM] Tokenized sequence lengths: [940, 940, 940, 940]
[DataCollatorForCDSMaskedLM] Tokenized sequence lengths: [117, 117, 117, 117]
[DataCollatorForCDSMaskedLM] Tokenized sequence lengths: [314, 314, 314, 314]
[DataCollatorForCDSMaskedLM] Tokenized sequence lengths: [213, 213, 213, 213]
[DataCollatorForCDSMaskedLM] Tokenized sequence lengths: [252, 252, 252, 252]
[DataCollatorForCDSMaskedLM] Tokenized sequence lengths: [266, 266, 266, 266]
[DataCollatorForCDSMaskedLM] Tokenized sequence lengths: [652, 652, 652, 652]
[DataCollatorForCDSMaskedLM] Tokenized sequence lengths: [101, 101, 101, 101]
[DataCollatorForCDSMaskedLM] Tokenized sequence lengths: [208, 208, 208, 208]
[DataCollatorForCDSMaskedLM] Tokenized sequence lengths: [167, 167, 167, 167]
[DataCollatorForCDSMaskedLM] Tokenized sequence lengths: [145, 145, 145, 145]
[DataCollatorForCDSMaskedLM] Tokenized sequence lengths: [685, 685, 685, 685]
[DataCollatorForCDSMaskedLM] Tokenized sequence lengths: [943, 943, 943, 943]
[DataCollatorForCDSMaskedLM] Tokenized sequence lengths: [647, 647, 647, 647]
[DataCollatorForCDSMaskedLM] Tokenized sequence lengths: [659, 659, 659, 659]
[DataCollatorForCDSMaskedLM] Tokenized sequence lengths: [103, 103, 103, 103]
[DataCollatorForCDSMaskedLM] Tokenized sequence lengths: [253, 253, 253, 253]
[DataCollatorForCDSMaskedLM] Tokenized sequence lengths: [173, 173, 173, 173]
[DataCollatorForCDSMaskedLM] Tokenized sequence lengths: [820, 820, 820, 820]
[DataCollatorForCDSMaskedLM] Tokenized sequence lengths: [1024, 1024, 1024, 1024]
[DataCollatorForCDSMaskedLM] Tokenized sequence lengths: [189, 189, 189, 189]
[DataCollatorForCDSMaskedLM] Tokenized sequence lengths: [52, 52, 52, 52]
[DataCollatorForCDSMaskedLM] Tokenized sequence lengths: [496, 496, 496, 496]
[DataCollatorForCDSMaskedLM] Tokenized sequence lengths: [1024, 1024, 1024, 1024]
[DataCollatorForCDSMaskedLM] Tokenized sequence lengths: [120, 120, 120, 120]
{'loss': 6.7897, 'learning_rate': 8.75e-05, 'epoch': 0.0}
[DataCollatorForCDSMaskedLM] Tokenized sequence lengths: [257, 257, 257, 257]
[DataCollatorForCDSMaskedLM] Tokenized sequence lengths: [287, 287, 287, 287]
[DataCollatorForCDSMaskedLM] Tokenized sequence lengths: [1024, 1024, 1024, 1024]
[DataCollatorForCDSMaskedLM] Tokenized sequence lengths: [1024, 1024, 1024, 1024]
[DataCollatorForCDSMaskedLM] Tokenized sequence lengths: [352, 352, 352, 352]
[DataCollatorForCDSMaskedLM] Tokenized sequence lengths: [727, 727, 727, 727]
[DataCollatorForCDSMaskedLM] Tokenized sequence lengths: [327, 327, 327, 327]
[DataCollatorForCDSMaskedLM] Tokenized sequence lengths: [365, 365, 365, 365]
[DataCollatorForCDSMaskedLM] Tokenized sequence lengths: [663, 663, 663, 663]
[DataCollatorForCDSMaskedLM] Tokenized sequence lengths: [668, 668, 668, 668]
[DataCollatorForCDSMaskedLM] Tokenized sequence lengths: [1024, 1024, 1024, 1024]
[DataCollatorForCDSMaskedLM] Tokenized sequence lengths: [974, 974, 974, 974]
[DataCollatorForCDSMaskedLM] Tokenized sequence lengths: [275, 275, 275, 275]
[DataCollatorForCDSMaskedLM] Tokenized sequence lengths: [161, 161, 161, 161]
[DataCollatorForCDSMaskedLM] Tokenized sequence lengths: [123, 123, 123, 123]
[DataCollatorForCDSMaskedLM] Tokenized sequence lengths: [166, 166, 166, 166]
[DataCollatorForCDSMaskedLM] Tokenized sequence lengths: [120, 120, 120, 120]
[DataCollatorForCDSMaskedLM] Tokenized sequence lengths: [181, 181, 181, 181]
[DataCollatorForCDSMaskedLM] Tokenized sequence lengths: [99, 99, 99, 99]
[DataCollatorForCDSMaskedLM] Tokenized sequence lengths: [159, 159, 159, 159]
[DataCollatorForCDSMaskedLM] Tokenized sequence lengths: [93, 93, 93, 93]
[DataCollatorForCDSMaskedLM] Tokenized sequence lengths: [128, 128, 128, 128]
[DataCollatorForCDSMaskedLM] Tokenized sequence lengths: [341, 341, 341, 341]
[DataCollatorForCDSMaskedLM] Tokenized sequence lengths: [161, 161, 161, 161]
[DataCollatorForCDSMaskedLM] Tokenized sequence lengths: [56, 56, 56, 56]
[DataCollatorForCDSMaskedLM] Tokenized sequence lengths: [73, 73, 73, 73]
[DataCollatorForCDSMaskedLM] Tokenized sequence lengths: [600, 600, 600, 600]
[DataCollatorForCDSMaskedLM] Tokenized sequence lengths: [448, 448, 448, 448]
[DataCollatorForCDSMaskedLM] Tokenized sequence lengths: [74, 74, 74, 74]
[DataCollatorForCDSMaskedLM] Tokenized sequence lengths: [274, 274, 274, 274]
[DataCollatorForCDSMaskedLM] Tokenized sequence lengths: [440, 440, 440, 440]
[DataCollatorForCDSMaskedLM] Tokenized sequence lengths: [63, 63, 63, 63]
[DataCollatorForCDSMaskedLM] Tokenized sequence lengths: [141, 141, 141, 141]
[DataCollatorForCDSMaskedLM] Tokenized sequence lengths: [285, 285, 285, 285]
[DataCollatorForCDSMaskedLM] Tokenized sequence lengths: [1024, 1024, 1024, 1024]
[DataCollatorForCDSMaskedLM] Tokenized sequence lengths: [112, 112, 112, 112]
[DataCollatorForCDSMaskedLM] Tokenized sequence lengths: [896, 896, 896, 896]
[DataCollatorForCDSMaskedLM] Tokenized sequence lengths: [364, 364, 364, 364]
[DataCollatorForCDSMaskedLM] Tokenized sequence lengths: [95, 95, 95, 95]
[DataCollatorForCDSMaskedLM] Tokenized sequence lengths: [694, 694, 694, 694]
{'loss': 6.7405, 'learning_rate': 9.166666666666667e-05, 'epoch': 0.0}
[DataCollatorForCDSMaskedLM] Tokenized sequence lengths: [107, 107, 107, 107]
[DataCollatorForCDSMaskedLM] Tokenized sequence lengths: [223, 223, 223, 223]
[DataCollatorForCDSMaskedLM] Tokenized sequence lengths: [75, 75, 75, 75]
[DataCollatorForCDSMaskedLM] Tokenized sequence lengths: [1024, 1024, 1024, 1024]
[DataCollatorForCDSMaskedLM] Tokenized sequence lengths: [1024, 1024, 1024, 1024]
[DataCollatorForCDSMaskedLM] Tokenized sequence lengths: [152, 152, 152, 152]
[DataCollatorForCDSMaskedLM] Tokenized sequence lengths: [747, 747, 747, 747]
[DataCollatorForCDSMaskedLM] Tokenized sequence lengths: [501, 501, 501, 501]
[DataCollatorForCDSMaskedLM] Tokenized sequence lengths: [216, 216, 216, 216]
[DataCollatorForCDSMaskedLM] Tokenized sequence lengths: [391, 391, 391, 391]
[DataCollatorForCDSMaskedLM] Tokenized sequence lengths: [202, 202, 202, 202]
[DataCollatorForCDSMaskedLM] Tokenized sequence lengths: [329, 329, 329, 329]
[DataCollatorForCDSMaskedLM] Tokenized sequence lengths: [90, 90, 90, 90]
[DataCollatorForCDSMaskedLM] Tokenized sequence lengths: [301, 301, 301, 301]
[DataCollatorForCDSMaskedLM] Tokenized sequence lengths: [916, 916, 916, 916]
[DataCollatorForCDSMaskedLM] Tokenized sequence lengths: [831, 831, 831, 831]
[DataCollatorForCDSMaskedLM] Tokenized sequence lengths: [1024, 1024, 1024, 1024]
[DataCollatorForCDSMaskedLM] Tokenized sequence lengths: [361, 361, 361, 361]
[DataCollatorForCDSMaskedLM] Tokenized sequence lengths: [248, 248, 248, 248]
[DataCollatorForCDSMaskedLM] Tokenized sequence lengths: [199, 199, 199, 199]
[DataCollatorForCDSMaskedLM] Tokenized sequence lengths: [382, 382, 382, 382]
[DataCollatorForCDSMaskedLM] Tokenized sequence lengths: [803, 803, 803, 803]
[DataCollatorForCDSMaskedLM] Tokenized sequence lengths: [145, 145, 145, 145]
[DataCollatorForCDSMaskedLM] Tokenized sequence lengths: [200, 200, 200, 200]
[DataCollatorForCDSMaskedLM] Tokenized sequence lengths: [111, 111, 111, 111]
[DataCollatorForCDSMaskedLM] Tokenized sequence lengths: [557, 557, 557, 557]
[DataCollatorForCDSMaskedLM] Tokenized sequence lengths: [190, 190, 190, 190]
[DataCollatorForCDSMaskedLM] Tokenized sequence lengths: [328, 328, 328, 328]
[DataCollatorForCDSMaskedLM] Tokenized sequence lengths: [87, 87, 87, 87]
[DataCollatorForCDSMaskedLM] Tokenized sequence lengths: [330, 330, 330, 330]
[DataCollatorForCDSMaskedLM] Tokenized sequence lengths: [588, 588, 588, 588]
[DataCollatorForCDSMaskedLM] Tokenized sequence lengths: [607, 607, 607, 607]
[DataCollatorForCDSMaskedLM] Tokenized sequence lengths: [388, 388, 388, 388]
[DataCollatorForCDSMaskedLM] Tokenized sequence lengths: [468, 468, 468, 468]
[DataCollatorForCDSMaskedLM] Tokenized sequence lengths: [1024, 1024, 1024, 1024]
[DataCollatorForCDSMaskedLM] Tokenized sequence lengths: [475, 475, 475, 475]
[DataCollatorForCDSMaskedLM] Tokenized sequence lengths: [1024, 1024, 1024, 1024]
[DataCollatorForCDSMaskedLM] Tokenized sequence lengths: [124, 124, 124, 124]
[DataCollatorForCDSMaskedLM] Tokenized sequence lengths: [125, 125, 125, 125]
[DataCollatorForCDSMaskedLM] Tokenized sequence lengths: [1024, 1024, 1024, 1024]
{'loss': 6.7379, 'learning_rate': 9.583333333333334e-05, 'epoch': 0.0}
[DataCollatorForCDSMaskedLM] Tokenized sequence lengths: [96, 96, 96, 96]
[DataCollatorForCDSMaskedLM] Tokenized sequence lengths: [469, 469, 469, 469]
[DataCollatorForCDSMaskedLM] Tokenized sequence lengths: [588, 588, 588, 588]
[DataCollatorForCDSMaskedLM] Tokenized sequence lengths: [849, 849, 849, 849]
[DataCollatorForCDSMaskedLM] Tokenized sequence lengths: [399, 399, 399, 399]
[DataCollatorForCDSMaskedLM] Tokenized sequence lengths: [1015, 1015, 1015, 1015]
[DataCollatorForCDSMaskedLM] Tokenized sequence lengths: [136, 136, 136, 136]
[DataCollatorForCDSMaskedLM] Tokenized sequence lengths: [132, 132, 132, 132]
[DataCollatorForCDSMaskedLM] Tokenized sequence lengths: [100, 100, 100, 100]
[DataCollatorForCDSMaskedLM] Tokenized sequence lengths: [92, 92, 92, 92]
[DataCollatorForCDSMaskedLM] Tokenized sequence lengths: [892, 892, 892, 892]
[DataCollatorForCDSMaskedLM] Tokenized sequence lengths: [655, 655, 655, 655]
[DataCollatorForCDSMaskedLM] Tokenized sequence lengths: [106, 106, 106, 106]
[DataCollatorForCDSMaskedLM] Tokenized sequence lengths: [151, 151, 151, 151]
[DataCollatorForCDSMaskedLM] Tokenized sequence lengths: [126, 126, 126, 126]
[DataCollatorForCDSMaskedLM] Tokenized sequence lengths: [193, 193, 193, 193]
[DataCollatorForCDSMaskedLM] Tokenized sequence lengths: [350, 350, 350, 350]
[DataCollatorForCDSMaskedLM] Tokenized sequence lengths: [428, 428, 428, 428]
[DataCollatorForCDSMaskedLM] Tokenized sequence lengths: [96, 96, 96, 96]
[DataCollatorForCDSMaskedLM] Tokenized sequence lengths: [1024, 1024, 1024, 1024]
[DataCollatorForCDSMaskedLM] Tokenized sequence lengths: [83, 83, 83, 83]
[DataCollatorForCDSMaskedLM] Tokenized sequence lengths: [103, 103, 103, 103]
[DataCollatorForCDSMaskedLM] Tokenized sequence lengths: [208, 208, 208, 208]
[DataCollatorForCDSMaskedLM] Tokenized sequence lengths: [292, 292, 292, 292]
[DataCollatorForCDSMaskedLM] Tokenized sequence lengths: [217, 217, 217, 217]
[DataCollatorForCDSMaskedLM] Tokenized sequence lengths: [278, 278, 278, 278]
[DataCollatorForCDSMaskedLM] Tokenized sequence lengths: [155, 155, 155, 155]
[DataCollatorForCDSMaskedLM] Tokenized sequence lengths: [886, 886, 886, 886]
[DataCollatorForCDSMaskedLM] Tokenized sequence lengths: [245, 245, 245, 245]
[DataCollatorForCDSMaskedLM] Tokenized sequence lengths: [232, 232, 232, 232]
[DataCollatorForCDSMaskedLM] Tokenized sequence lengths: [84, 84, 84, 84]
[DataCollatorForCDSMaskedLM] Tokenized sequence lengths: [1024, 1024, 1024, 1024]
[DataCollatorForCDSMaskedLM] Tokenized sequence lengths: [454, 454, 454, 454]
[DataCollatorForCDSMaskedLM] Tokenized sequence lengths: [1024, 1024, 1024, 1024]
[DataCollatorForCDSMaskedLM] Tokenized sequence lengths: [645, 645, 645, 645]
[DataCollatorForCDSMaskedLM] Tokenized sequence lengths: [656, 656, 656, 656]
[DataCollatorForCDSMaskedLM] Tokenized sequence lengths: [84, 84, 84, 84]
[DataCollatorForCDSMaskedLM] Tokenized sequence lengths: [1024, 1024, 1024, 1024]
[DataCollatorForCDSMaskedLM] Tokenized sequence lengths: [91, 91, 91, 91]
[DataCollatorForCDSMaskedLM] Tokenized sequence lengths: [163, 163, 163, 163]
{'loss': 6.8165, 'learning_rate': 0.0001, 'epoch': 0.0}
[DataCollatorForCDSMaskedLM] Tokenized sequence lengths: [113, 113, 113, 113]
[DataCollatorForCDSMaskedLM] Tokenized sequence lengths: [99, 99, 99, 99]
[DataCollatorForCDSMaskedLM] Tokenized sequence lengths: [104, 104, 104, 104]
[DataCollatorForCDSMaskedLM] Tokenized sequence lengths: [86, 86, 86, 86]
[DataCollatorForCDSMaskedLM] Tokenized sequence lengths: [111, 111, 111, 111]
[DataCollatorForCDSMaskedLM] Tokenized sequence lengths: [148, 148, 148, 148]
[DataCollatorForCDSMaskedLM] Tokenized sequence lengths: [870, 870, 870, 870]
[DataCollatorForCDSMaskedLM] Tokenized sequence lengths: [121, 121, 121, 121]
[DataCollatorForCDSMaskedLM] Tokenized sequence lengths: [107, 107, 107, 107]
[DataCollatorForCDSMaskedLM] Tokenized sequence lengths: [194, 194, 194, 194]
[DataCollatorForCDSMaskedLM] Tokenized sequence lengths: [356, 356, 356, 356]
[DataCollatorForCDSMaskedLM] Tokenized sequence lengths: [143, 143, 143, 143]
[DataCollatorForCDSMaskedLM] Tokenized sequence lengths: [213, 213, 213, 213]
[DataCollatorForCDSMaskedLM] Tokenized sequence lengths: [414, 414, 414, 414]
[DataCollatorForCDSMaskedLM] Tokenized sequence lengths: [560, 560, 560, 560]
[DataCollatorForCDSMaskedLM] Tokenized sequence lengths: [605, 605, 605, 605]
[DataCollatorForCDSMaskedLM] Tokenized sequence lengths: [352, 352, 352, 352]
[DataCollatorForCDSMaskedLM] Tokenized sequence lengths: [118, 118, 118, 118]
[DataCollatorForCDSMaskedLM] Tokenized sequence lengths: [165, 165, 165, 165]
[DataCollatorForCDSMaskedLM] Tokenized sequence lengths: [150, 150, 150, 150]
[DataCollatorForCDSMaskedLM] Tokenized sequence lengths: [465, 465, 465, 465]
[DataCollatorForCDSMaskedLM] Tokenized sequence lengths: [447, 447, 447, 447]
[DataCollatorForCDSMaskedLM] Tokenized sequence lengths: [649, 649, 649, 649]
[DataCollatorForCDSMaskedLM] Tokenized sequence lengths: [1024, 1024, 1024, 1024]
[DataCollatorForCDSMaskedLM] Tokenized sequence lengths: [197, 197, 197, 197]
[DataCollatorForCDSMaskedLM] Tokenized sequence lengths: [119, 119, 119, 119]
[DataCollatorForCDSMaskedLM] Tokenized sequence lengths: [133, 133, 133, 133]
[DataCollatorForCDSMaskedLM] Tokenized sequence lengths: [1024, 1024, 1024, 1024]
[DataCollatorForCDSMaskedLM] Tokenized sequence lengths: [195, 195, 195, 195]
[DataCollatorForCDSMaskedLM] Tokenized sequence lengths: [684, 684, 684, 684]
[DataCollatorForCDSMaskedLM] Tokenized sequence lengths: [895, 895, 895, 895]
[DataCollatorForCDSMaskedLM] Tokenized sequence lengths: [332, 332, 332, 332]
[DataCollatorForCDSMaskedLM] Tokenized sequence lengths: [194, 194, 194, 194]
[DataCollatorForCDSMaskedLM] Tokenized sequence lengths: [93, 93, 93, 93]
[DataCollatorForCDSMaskedLM] Tokenized sequence lengths: [353, 353, 353, 353]
[DataCollatorForCDSMaskedLM] Tokenized sequence lengths: [157, 157, 157, 157]
[DataCollatorForCDSMaskedLM] Tokenized sequence lengths: [143, 143, 143, 143]
[DataCollatorForCDSMaskedLM] Tokenized sequence lengths: [158, 158, 158, 158]
[DataCollatorForCDSMaskedLM] Tokenized sequence lengths: [768, 768, 768, 768]
[DataCollatorForCDSMaskedLM] Tokenized sequence lengths: [375, 375, 375, 375]
{'loss': 6.7636, 'learning_rate': 0.00010416666666666667, 'epoch': 0.0}
[DataCollatorForCDSMaskedLM] Tokenized sequence lengths: [105, 105, 105, 105]
[DataCollatorForCDSMaskedLM] Tokenized sequence lengths: [253, 253, 253, 253]
[DataCollatorForCDSMaskedLM] Tokenized sequence lengths: [812, 812, 812, 812]
[DataCollatorForCDSMaskedLM] Tokenized sequence lengths: [1024, 1024, 1024, 1024]
[DataCollatorForCDSMaskedLM] Tokenized sequence lengths: [91, 91, 91, 91]
[DataCollatorForCDSMaskedLM] Tokenized sequence lengths: [317, 317, 317, 317]
[DataCollatorForCDSMaskedLM] Tokenized sequence lengths: [132, 132, 132, 132]
[DataCollatorForCDSMaskedLM] Tokenized sequence lengths: [129, 129, 129, 129]
[DataCollatorForCDSMaskedLM] Tokenized sequence lengths: [529, 529, 529, 529]
[DataCollatorForCDSMaskedLM] Tokenized sequence lengths: [74, 74, 74, 74]
[DataCollatorForCDSMaskedLM] Tokenized sequence lengths: [184, 184, 184, 184]
[DataCollatorForCDSMaskedLM] Tokenized sequence lengths: [1024, 1024, 1024, 1024]
[DataCollatorForCDSMaskedLM] Tokenized sequence lengths: [290, 290, 290, 290]
[DataCollatorForCDSMaskedLM] Tokenized sequence lengths: [466, 466, 466, 466]
[DataCollatorForCDSMaskedLM] Tokenized sequence lengths: [859, 859, 859, 859]
[DataCollatorForCDSMaskedLM] Tokenized sequence lengths: [1024, 1024, 1024, 1024]
[DataCollatorForCDSMaskedLM] Tokenized sequence lengths: [675, 675, 675, 675]
[DataCollatorForCDSMaskedLM] Tokenized sequence lengths: [169, 169, 169, 169]
[DataCollatorForCDSMaskedLM] Tokenized sequence lengths: [375, 375, 375, 375]
[DataCollatorForCDSMaskedLM] Tokenized sequence lengths: [418, 418, 418, 418]
[DataCollatorForCDSMaskedLM] Tokenized sequence lengths: [149, 149, 149, 149]
[DataCollatorForCDSMaskedLM] Tokenized sequence lengths: [377, 377, 377, 377]
[DataCollatorForCDSMaskedLM] Tokenized sequence lengths: [680, 680, 680, 680]
[DataCollatorForCDSMaskedLM] Tokenized sequence lengths: [430, 430, 430, 430]
[DataCollatorForCDSMaskedLM] Tokenized sequence lengths: [65, 65, 65, 65]
[DataCollatorForCDSMaskedLM] Tokenized sequence lengths: [131, 131, 131, 131]
[DataCollatorForCDSMaskedLM] Tokenized sequence lengths: [94, 94, 94, 94]
[DataCollatorForCDSMaskedLM] Tokenized sequence lengths: [182, 182, 182, 182]
[DataCollatorForCDSMaskedLM] Tokenized sequence lengths: [684, 684, 684, 684]
[DataCollatorForCDSMaskedLM] Tokenized sequence lengths:[DataCollatorForCDSMaskedLM] Tokenized sequence lengths:  [199, 199, 199, 199][216, 216, 216, 216]

[DataCollatorForCDSMaskedLM] Tokenized sequence lengths: [1024, 1024, 1024, 1024]
[DataCollatorForCDSMaskedLM] Tokenized sequence lengths: [115, 115, 115, 115]
[DataCollatorForCDSMaskedLM] Tokenized sequence lengths: [508, 508, 508, 508]
[DataCollatorForCDSMaskedLM] Tokenized sequence lengths: [897, 897, 897, 897]
[DataCollatorForCDSMaskedLM] Tokenized sequence lengths: [298, 298, 298, 298]
[DataCollatorForCDSMaskedLM] Tokenized sequence lengths: [1024, 1024, 1024, 1024]
[DataCollatorForCDSMaskedLM] Tokenized sequence lengths: [92, 92, 92, 92]
[DataCollatorForCDSMaskedLM] Tokenized sequence lengths: [391, 391, 391, 391]
[DataCollatorForCDSMaskedLM] Tokenized sequence lengths: [169, 169, 169, 169]
{'loss': 6.6186, 'learning_rate': 0.00010833333333333334, 'epoch': 0.0}
[DataCollatorForCDSMaskedLM] Tokenized sequence lengths: [43, 43, 43, 43]
[DataCollatorForCDSMaskedLM] Tokenized sequence lengths: [173, 173, 173, 173]
[DataCollatorForCDSMaskedLM] Tokenized sequence lengths: [219, 219, 219, 219]
[DataCollatorForCDSMaskedLM] Tokenized sequence lengths: [648, 648, 648, 648]
[DataCollatorForCDSMaskedLM] Tokenized sequence lengths: [1024, 1024, 1024, 1024]
[DataCollatorForCDSMaskedLM] Tokenized sequence lengths: [444, 444, 444, 444]
[DataCollatorForCDSMaskedLM] Tokenized sequence lengths: [1024, 1024, 1024, 1024]
[DataCollatorForCDSMaskedLM] Tokenized sequence lengths: [1024, 1024, 1024, 1024]
[DataCollatorForCDSMaskedLM] Tokenized sequence lengths: [546, 546, 546, 546]
[DataCollatorForCDSMaskedLM] Tokenized sequence lengths: [1024, 1024, 1024, 1024]
[DataCollatorForCDSMaskedLM] Tokenized sequence lengths: [277, 277, 277, 277]
[DataCollatorForCDSMaskedLM] Tokenized sequence lengths: [405, 405, 405, 405]
[DataCollatorForCDSMaskedLM] Tokenized sequence lengths: [112, 112, 112, 112]
[DataCollatorForCDSMaskedLM] Tokenized sequence lengths: [249, 249, 249, 249]
[DataCollatorForCDSMaskedLM] Tokenized sequence lengths: [323, 323, 323, 323]
[DataCollatorForCDSMaskedLM] Tokenized sequence lengths: [184, 184, 184, 184]
[DataCollatorForCDSMaskedLM] Tokenized sequence lengths: [209, 209, 209, 209]
[DataCollatorForCDSMaskedLM] Tokenized sequence lengths: [1024, 1024, 1024, 1024]
[DataCollatorForCDSMaskedLM] Tokenized sequence lengths: [413, 413, 413, 413]
[DataCollatorForCDSMaskedLM] Tokenized sequence lengths: [410, 410, 410, 410]
[DataCollatorForCDSMaskedLM] Tokenized sequence lengths: [131, 131, 131, 131]
[DataCollatorForCDSMaskedLM] Tokenized sequence lengths: [132, 132, 132, 132]
[DataCollatorForCDSMaskedLM] Tokenized sequence lengths: [304, 304, 304, 304]
[DataCollatorForCDSMaskedLM] Tokenized sequence lengths: [222, 222, 222, 222]
[DataCollatorForCDSMaskedLM] Tokenized sequence lengths: [98, 98, 98, 98]
[DataCollatorForCDSMaskedLM] Tokenized sequence lengths: [209, 209, 209, 209]
[DataCollatorForCDSMaskedLM] Tokenized sequence lengths: [372, 372, 372, 372]
[DataCollatorForCDSMaskedLM] Tokenized sequence lengths: [98, 98, 98, 98]
[DataCollatorForCDSMaskedLM] Tokenized sequence lengths: [228, 228, 228, 228]
[DataCollatorForCDSMaskedLM] Tokenized sequence lengths: [288, 288, 288, 288]
[DataCollatorForCDSMaskedLM] Tokenized sequence lengths: [871, 871, 871, 871]
[DataCollatorForCDSMaskedLM] Tokenized sequence lengths: [594, 594, 594, 594]
[DataCollatorForCDSMaskedLM] Tokenized sequence lengths: [149, 149, 149, 149]
[DataCollatorForCDSMaskedLM] Tokenized sequence lengths: [503, 503, 503, 503]
[DataCollatorForCDSMaskedLM] Tokenized sequence lengths: [214, 214, 214, 214]
[DataCollatorForCDSMaskedLM] Tokenized sequence lengths: [113, 113, 113, 113]
[DataCollatorForCDSMaskedLM] Tokenized sequence lengths: [166, 166, 166, 166]
[DataCollatorForCDSMaskedLM] Tokenized sequence lengths: [101, 101, 101, 101]
[DataCollatorForCDSMaskedLM] Tokenized sequence lengths: [209, 209, 209, 209]
[DataCollatorForCDSMaskedLM] Tokenized sequence lengths: [247, 247, 247, 247]
{'loss': 6.6578, 'learning_rate': 0.00011250000000000001, 'epoch': 0.0}
[DataCollatorForCDSMaskedLM] Tokenized sequence lengths: [114, 114, 114, 114]
[DataCollatorForCDSMaskedLM] Tokenized sequence lengths: [319, 319, 319, 319]
[DataCollatorForCDSMaskedLM] Tokenized sequence lengths: [463, 463, 463, 463]
[DataCollatorForCDSMaskedLM] Tokenized sequence lengths: [369, 369, 369, 369]
[DataCollatorForCDSMaskedLM] Tokenized sequence lengths: [486, 486, 486, 486]
[DataCollatorForCDSMaskedLM] Tokenized sequence lengths: [1024, 1024, 1024, 1024]
[DataCollatorForCDSMaskedLM] Tokenized sequence lengths: [93, 93, 93, 93]
[DataCollatorForCDSMaskedLM] Tokenized sequence lengths: [187, 187, 187, 187]
[DataCollatorForCDSMaskedLM] Tokenized sequence lengths: [426, 426, 426, 426]
[DataCollatorForCDSMaskedLM] Tokenized sequence lengths: [1009, 1009, 1009, 1009]
[DataCollatorForCDSMaskedLM] Tokenized sequence lengths: [1024, 1024, 1024, 1024]
[DataCollatorForCDSMaskedLM] Tokenized sequence lengths: [358, 358, 358, 358]
[DataCollatorForCDSMaskedLM] Tokenized sequence lengths: [643, 643, 643, 643]
[DataCollatorForCDSMaskedLM] Tokenized sequence lengths: [1024, 1024, 1024, 1024]
[DataCollatorForCDSMaskedLM] Tokenized sequence lengths: [90, 90, 90, 90]
[DataCollatorForCDSMaskedLM] Tokenized sequence lengths: [358, 358, 358, 358]
[DataCollatorForCDSMaskedLM] Tokenized sequence lengths: [126, 126, 126, 126]
[DataCollatorForCDSMaskedLM] Tokenized sequence lengths: [281, 281, 281, 281]
[DataCollatorForCDSMaskedLM] Tokenized sequence lengths: [895, 895, 895, 895]
[DataCollatorForCDSMaskedLM] Tokenized sequence lengths: [291, 291, 291, 291]
[DataCollatorForCDSMaskedLM] Tokenized sequence lengths: [144, 144, 144, 144]
[DataCollatorForCDSMaskedLM] Tokenized sequence lengths: [158, 158, 158, 158]
[DataCollatorForCDSMaskedLM] Tokenized sequence lengths: [631, 631, 631, 631]
[DataCollatorForCDSMaskedLM] Tokenized sequence lengths: [391, 391, 391, 391]
[DataCollatorForCDSMaskedLM] Tokenized sequence lengths: [580, 580, 580, 580]
[DataCollatorForCDSMaskedLM] Tokenized sequence lengths: [773, 773, 773, 773]
[DataCollatorForCDSMaskedLM] Tokenized sequence lengths: [841, 841, 841, 841]
[DataCollatorForCDSMaskedLM] Tokenized sequence lengths: [1024, 1024, 1024, 1024]
[DataCollatorForCDSMaskedLM] Tokenized sequence lengths: [210, 210, 210, 210]
[DataCollatorForCDSMaskedLM] Tokenized sequence lengths: [112, 112, 112, 112]
[DataCollatorForCDSMaskedLM] Tokenized sequence lengths: [327, 327, 327, 327]
[DataCollatorForCDSMaskedLM] Tokenized sequence lengths: [450, 450, 450, 450]
[DataCollatorForCDSMaskedLM] Tokenized sequence lengths: [170, 170, 170, 170]
[DataCollatorForCDSMaskedLM] Tokenized sequence lengths: [563, 563, 563, 563]
[DataCollatorForCDSMaskedLM] Tokenized sequence lengths: [708, 708, 708, 708]
[DataCollatorForCDSMaskedLM] Tokenized sequence lengths: [1024, 1024, 1024, 1024]
[DataCollatorForCDSMaskedLM] Tokenized sequence lengths: [128, 128, 128, 128]
[DataCollatorForCDSMaskedLM] Tokenized sequence lengths: [243, 243, 243, 243]
[DataCollatorForCDSMaskedLM] Tokenized sequence lengths: [751, 751, 751, 751]
[DataCollatorForCDSMaskedLM] Tokenized sequence lengths: [240, 240, 240, 240]
{'loss': 6.7108, 'learning_rate': 0.00011666666666666667, 'epoch': 0.0}
[DataCollatorForCDSMaskedLM] Tokenized sequence lengths: [506, 506, 506, 506]
[DataCollatorForCDSMaskedLM] Tokenized sequence lengths: [911, 911, 911, 911]
[DataCollatorForCDSMaskedLM] Tokenized sequence lengths: [834, 834, 834, 834]
[DataCollatorForCDSMaskedLM] Tokenized sequence lengths: [1024, 1024, 1024, 1024]
[DataCollatorForCDSMaskedLM] Tokenized sequence lengths: [124, 124, 124, 124]
[DataCollatorForCDSMaskedLM] Tokenized sequence lengths: [185, 185, 185, 185]
[DataCollatorForCDSMaskedLM] Tokenized sequence lengths: [117, 117, 117, 117]
[DataCollatorForCDSMaskedLM] Tokenized sequence lengths: [1024, 1024, 1024, 1024]
[DataCollatorForCDSMaskedLM] Tokenized sequence lengths: [377, 377, 377, 377]
[DataCollatorForCDSMaskedLM] Tokenized sequence lengths: [730, 730, 730, 730]
[DataCollatorForCDSMaskedLM] Tokenized sequence lengths: [201, 201, 201, 201]
[DataCollatorForCDSMaskedLM] Tokenized sequence lengths: [1024, 1024, 1024, 1024]
[DataCollatorForCDSMaskedLM] Tokenized sequence lengths: [328, 328, 328, 328]
[DataCollatorForCDSMaskedLM] Tokenized sequence lengths: [315, 315, 315, 315]
[DataCollatorForCDSMaskedLM] Tokenized sequence lengths: [197, 197, 197, 197]
[DataCollatorForCDSMaskedLM] Tokenized sequence lengths: [440, 440, 440, 440]
[DataCollatorForCDSMaskedLM] Tokenized sequence lengths: [99, 99, 99, 99]
[DataCollatorForCDSMaskedLM] Tokenized sequence lengths: [302, 302, 302, 302]
[DataCollatorForCDSMaskedLM] Tokenized sequence lengths: [851, 851, 851, 851]
[DataCollatorForCDSMaskedLM] Tokenized sequence lengths: [1024, 1024, 1024, 1024]
[DataCollatorForCDSMaskedLM] Tokenized sequence lengths: [402, 402, 402, 402]
[DataCollatorForCDSMaskedLM] Tokenized sequence lengths: [116, 116, 116, 116]
[DataCollatorForCDSMaskedLM] Tokenized sequence lengths: [176, 176, 176, 176]
[DataCollatorForCDSMaskedLM] Tokenized sequence lengths: [139, 139, 139, 139]
[DataCollatorForCDSMaskedLM] Tokenized sequence lengths: [338, 338, 338, 338]
[DataCollatorForCDSMaskedLM] Tokenized sequence lengths: [432, 432, 432, 432]
[DataCollatorForCDSMaskedLM] Tokenized sequence lengths: [1024, 1024, 1024, 1024]
[DataCollatorForCDSMaskedLM] Tokenized sequence lengths: [182, 182, 182, 182]
[DataCollatorForCDSMaskedLM] Tokenized sequence lengths: [196, 196, 196, 196]
[DataCollatorForCDSMaskedLM] Tokenized sequence lengths: [224, 224, 224, 224]
[DataCollatorForCDSMaskedLM] Tokenized sequence lengths: [708, 708, 708, 708]
[DataCollatorForCDSMaskedLM] Tokenized sequence lengths: [545, 545, 545, 545]
[DataCollatorForCDSMaskedLM] Tokenized sequence lengths: [454, 454, 454, 454]
[DataCollatorForCDSMaskedLM] Tokenized sequence lengths: [476, 476, 476, 476]
[DataCollatorForCDSMaskedLM] Tokenized sequence lengths: [1024, 1024, 1024, 1024]
[DataCollatorForCDSMaskedLM] Tokenized sequence lengths: [1024, 1024, 1024, 1024]
[DataCollatorForCDSMaskedLM] Tokenized sequence lengths: [171, 171, 171, 171]
[DataCollatorForCDSMaskedLM] Tokenized sequence lengths: [154, 154, 154, 154]
[DataCollatorForCDSMaskedLM] Tokenized sequence lengths: [270, 270, 270, 270]
[DataCollatorForCDSMaskedLM] Tokenized sequence lengths: [912, 912, 912, 912]
{'loss': 6.7234, 'learning_rate': 0.00012083333333333333, 'epoch': 0.0}
[DataCollatorForCDSMaskedLM] Tokenized sequence lengths: [95, 95, 95, 95]
[DataCollatorForCDSMaskedLM] Tokenized sequence lengths: [199, 199, 199, 199]
[DataCollatorForCDSMaskedLM] Tokenized sequence lengths: [181, 181, 181, 181]
[DataCollatorForCDSMaskedLM] Tokenized sequence lengths: [481, 481, 481, 481]
[DataCollatorForCDSMaskedLM] Tokenized sequence lengths: [130, 130, 130, 130]
[DataCollatorForCDSMaskedLM] Tokenized sequence lengths: [266, 266, 266, 266]
[DataCollatorForCDSMaskedLM] Tokenized sequence lengths: [595, 595, 595, 595]
[DataCollatorForCDSMaskedLM] Tokenized sequence lengths: [96, 96, 96, 96]
[DataCollatorForCDSMaskedLM] Tokenized sequence lengths: [182, 182, 182, 182]
[DataCollatorForCDSMaskedLM] Tokenized sequence lengths: [220, 220, 220, 220]
[DataCollatorForCDSMaskedLM] Tokenized sequence lengths: [102, 102, 102, 102]
[DataCollatorForCDSMaskedLM] Tokenized sequence lengths: [1024, 1024, 1024, 1024]
[DataCollatorForCDSMaskedLM] Tokenized sequence lengths: [475, 475, 475, 475]
[DataCollatorForCDSMaskedLM] Tokenized sequence lengths: [1024, 1024, 1024, 1024]
[DataCollatorForCDSMaskedLM] Tokenized sequence lengths: [215, 215, 215, 215]
[DataCollatorForCDSMaskedLM] Tokenized sequence lengths: [1024, 1024, 1024, 1024]
[DataCollatorForCDSMaskedLM] Tokenized sequence lengths: [118, 118, 118, 118]
[DataCollatorForCDSMaskedLM] Tokenized sequence lengths: [378, 378, 378, 378]
[DataCollatorForCDSMaskedLM] Tokenized sequence lengths: [140, 140, 140, 140]
[DataCollatorForCDSMaskedLM] Tokenized sequence lengths: [311, 311, 311, 311]
[DataCollatorForCDSMaskedLM] Tokenized sequence lengths: [90, 90, 90, 90]
[DataCollatorForCDSMaskedLM] Tokenized sequence lengths: [377, 377, 377, 377]
[DataCollatorForCDSMaskedLM] Tokenized sequence lengths: [430, 430, 430, 430]
[DataCollatorForCDSMaskedLM] Tokenized sequence lengths: [1024, 1024, 1024, 1024]
[DataCollatorForCDSMaskedLM] Tokenized sequence lengths: [201, 201, 201, 201]
[DataCollatorForCDSMaskedLM] Tokenized sequence lengths: [1024, 1024, 1024, 1024]
[DataCollatorForCDSMaskedLM] Tokenized sequence lengths: [258, 258, 258, 258]
[DataCollatorForCDSMaskedLM] Tokenized sequence lengths: [396, 396, 396, 396]
[DataCollatorForCDSMaskedLM] Tokenized sequence lengths: [89, 89, 89, 89]
[DataCollatorForCDSMaskedLM] Tokenized sequence lengths: [93, 93, 93, 93]
[DataCollatorForCDSMaskedLM] Tokenized sequence lengths: [308, 308, 308, 308]
[DataCollatorForCDSMaskedLM] Tokenized sequence lengths: [144, 144, 144, 144]
[DataCollatorForCDSMaskedLM] Tokenized sequence lengths: [228, 228, 228, 228]
[DataCollatorForCDSMaskedLM] Tokenized sequence lengths: [1024, 1024, 1024, 1024]
[DataCollatorForCDSMaskedLM] Tokenized sequence lengths: [79, 79, 79, 79]
[DataCollatorForCDSMaskedLM] Tokenized sequence lengths: [356, 356, 356, 356]
[DataCollatorForCDSMaskedLM] Tokenized sequence lengths: [140, 140, 140, 140]
[DataCollatorForCDSMaskedLM] Tokenized sequence lengths: [1024, 1024, 1024, 1024]
[DataCollatorForCDSMaskedLM] Tokenized sequence lengths: [63, 63, 63, 63]
[DataCollatorForCDSMaskedLM] Tokenized sequence lengths: [1024, 1024, 1024, 1024]
{'loss': 6.6569, 'learning_rate': 0.000125, 'epoch': 0.0}
[DataCollatorForCDSMaskedLM] Tokenized sequence lengths: [141, 141, 141, 141]
[DataCollatorForCDSMaskedLM] Tokenized sequence lengths: [477, 477, 477, 477]
[DataCollatorForCDSMaskedLM] Tokenized sequence lengths: [424, 424, 424, 424]
[DataCollatorForCDSMaskedLM] Tokenized sequence lengths: [849, 849, 849, 849]
[DataCollatorForCDSMaskedLM] Tokenized sequence lengths: [163, 163, 163, 163]
[DataCollatorForCDSMaskedLM] Tokenized sequence lengths: [244, 244, 244, 244]
[DataCollatorForCDSMaskedLM] Tokenized sequence lengths: [96, 96, 96, 96]
[DataCollatorForCDSMaskedLM] Tokenized sequence lengths: [199, 199, 199, 199]
[DataCollatorForCDSMaskedLM] Tokenized sequence lengths: [108, 108, 108, 108]
[DataCollatorForCDSMaskedLM] Tokenized sequence lengths: [153, 153, 153, 153]
[DataCollatorForCDSMaskedLM] Tokenized sequence lengths: [210, 210, 210, 210]
[DataCollatorForCDSMaskedLM] Tokenized sequence lengths: [1024, 1024, 1024, 1024]
[DataCollatorForCDSMaskedLM] Tokenized sequence lengths: [556, 556, 556, 556]
[DataCollatorForCDSMaskedLM] Tokenized sequence lengths: [83, 83, 83, 83]
[DataCollatorForCDSMaskedLM] Tokenized sequence lengths: [1024, 1024, 1024, 1024]
[DataCollatorForCDSMaskedLM] Tokenized sequence lengths: [508, 508, 508, 508]
[DataCollatorForCDSMaskedLM] Tokenized sequence lengths: [94, 94, 94, 94]
[DataCollatorForCDSMaskedLM] Tokenized sequence lengths: [1024, 1024, 1024, 1024]
[DataCollatorForCDSMaskedLM] Tokenized sequence lengths: [639, 639, 639, 639]
[DataCollatorForCDSMaskedLM] Tokenized sequence lengths: [1024, 1024, 1024, 1024]
[DataCollatorForCDSMaskedLM] Tokenized sequence lengths: [182, 182, 182, 182]
[DataCollatorForCDSMaskedLM] Tokenized sequence lengths: [64, 64, 64, 64]
[DataCollatorForCDSMaskedLM] Tokenized sequence lengths: [203, 203, 203, 203]
[DataCollatorForCDSMaskedLM] Tokenized sequence lengths: [535, 535, 535, 535]
[DataCollatorForCDSMaskedLM] Tokenized sequence lengths: [461, 461, 461, 461]
[DataCollatorForCDSMaskedLM] Tokenized sequence lengths: [311, 311, 311, 311]
[DataCollatorForCDSMaskedLM] Tokenized sequence lengths: [238, 238, 238, 238]
[DataCollatorForCDSMaskedLM] Tokenized sequence lengths: [188, 188, 188, 188]
[DataCollatorForCDSMaskedLM] Tokenized sequence lengths: [124, 124, 124, 124]
[DataCollatorForCDSMaskedLM] Tokenized sequence lengths: [220, 220, 220, 220]
[DataCollatorForCDSMaskedLM] Tokenized sequence lengths: [409, 409, 409, 409]
[DataCollatorForCDSMaskedLM] Tokenized sequence lengths: [1024, 1024, 1024, 1024]
[DataCollatorForCDSMaskedLM] Tokenized sequence lengths: [139, 139, 139, 139]
[DataCollatorForCDSMaskedLM] Tokenized sequence lengths: [227, 227, 227, 227]
[DataCollatorForCDSMaskedLM] Tokenized sequence lengths: [1024, 1024, 1024, 1024]
[DataCollatorForCDSMaskedLM] Tokenized sequence lengths: [1024, 1024, 1024, 1024]
[DataCollatorForCDSMaskedLM] Tokenized sequence lengths: [1024, 1024, 1024, 1024]
[DataCollatorForCDSMaskedLM] Tokenized sequence lengths: [121, 121, 121, 121]
[DataCollatorForCDSMaskedLM] Tokenized sequence lengths: [134, 134, 134, 134]
[DataCollatorForCDSMaskedLM] Tokenized sequence lengths: [102, 102, 102, 102]
{'loss': 6.6926, 'learning_rate': 0.00012916666666666667, 'epoch': 0.0}
[DataCollatorForCDSMaskedLM] Tokenized sequence lengths: [139, 139, 139, 139]
[DataCollatorForCDSMaskedLM] Tokenized sequence lengths: [317, 317, 317, 317]
[DataCollatorForCDSMaskedLM] Tokenized sequence lengths: [421, 421, 421, 421]
[DataCollatorForCDSMaskedLM] Tokenized sequence lengths: [811, 811, 811, 811]
[DataCollatorForCDSMaskedLM] Tokenized sequence lengths: [191, 191, 191, 191]
[DataCollatorForCDSMaskedLM] Tokenized sequence lengths: [251, 251, 251, 251]
[DataCollatorForCDSMaskedLM] Tokenized sequence lengths: [208, 208, 208, 208]
[DataCollatorForCDSMaskedLM] Tokenized sequence lengths: [1024, 1024, 1024, 1024]
[DataCollatorForCDSMaskedLM] Tokenized sequence lengths: [150, 150, 150, 150]
[DataCollatorForCDSMaskedLM] Tokenized sequence lengths: [231, 231, 231, 231]
[DataCollatorForCDSMaskedLM] Tokenized sequence lengths: [132, 132, 132, 132]
[DataCollatorForCDSMaskedLM] Tokenized sequence lengths: [477, 477, 477, 477]
[DataCollatorForCDSMaskedLM] Tokenized sequence lengths: [187, 187, 187, 187]
[DataCollatorForCDSMaskedLM] Tokenized sequence lengths: [920, 920, 920, 920]
[DataCollatorForCDSMaskedLM] Tokenized sequence lengths: [1024, 1024, 1024, 1024]
[DataCollatorForCDSMaskedLM] Tokenized sequence lengths: [1024, 1024, 1024, 1024]
[DataCollatorForCDSMaskedLM] Tokenized sequence lengths: [130, 130, 130, 130]
[DataCollatorForCDSMaskedLM] Tokenized sequence lengths: [147, 147, 147, 147]
[DataCollatorForCDSMaskedLM] Tokenized sequence lengths: [143, 143, 143, 143]
[DataCollatorForCDSMaskedLM] Tokenized sequence lengths: [1024, 1024, 1024, 1024]
[DataCollatorForCDSMaskedLM] Tokenized sequence lengths: [349, 349, 349, 349]
[DataCollatorForCDSMaskedLM] Tokenized sequence lengths: [1024, 1024, 1024, 1024]
[DataCollatorForCDSMaskedLM] Tokenized sequence lengths: [76, 76, 76, 76]
[DataCollatorForCDSMaskedLM] Tokenized sequence lengths: [741, 741, 741, 741]
[DataCollatorForCDSMaskedLM] Tokenized sequence lengths: [190, 190, 190, 190]
[DataCollatorForCDSMaskedLM] Tokenized sequence lengths: [483, 483, 483, 483]
[DataCollatorForCDSMaskedLM] Tokenized sequence lengths: [191, 191, 191, 191]
[DataCollatorForCDSMaskedLM] Tokenized sequence lengths: [309, 309, 309, 309]
[DataCollatorForCDSMaskedLM] Tokenized sequence lengths: [171, 171, 171, 171]
[DataCollatorForCDSMaskedLM] Tokenized sequence lengths: [504, 504, 504, 504]
[DataCollatorForCDSMaskedLM] Tokenized sequence lengths: [392, 392, 392, 392]
[DataCollatorForCDSMaskedLM] Tokenized sequence lengths: [503, 503, 503, 503]
[DataCollatorForCDSMaskedLM] Tokenized sequence lengths: [274, 274, 274, 274]
[DataCollatorForCDSMaskedLM] Tokenized sequence lengths: [383, 383, 383, 383]
[DataCollatorForCDSMaskedLM] Tokenized sequence lengths: [1024, 1024, 1024, 1024]
[DataCollatorForCDSMaskedLM] Tokenized sequence lengths: [399, 399, 399, 399]
[DataCollatorForCDSMaskedLM] Tokenized sequence lengths: [257, 257, 257, 257]
[DataCollatorForCDSMaskedLM] Tokenized sequence lengths: [89, 89, 89, 89]
[DataCollatorForCDSMaskedLM] Tokenized sequence lengths: [230, 230, 230, 230]
[DataCollatorForCDSMaskedLM] Tokenized sequence lengths: [443, 443, 443, 443]
{'loss': 6.6524, 'learning_rate': 0.00013333333333333334, 'epoch': 0.0}
[DataCollatorForCDSMaskedLM] Tokenized sequence lengths: [149, 149, 149, 149]
[DataCollatorForCDSMaskedLM] Tokenized sequence lengths: [204, 204, 204, 204]
[DataCollatorForCDSMaskedLM] Tokenized sequence lengths: [137, 137, 137, 137]
[DataCollatorForCDSMaskedLM] Tokenized sequence lengths: [85, 85, 85, 85]
[DataCollatorForCDSMaskedLM] Tokenized sequence lengths: [472, 472, 472, 472]
[DataCollatorForCDSMaskedLM] Tokenized sequence lengths: [620, 620, 620, 620]
[DataCollatorForCDSMaskedLM] Tokenized sequence lengths: [123, 123, 123, 123]
[DataCollatorForCDSMaskedLM] Tokenized sequence lengths: [1024, 1024, 1024, 1024]
[DataCollatorForCDSMaskedLM] Tokenized sequence lengths: [316, 316, 316, 316]
[DataCollatorForCDSMaskedLM] Tokenized sequence lengths: [367, 367, 367, 367]
[DataCollatorForCDSMaskedLM] Tokenized sequence lengths: [771, 771, 771, 771]
[DataCollatorForCDSMaskedLM] Tokenized sequence lengths: [679, 679, 679, 679]
[DataCollatorForCDSMaskedLM] Tokenized sequence lengths: [1024, 1024, 1024, 1024]
[DataCollatorForCDSMaskedLM] Tokenized sequence lengths: [396, 396, 396, 396]
[DataCollatorForCDSMaskedLM] Tokenized sequence lengths: [507, 507, 507, 507]
[DataCollatorForCDSMaskedLM] Tokenized sequence lengths: [665, 665, 665, 665]
[DataCollatorForCDSMaskedLM] Tokenized sequence lengths: [1024, 1024, 1024, 1024]
[DataCollatorForCDSMaskedLM] Tokenized sequence lengths: [346, 346, 346, 346]
[DataCollatorForCDSMaskedLM] Tokenized sequence lengths: [200, 200, 200, 200]
[DataCollatorForCDSMaskedLM] Tokenized sequence lengths: [318, 318, 318, 318]
[DataCollatorForCDSMaskedLM] Tokenized sequence lengths: [148, 148, 148, 148]
[DataCollatorForCDSMaskedLM] Tokenized sequence lengths: [190, 190, 190, 190]
[DataCollatorForCDSMaskedLM] Tokenized sequence lengths: [459, 459, 459, 459]
[DataCollatorForCDSMaskedLM] Tokenized sequence lengths: [372, 372, 372, 372]
[DataCollatorForCDSMaskedLM] Tokenized sequence lengths: [250, 250, 250, 250]
[DataCollatorForCDSMaskedLM] Tokenized sequence lengths: [361, 361, 361, 361]
[DataCollatorForCDSMaskedLM] Tokenized sequence lengths: [587, 587, 587, 587]
[DataCollatorForCDSMaskedLM] Tokenized sequence lengths: [147, 147, 147, 147]
[DataCollatorForCDSMaskedLM] Tokenized sequence lengths: [1024, 1024, 1024, 1024]
[DataCollatorForCDSMaskedLM] Tokenized sequence lengths: [1024, 1024, 1024, 1024]
[DataCollatorForCDSMaskedLM] Tokenized sequence lengths: [320, 320, 320, 320]
[DataCollatorForCDSMaskedLM] Tokenized sequence lengths: [1024, 1024, 1024, 1024]
[DataCollatorForCDSMaskedLM] Tokenized sequence lengths: [305, 305, 305, 305]
[DataCollatorForCDSMaskedLM] Tokenized sequence lengths: [492, 492, 492, 492]
[DataCollatorForCDSMaskedLM] Tokenized sequence lengths: [126, 126, 126, 126]
[DataCollatorForCDSMaskedLM] Tokenized sequence lengths: [104, 104, 104, 104]
[DataCollatorForCDSMaskedLM] Tokenized sequence lengths: [88, 88, 88, 88]
[DataCollatorForCDSMaskedLM] Tokenized sequence lengths: [228, 228, 228, 228]
[DataCollatorForCDSMaskedLM] Tokenized sequence lengths: [434, 434, 434, 434]
[DataCollatorForCDSMaskedLM] Tokenized sequence lengths: [673, 673, 673, 673]
{'loss': 6.6659, 'learning_rate': 0.0001375, 'epoch': 0.0}
[DataCollatorForCDSMaskedLM] Tokenized sequence lengths: [130, 130, 130, 130]
[DataCollatorForCDSMaskedLM] Tokenized sequence lengths: [175, 175, 175, 175]
[DataCollatorForCDSMaskedLM] Tokenized sequence lengths: [247, 247, 247, 247]
[DataCollatorForCDSMaskedLM] Tokenized sequence lengths: [897, 897, 897, 897]
[DataCollatorForCDSMaskedLM] Tokenized sequence lengths: [296, 296, 296, 296]
[DataCollatorForCDSMaskedLM] Tokenized sequence lengths: [133, 133, 133, 133]
[DataCollatorForCDSMaskedLM] Tokenized sequence lengths: [68, 68, 68, 68]
[DataCollatorForCDSMaskedLM] Tokenized sequence lengths: [648, 648, 648, 648]
[DataCollatorForCDSMaskedLM] Tokenized sequence lengths: [460, 460, 460, 460]
[DataCollatorForCDSMaskedLM] Tokenized sequence lengths: [388, 388, 388, 388]
[DataCollatorForCDSMaskedLM] Tokenized sequence lengths: [872, 872, 872, 872]
[DataCollatorForCDSMaskedLM] Tokenized sequence lengths: [1024, 1024, 1024, 1024]
[DataCollatorForCDSMaskedLM] Tokenized sequence lengths: [407, 407, 407, 407]
[DataCollatorForCDSMaskedLM] Tokenized sequence lengths: [1024, 1024, 1024, 1024]
[DataCollatorForCDSMaskedLM] Tokenized sequence lengths: [1024, 1024, 1024, 1024]
[DataCollatorForCDSMaskedLM] Tokenized sequence lengths: [59, 59, 59, 59]
[DataCollatorForCDSMaskedLM] Tokenized sequence lengths: [98, 98, 98, 98]
[DataCollatorForCDSMaskedLM] Tokenized sequence lengths: [416, 416, 416, 416]
[DataCollatorForCDSMaskedLM] Tokenized sequence lengths: [113, 113, 113, 113]
[DataCollatorForCDSMaskedLM] Tokenized sequence lengths: [139, 139, 139, 139]
[DataCollatorForCDSMaskedLM] Tokenized sequence lengths: [260, 260, 260, 260]
[DataCollatorForCDSMaskedLM] Tokenized sequence lengths: [343, 343, 343, 343]
[DataCollatorForCDSMaskedLM] Tokenized sequence lengths: [732, 732, 732, 732]
[DataCollatorForCDSMaskedLM] Tokenized sequence lengths: [1024, 1024, 1024, 1024]
[DataCollatorForCDSMaskedLM] Tokenized sequence lengths: [108, 108, 108, 108]
[DataCollatorForCDSMaskedLM] Tokenized sequence lengths: [1024, 1024, 1024, 1024]
[DataCollatorForCDSMaskedLM] Tokenized sequence lengths: [85, 85, 85, 85]
[DataCollatorForCDSMaskedLM] Tokenized sequence lengths: [1024, 1024, 1024, 1024]
[DataCollatorForCDSMaskedLM] Tokenized sequence lengths: [261, 261, 261, 261]
[DataCollatorForCDSMaskedLM] Tokenized sequence lengths: [454, 454, 454, 454]
[DataCollatorForCDSMaskedLM] Tokenized sequence lengths: [103, 103, 103, 103]
[DataCollatorForCDSMaskedLM] Tokenized sequence lengths: [292, 292, 292, 292]
[DataCollatorForCDSMaskedLM] Tokenized sequence lengths: [122, 122, 122, 122]
[DataCollatorForCDSMaskedLM] Tokenized sequence lengths: [200, 200, 200, 200]
[DataCollatorForCDSMaskedLM] Tokenized sequence lengths: [1024, 1024, 1024, 1024]
[DataCollatorForCDSMaskedLM] Tokenized sequence lengths: [107, 107, 107, 107]
[DataCollatorForCDSMaskedLM] Tokenized sequence lengths: [144, 144, 144, 144]
[DataCollatorForCDSMaskedLM] Tokenized sequence lengths: [387, 387, 387, 387]
[DataCollatorForCDSMaskedLM] Tokenized sequence lengths: [293, 293, 293, 293]
[DataCollatorForCDSMaskedLM] Tokenized sequence lengths: [456, 456, 456, 456]
{'loss': 6.6247, 'learning_rate': 0.00014166666666666668, 'epoch': 0.0}
[DataCollatorForCDSMaskedLM] Tokenized sequence lengths: [116, 116, 116, 116]
[DataCollatorForCDSMaskedLM] Tokenized sequence lengths: [536, 536, 536, 536]
[DataCollatorForCDSMaskedLM] Tokenized sequence lengths: [606, 606, 606, 606]
[DataCollatorForCDSMaskedLM] Tokenized sequence lengths: [1024, 1024, 1024, 1024]
[DataCollatorForCDSMaskedLM] Tokenized sequence lengths: [77, 77, 77, 77]
[DataCollatorForCDSMaskedLM] Tokenized sequence lengths: [317, 317, 317, 317]
[DataCollatorForCDSMaskedLM] Tokenized sequence lengths: [128, 128, 128, 128]
[DataCollatorForCDSMaskedLM] Tokenized sequence lengths: [1024, 1024, 1024, 1024]
[DataCollatorForCDSMaskedLM] Tokenized sequence lengths: [403, 403, 403, 403]
[DataCollatorForCDSMaskedLM] Tokenized sequence lengths: [1024, 1024, 1024, 1024]
[DataCollatorForCDSMaskedLM] Tokenized sequence lengths: [109, 109, 109, 109]
[DataCollatorForCDSMaskedLM] Tokenized sequence lengths: [218, 218, 218, 218]
[DataCollatorForCDSMaskedLM] Tokenized sequence lengths: [195, 195, 195, 195]
[DataCollatorForCDSMaskedLM] Tokenized sequence lengths: [170, 170, 170, 170]
[DataCollatorForCDSMaskedLM] Tokenized sequence lengths: [939, 939, 939, 939]
[DataCollatorForCDSMaskedLM] Tokenized sequence lengths: [1024, 1024, 1024, 1024]
[DataCollatorForCDSMaskedLM] Tokenized sequence lengths: [103, 103, 103, 103]
[DataCollatorForCDSMaskedLM] Tokenized sequence lengths: [789, 789, 789, 789]
[DataCollatorForCDSMaskedLM] Tokenized sequence lengths: [257, 257, 257, 257]
[DataCollatorForCDSMaskedLM] Tokenized sequence lengths: [137, 137, 137, 137]
[DataCollatorForCDSMaskedLM] Tokenized sequence lengths: [442, 442, 442, 442]
[DataCollatorForCDSMaskedLM] Tokenized sequence lengths: [1024, 1024, 1024, 1024]
[DataCollatorForCDSMaskedLM] Tokenized sequence lengths: [250, 250, 250, 250]
[DataCollatorForCDSMaskedLM] Tokenized sequence lengths: [211, 211, 211, 211]
[DataCollatorForCDSMaskedLM] Tokenized sequence lengths: [315, 315, 315, 315]
[DataCollatorForCDSMaskedLM] Tokenized sequence lengths: [1024, 1024, 1024, 1024]
[DataCollatorForCDSMaskedLM] Tokenized sequence lengths: [208, 208, 208, 208]
[DataCollatorForCDSMaskedLM] Tokenized sequence lengths: [267, 267, 267, 267]
[DataCollatorForCDSMaskedLM] Tokenized sequence lengths: [111, 111, 111, 111]
[DataCollatorForCDSMaskedLM] Tokenized sequence lengths: [359, 359, 359, 359]
[DataCollatorForCDSMaskedLM] Tokenized sequence lengths: [350, 350, 350, 350]
[DataCollatorForCDSMaskedLM] Tokenized sequence lengths: [922, 922, 922, 922]
[DataCollatorForCDSMaskedLM] Tokenized sequence lengths: [233, 233, 233, 233]
[DataCollatorForCDSMaskedLM] Tokenized sequence lengths: [349, 349, 349, 349]
[DataCollatorForCDSMaskedLM] Tokenized sequence lengths: [123, 123, 123, 123]
[DataCollatorForCDSMaskedLM] Tokenized sequence lengths: [617, 617, 617, 617]
[DataCollatorForCDSMaskedLM] Tokenized sequence lengths: [106, 106, 106, 106]
[DataCollatorForCDSMaskedLM] Tokenized sequence lengths: [412, 412, 412, 412]
[DataCollatorForCDSMaskedLM] Tokenized sequence lengths: [195, 195, 195, 195]
[DataCollatorForCDSMaskedLM] Tokenized sequence lengths: [335, 335, 335, 335]
{'loss': 6.6853, 'learning_rate': 0.00014583333333333335, 'epoch': 0.0}
[DataCollatorForCDSMaskedLM] Tokenized sequence lengths: [153, 153, 153, 153]
[DataCollatorForCDSMaskedLM] Tokenized sequence lengths: [507, 507, 507, 507]
[DataCollatorForCDSMaskedLM] Tokenized sequence lengths: [438, 438, 438, 438]
[DataCollatorForCDSMaskedLM] Tokenized sequence lengths: [552, 552, 552, 552]
[DataCollatorForCDSMaskedLM] Tokenized sequence lengths: [135, 135, 135, 135]
[DataCollatorForCDSMaskedLM] Tokenized sequence lengths: [640, 640, 640, 640]
[DataCollatorForCDSMaskedLM] Tokenized sequence lengths: [146, 146, 146, 146]
[DataCollatorForCDSMaskedLM] Tokenized sequence lengths: [1024, 1024, 1024, 1024]
[DataCollatorForCDSMaskedLM] Tokenized sequence lengths: [1024, 1024, 1024, 1024]
[DataCollatorForCDSMaskedLM] Tokenized sequence lengths: [1024, 1024, 1024, 1024]
[DataCollatorForCDSMaskedLM] Tokenized sequence lengths: [358, 358, 358, 358]
[DataCollatorForCDSMaskedLM] Tokenized sequence lengths: [302, 302, 302, 302]
[DataCollatorForCDSMaskedLM] Tokenized sequence lengths: [345, 345, 345, 345]
[DataCollatorForCDSMaskedLM] Tokenized sequence lengths: [1024, 1024, 1024, 1024]
[DataCollatorForCDSMaskedLM] Tokenized sequence lengths: [308, 308, 308, 308]
[DataCollatorForCDSMaskedLM] Tokenized sequence lengths: [1024, 1024, 1024, 1024]
[DataCollatorForCDSMaskedLM] Tokenized sequence lengths: [214, 214, 214, 214]
[DataCollatorForCDSMaskedLM] Tokenized sequence lengths: [313, 313, 313, 313]
[DataCollatorForCDSMaskedLM] Tokenized sequence lengths: [602, 602, 602, 602]
[DataCollatorForCDSMaskedLM] Tokenized sequence lengths: [765, 765, 765, 765]
[DataCollatorForCDSMaskedLM] Tokenized sequence lengths: [235, 235, 235, 235]
[DataCollatorForCDSMaskedLM] Tokenized sequence lengths: [1024, 1024, 1024, 1024]
[DataCollatorForCDSMaskedLM] Tokenized sequence lengths: [815, 815, 815, 815]
[DataCollatorForCDSMaskedLM] Tokenized sequence lengths: [79, 79, 79, 79]
[DataCollatorForCDSMaskedLM] Tokenized sequence lengths: [90, 90, 90, 90]
[DataCollatorForCDSMaskedLM] Tokenized sequence lengths: [733, 733, 733, 733]
[DataCollatorForCDSMaskedLM] Tokenized sequence lengths: [531, 531, 531, 531]
[DataCollatorForCDSMaskedLM] Tokenized sequence lengths: [1024, 1024, 1024, 1024]
[DataCollatorForCDSMaskedLM] Tokenized sequence lengths: [168, 168, 168, 168]
[DataCollatorForCDSMaskedLM] Tokenized sequence lengths: [133, 133, 133, 133]
[DataCollatorForCDSMaskedLM] Tokenized sequence lengths: [335, 335, 335, 335]
[DataCollatorForCDSMaskedLM] Tokenized sequence lengths: [445, 445, 445, 445]
[DataCollatorForCDSMaskedLM] Tokenized sequence lengths: [144, 144, 144, 144]
[DataCollatorForCDSMaskedLM] Tokenized sequence lengths: [492, 492, 492, 492]
[DataCollatorForCDSMaskedLM] Tokenized sequence lengths: [1024, 1024, 1024, 1024]
[DataCollatorForCDSMaskedLM] Tokenized sequence lengths: [1024, 1024, 1024, 1024]
[DataCollatorForCDSMaskedLM] Tokenized sequence lengths: [265, 265, 265, 265]
[DataCollatorForCDSMaskedLM] Tokenized sequence lengths: [90, 90, 90, 90]
[DataCollatorForCDSMaskedLM] Tokenized sequence lengths: [250, 250, 250, 250]
[DataCollatorForCDSMaskedLM] Tokenized sequence lengths: [526, 526, 526, 526]
{'loss': 6.6199, 'learning_rate': 0.00015, 'epoch': 0.0}
[DataCollatorForCDSMaskedLM] Tokenized sequence lengths: [83, 83, 83, 83]
[DataCollatorForCDSMaskedLM] Tokenized sequence lengths: [103, 103, 103, 103]
[DataCollatorForCDSMaskedLM] Tokenized sequence lengths: [279, 279, 279, 279]
[DataCollatorForCDSMaskedLM] Tokenized sequence lengths: [628, 628, 628, 628]
[DataCollatorForCDSMaskedLM] Tokenized sequence lengths: [112, 112, 112, 112]
[DataCollatorForCDSMaskedLM] Tokenized sequence lengths: [226, 226, 226, 226]
[DataCollatorForCDSMaskedLM] Tokenized sequence lengths: [1024, 1024, 1024, 1024]
[DataCollatorForCDSMaskedLM] Tokenized sequence lengths: [356, 356, 356, 356]
[DataCollatorForCDSMaskedLM] Tokenized sequence lengths: [103, 103, 103, 103]
[DataCollatorForCDSMaskedLM] Tokenized sequence lengths: [152, 152, 152, 152]
[DataCollatorForCDSMaskedLM] Tokenized sequence lengths: [679, 679, 679, 679]
[DataCollatorForCDSMaskedLM] Tokenized sequence lengths: [514, 514, 514, 514]
[DataCollatorForCDSMaskedLM] Tokenized sequence lengths: [157, 157, 157, 157]
[DataCollatorForCDSMaskedLM] Tokenized sequence lengths: [388, 388, 388, 388]
[DataCollatorForCDSMaskedLM] Tokenized sequence lengths: [1024, 1024, 1024, 1024]
[DataCollatorForCDSMaskedLM] Tokenized sequence lengths: [667, 667, 667, 667]
[DataCollatorForCDSMaskedLM] Tokenized sequence lengths: [292, 292, 292, 292]
[DataCollatorForCDSMaskedLM] Tokenized sequence lengths: [116, 116, 116, 116]
[DataCollatorForCDSMaskedLM] Tokenized sequence lengths: [219, 219, 219, 219]
[DataCollatorForCDSMaskedLM] Tokenized sequence lengths: [1024, 1024, 1024, 1024]
[DataCollatorForCDSMaskedLM] Tokenized sequence lengths: [200, 200, 200, 200]
[DataCollatorForCDSMaskedLM] Tokenized sequence lengths: [192, 192, 192, 192]
[DataCollatorForCDSMaskedLM] Tokenized sequence lengths: [179, 179, 179, 179]
[DataCollatorForCDSMaskedLM] Tokenized sequence lengths: [555, 555, 555, 555]
[DataCollatorForCDSMaskedLM] Tokenized sequence lengths: [66, 66, 66, 66]
[DataCollatorForCDSMaskedLM] Tokenized sequence lengths: [300, 300, 300, 300]
[DataCollatorForCDSMaskedLM] Tokenized sequence lengths: [367, 367, 367, 367]
[DataCollatorForCDSMaskedLM] Tokenized sequence lengths: [93, 93, 93, 93]
[DataCollatorForCDSMaskedLM] Tokenized sequence lengths: [92, 92, 92, 92]
[DataCollatorForCDSMaskedLM] Tokenized sequence lengths: [307, 307, 307, 307]
[DataCollatorForCDSMaskedLM] Tokenized sequence lengths: [412, 412, 412, 412]
[DataCollatorForCDSMaskedLM] Tokenized sequence lengths: [303, 303, 303, 303]
[DataCollatorForCDSMaskedLM] Tokenized sequence lengths: [346, 346, 346, 346]
[DataCollatorForCDSMaskedLM] Tokenized sequence lengths: [659, 659, 659, 659]
[DataCollatorForCDSMaskedLM] Tokenized sequence lengths: [104, 104, 104, 104]
[DataCollatorForCDSMaskedLM] Tokenized sequence lengths: [192, 192, 192, 192]
[DataCollatorForCDSMaskedLM] Tokenized sequence lengths: [109, 109, 109, 109]
[DataCollatorForCDSMaskedLM] Tokenized sequence lengths: [106, 106, 106, 106]
[DataCollatorForCDSMaskedLM] Tokenized sequence lengths: [1024, 1024, 1024, 1024]
[DataCollatorForCDSMaskedLM] Tokenized sequence lengths: [1024, 1024, 1024, 1024]
{'loss': 6.6278, 'learning_rate': 0.00015416666666666668, 'epoch': 0.0}
[DataCollatorForCDSMaskedLM] Tokenized sequence lengths: [276, 276, 276, 276]
[DataCollatorForCDSMaskedLM] Tokenized sequence lengths: [624, 624, 624, 624]
[DataCollatorForCDSMaskedLM] Tokenized sequence lengths: [667, 667, 667, 667]
[DataCollatorForCDSMaskedLM] Tokenized sequence lengths: [888, 888, 888, 888]
[DataCollatorForCDSMaskedLM] Tokenized sequence lengths: [114, 114, 114, 114]
[DataCollatorForCDSMaskedLM] Tokenized sequence lengths: [1024, 1024, 1024, 1024]
[DataCollatorForCDSMaskedLM] Tokenized sequence lengths: [633, 633, 633, 633]
[DataCollatorForCDSMaskedLM] Tokenized sequence lengths: [1024, 1024, 1024, 1024]
[DataCollatorForCDSMaskedLM] Tokenized sequence lengths: [640, 640, 640, 640]
[DataCollatorForCDSMaskedLM] Tokenized sequence lengths: [96, 96, 96, 96]
[DataCollatorForCDSMaskedLM] Tokenized sequence lengths: [112, 112, 112, 112]
[DataCollatorForCDSMaskedLM] Tokenized sequence lengths: [461, 461, 461, 461]
[DataCollatorForCDSMaskedLM] Tokenized sequence lengths: [296, 296, 296, 296]
[DataCollatorForCDSMaskedLM] Tokenized sequence lengths: [379, 379, 379, 379]
[DataCollatorForCDSMaskedLM] Tokenized sequence lengths: [394, 394, 394, 394]
[DataCollatorForCDSMaskedLM] Tokenized sequence lengths: [659, 659, 659, 659]
[DataCollatorForCDSMaskedLM] Tokenized sequence lengths: [135, 135, 135, 135]
[DataCollatorForCDSMaskedLM] Tokenized sequence lengths: [728, 728, 728, 728]
[DataCollatorForCDSMaskedLM] Tokenized sequence lengths: [1024, 1024, 1024, 1024]
[DataCollatorForCDSMaskedLM] Tokenized sequence lengths: [311, 311, 311, 311]
[DataCollatorForCDSMaskedLM] Tokenized sequence lengths: [130, 130, 130, 130]
[DataCollatorForCDSMaskedLM] Tokenized sequence lengths: [798, 798, 798, 798]
[DataCollatorForCDSMaskedLM] Tokenized sequence lengths: [257, 257, 257, 257]
[DataCollatorForCDSMaskedLM] Tokenized sequence lengths: [693, 693, 693, 693]
[DataCollatorForCDSMaskedLM] Tokenized sequence lengths: [235, 235, 235, 235]
[DataCollatorForCDSMaskedLM] Tokenized sequence lengths: [556, 556, 556, 556]
[DataCollatorForCDSMaskedLM] Tokenized sequence lengths: [122, 122, 122, 122]
[DataCollatorForCDSMaskedLM] Tokenized sequence lengths: [298, 298, 298, 298]
[DataCollatorForCDSMaskedLM] Tokenized sequence lengths: [165, 165, 165, 165]
[DataCollatorForCDSMaskedLM] Tokenized sequence lengths: [309, 309, 309, 309]
[DataCollatorForCDSMaskedLM] Tokenized sequence lengths: [537, 537, 537, 537]
[DataCollatorForCDSMaskedLM] Tokenized sequence lengths: [1024, 1024, 1024, 1024]
[DataCollatorForCDSMaskedLM] Tokenized sequence lengths: [61, 61, 61, 61]
[DataCollatorForCDSMaskedLM] Tokenized sequence lengths: [1024, 1024, 1024, 1024]
[DataCollatorForCDSMaskedLM] Tokenized sequence lengths: [360, 360, 360, 360]
[DataCollatorForCDSMaskedLM] Tokenized sequence lengths: [929, 929, 929, 929]
[DataCollatorForCDSMaskedLM] Tokenized sequence lengths: [138, 138, 138, 138]
[DataCollatorForCDSMaskedLM] Tokenized sequence lengths: [205, 205, 205, 205]
[DataCollatorForCDSMaskedLM] Tokenized sequence lengths: [124, 124, 124, 124]
[DataCollatorForCDSMaskedLM] Tokenized sequence lengths: [1024, 1024, 1024, 1024]
{'loss': 6.6086, 'learning_rate': 0.00015833333333333332, 'epoch': 0.0}
[DataCollatorForCDSMaskedLM] Tokenized sequence lengths: [147, 147, 147, 147]
[DataCollatorForCDSMaskedLM] Tokenized sequence lengths: [106, 106, 106, 106]
[DataCollatorForCDSMaskedLM] Tokenized sequence lengths: [609, 609, 609, 609]
[DataCollatorForCDSMaskedLM] Tokenized sequence lengths: [873, 873, 873, 873]
[DataCollatorForCDSMaskedLM] Tokenized sequence lengths: [364, 364, 364, 364]
[DataCollatorForCDSMaskedLM] Tokenized sequence lengths: [417, 417, 417, 417]
[DataCollatorForCDSMaskedLM] Tokenized sequence lengths: [456, 456, 456, 456]
[DataCollatorForCDSMaskedLM] Tokenized sequence lengths: [877, 877, 877, 877]
[DataCollatorForCDSMaskedLM] Tokenized sequence lengths: [188, 188, 188, 188]
[DataCollatorForCDSMaskedLM] Tokenized sequence lengths: [318, 318, 318, 318]
[DataCollatorForCDSMaskedLM] Tokenized sequence lengths: [1024, 1024, 1024, 1024]
[DataCollatorForCDSMaskedLM] Tokenized sequence lengths: [232, 232, 232, 232]
[DataCollatorForCDSMaskedLM] Tokenized sequence lengths: [108, 108, 108, 108]
[DataCollatorForCDSMaskedLM] Tokenized sequence lengths: [175, 175, 175, 175]
[DataCollatorForCDSMaskedLM] Tokenized sequence lengths: [1024, 1024, 1024, 1024]
[DataCollatorForCDSMaskedLM] Tokenized sequence lengths: [100, 100, 100, 100]
[DataCollatorForCDSMaskedLM] Tokenized sequence lengths: [285, 285, 285, 285]
[DataCollatorForCDSMaskedLM] Tokenized sequence lengths: [222, 222, 222, 222]
[DataCollatorForCDSMaskedLM] Tokenized sequence lengths: [393, 393, 393, 393]
[DataCollatorForCDSMaskedLM] Tokenized sequence lengths: [385, 385, 385, 385]
[DataCollatorForCDSMaskedLM] Tokenized sequence lengths: [548, 548, 548, 548]
[DataCollatorForCDSMaskedLM] Tokenized sequence lengths: [1024, 1024, 1024, 1024]
[DataCollatorForCDSMaskedLM] Tokenized sequence lengths: [883, 883, 883, 883]
[DataCollatorForCDSMaskedLM] Tokenized sequence lengths: [1024, 1024, 1024, 1024]
[DataCollatorForCDSMaskedLM] Tokenized sequence lengths: [896, 896, 896, 896]
[DataCollatorForCDSMaskedLM] Tokenized sequence lengths: [91, 91, 91, 91]
[DataCollatorForCDSMaskedLM] Tokenized sequence lengths: [112, 112, 112, 112]
[DataCollatorForCDSMaskedLM] Tokenized sequence lengths: [768, 768, 768, 768]
[DataCollatorForCDSMaskedLM] Tokenized sequence lengths: [193, 193, 193, 193]
[DataCollatorForCDSMaskedLM] Tokenized sequence lengths: [283, 283, 283, 283]
[DataCollatorForCDSMaskedLM] Tokenized sequence lengths: [377, 377, 377, 377]
[DataCollatorForCDSMaskedLM] Tokenized sequence lengths: [493, 493, 493, 493]
[DataCollatorForCDSMaskedLM] Tokenized sequence lengths: [366, 366, 366, 366]
[DataCollatorForCDSMaskedLM] Tokenized sequence lengths: [791, 791, 791, 791]
[DataCollatorForCDSMaskedLM] Tokenized sequence lengths: [301, 301, 301, 301]
[DataCollatorForCDSMaskedLM] Tokenized sequence lengths: [485, 485, 485, 485]
[DataCollatorForCDSMaskedLM] Tokenized sequence lengths: [199, 199, 199, 199]
[DataCollatorForCDSMaskedLM] Tokenized sequence lengths: [450, 450, 450, 450]
[DataCollatorForCDSMaskedLM] Tokenized sequence lengths: [1024, 1024, 1024, 1024]
[DataCollatorForCDSMaskedLM] Tokenized sequence lengths: [143, 143, 143, 143]
{'loss': 6.6309, 'learning_rate': 0.00016250000000000002, 'epoch': 0.0}
[DataCollatorForCDSMaskedLM] Tokenized sequence lengths: [143, 143, 143, 143]
[DataCollatorForCDSMaskedLM] Tokenized sequence lengths: [415, 415, 415, 415]
[DataCollatorForCDSMaskedLM] Tokenized sequence lengths: [332, 332, 332, 332]
[DataCollatorForCDSMaskedLM] Tokenized sequence lengths: [1024, 1024, 1024, 1024]
[DataCollatorForCDSMaskedLM] Tokenized sequence lengths: [286, 286, 286, 286]
[DataCollatorForCDSMaskedLM] Tokenized sequence lengths: [170, 170, 170, 170]
[DataCollatorForCDSMaskedLM] Tokenized sequence lengths: [237, 237, 237, 237]
[DataCollatorForCDSMaskedLM] Tokenized sequence lengths: [892, 892, 892, 892]
[DataCollatorForCDSMaskedLM] Tokenized sequence lengths: [213, 213, 213, 213]
[DataCollatorForCDSMaskedLM] Tokenized sequence lengths: [251, 251, 251, 251]
[DataCollatorForCDSMaskedLM] Tokenized sequence lengths: [338, 338, 338, 338]
[DataCollatorForCDSMaskedLM] Tokenized sequence lengths: [979, 979, 979, 979]
[DataCollatorForCDSMaskedLM] Tokenized sequence lengths: [89, 89, 89, 89]
[DataCollatorForCDSMaskedLM] Tokenized sequence lengths: [353, 353, 353, 353]
[DataCollatorForCDSMaskedLM] Tokenized sequence lengths: [376, 376, 376, 376]
[DataCollatorForCDSMaskedLM] Tokenized sequence lengths: [1024, 1024, 1024, 1024]
[DataCollatorForCDSMaskedLM] Tokenized sequence lengths: [94, 94, 94, 94]
[DataCollatorForCDSMaskedLM] Tokenized sequence lengths: [190, 190, 190, 190]
[DataCollatorForCDSMaskedLM] Tokenized sequence lengths: [245, 245, 245, 245]
[DataCollatorForCDSMaskedLM] Tokenized sequence lengths: [164, 164, 164, 164]
[DataCollatorForCDSMaskedLM] Tokenized sequence lengths: [188, 188, 188, 188]
[DataCollatorForCDSMaskedLM] Tokenized sequence lengths: [204, 204, 204, 204]
[DataCollatorForCDSMaskedLM] Tokenized sequence lengths: [853, 853, 853, 853]
[DataCollatorForCDSMaskedLM] Tokenized sequence lengths: [117, 117, 117, 117]
[DataCollatorForCDSMaskedLM] Tokenized sequence lengths: [133, 133, 133, 133]
[DataCollatorForCDSMaskedLM] Tokenized sequence lengths: [94, 94, 94, 94]
[DataCollatorForCDSMaskedLM] Tokenized sequence lengths: [628, 628, 628, 628]
[DataCollatorForCDSMaskedLM] Tokenized sequence lengths: [678, 678, 678, 678]
[DataCollatorForCDSMaskedLM] Tokenized sequence lengths: [369, 369, 369, 369]
[DataCollatorForCDSMaskedLM] Tokenized sequence lengths: [283, 283, 283, 283]
[DataCollatorForCDSMaskedLM] Tokenized sequence lengths: [573, 573, 573, 573]
[DataCollatorForCDSMaskedLM] Tokenized sequence lengths: [1024, 1024, 1024, 1024]
[DataCollatorForCDSMaskedLM] Tokenized sequence lengths: [236, 236, 236, 236]
[DataCollatorForCDSMaskedLM] Tokenized sequence lengths: [102, 102, 102, 102]
[DataCollatorForCDSMaskedLM] Tokenized sequence lengths: [271, 271, 271, 271]
[DataCollatorForCDSMaskedLM] Tokenized sequence lengths: [1024, 1024, 1024, 1024]
[DataCollatorForCDSMaskedLM] Tokenized sequence lengths: [276, 276, 276, 276]
[DataCollatorForCDSMaskedLM] Tokenized sequence lengths: [168, 168, 168, 168]
[DataCollatorForCDSMaskedLM] Tokenized sequence lengths: [800, 800, 800, 800]
[DataCollatorForCDSMaskedLM] Tokenized sequence lengths: [1024, 1024, 1024, 1024]
{'loss': 6.588, 'learning_rate': 0.00016666666666666666, 'epoch': 0.0}
[DataCollatorForCDSMaskedLM] Tokenized sequence lengths: [244, 244, 244, 244]
[DataCollatorForCDSMaskedLM] Tokenized sequence lengths: [1024, 1024, 1024, 1024]
[DataCollatorForCDSMaskedLM] Tokenized sequence lengths: [1024, 1024, 1024, 1024]
[DataCollatorForCDSMaskedLM] Tokenized sequence lengths: [1024, 1024, 1024, 1024]
[DataCollatorForCDSMaskedLM] Tokenized sequence lengths: [61, 61, 61, 61]
[DataCollatorForCDSMaskedLM] Tokenized sequence lengths: [681, 681, 681, 681]
[DataCollatorForCDSMaskedLM] Tokenized sequence lengths: [61, 61, 61, 61]
[DataCollatorForCDSMaskedLM] Tokenized sequence lengths: [110, 110, 110, 110]
[DataCollatorForCDSMaskedLM] Tokenized sequence lengths: [248, 248, 248, 248]
[DataCollatorForCDSMaskedLM] Tokenized sequence lengths: [467, 467, 467, 467]
[DataCollatorForCDSMaskedLM] Tokenized sequence lengths: [707, 707, 707, 707]
[DataCollatorForCDSMaskedLM] Tokenized sequence lengths: [251, 251, 251, 251]
[DataCollatorForCDSMaskedLM] Tokenized sequence lengths: [521, 521, 521, 521]
[DataCollatorForCDSMaskedLM] Tokenized sequence lengths: [354, 354, 354, 354]
[DataCollatorForCDSMaskedLM] Tokenized sequence lengths: [756, 756, 756, 756]
[DataCollatorForCDSMaskedLM] Tokenized sequence lengths: [137, 137, 137, 137]
[DataCollatorForCDSMaskedLM] Tokenized sequence lengths: [80, 80, 80, 80]
[DataCollatorForCDSMaskedLM] Tokenized sequence lengths: [98, 98, 98, 98]
[DataCollatorForCDSMaskedLM] Tokenized sequence lengths: [623, 623, 623, 623]
[DataCollatorForCDSMaskedLM] Tokenized sequence lengths: [149, 149, 149, 149]
[DataCollatorForCDSMaskedLM] Tokenized sequence lengths: [391, 391, 391, 391]
[DataCollatorForCDSMaskedLM] Tokenized sequence lengths: [87, 87, 87, 87]
[DataCollatorForCDSMaskedLM] Tokenized sequence lengths: [99, 99, 99, 99]
[DataCollatorForCDSMaskedLM] Tokenized sequence lengths: [1024, 1024, 1024, 1024]
[DataCollatorForCDSMaskedLM] Tokenized sequence lengths: [145, 145, 145, 145]
[DataCollatorForCDSMaskedLM] Tokenized sequence lengths: [187, 187, 187, 187]
[DataCollatorForCDSMaskedLM] Tokenized sequence lengths: [1024, 1024, 1024, 1024]
[DataCollatorForCDSMaskedLM] Tokenized sequence lengths: [610, 610, 610, 610]
[DataCollatorForCDSMaskedLM] Tokenized sequence lengths: [301, 301, 301, 301]
[DataCollatorForCDSMaskedLM] Tokenized sequence lengths: [334, 334, 334, 334]
[DataCollatorForCDSMaskedLM] Tokenized sequence lengths: [304, 304, 304, 304]
[DataCollatorForCDSMaskedLM] Tokenized sequence lengths: [543, 543, 543, 543]
[DataCollatorForCDSMaskedLM] Tokenized sequence lengths: [114, 114, 114, 114]
[DataCollatorForCDSMaskedLM] Tokenized sequence lengths: [179, 179, 179, 179]
[DataCollatorForCDSMaskedLM] Tokenized sequence lengths: [249, 249, 249, 249]
[DataCollatorForCDSMaskedLM] Tokenized sequence lengths: [544, 544, 544, 544]
[DataCollatorForCDSMaskedLM] Tokenized sequence lengths: [69, 69, 69, 69]
[DataCollatorForCDSMaskedLM] Tokenized sequence lengths: [135, 135, 135, 135]
[DataCollatorForCDSMaskedLM] Tokenized sequence lengths: [370, 370, 370, 370]
[DataCollatorForCDSMaskedLM] Tokenized sequence lengths: [372, 372, 372, 372]
{'loss': 6.6192, 'learning_rate': 0.00017083333333333333, 'epoch': 0.0}
[DataCollatorForCDSMaskedLM] Tokenized sequence lengths: [364, 364, 364, 364]
[DataCollatorForCDSMaskedLM] Tokenized sequence lengths: [266, 266, 266, 266]
[DataCollatorForCDSMaskedLM] Tokenized sequence lengths: [474, 474, 474, 474]
[DataCollatorForCDSMaskedLM] Tokenized sequence lengths: [446, 446, 446, 446]
[DataCollatorForCDSMaskedLM] Tokenized sequence lengths: [485, 485, 485, 485]
[DataCollatorForCDSMaskedLM] Tokenized sequence lengths: [168, 168, 168, 168]
[DataCollatorForCDSMaskedLM] Tokenized sequence lengths: [164, 164, 164, 164]
[DataCollatorForCDSMaskedLM] Tokenized sequence lengths: [423, 423, 423, 423]
[DataCollatorForCDSMaskedLM] Tokenized sequence lengths: [67, 67, 67, 67]
[DataCollatorForCDSMaskedLM] Tokenized sequence lengths: [463, 463, 463, 463]
[DataCollatorForCDSMaskedLM] Tokenized sequence lengths: [454, 454, 454, 454]
[DataCollatorForCDSMaskedLM] Tokenized sequence lengths: [453, 453, 453, 453]
[DataCollatorForCDSMaskedLM] Tokenized sequence lengths: [120, 120, 120, 120]
[DataCollatorForCDSMaskedLM] Tokenized sequence lengths: [107, 107, 107, 107]
[DataCollatorForCDSMaskedLM] Tokenized sequence lengths: [648, 648, 648, 648]
[DataCollatorForCDSMaskedLM] Tokenized sequence lengths: [281, 281, 281, 281]
[DataCollatorForCDSMaskedLM] Tokenized sequence lengths: [122, 122, 122, 122]
[DataCollatorForCDSMaskedLM] Tokenized sequence lengths: [830, 830, 830, 830]
[DataCollatorForCDSMaskedLM] Tokenized sequence lengths: [655, 655, 655, 655]
[DataCollatorForCDSMaskedLM] Tokenized sequence lengths: [263, 263, 263, 263]
[DataCollatorForCDSMaskedLM] Tokenized sequence lengths: [443, 443, 443, 443]
[DataCollatorForCDSMaskedLM] Tokenized sequence lengths: [648, 648, 648, 648]
[DataCollatorForCDSMaskedLM] Tokenized sequence lengths: [146, 146, 146, 146]
[DataCollatorForCDSMaskedLM] Tokenized sequence lengths: [1024, 1024, 1024, 1024]
[DataCollatorForCDSMaskedLM] Tokenized sequence lengths: [85, 85, 85, 85]
[DataCollatorForCDSMaskedLM] Tokenized sequence lengths: [91, 91, 91, 91]
[DataCollatorForCDSMaskedLM] Tokenized sequence lengths: [207, 207, 207, 207]
[DataCollatorForCDSMaskedLM] Tokenized sequence lengths: [193, 193, 193, 193]
[DataCollatorForCDSMaskedLM] Tokenized sequence lengths: [208, 208, 208, 208]
[DataCollatorForCDSMaskedLM] Tokenized sequence lengths: [97, 97, 97, 97]
[DataCollatorForCDSMaskedLM] Tokenized sequence lengths: [478, 478, 478, 478]
[DataCollatorForCDSMaskedLM] Tokenized sequence lengths: [280, 280, 280, 280]
[DataCollatorForCDSMaskedLM] Tokenized sequence lengths: [59, 59, 59, 59]
[DataCollatorForCDSMaskedLM] Tokenized sequence lengths: [210, 210, 210, 210]
[DataCollatorForCDSMaskedLM] Tokenized sequence lengths: [84, 84, 84, 84]
[DataCollatorForCDSMaskedLM] Tokenized sequence lengths: [400, 400, 400, 400]
[DataCollatorForCDSMaskedLM] Tokenized sequence lengths: [285, 285, 285, 285]
[DataCollatorForCDSMaskedLM] Tokenized sequence lengths: [237, 237, 237, 237]
[DataCollatorForCDSMaskedLM] Tokenized sequence lengths: [377, 377, 377, 377]
[DataCollatorForCDSMaskedLM] Tokenized sequence lengths: [112, 112, 112, 112]
{'loss': 6.5617, 'learning_rate': 0.000175, 'epoch': 0.0}
[DataCollatorForCDSMaskedLM] Tokenized sequence lengths: [141, 141, 141, 141]
[DataCollatorForCDSMaskedLM] Tokenized sequence lengths: [80, 80, 80, 80]
[DataCollatorForCDSMaskedLM] Tokenized sequence lengths: [427, 427, 427, 427]
[DataCollatorForCDSMaskedLM] Tokenized sequence lengths: [581, 581, 581, 581]
[DataCollatorForCDSMaskedLM] Tokenized sequence lengths: [166, 166, 166, 166]
[DataCollatorForCDSMaskedLM] Tokenized sequence lengths: [1024, 1024, 1024, 1024]
[DataCollatorForCDSMaskedLM] Tokenized sequence lengths: [976, 976, 976, 976]
[DataCollatorForCDSMaskedLM] Tokenized sequence lengths: [502, 502, 502, 502]
[DataCollatorForCDSMaskedLM] Tokenized sequence lengths: [114, 114, 114, 114]
[DataCollatorForCDSMaskedLM] Tokenized sequence lengths: [182, 182, 182, 182]
[DataCollatorForCDSMaskedLM] Tokenized sequence lengths: [187, 187, 187, 187]
[DataCollatorForCDSMaskedLM] Tokenized sequence lengths: [177, 177, 177, 177]
[DataCollatorForCDSMaskedLM] Tokenized sequence lengths: [385, 385, 385, 385]
[DataCollatorForCDSMaskedLM] Tokenized sequence lengths: [245, 245, 245, 245]
[DataCollatorForCDSMaskedLM] Tokenized sequence lengths: [191, 191, 191, 191]
[DataCollatorForCDSMaskedLM] Tokenized sequence lengths: [289, 289, 289, 289]
[DataCollatorForCDSMaskedLM] Tokenized sequence lengths: [67, 67, 67, 67]
[DataCollatorForCDSMaskedLM] Tokenized sequence lengths: [280, 280, 280, 280]
[DataCollatorForCDSMaskedLM] Tokenized sequence lengths: [424, 424, 424, 424]
[DataCollatorForCDSMaskedLM] Tokenized sequence lengths: [650, 650, 650, 650]
[DataCollatorForCDSMaskedLM] Tokenized sequence lengths: [259, 259, 259, 259]
[DataCollatorForCDSMaskedLM] Tokenized sequence lengths: [220, 220, 220, 220]
[DataCollatorForCDSMaskedLM] Tokenized sequence lengths: [181, 181, 181, 181]
[DataCollatorForCDSMaskedLM] Tokenized sequence lengths: [304, 304, 304, 304]
[DataCollatorForCDSMaskedLM] Tokenized sequence lengths: [96, 96, 96, 96]
[DataCollatorForCDSMaskedLM] Tokenized sequence lengths: [117, 117, 117, 117]
[DataCollatorForCDSMaskedLM] Tokenized sequence lengths: [296, 296, 296, 296]
[DataCollatorForCDSMaskedLM] Tokenized sequence lengths: [101, 101, 101, 101]
[DataCollatorForCDSMaskedLM] Tokenized sequence lengths: [362, 362, 362, 362]
[DataCollatorForCDSMaskedLM] Tokenized sequence lengths: [465, 465, 465, 465]
[DataCollatorForCDSMaskedLM] Tokenized sequence lengths: [802, 802, 802, 802]
[DataCollatorForCDSMaskedLM] Tokenized sequence lengths: [248, 248, 248, 248]
[DataCollatorForCDSMaskedLM] Tokenized sequence lengths: [155, 155, 155, 155]
[DataCollatorForCDSMaskedLM] Tokenized sequence lengths: [296, 296, 296, 296]
[DataCollatorForCDSMaskedLM] Tokenized sequence lengths: [91, 91, 91, 91]
[DataCollatorForCDSMaskedLM] Tokenized sequence lengths: [668, 668, 668, 668]
[DataCollatorForCDSMaskedLM] Tokenized sequence lengths: [109, 109, 109, 109]
[DataCollatorForCDSMaskedLM] Tokenized sequence lengths: [148, 148, 148, 148]
[DataCollatorForCDSMaskedLM] Tokenized sequence lengths: [97, 97, 97, 97]
[DataCollatorForCDSMaskedLM] Tokenized sequence lengths: [1024, 1024, 1024, 1024]
{'loss': 6.522, 'learning_rate': 0.00017916666666666667, 'epoch': 0.0}
[DataCollatorForCDSMaskedLM] Tokenized sequence lengths: [245, 245, 245, 245]
[DataCollatorForCDSMaskedLM] Tokenized sequence lengths: [142, 142, 142, 142]
[DataCollatorForCDSMaskedLM] Tokenized sequence lengths: [1024, 1024, 1024, 1024]
[DataCollatorForCDSMaskedLM] Tokenized sequence lengths: [1013, 1013, 1013, 1013]
[DataCollatorForCDSMaskedLM] Tokenized sequence lengths: [233, 233, 233, 233]
[DataCollatorForCDSMaskedLM] Tokenized sequence lengths: [356, 356, 356, 356]
[DataCollatorForCDSMaskedLM] Tokenized sequence lengths: [149, 149, 149, 149]
[DataCollatorForCDSMaskedLM] Tokenized sequence lengths: [1024, 1024, 1024, 1024]
[DataCollatorForCDSMaskedLM] Tokenized sequence lengths: [391, 391, 391, 391]
[DataCollatorForCDSMaskedLM] Tokenized sequence lengths: [440, 440, 440, 440]
[DataCollatorForCDSMaskedLM] Tokenized sequence lengths: [201, 201, 201, 201]
[DataCollatorForCDSMaskedLM] Tokenized sequence lengths: [743, 743, 743, 743]
[DataCollatorForCDSMaskedLM] Tokenized sequence lengths: [217, 217, 217, 217]
[DataCollatorForCDSMaskedLM] Tokenized sequence lengths: [277, 277, 277, 277]
[DataCollatorForCDSMaskedLM] Tokenized sequence lengths: [560, 560, 560, 560]
[DataCollatorForCDSMaskedLM] Tokenized sequence lengths: [75, 75, 75, 75]
[DataCollatorForCDSMaskedLM] Tokenized sequence lengths: [102, 102, 102, 102]
[DataCollatorForCDSMaskedLM] Tokenized sequence lengths: [154, 154, 154, 154]
[DataCollatorForCDSMaskedLM] Tokenized sequence lengths: [214, 214, 214, 214]
[DataCollatorForCDSMaskedLM] Tokenized sequence lengths: [589, 589, 589, 589]
[DataCollatorForCDSMaskedLM] Tokenized sequence lengths: [146, 146, 146, 146]
[DataCollatorForCDSMaskedLM] Tokenized sequence lengths: [610, 610, 610, 610]
[DataCollatorForCDSMaskedLM] Tokenized sequence lengths: [328, 328, 328, 328]
[DataCollatorForCDSMaskedLM] Tokenized sequence lengths: [259, 259, 259, 259]
[DataCollatorForCDSMaskedLM] Tokenized sequence lengths: [220, 220, 220, 220]
[DataCollatorForCDSMaskedLM] Tokenized sequence lengths: [1024, 1024, 1024, 1024]
[DataCollatorForCDSMaskedLM] Tokenized sequence lengths: [1024, 1024, 1024, 1024]
[DataCollatorForCDSMaskedLM] Tokenized sequence lengths: [80, 80, 80, 80]
[DataCollatorForCDSMaskedLM] Tokenized sequence lengths: [80, 80, 80, 80]
[DataCollatorForCDSMaskedLM] Tokenized sequence lengths: [725, 725, 725, 725]
[DataCollatorForCDSMaskedLM] Tokenized sequence lengths: [173, 173, 173, 173]
[DataCollatorForCDSMaskedLM] Tokenized sequence lengths: [1024, 1024, 1024, 1024]
[DataCollatorForCDSMaskedLM] Tokenized sequence lengths: [400, 400, 400, 400]
[DataCollatorForCDSMaskedLM] Tokenized sequence lengths: [1024, 1024, 1024, 1024]
[DataCollatorForCDSMaskedLM] Tokenized sequence lengths: [211, 211, 211, 211]
[DataCollatorForCDSMaskedLM] Tokenized sequence lengths: [679, 679, 679, 679]
[DataCollatorForCDSMaskedLM] Tokenized sequence lengths: [131, 131, 131, 131]
[DataCollatorForCDSMaskedLM] Tokenized sequence lengths: [519, 519, 519, 519]
[DataCollatorForCDSMaskedLM] Tokenized sequence lengths: [247, 247, 247, 247]
[DataCollatorForCDSMaskedLM] Tokenized sequence lengths: [495, 495, 495, 495]
{'loss': 6.5499, 'learning_rate': 0.00018333333333333334, 'epoch': 0.0}
[DataCollatorForCDSMaskedLM] Tokenized sequence lengths: [138, 138, 138, 138]
[DataCollatorForCDSMaskedLM] Tokenized sequence lengths: [100, 100, 100, 100]
[DataCollatorForCDSMaskedLM] Tokenized sequence lengths: [588, 588, 588, 588]
[DataCollatorForCDSMaskedLM] Tokenized sequence lengths: [552, 552, 552, 552]
[DataCollatorForCDSMaskedLM] Tokenized sequence lengths: [116, 116, 116, 116]
[DataCollatorForCDSMaskedLM] Tokenized sequence lengths: [87, 87, 87, 87]
[DataCollatorForCDSMaskedLM] Tokenized sequence lengths: [267, 267, 267, 267]
[DataCollatorForCDSMaskedLM] Tokenized sequence lengths: [226, 226, 226, 226]
[DataCollatorForCDSMaskedLM] Tokenized sequence lengths: [135, 135, 135, 135]
[DataCollatorForCDSMaskedLM] Tokenized sequence lengths: [887, 887, 887, 887]
[DataCollatorForCDSMaskedLM] Tokenized sequence lengths: [1024, 1024, 1024, 1024]
[DataCollatorForCDSMaskedLM] Tokenized sequence lengths: [1024, 1024, 1024, 1024]
[DataCollatorForCDSMaskedLM] Tokenized sequence lengths: [215, 215, 215, 215]
[DataCollatorForCDSMaskedLM] Tokenized sequence lengths: [730, 730, 730, 730]
[DataCollatorForCDSMaskedLM] Tokenized sequence lengths: [1024, 1024, 1024, 1024]
[DataCollatorForCDSMaskedLM] Tokenized sequence lengths: [212, 212, 212, 212]
[DataCollatorForCDSMaskedLM] Tokenized sequence lengths: [147, 147, 147, 147]
[DataCollatorForCDSMaskedLM] Tokenized sequence lengths: [1024, 1024, 1024, 1024]
[DataCollatorForCDSMaskedLM] Tokenized sequence lengths: [345, 345, 345, 345]
[DataCollatorForCDSMaskedLM] Tokenized sequence lengths: [567, 567, 567, 567]
[DataCollatorForCDSMaskedLM] Tokenized sequence lengths: [363, 363, 363, 363]
[DataCollatorForCDSMaskedLM] Tokenized sequence lengths: [255, 255, 255, 255]
[DataCollatorForCDSMaskedLM] Tokenized sequence lengths: [220, 220, 220, 220]
[DataCollatorForCDSMaskedLM] Tokenized sequence lengths: [1024, 1024, 1024, 1024]
[DataCollatorForCDSMaskedLM] Tokenized sequence lengths: [250, 250, 250, 250]
[DataCollatorForCDSMaskedLM] Tokenized sequence lengths: [509, 509, 509, 509]
[DataCollatorForCDSMaskedLM] Tokenized sequence lengths: [497, 497, 497, 497]
[DataCollatorForCDSMaskedLM] Tokenized sequence lengths: [1024, 1024, 1024, 1024]
[DataCollatorForCDSMaskedLM] Tokenized sequence lengths: [747, 747, 747, 747]
[DataCollatorForCDSMaskedLM] Tokenized sequence lengths: [80, 80, 80, 80]
[DataCollatorForCDSMaskedLM] Tokenized sequence lengths: [103, 103, 103, 103]
[DataCollatorForCDSMaskedLM] Tokenized sequence lengths: [1016, 1016, 1016, 1016]
[DataCollatorForCDSMaskedLM] Tokenized sequence lengths: [301, 301, 301, 301]
[DataCollatorForCDSMaskedLM] Tokenized sequence lengths: [1024, 1024, 1024, 1024]
[DataCollatorForCDSMaskedLM] Tokenized sequence lengths: [837, 837, 837, 837]
[DataCollatorForCDSMaskedLM] Tokenized sequence lengths: [1024, 1024, 1024, 1024]
[DataCollatorForCDSMaskedLM] Tokenized sequence lengths: [94, 94, 94, 94]
[DataCollatorForCDSMaskedLM] Tokenized sequence lengths: [295, 295, 295, 295]
[DataCollatorForCDSMaskedLM] Tokenized sequence lengths: [366, 366, 366, 366]
[DataCollatorForCDSMaskedLM] Tokenized sequence lengths: [181, 181, 181, 181]
{'loss': 6.5637, 'learning_rate': 0.0001875, 'epoch': 0.0}
[DataCollatorForCDSMaskedLM] Tokenized sequence lengths: [103, 103, 103, 103]
[DataCollatorForCDSMaskedLM] Tokenized sequence lengths: [297, 297, 297, 297]
[DataCollatorForCDSMaskedLM] Tokenized sequence lengths: [354, 354, 354, 354]
[DataCollatorForCDSMaskedLM] Tokenized sequence lengths: [690, 690, 690, 690]
[DataCollatorForCDSMaskedLM] Tokenized sequence lengths: [109, 109, 109, 109]
[DataCollatorForCDSMaskedLM] Tokenized sequence lengths: [387, 387, 387, 387]
[DataCollatorForCDSMaskedLM] Tokenized sequence lengths: [249, 249, 249, 249]
[DataCollatorForCDSMaskedLM] Tokenized sequence lengths: [875, 875, 875, 875]
[DataCollatorForCDSMaskedLM] Tokenized sequence lengths: [237, 237, 237, 237]
[DataCollatorForCDSMaskedLM] Tokenized sequence lengths: [196, 196, 196, 196]
[DataCollatorForCDSMaskedLM] Tokenized sequence lengths: [109, 109, 109, 109]
[DataCollatorForCDSMaskedLM] Tokenized sequence lengths: [446, 446, 446, 446]
[DataCollatorForCDSMaskedLM] Tokenized sequence lengths: [225, 225, 225, 225]
[DataCollatorForCDSMaskedLM] Tokenized sequence lengths: [249, 249, 249, 249]
[DataCollatorForCDSMaskedLM] Tokenized sequence lengths: [350, 350, 350, 350]
[DataCollatorForCDSMaskedLM] Tokenized sequence lengths: [550, 550, 550, 550]
[DataCollatorForCDSMaskedLM] Tokenized sequence lengths: [114, 114, 114, 114]
[DataCollatorForCDSMaskedLM] Tokenized sequence lengths: [229, 229, 229, 229]
[DataCollatorForCDSMaskedLM] Tokenized sequence lengths: [1024, 1024, 1024, 1024]
[DataCollatorForCDSMaskedLM] Tokenized sequence lengths: [1024, 1024, 1024, 1024]
[DataCollatorForCDSMaskedLM] Tokenized sequence lengths: [610, 610, 610, 610]
[DataCollatorForCDSMaskedLM] Tokenized sequence lengths: [606, 606, 606, 606]
[DataCollatorForCDSMaskedLM] Tokenized sequence lengths: [173, 173, 173, 173]
[DataCollatorForCDSMaskedLM] Tokenized sequence lengths: [501, 501, 501, 501]
[DataCollatorForCDSMaskedLM] Tokenized sequence lengths: [98, 98, 98, 98]
[DataCollatorForCDSMaskedLM] Tokenized sequence lengths: [45, 45, 45, 45]
[DataCollatorForCDSMaskedLM] Tokenized sequence lengths: [943, 943, 943, 943]
[DataCollatorForCDSMaskedLM] Tokenized sequence lengths: [366, 366, 366, 366]
[DataCollatorForCDSMaskedLM] Tokenized sequence lengths: [147, 147, 147, 147]
[DataCollatorForCDSMaskedLM] Tokenized sequence lengths: [328, 328, 328, 328]
[DataCollatorForCDSMaskedLM] Tokenized sequence lengths: [1024, 1024, 1024, 1024]
[DataCollatorForCDSMaskedLM] Tokenized sequence lengths: [142, 142, 142, 142]
[DataCollatorForCDSMaskedLM] Tokenized sequence lengths: [101, 101, 101, 101]
[DataCollatorForCDSMaskedLM] Tokenized sequence lengths: [246, 246, 246, 246]
[DataCollatorForCDSMaskedLM] Tokenized sequence lengths: [223, 223, 223, 223]
[DataCollatorForCDSMaskedLM] Tokenized sequence lengths: [230, 230, 230, 230]
[DataCollatorForCDSMaskedLM] Tokenized sequence lengths: [169, 169, 169, 169]
[DataCollatorForCDSMaskedLM] Tokenized sequence lengths: [424, 424, 424, 424]
[DataCollatorForCDSMaskedLM] Tokenized sequence lengths: [130, 130, 130, 130]
[DataCollatorForCDSMaskedLM] Tokenized sequence lengths: [561, 561, 561, 561]
{'loss': 6.5506, 'learning_rate': 0.00019166666666666667, 'epoch': 0.0}
[DataCollatorForCDSMaskedLM] Tokenized sequence lengths: [89, 89, 89, 89]
[DataCollatorForCDSMaskedLM] Tokenized sequence lengths: [106, 106, 106, 106]
[DataCollatorForCDSMaskedLM] Tokenized sequence lengths: [415, 415, 415, 415]
[DataCollatorForCDSMaskedLM] Tokenized sequence lengths: [1024, 1024, 1024, 1024]
[DataCollatorForCDSMaskedLM] Tokenized sequence lengths: [220, 220, 220, 220]
[DataCollatorForCDSMaskedLM] Tokenized sequence lengths: [460, 460, 460, 460]
[DataCollatorForCDSMaskedLM] Tokenized sequence lengths: [741, 741, 741, 741]
[DataCollatorForCDSMaskedLM] Tokenized sequence lengths: [674, 674, 674, 674]
[DataCollatorForCDSMaskedLM] Tokenized sequence lengths: [101, 101, 101, 101]
[DataCollatorForCDSMaskedLM] Tokenized sequence lengths: [291, 291, 291, 291]
[DataCollatorForCDSMaskedLM] Tokenized sequence lengths: [565, 565, 565, 565]
[DataCollatorForCDSMaskedLM] Tokenized sequence lengths: [398, 398, 398, 398]
[DataCollatorForCDSMaskedLM] Tokenized sequence lengths: [264, 264, 264, 264]
[DataCollatorForCDSMaskedLM] Tokenized sequence lengths: [238, 238, 238, 238]
[DataCollatorForCDSMaskedLM] Tokenized sequence lengths: [782, 782, 782, 782]
[DataCollatorForCDSMaskedLM] Tokenized sequence lengths: [960, 960, 960, 960]
[DataCollatorForCDSMaskedLM] Tokenized sequence lengths: [203, 203, 203, 203]
[DataCollatorForCDSMaskedLM] Tokenized sequence lengths: [133, 133, 133, 133]
[DataCollatorForCDSMaskedLM] Tokenized sequence lengths: [90, 90, 90, 90]
[DataCollatorForCDSMaskedLM] Tokenized sequence lengths: [220, 220, 220, 220]
[DataCollatorForCDSMaskedLM] Tokenized sequence lengths: [230, 230, 230, 230]
[DataCollatorForCDSMaskedLM] Tokenized sequence lengths: [97, 97, 97, 97]
[DataCollatorForCDSMaskedLM] Tokenized sequence lengths: [213, 213, 213, 213]
[DataCollatorForCDSMaskedLM] Tokenized sequence lengths: [328, 328, 328, 328]
[DataCollatorForCDSMaskedLM] Tokenized sequence lengths: [408, 408, 408, 408]
[DataCollatorForCDSMaskedLM] Tokenized sequence lengths: [130, 130, 130, 130]
[DataCollatorForCDSMaskedLM] Tokenized sequence lengths: [104, 104, 104, 104]
[DataCollatorForCDSMaskedLM] Tokenized sequence lengths: [591, 591, 591, 591]
[DataCollatorForCDSMaskedLM] Tokenized sequence lengths: [191, 191, 191, 191]
[DataCollatorForCDSMaskedLM] Tokenized sequence lengths: [155, 155, 155, 155]
[DataCollatorForCDSMaskedLM] Tokenized sequence lengths: [1024, 1024, 1024, 1024]
[DataCollatorForCDSMaskedLM] Tokenized sequence lengths: [434, 434, 434, 434]
[DataCollatorForCDSMaskedLM] Tokenized sequence lengths: [240, 240, 240, 240]
[DataCollatorForCDSMaskedLM] Tokenized sequence lengths: [176, 176, 176, 176]
[DataCollatorForCDSMaskedLM] Tokenized sequence lengths: [143, 143, 143, 143]
[DataCollatorForCDSMaskedLM] Tokenized sequence lengths: [851, 851, 851, 851]
[DataCollatorForCDSMaskedLM] Tokenized sequence lengths: [172, 172, 172, 172]
[DataCollatorForCDSMaskedLM] Tokenized sequence lengths: [493, 493, 493, 493]
[DataCollatorForCDSMaskedLM] Tokenized sequence lengths: [287, 287, 287, 287]
[DataCollatorForCDSMaskedLM] Tokenized sequence lengths: [91, 91, 91, 91]
{'loss': 6.4761, 'learning_rate': 0.00019583333333333334, 'epoch': 0.0}
[DataCollatorForCDSMaskedLM] Tokenized sequence lengths: [146, 146, 146, 146]
[DataCollatorForCDSMaskedLM] Tokenized sequence lengths: [163, 163, 163, 163]
[DataCollatorForCDSMaskedLM] Tokenized sequence lengths: [236, 236, 236, 236]
[DataCollatorForCDSMaskedLM] Tokenized sequence lengths: [727, 727, 727, 727]
[DataCollatorForCDSMaskedLM] Tokenized sequence lengths: [139, 139, 139, 139]
[DataCollatorForCDSMaskedLM] Tokenized sequence lengths: [506, 506, 506, 506]
[DataCollatorForCDSMaskedLM] Tokenized sequence lengths: [78, 78, 78, 78]
[DataCollatorForCDSMaskedLM] Tokenized sequence lengths: [118, 118, 118, 118]
[DataCollatorForCDSMaskedLM] Tokenized sequence lengths: [113, 113, 113, 113]
[DataCollatorForCDSMaskedLM] Tokenized sequence lengths: [681, 681, 681, 681]
[DataCollatorForCDSMaskedLM] Tokenized sequence lengths: [415, 415, 415, 415]
[DataCollatorForCDSMaskedLM] Tokenized sequence lengths: [681, 681, 681, 681]
[DataCollatorForCDSMaskedLM] Tokenized sequence lengths: [413, 413, 413, 413]
[DataCollatorForCDSMaskedLM] Tokenized sequence lengths: [1024, 1024, 1024, 1024]
[DataCollatorForCDSMaskedLM] Tokenized sequence lengths: [190, 190, 190, 190]
[DataCollatorForCDSMaskedLM] Tokenized sequence lengths: [849, 849, 849, 849]
[DataCollatorForCDSMaskedLM] Tokenized sequence lengths: [802, 802, 802, 802]
[DataCollatorForCDSMaskedLM] Tokenized sequence lengths: [198, 198, 198, 198]
[DataCollatorForCDSMaskedLM] Tokenized sequence lengths: [314, 314, 314, 314]
[DataCollatorForCDSMaskedLM] Tokenized sequence lengths: [217, 217, 217, 217]
[DataCollatorForCDSMaskedLM] Tokenized sequence lengths: [872, 872, 872, 872]
[DataCollatorForCDSMaskedLM] Tokenized sequence lengths: [479, 479, 479, 479]
[DataCollatorForCDSMaskedLM] Tokenized sequence lengths: [913, 913, 913, 913]
[DataCollatorForCDSMaskedLM] Tokenized sequence lengths: [87, 87, 87, 87]
[DataCollatorForCDSMaskedLM] Tokenized sequence lengths: [363, 363, 363, 363]
[DataCollatorForCDSMaskedLM] Tokenized sequence lengths: [207, 207, 207, 207]
[DataCollatorForCDSMaskedLM] Tokenized sequence lengths: [186, 186, 186, 186]
[DataCollatorForCDSMaskedLM] Tokenized sequence lengths: [581, 581, 581, 581]
[DataCollatorForCDSMaskedLM] Tokenized sequence lengths: [273, 273, 273, 273]
[DataCollatorForCDSMaskedLM] Tokenized sequence lengths: [576, 576, 576, 576]
[DataCollatorForCDSMaskedLM] Tokenized sequence lengths: [737, 737, 737, 737]
[DataCollatorForCDSMaskedLM] Tokenized sequence lengths: [459, 459, 459, 459]
[DataCollatorForCDSMaskedLM] Tokenized sequence lengths: [70, 70, 70, 70]
[DataCollatorForCDSMaskedLM] Tokenized sequence lengths: [342, 342, 342, 342]
[DataCollatorForCDSMaskedLM] Tokenized sequence lengths: [433, 433, 433, 433]
[DataCollatorForCDSMaskedLM] Tokenized sequence lengths: [870, 870, 870, 870]
[DataCollatorForCDSMaskedLM] Tokenized sequence lengths: [699, 699, 699, 699]
[DataCollatorForCDSMaskedLM] Tokenized sequence lengths: [1024, 1024, 1024, 1024]
[DataCollatorForCDSMaskedLM] Tokenized sequence lengths: [122, 122, 122, 122]
[DataCollatorForCDSMaskedLM] Tokenized sequence lengths: [196, 196, 196, 196]
{'loss': 6.4624, 'learning_rate': 0.0002, 'epoch': 0.0}
[DataCollatorForCDSMaskedLM] Tokenized sequence lengths: [192, 192, 192, 192]
[DataCollatorForCDSMaskedLM] Tokenized sequence lengths: [429, 429, 429, 429]
[DataCollatorForCDSMaskedLM] Tokenized sequence lengths: [416, 416, 416, 416]
[DataCollatorForCDSMaskedLM] Tokenized sequence lengths: [511, 511, 511, 511]
[DataCollatorForCDSMaskedLM] Tokenized sequence lengths: [75, 75, 75, 75]
[DataCollatorForCDSMaskedLM] Tokenized sequence lengths: [115, 115, 115, 115]
[DataCollatorForCDSMaskedLM] Tokenized sequence lengths: [529, 529, 529, 529]
[DataCollatorForCDSMaskedLM] Tokenized sequence lengths: [1024, 1024, 1024, 1024]
[DataCollatorForCDSMaskedLM] Tokenized sequence lengths: [182, 182, 182, 182]
[DataCollatorForCDSMaskedLM] Tokenized sequence lengths: [402, 402, 402, 402]
[DataCollatorForCDSMaskedLM] Tokenized sequence lengths: [253, 253, 253, 253]
[DataCollatorForCDSMaskedLM] Tokenized sequence lengths: [319, 319, 319, 319]
[DataCollatorForCDSMaskedLM] Tokenized sequence lengths: [82, 82, 82, 82]
[DataCollatorForCDSMaskedLM] Tokenized sequence lengths: [169, 169, 169, 169]
[DataCollatorForCDSMaskedLM] Tokenized sequence lengths: [101, 101, 101, 101]
[DataCollatorForCDSMaskedLM] Tokenized sequence lengths: [187, 187, 187, 187]
[DataCollatorForCDSMaskedLM] Tokenized sequence lengths: [DataCollatorForCDSMaskedLM] Tokenized sequence lengths:[109, 109, 109, 109] 
[141, 141, 141, 141]
[DataCollatorForCDSMaskedLM] Tokenized sequence lengths: [237, 237, 237, 237]
[DataCollatorForCDSMaskedLM] Tokenized sequence lengths: [956, 956, 956, 956]
[DataCollatorForCDSMaskedLM] Tokenized sequence lengths: [370, 370, 370, 370]
[DataCollatorForCDSMaskedLM] Tokenized sequence lengths: [331, 331, 331, 331]
[DataCollatorForCDSMaskedLM] Tokenized sequence lengths: [93, 93, 93, 93]
[DataCollatorForCDSMaskedLM] Tokenized sequence lengths: [137, 137, 137, 137]
[DataCollatorForCDSMaskedLM] Tokenized sequence lengths: [211, 211, 211, 211]
[DataCollatorForCDSMaskedLM] Tokenized sequence lengths: [464, 464, 464, 464]
[DataCollatorForCDSMaskedLM] Tokenized sequence lengths: [549, 549, 549, 549]
[DataCollatorForCDSMaskedLM] Tokenized sequence lengths: [1024, 1024, 1024, 1024]
[DataCollatorForCDSMaskedLM] Tokenized sequence lengths: [319, 319, 319, 319]
[DataCollatorForCDSMaskedLM] Tokenized sequence lengths: [145, 145, 145, 145]
[DataCollatorForCDSMaskedLM] Tokenized sequence lengths: [109, 109, 109, 109]
[DataCollatorForCDSMaskedLM] Tokenized sequence lengths: [305, 305, 305, 305]
[DataCollatorForCDSMaskedLM] Tokenized sequence lengths: [128, 128, 128, 128]
[DataCollatorForCDSMaskedLM] Tokenized sequence lengths: [295, 295, 295, 295]
[DataCollatorForCDSMaskedLM] Tokenized sequence lengths: [523, 523, 523, 523]
[DataCollatorForCDSMaskedLM] Tokenized sequence lengths: [178, 178, 178, 178]
[DataCollatorForCDSMaskedLM] Tokenized sequence lengths: [151, 151, 151, 151]
[DataCollatorForCDSMaskedLM] Tokenized sequence lengths: [737, 737, 737, 737]
[DataCollatorForCDSMaskedLM] Tokenized sequence lengths: [747, 747, 747, 747]
[DataCollatorForCDSMaskedLM] Tokenized sequence lengths: [72, 72, 72, 72]
{'loss': 6.5021, 'learning_rate': 0.00020416666666666668, 'epoch': 0.0}
[DataCollatorForCDSMaskedLM] Tokenized sequence lengths: [92, 92, 92, 92]
[DataCollatorForCDSMaskedLM] Tokenized sequence lengths: [195, 195, 195, 195]
[DataCollatorForCDSMaskedLM] Tokenized sequence lengths: [443, 443, 443, 443]
[DataCollatorForCDSMaskedLM] Tokenized sequence lengths: [1024, 1024, 1024, 1024]
[DataCollatorForCDSMaskedLM] Tokenized sequence lengths: [432, 432, 432, 432]
[DataCollatorForCDSMaskedLM] Tokenized sequence lengths: [368, 368, 368, 368]
[DataCollatorForCDSMaskedLM] Tokenized sequence lengths: [324, 324, 324, 324]
[DataCollatorForCDSMaskedLM] Tokenized sequence lengths: [505, 505, 505, 505]
[DataCollatorForCDSMaskedLM] Tokenized sequence lengths: [803, 803, 803, 803]
[DataCollatorForCDSMaskedLM] Tokenized sequence lengths: [263, 263, 263, 263]
[DataCollatorForCDSMaskedLM] Tokenized sequence lengths: [386, 386, 386, 386]
[DataCollatorForCDSMaskedLM] Tokenized sequence lengths: [325, 325, 325, 325]
[DataCollatorForCDSMaskedLM] Tokenized sequence lengths: [254, 254, 254, 254]
[DataCollatorForCDSMaskedLM] Tokenized sequence lengths: [191, 191, 191, 191]
[DataCollatorForCDSMaskedLM] Tokenized sequence lengths: [1024, 1024, 1024, 1024]
[DataCollatorForCDSMaskedLM] Tokenized sequence lengths: [148, 148, 148, 148]
[DataCollatorForCDSMaskedLM] Tokenized sequence lengths: [149, 149, 149, 149]
[DataCollatorForCDSMaskedLM] Tokenized sequence lengths: [1024, 1024, 1024, 1024]
[DataCollatorForCDSMaskedLM] Tokenized sequence lengths: [157, 157, 157, 157]
[DataCollatorForCDSMaskedLM] Tokenized sequence lengths: [280, 280, 280, 280]
[DataCollatorForCDSMaskedLM] Tokenized sequence lengths: [130, 130, 130, 130]
[DataCollatorForCDSMaskedLM] Tokenized sequence lengths: [219, 219, 219, 219]
[DataCollatorForCDSMaskedLM] Tokenized sequence lengths: [125, 125, 125, 125]
[DataCollatorForCDSMaskedLM] Tokenized sequence lengths: [233, 233, 233, 233]
[DataCollatorForCDSMaskedLM] Tokenized sequence lengths: [220, 220, 220, 220]
[DataCollatorForCDSMaskedLM] Tokenized sequence lengths: [173, 173, 173, 173]
[DataCollatorForCDSMaskedLM] Tokenized sequence lengths: [387, 387, 387, 387]
[DataCollatorForCDSMaskedLM] Tokenized sequence lengths: [463, 463, 463, 463]
[DataCollatorForCDSMaskedLM] Tokenized sequence lengths: [103, 103, 103, 103]
[DataCollatorForCDSMaskedLM] Tokenized sequence lengths: [341, 341, 341, 341]
[DataCollatorForCDSMaskedLM] Tokenized sequence lengths: [867, 867, 867, 867]
[DataCollatorForCDSMaskedLM] Tokenized sequence lengths: [82, 82, 82, 82]
[DataCollatorForCDSMaskedLM] Tokenized sequence lengths: [810, 810, 810, 810]
[DataCollatorForCDSMaskedLM] Tokenized sequence lengths: [125, 125, 125, 125]
[DataCollatorForCDSMaskedLM] Tokenized sequence lengths: [203, 203, 203, 203]
[DataCollatorForCDSMaskedLM] Tokenized sequence lengths: [231, 231, 231, 231]
[DataCollatorForCDSMaskedLM] Tokenized sequence lengths: [327, 327, 327, 327]
[DataCollatorForCDSMaskedLM] Tokenized sequence lengths: [161, 161, 161, 161]
[DataCollatorForCDSMaskedLM] Tokenized sequence lengths: [525, 525, 525, 525]
[DataCollatorForCDSMaskedLM] Tokenized sequence lengths: [164, 164, 164, 164]
{'loss': 6.4082, 'learning_rate': 0.00020833333333333335, 'epoch': 0.0}
[DataCollatorForCDSMaskedLM] Tokenized sequence lengths: [97, 97, 97, 97]
[DataCollatorForCDSMaskedLM] Tokenized sequence lengths: [225, 225, 225, 225]
[DataCollatorForCDSMaskedLM] Tokenized sequence lengths: [291, 291, 291, 291]
[DataCollatorForCDSMaskedLM] Tokenized sequence lengths: [723, 723, 723, 723]
[DataCollatorForCDSMaskedLM] Tokenized sequence lengths: [377, 377, 377, 377]
[DataCollatorForCDSMaskedLM] Tokenized sequence lengths: [864, 864, 864, 864]
[DataCollatorForCDSMaskedLM] Tokenized sequence lengths: [1024, 1024, 1024, 1024]
[DataCollatorForCDSMaskedLM] Tokenized sequence lengths: [127, 127, 127, 127]
[DataCollatorForCDSMaskedLM] Tokenized sequence lengths: [112, 112, 112, 112]
[DataCollatorForCDSMaskedLM] Tokenized sequence lengths: [126, 126, 126, 126]
[DataCollatorForCDSMaskedLM] Tokenized sequence lengths: [600, 600, 600, 600]
[DataCollatorForCDSMaskedLM] Tokenized sequence lengths: [383, 383, 383, 383]
[DataCollatorForCDSMaskedLM] Tokenized sequence lengths: [313, 313, 313, 313]
[DataCollatorForCDSMaskedLM] Tokenized sequence lengths: [545, 545, 545, 545]
[DataCollatorForCDSMaskedLM] Tokenized sequence lengths: [425, 425, 425, 425]
[DataCollatorForCDSMaskedLM] Tokenized sequence lengths: [771, 771, 771, 771]
[DataCollatorForCDSMaskedLM] Tokenized sequence lengths: [218, 218, 218, 218]
[DataCollatorForCDSMaskedLM] Tokenized sequence lengths: [233, 233, 233, 233]
[DataCollatorForCDSMaskedLM] Tokenized sequence lengths: [476, 476, 476, 476]
[DataCollatorForCDSMaskedLM] Tokenized sequence lengths: [1024, 1024, 1024, 1024]
[DataCollatorForCDSMaskedLM] Tokenized sequence lengths: [289, 289, 289, 289]
[DataCollatorForCDSMaskedLM] Tokenized sequence lengths: [435, 435, 435, 435]
[DataCollatorForCDSMaskedLM] Tokenized sequence lengths: [374, 374, 374, 374]
[DataCollatorForCDSMaskedLM] Tokenized sequence lengths: [1024, 1024, 1024, 1024]
[DataCollatorForCDSMaskedLM] Tokenized sequence lengths: [97, 97, 97, 97]
[DataCollatorForCDSMaskedLM] Tokenized sequence lengths: [1024, 1024, 1024, 1024]
[DataCollatorForCDSMaskedLM] Tokenized sequence lengths: [125, 125, 125, 125]
[DataCollatorForCDSMaskedLM] Tokenized sequence lengths: [1024, 1024, 1024, 1024]
[DataCollatorForCDSMaskedLM] Tokenized sequence lengths: [230, 230, 230, 230]
[DataCollatorForCDSMaskedLM] Tokenized sequence lengths: [84, 84, 84, 84]
[DataCollatorForCDSMaskedLM] Tokenized sequence lengths: [292, 292, 292, 292]
[DataCollatorForCDSMaskedLM] Tokenized sequence lengths: [1024, 1024, 1024, 1024]
[DataCollatorForCDSMaskedLM] Tokenized sequence lengths: [420, 420, 420, 420]
[DataCollatorForCDSMaskedLM] Tokenized sequence lengths: [726, 726, 726, 726]
[DataCollatorForCDSMaskedLM] Tokenized sequence lengths: [341, 341, 341, 341]
[DataCollatorForCDSMaskedLM] Tokenized sequence lengths: [686, 686, 686, 686]
[DataCollatorForCDSMaskedLM] Tokenized sequence lengths: [148, 148, 148, 148]
[DataCollatorForCDSMaskedLM] Tokenized sequence lengths: [747, 747, 747, 747]
[DataCollatorForCDSMaskedLM] Tokenized sequence lengths: [100, 100, 100, 100]
[DataCollatorForCDSMaskedLM] Tokenized sequence lengths: [1024, 1024, 1024, 1024]
{'loss': 6.4977, 'learning_rate': 0.0002125, 'epoch': 0.0}
[DataCollatorForCDSMaskedLM] Tokenized sequence lengths: [143, 143, 143, 143]
[DataCollatorForCDSMaskedLM] Tokenized sequence lengths: [304, 304, 304, 304]
[DataCollatorForCDSMaskedLM] Tokenized sequence lengths: [514, 514, 514, 514]
[DataCollatorForCDSMaskedLM] Tokenized sequence lengths: [1024, 1024, 1024, 1024]
[DataCollatorForCDSMaskedLM] Tokenized sequence lengths: [1024, 1024, 1024, 1024]
[DataCollatorForCDSMaskedLM] Tokenized sequence lengths: [610, 610, 610, 610]
[DataCollatorForCDSMaskedLM] Tokenized sequence lengths: [387, 387, 387, 387]
[DataCollatorForCDSMaskedLM] Tokenized sequence lengths: [1024, 1024, 1024, 1024]
[DataCollatorForCDSMaskedLM] Tokenized sequence lengths: [175, 175, 175, 175]
[DataCollatorForCDSMaskedLM] Tokenized sequence lengths: [1024, 1024, 1024, 1024]
[DataCollatorForCDSMaskedLM] Tokenized sequence lengths: [1024, 1024, 1024, 1024]
[DataCollatorForCDSMaskedLM] Tokenized sequence lengths: [100, 100, 100, 100]
[DataCollatorForCDSMaskedLM] Tokenized sequence lengths: [129, 129, 129, 129]
[DataCollatorForCDSMaskedLM] Tokenized sequence lengths: [712, 712, 712, 712]
[DataCollatorForCDSMaskedLM] Tokenized sequence lengths: [653, 653, 653, 653]
[DataCollatorForCDSMaskedLM] Tokenized sequence lengths: [1024, 1024, 1024, 1024]
[DataCollatorForCDSMaskedLM] Tokenized sequence lengths: [256, 256, 256, 256]
[DataCollatorForCDSMaskedLM] Tokenized sequence lengths: [649, 649, 649, 649]
[DataCollatorForCDSMaskedLM] Tokenized sequence lengths: [104, 104, 104, 104]
[DataCollatorForCDSMaskedLM] Tokenized sequence lengths: [442, 442, 442, 442]
[DataCollatorForCDSMaskedLM] Tokenized sequence lengths: [131, 131, 131, 131]
[DataCollatorForCDSMaskedLM] Tokenized sequence lengths: [414, 414, 414, 414]
[DataCollatorForCDSMaskedLM] Tokenized sequence lengths: [488, 488, 488, 488]
[DataCollatorForCDSMaskedLM] Tokenized sequence lengths: [190, 190, 190, 190]
[DataCollatorForCDSMaskedLM] Tokenized sequence lengths: [84, 84, 84, 84]
[DataCollatorForCDSMaskedLM] Tokenized sequence lengths: [334, 334, 334, 334]
[DataCollatorForCDSMaskedLM] Tokenized sequence lengths: [1024, 1024, 1024, 1024]
[DataCollatorForCDSMaskedLM] Tokenized sequence lengths: [193, 193, 193, 193]
[DataCollatorForCDSMaskedLM] Tokenized sequence lengths: [403, 403, 403, 403]
[DataCollatorForCDSMaskedLM] Tokenized sequence lengths: [223, 223, 223, 223]
[DataCollatorForCDSMaskedLM] Tokenized sequence lengths: [117, 117, 117, 117]
[DataCollatorForCDSMaskedLM] Tokenized sequence lengths: [119, 119, 119, 119]
[DataCollatorForCDSMaskedLM] Tokenized sequence lengths: [191, 191, 191, 191]
[DataCollatorForCDSMaskedLM] Tokenized sequence lengths: [233, 233, 233, 233]
[DataCollatorForCDSMaskedLM] Tokenized sequence lengths: [283, 283, 283, 283]
[DataCollatorForCDSMaskedLM] Tokenized sequence lengths: [608, 608, 608, 608]
[DataCollatorForCDSMaskedLM] Tokenized sequence lengths: [160, 160, 160, 160]
[DataCollatorForCDSMaskedLM] Tokenized sequence lengths: [84, 84, 84, 84]
[DataCollatorForCDSMaskedLM] Tokenized sequence lengths: [85, 85, 85, 85]
[DataCollatorForCDSMaskedLM] Tokenized sequence lengths: [336, 336, 336, 336]
{'loss': 6.5967, 'learning_rate': 0.00021666666666666668, 'epoch': 0.0}
[DataCollatorForCDSMaskedLM] Tokenized sequence lengths: [95, 95, 95, 95]
[DataCollatorForCDSMaskedLM] Tokenized sequence lengths: [202, 202, 202, 202]
[DataCollatorForCDSMaskedLM] Tokenized sequence lengths: [404, 404, 404, 404]
[DataCollatorForCDSMaskedLM] Tokenized sequence lengths: [1024, 1024, 1024, 1024]
[DataCollatorForCDSMaskedLM] Tokenized sequence lengths: [723, 723, 723, 723]
[DataCollatorForCDSMaskedLM] Tokenized sequence lengths: [433, 433, 433, 433]
[DataCollatorForCDSMaskedLM] Tokenized sequence lengths: [165, 165, 165, 165]
[DataCollatorForCDSMaskedLM] Tokenized sequence lengths: [327, 327, 327, 327]
[DataCollatorForCDSMaskedLM] Tokenized sequence lengths: [195, 195, 195, 195]
[DataCollatorForCDSMaskedLM] Tokenized sequence lengths: [101, 101, 101, 101]
[DataCollatorForCDSMaskedLM] Tokenized sequence lengths: [702, 702, 702, 702]
[DataCollatorForCDSMaskedLM] Tokenized sequence lengths: [606, 606, 606, 606]
[DataCollatorForCDSMaskedLM] Tokenized sequence lengths: [268, 268, 268, 268]
[DataCollatorForCDSMaskedLM] Tokenized sequence lengths: [396, 396, 396, 396]
[DataCollatorForCDSMaskedLM] Tokenized sequence lengths: [767, 767, 767, 767]
[DataCollatorForCDSMaskedLM] Tokenized sequence lengths: [236, 236, 236, 236]
[DataCollatorForCDSMaskedLM] Tokenized sequence lengths: [81, 81, 81, 81]
[DataCollatorForCDSMaskedLM] Tokenized sequence lengths: [1024, 1024, 1024, 1024]
[DataCollatorForCDSMaskedLM] Tokenized sequence lengths: [1024, 1024, 1024, 1024]
[DataCollatorForCDSMaskedLM] Tokenized sequence lengths: [581, 581, 581, 581]
[DataCollatorForCDSMaskedLM] Tokenized sequence lengths: [1024, 1024, 1024, 1024]
[DataCollatorForCDSMaskedLM] Tokenized sequence lengths: [1024, 1024, 1024, 1024]
[DataCollatorForCDSMaskedLM] Tokenized sequence lengths: [112, 112, 112, 112]
[DataCollatorForCDSMaskedLM] Tokenized sequence lengths: [1024, 1024, 1024, 1024]
[DataCollatorForCDSMaskedLM] Tokenized sequence lengths: [246, 246, 246, 246]
[DataCollatorForCDSMaskedLM] Tokenized sequence lengths: [1024, 1024, 1024, 1024]
[DataCollatorForCDSMaskedLM] Tokenized sequence lengths: [87, 87, 87, 87]
[DataCollatorForCDSMaskedLM] Tokenized sequence lengths: [1024, 1024, 1024, 1024]
[DataCollatorForCDSMaskedLM] Tokenized sequence lengths: [174, 174, 174, 174]
[DataCollatorForCDSMaskedLM] Tokenized sequence lengths: [260, 260, 260, 260]
[DataCollatorForCDSMaskedLM] Tokenized sequence lengths: [481, 481, 481, 481]
[DataCollatorForCDSMaskedLM] Tokenized sequence lengths: [486, 486, 486, 486]
[DataCollatorForCDSMaskedLM] Tokenized sequence lengths: [92, 92, 92, 92]
[DataCollatorForCDSMaskedLM] Tokenized sequence lengths: [711, 711, 711, 711]
[DataCollatorForCDSMaskedLM] Tokenized sequence lengths: [184, 184, 184, 184]
[DataCollatorForCDSMaskedLM] Tokenized sequence lengths: [99, 99, 99, 99]
[DataCollatorForCDSMaskedLM] Tokenized sequence lengths: [287, 287, 287, 287]
[DataCollatorForCDSMaskedLM] Tokenized sequence lengths: [363, 363, 363, 363]
[DataCollatorForCDSMaskedLM] Tokenized sequence lengths: [349, 349, 349, 349]
[DataCollatorForCDSMaskedLM] Tokenized sequence lengths: [86, 86, 86, 86]
{'loss': 6.4814, 'learning_rate': 0.00022083333333333333, 'epoch': 0.0}
[DataCollatorForCDSMaskedLM] Tokenized sequence lengths: [98, 98, 98, 98]
[DataCollatorForCDSMaskedLM] Tokenized sequence lengths: [75, 75, 75, 75]
[DataCollatorForCDSMaskedLM] Tokenized sequence lengths: [431, 431, 431, 431]
[DataCollatorForCDSMaskedLM] Tokenized sequence lengths: [482, 482, 482, 482]
[DataCollatorForCDSMaskedLM] Tokenized sequence lengths: [640, 640, 640, 640]
[DataCollatorForCDSMaskedLM] Tokenized sequence lengths: [361, 361, 361, 361]
[DataCollatorForCDSMaskedLM] Tokenized sequence lengths: [1024, 1024, 1024, 1024]
[DataCollatorForCDSMaskedLM] Tokenized sequence lengths: [146, 146, 146, 146]
[DataCollatorForCDSMaskedLM] Tokenized sequence lengths: [85, 85, 85, 85]
[DataCollatorForCDSMaskedLM] Tokenized sequence lengths: [588, 588, 588, 588]
[DataCollatorForCDSMaskedLM] Tokenized sequence lengths: [408, 408, 408, 408]
[DataCollatorForCDSMaskedLM] Tokenized sequence lengths: [761, 761, 761, 761]
[DataCollatorForCDSMaskedLM] Tokenized sequence lengths: [DataCollatorForCDSMaskedLM] Tokenized sequence lengths:[139, 139, 139, 139] 
[186, 186, 186, 186]
[DataCollatorForCDSMaskedLM] Tokenized sequence lengths: [980, 980, 980, 980]
[DataCollatorForCDSMaskedLM] Tokenized sequence lengths: [358, 358, 358, 358]
[DataCollatorForCDSMaskedLM] Tokenized sequence lengths: [225, 225, 225, 225]
[DataCollatorForCDSMaskedLM] Tokenized sequence lengths: [654, 654, 654, 654]
[DataCollatorForCDSMaskedLM] Tokenized sequence lengths: [1024, 1024, 1024, 1024]
[DataCollatorForCDSMaskedLM] Tokenized sequence lengths: [1024, 1024, 1024, 1024]
[DataCollatorForCDSMaskedLM] Tokenized sequence lengths: [79, 79, 79, 79]
[DataCollatorForCDSMaskedLM] Tokenized sequence lengths: [1024, 1024, 1024, 1024]
[DataCollatorForCDSMaskedLM] Tokenized sequence lengths: [162, 162, 162, 162]
[DataCollatorForCDSMaskedLM] Tokenized sequence lengths: [97, 97, 97, 97]
[DataCollatorForCDSMaskedLM] Tokenized sequence lengths: [298, 298, 298, 298]
[DataCollatorForCDSMaskedLM] Tokenized sequence lengths: [365, 365, 365, 365]
[DataCollatorForCDSMaskedLM] Tokenized sequence lengths: [506, 506, 506, 506]
[DataCollatorForCDSMaskedLM] Tokenized sequence lengths: [112, 112, 112, 112]
[DataCollatorForCDSMaskedLM] Tokenized sequence lengths: [201, 201, 201, 201]
[DataCollatorForCDSMaskedLM] Tokenized sequence lengths: [111, 111, 111, 111]
[DataCollatorForCDSMaskedLM] Tokenized sequence lengths: [655, 655, 655, 655]
[DataCollatorForCDSMaskedLM] Tokenized sequence lengths: [494, 494, 494, 494]
[DataCollatorForCDSMaskedLM] Tokenized sequence lengths: [90, 90, 90, 90]
[DataCollatorForCDSMaskedLM] Tokenized sequence lengths: [105, 105, 105, 105]
[DataCollatorForCDSMaskedLM] Tokenized sequence lengths: [382, 382, 382, 382]
[DataCollatorForCDSMaskedLM] Tokenized sequence lengths: [98, 98, 98, 98]
[DataCollatorForCDSMaskedLM] Tokenized sequence lengths: [385, 385, 385, 385]
[DataCollatorForCDSMaskedLM] Tokenized sequence lengths: [503, 503, 503, 503]
[DataCollatorForCDSMaskedLM] Tokenized sequence lengths: [228, 228, 228, 228]
[DataCollatorForCDSMaskedLM] Tokenized sequence lengths: [227, 227, 227, 227]
{'loss': 6.5078, 'learning_rate': 0.00022500000000000002, 'epoch': 0.0}
[DataCollatorForCDSMaskedLM] Tokenized sequence lengths: [241, 241, 241, 241]
[DataCollatorForCDSMaskedLM] Tokenized sequence lengths: [428, 428, 428, 428]
[DataCollatorForCDSMaskedLM] Tokenized sequence lengths: [504, 504, 504, 504]
[DataCollatorForCDSMaskedLM] Tokenized sequence lengths: [710, 710, 710, 710]
[DataCollatorForCDSMaskedLM] Tokenized sequence lengths: [123, 123, 123, 123]
[DataCollatorForCDSMaskedLM] Tokenized sequence lengths: [592, 592, 592, 592]
[DataCollatorForCDSMaskedLM] Tokenized sequence lengths: [749, 749, 749, 749]
[DataCollatorForCDSMaskedLM] Tokenized sequence lengths: [1024, 1024, 1024, 1024]
[DataCollatorForCDSMaskedLM] Tokenized sequence lengths: [430, 430, 430, 430]
[DataCollatorForCDSMaskedLM] Tokenized sequence lengths: [190, 190, 190, 190]
[DataCollatorForCDSMaskedLM] Tokenized sequence lengths: [240, 240, 240, 240]
[DataCollatorForCDSMaskedLM] Tokenized sequence lengths: [1024, 1024, 1024, 1024]
[DataCollatorForCDSMaskedLM] Tokenized sequence lengths: [112, 112, 112, 112]
[DataCollatorForCDSMaskedLM] Tokenized sequence lengths: [731, 731, 731, 731]
[DataCollatorForCDSMaskedLM] Tokenized sequence lengths: [257, 257, 257, 257]
[DataCollatorForCDSMaskedLM] Tokenized sequence lengths: [746, 746, 746, 746]
[DataCollatorForCDSMaskedLM] Tokenized sequence lengths: [463, 463, 463, 463]
[DataCollatorForCDSMaskedLM] Tokenized sequence lengths: [1024, 1024, 1024, 1024]
[DataCollatorForCDSMaskedLM] Tokenized sequence lengths: [551, 551, 551, 551]
[DataCollatorForCDSMaskedLM] Tokenized sequence lengths: [1024, 1024, 1024, 1024]
[DataCollatorForCDSMaskedLM] Tokenized sequence lengths: [182, 182, 182, 182]
[DataCollatorForCDSMaskedLM] Tokenized sequence lengths: [104, 104, 104, 104]
[DataCollatorForCDSMaskedLM] Tokenized sequence lengths: [94, 94, 94, 94]
[DataCollatorForCDSMaskedLM] Tokenized sequence lengths: [729, 729, 729, 729]
[DataCollatorForCDSMaskedLM] Tokenized sequence lengths: [104, 104, 104, 104]
[DataCollatorForCDSMaskedLM] Tokenized sequence lengths: [302, 302, 302, 302]
[DataCollatorForCDSMaskedLM] Tokenized sequence lengths: [600, 600, 600, 600]
[DataCollatorForCDSMaskedLM] Tokenized sequence lengths: [101, 101, 101, 101]
[DataCollatorForCDSMaskedLM] Tokenized sequence lengths: [519, 519, 519, 519]
[DataCollatorForCDSMaskedLM] Tokenized sequence lengths: [1024, 1024, 1024, 1024]
[DataCollatorForCDSMaskedLM] Tokenized sequence lengths: [1024, 1024, 1024, 1024]
[DataCollatorForCDSMaskedLM] Tokenized sequence lengths: [1024, 1024, 1024, 1024]
[DataCollatorForCDSMaskedLM] Tokenized sequence lengths: [85, 85, 85, 85]
[DataCollatorForCDSMaskedLM] Tokenized sequence lengths: [1024, 1024, 1024, 1024]
[DataCollatorForCDSMaskedLM] Tokenized sequence lengths: [1024, 1024, 1024, 1024]
[DataCollatorForCDSMaskedLM] Tokenized sequence lengths: [816, 816, 816, 816]
[DataCollatorForCDSMaskedLM] Tokenized sequence lengths: [808, 808, 808, 808]
[DataCollatorForCDSMaskedLM] Tokenized sequence lengths: [338, 338, 338, 338]
[DataCollatorForCDSMaskedLM] Tokenized sequence lengths: [210, 210, 210, 210]
[DataCollatorForCDSMaskedLM] Tokenized sequence lengths: [1024, 1024, 1024, 1024]
{'loss': 6.5617, 'learning_rate': 0.00022916666666666666, 'epoch': 0.0}
[DataCollatorForCDSMaskedLM] Tokenized sequence lengths: [99, 99, 99, 99]
[DataCollatorForCDSMaskedLM] Tokenized sequence lengths: [138, 138, 138, 138]
[DataCollatorForCDSMaskedLM] Tokenized sequence lengths: [648, 648, 648, 648]
[DataCollatorForCDSMaskedLM] Tokenized sequence lengths: [544, 544, 544, 544]
[DataCollatorForCDSMaskedLM] Tokenized sequence lengths: [173, 173, 173, 173]
[DataCollatorForCDSMaskedLM] Tokenized sequence lengths: [129, 129, 129, 129]
[DataCollatorForCDSMaskedLM] Tokenized sequence lengths: [425, 425, 425, 425]
[DataCollatorForCDSMaskedLM] Tokenized sequence lengths: [710, 710, 710, 710]
[DataCollatorForCDSMaskedLM] Tokenized sequence lengths: [126, 126, 126, 126]
[DataCollatorForCDSMaskedLM] Tokenized sequence lengths: [164, 164, 164, 164]
[DataCollatorForCDSMaskedLM] Tokenized sequence lengths: [95, 95, 95, 95]
[DataCollatorForCDSMaskedLM] Tokenized sequence lengths: [493, 493, 493, 493]
[DataCollatorForCDSMaskedLM] Tokenized sequence lengths: [103, 103, 103, 103]
[DataCollatorForCDSMaskedLM] Tokenized sequence lengths: [158, 158, 158, 158]
[DataCollatorForCDSMaskedLM] Tokenized sequence lengths: [345, 345, 345, 345]
[DataCollatorForCDSMaskedLM] Tokenized sequence lengths: [165, 165, 165, 165]
[DataCollatorForCDSMaskedLM] Tokenized sequence lengths: [183, 183, 183, 183]
[DataCollatorForCDSMaskedLM] Tokenized sequence lengths: [DataCollatorForCDSMaskedLM] Tokenized sequence lengths:[235, 235, 235, 235] 
[88, 88, 88, 88]
[DataCollatorForCDSMaskedLM] Tokenized sequence lengths: [330, 330, 330, 330]
[DataCollatorForCDSMaskedLM] Tokenized sequence lengths: [234, 234, 234, 234]
[DataCollatorForCDSMaskedLM] Tokenized sequence lengths: [94, 94, 94, 94]
[DataCollatorForCDSMaskedLM] Tokenized sequence lengths: [577, 577, 577, 577]
[DataCollatorForCDSMaskedLM] Tokenized sequence lengths: [1024, 1024, 1024, 1024]
[DataCollatorForCDSMaskedLM] Tokenized sequence lengths: [356, 356, 356, 356]
[DataCollatorForCDSMaskedLM] Tokenized sequence lengths: [328, 328, 328, 328]
[DataCollatorForCDSMaskedLM] Tokenized sequence lengths: [94, 94, 94, 94]
[DataCollatorForCDSMaskedLM] Tokenized sequence lengths: [1024, 1024, 1024, 1024]
[DataCollatorForCDSMaskedLM] Tokenized sequence lengths: [485, 485, 485, 485]
[DataCollatorForCDSMaskedLM] Tokenized sequence lengths: [214, 214, 214, 214]
[DataCollatorForCDSMaskedLM] Tokenized sequence lengths: [109, 109, 109, 109]
[DataCollatorForCDSMaskedLM] Tokenized sequence lengths: [508, 508, 508, 508]
[DataCollatorForCDSMaskedLM] Tokenized sequence lengths: [70, 70, 70, 70]
[DataCollatorForCDSMaskedLM] Tokenized sequence lengths: [107, 107, 107, 107]
[DataCollatorForCDSMaskedLM] Tokenized sequence lengths: [405, 405, 405, 405]
[DataCollatorForCDSMaskedLM] Tokenized sequence lengths: [117, 117, 117, 117]
[DataCollatorForCDSMaskedLM] Tokenized sequence lengths: [287, 287, 287, 287]
[DataCollatorForCDSMaskedLM] Tokenized sequence lengths: [467, 467, 467, 467]
[DataCollatorForCDSMaskedLM] Tokenized sequence lengths: [1020, 1020, 1020, 1020]
[DataCollatorForCDSMaskedLM] Tokenized sequence lengths: [1024, 1024, 1024, 1024]
{'loss': 6.4916, 'learning_rate': 0.00023333333333333333, 'epoch': 0.0}
[DataCollatorForCDSMaskedLM] Tokenized sequence lengths:[DataCollatorForCDSMaskedLM] Tokenized sequence lengths:  [350, 350, 350, 350]
[334, 334, 334, 334]
[DataCollatorForCDSMaskedLM] Tokenized sequence lengths: [189, 189, 189, 189]
[DataCollatorForCDSMaskedLM] Tokenized sequence lengths: [1001, 1001, 1001, 1001]
[DataCollatorForCDSMaskedLM] Tokenized sequence lengths: [117, 117, 117, 117]
[DataCollatorForCDSMaskedLM] Tokenized sequence lengths: [290, 290, 290, 290]
[DataCollatorForCDSMaskedLM] Tokenized sequence lengths: [163, 163, 163, 163]
[DataCollatorForCDSMaskedLM] Tokenized sequence lengths: [315, 315, 315, 315]
[DataCollatorForCDSMaskedLM] Tokenized sequence lengths: [360, 360, 360, 360]
[DataCollatorForCDSMaskedLM] Tokenized sequence lengths: [214, 214, 214, 214]
[DataCollatorForCDSMaskedLM] Tokenized sequence lengths: [158, 158, 158, 158]
[DataCollatorForCDSMaskedLM] Tokenized sequence lengths: [118, 118, 118, 118]
[DataCollatorForCDSMaskedLM] Tokenized sequence lengths: [341, 341, 341, 341]
[DataCollatorForCDSMaskedLM] Tokenized sequence lengths: [125, 125, 125, 125]
[DataCollatorForCDSMaskedLM] Tokenized sequence lengths: [243, 243, 243, 243]
[DataCollatorForCDSMaskedLM] Tokenized sequence lengths: [291, 291, 291, 291]
[DataCollatorForCDSMaskedLM] Tokenized sequence lengths: [174, 174, 174, 174]
[DataCollatorForCDSMaskedLM] Tokenized sequence lengths: [537, 537, 537, 537]
[DataCollatorForCDSMaskedLM] Tokenized sequence lengths: [974, 974, 974, 974]
[DataCollatorForCDSMaskedLM] Tokenized sequence lengths: [1024, 1024, 1024, 1024]
[DataCollatorForCDSMaskedLM] Tokenized sequence lengths: [220, 220, 220, 220]
[DataCollatorForCDSMaskedLM] Tokenized sequence lengths: [538, 538, 538, 538]
[DataCollatorForCDSMaskedLM] Tokenized sequence lengths: [157, 157, 157, 157]
[DataCollatorForCDSMaskedLM] Tokenized sequence lengths: [552, 552, 552, 552]
[DataCollatorForCDSMaskedLM] Tokenized sequence lengths: [289, 289, 289, 289]
[DataCollatorForCDSMaskedLM] Tokenized sequence lengths: [480, 480, 480, 480]
[DataCollatorForCDSMaskedLM] Tokenized sequence lengths: [1024, 1024, 1024, 1024]
[DataCollatorForCDSMaskedLM] Tokenized sequence lengths: [648, 648, 648, 648]
[DataCollatorForCDSMaskedLM] Tokenized sequence lengths: [562, 562, 562, 562]
[DataCollatorForCDSMaskedLM] Tokenized sequence lengths: [736, 736, 736, 736]
[DataCollatorForCDSMaskedLM] Tokenized sequence lengths: [80, 80, 80, 80]
[DataCollatorForCDSMaskedLM] Tokenized sequence lengths: [726, 726, 726, 726]
[DataCollatorForCDSMaskedLM] Tokenized sequence lengths: [137, 137, 137, 137]
[DataCollatorForCDSMaskedLM] Tokenized sequence lengths: [424, 424, 424, 424]
[DataCollatorForCDSMaskedLM] Tokenized sequence lengths: [190, 190, 190, 190]
[DataCollatorForCDSMaskedLM] Tokenized sequence lengths: [245, 245, 245, 245]
[DataCollatorForCDSMaskedLM] Tokenized sequence lengths: [223, 223, 223, 223]
[DataCollatorForCDSMaskedLM] Tokenized sequence lengths: [376, 376, 376, 376]
[DataCollatorForCDSMaskedLM] Tokenized sequence lengths: [130, 130, 130, 130]
[DataCollatorForCDSMaskedLM] Tokenized sequence lengths: [355, 355, 355, 355]
{'loss': 6.5162, 'learning_rate': 0.0002375, 'epoch': 0.0}
[DataCollatorForCDSMaskedLM] Tokenized sequence lengths: [119, 119, 119, 119]
[DataCollatorForCDSMaskedLM] Tokenized sequence lengths: [166, 166, 166, 166]
[DataCollatorForCDSMaskedLM] Tokenized sequence lengths: [137, 137, 137, 137]
[DataCollatorForCDSMaskedLM] Tokenized sequence lengths: [309, 309, 309, 309]
[DataCollatorForCDSMaskedLM] Tokenized sequence lengths: [81, 81, 81, 81]
[DataCollatorForCDSMaskedLM] Tokenized sequence lengths: [259, 259, 259, 259]
[DataCollatorForCDSMaskedLM] Tokenized sequence lengths: [366, 366, 366, 366]
[DataCollatorForCDSMaskedLM] Tokenized sequence lengths: [624, 624, 624, 624]
[DataCollatorForCDSMaskedLM] Tokenized sequence lengths: [193, 193, 193, 193]
[DataCollatorForCDSMaskedLM] Tokenized sequence lengths: [353, 353, 353, 353]
[DataCollatorForCDSMaskedLM] Tokenized sequence lengths: [551, 551, 551, 551]
[DataCollatorForCDSMaskedLM] Tokenized sequence lengths: [340, 340, 340, 340]
[DataCollatorForCDSMaskedLM] Tokenized sequence lengths: [265, 265, 265, 265]
[DataCollatorForCDSMaskedLM] Tokenized sequence lengths: [701, 701, 701, 701]
[DataCollatorForCDSMaskedLM] Tokenized sequence lengths: [989, 989, 989, 989]
[DataCollatorForCDSMaskedLM] Tokenized sequence lengths: [611, 611, 611, 611]
[DataCollatorForCDSMaskedLM] Tokenized sequence lengths: [327, 327, 327, 327]
[DataCollatorForCDSMaskedLM] Tokenized sequence lengths: [202, 202, 202, 202]
[DataCollatorForCDSMaskedLM] Tokenized sequence lengths: [768, 768, 768, 768]
[DataCollatorForCDSMaskedLM] Tokenized sequence lengths: [601, 601, 601, 601]
[DataCollatorForCDSMaskedLM] Tokenized sequence lengths: [197, 197, 197, 197]
[DataCollatorForCDSMaskedLM] Tokenized sequence lengths: [1024, 1024, 1024, 1024]
[DataCollatorForCDSMaskedLM] Tokenized sequence lengths: [364, 364, 364, 364]
[DataCollatorForCDSMaskedLM] Tokenized sequence lengths: [1024, 1024, 1024, 1024]
[DataCollatorForCDSMaskedLM] Tokenized sequence lengths:[DataCollatorForCDSMaskedLM] Tokenized sequence lengths:  [335, 335, 335, 335][255, 255, 255, 255]

[DataCollatorForCDSMaskedLM] Tokenized sequence lengths: [205, 205, 205, 205]
[DataCollatorForCDSMaskedLM] Tokenized sequence lengths: [444, 444, 444, 444]
[DataCollatorForCDSMaskedLM] Tokenized sequence lengths: [425, 425, 425, 425]
[DataCollatorForCDSMaskedLM] Tokenized sequence lengths: [361, 361, 361, 361]
[DataCollatorForCDSMaskedLM] Tokenized sequence lengths: [251, 251, 251, 251]
[DataCollatorForCDSMaskedLM] Tokenized sequence lengths: [1024, 1024, 1024, 1024]
[DataCollatorForCDSMaskedLM] Tokenized sequence lengths: [82, 82, 82, 82]
[DataCollatorForCDSMaskedLM] Tokenized sequence lengths: [1024, 1024, 1024, 1024]
[DataCollatorForCDSMaskedLM] Tokenized sequence lengths: [61, 61, 61, 61]
[DataCollatorForCDSMaskedLM] Tokenized sequence lengths: [263, 263, 263, 263]
[DataCollatorForCDSMaskedLM] Tokenized sequence lengths: [349, 349, 349, 349]
[DataCollatorForCDSMaskedLM] Tokenized sequence lengths: [1024, 1024, 1024, 1024]
[DataCollatorForCDSMaskedLM] Tokenized sequence lengths: [1024, 1024, 1024, 1024]
[DataCollatorForCDSMaskedLM] Tokenized sequence lengths: [109, 109, 109, 109]
{'loss': 6.5401, 'learning_rate': 0.00024166666666666667, 'epoch': 0.0}
[DataCollatorForCDSMaskedLM] Tokenized sequence lengths: [96, 96, 96, 96]
[DataCollatorForCDSMaskedLM] Tokenized sequence lengths: [252, 252, 252, 252]
[DataCollatorForCDSMaskedLM] Tokenized sequence lengths: [390, 390, 390, 390]
[DataCollatorForCDSMaskedLM] Tokenized sequence lengths: [1024, 1024, 1024, 1024]
[DataCollatorForCDSMaskedLM] Tokenized sequence lengths: [353, 353, 353, 353]
[DataCollatorForCDSMaskedLM] Tokenized sequence lengths: [339, 339, 339, 339]
[DataCollatorForCDSMaskedLM] Tokenized sequence lengths: [86, 86, 86, 86]
[DataCollatorForCDSMaskedLM] Tokenized sequence lengths: [419, 419, 419, 419]
[DataCollatorForCDSMaskedLM] Tokenized sequence lengths: [264, 264, 264, 264]
[DataCollatorForCDSMaskedLM] Tokenized sequence lengths: [289, 289, 289, 289]
[DataCollatorForCDSMaskedLM] Tokenized sequence lengths: [307, 307, 307, 307]
[DataCollatorForCDSMaskedLM] Tokenized sequence lengths: [441, 441, 441, 441]
[DataCollatorForCDSMaskedLM] Tokenized sequence lengths: [85, 85, 85, 85]
[DataCollatorForCDSMaskedLM] Tokenized sequence lengths: [614, 614, 614, 614]
[DataCollatorForCDSMaskedLM] Tokenized sequence lengths: [204, 204, 204, 204]
[DataCollatorForCDSMaskedLM] Tokenized sequence lengths: [1024, 1024, 1024, 1024]
[DataCollatorForCDSMaskedLM] Tokenized sequence lengths: [94, 94, 94, 94]
[DataCollatorForCDSMaskedLM] Tokenized sequence lengths: [486, 486, 486, 486]
[DataCollatorForCDSMaskedLM] Tokenized sequence lengths: [475, 475, 475, 475]
[DataCollatorForCDSMaskedLM] Tokenized sequence lengths: [56, 56, 56, 56]
[DataCollatorForCDSMaskedLM] Tokenized sequence lengths: [61, 61, 61, 61]
[DataCollatorForCDSMaskedLM] Tokenized sequence lengths: [98, 98, 98, 98]
[DataCollatorForCDSMaskedLM] Tokenized sequence lengths: [136, 136, 136, 136]
[DataCollatorForCDSMaskedLM] Tokenized sequence lengths: [476, 476, 476, 476]
[DataCollatorForCDSMaskedLM] Tokenized sequence lengths: [675, 675, 675, 675]
[DataCollatorForCDSMaskedLM] Tokenized sequence lengths: [242, 242, 242, 242]
[DataCollatorForCDSMaskedLM] Tokenized sequence lengths: [90, 90, 90, 90]
[DataCollatorForCDSMaskedLM] Tokenized sequence lengths: [190, 190, 190, 190]
[DataCollatorForCDSMaskedLM] Tokenized sequence lengths: [419, 419, 419, 419]
[DataCollatorForCDSMaskedLM] Tokenized sequence lengths: [187, 187, 187, 187]
[DataCollatorForCDSMaskedLM] Tokenized sequence lengths: [948, 948, 948, 948]
[DataCollatorForCDSMaskedLM] Tokenized sequence lengths: [279, 279, 279, 279]
[DataCollatorForCDSMaskedLM] Tokenized sequence lengths: [497, 497, 497, 497]
[DataCollatorForCDSMaskedLM] Tokenized sequence lengths: [194, 194, 194, 194]
[DataCollatorForCDSMaskedLM] Tokenized sequence lengths: [330, 330, 330, 330]
[DataCollatorForCDSMaskedLM] Tokenized sequence lengths: [840, 840, 840, 840]
[DataCollatorForCDSMaskedLM] Tokenized sequence lengths: [113, 113, 113, 113]
[DataCollatorForCDSMaskedLM] Tokenized sequence lengths: [97, 97, 97, 97]
[DataCollatorForCDSMaskedLM] Tokenized sequence lengths: [182, 182, 182, 182]
[DataCollatorForCDSMaskedLM] Tokenized sequence lengths: [911, 911, 911, 911]
{'loss': 6.5392, 'learning_rate': 0.0002458333333333333, 'epoch': 0.0}
[DataCollatorForCDSMaskedLM] Tokenized sequence lengths: [318, 318, 318, 318]
[DataCollatorForCDSMaskedLM] Tokenized sequence lengths: [567, 567, 567, 567]
[DataCollatorForCDSMaskedLM] Tokenized sequence lengths: [835, 835, 835, 835]
[DataCollatorForCDSMaskedLM] Tokenized sequence lengths: [905, 905, 905, 905]
[DataCollatorForCDSMaskedLM] Tokenized sequence lengths: [111, 111, 111, 111]
[DataCollatorForCDSMaskedLM] Tokenized sequence lengths: [1024, 1024, 1024, 1024]
[DataCollatorForCDSMaskedLM] Tokenized sequence lengths: [914, 914, 914, 914]
[DataCollatorForCDSMaskedLM] Tokenized sequence lengths: [94, 94, 94, 94]
[DataCollatorForCDSMaskedLM] Tokenized sequence lengths: [292, 292, 292, 292]
[DataCollatorForCDSMaskedLM] Tokenized sequence lengths: [483, 483, 483, 483]
[DataCollatorForCDSMaskedLM] Tokenized sequence lengths: [405, 405, 405, 405]
[DataCollatorForCDSMaskedLM] Tokenized sequence lengths: [658, 658, 658, 658]
[DataCollatorForCDSMaskedLM] Tokenized sequence lengths: [288, 288, 288, 288]
[DataCollatorForCDSMaskedLM] Tokenized sequence lengths: [1024, 1024, 1024, 1024]
[DataCollatorForCDSMaskedLM] Tokenized sequence lengths: [74, 74, 74, 74]
[DataCollatorForCDSMaskedLM] Tokenized sequence lengths: [1024, 1024, 1024, 1024]
[DataCollatorForCDSMaskedLM] Tokenized sequence lengths: [326, 326, 326, 326]
[DataCollatorForCDSMaskedLM] Tokenized sequence lengths: [203, 203, 203, 203]
[DataCollatorForCDSMaskedLM] Tokenized sequence lengths: [402, 402, 402, 402]
[DataCollatorForCDSMaskedLM] Tokenized sequence lengths: [166, 166, 166, 166]
[DataCollatorForCDSMaskedLM] Tokenized sequence lengths: [71, 71, 71, 71]
[DataCollatorForCDSMaskedLM] Tokenized sequence lengths: [178, 178, 178, 178]
[DataCollatorForCDSMaskedLM] Tokenized sequence lengths: [140, 140, 140, 140]
[DataCollatorForCDSMaskedLM] Tokenized sequence lengths: [72, 72, 72, 72]
[DataCollatorForCDSMaskedLM] Tokenized sequence lengths: [114, 114, 114, 114]
[DataCollatorForCDSMaskedLM] Tokenized sequence lengths: [826, 826, 826, 826]
[DataCollatorForCDSMaskedLM] Tokenized sequence lengths: [412, 412, 412, 412]
[DataCollatorForCDSMaskedLM] Tokenized sequence lengths: [1024, 1024, 1024, 1024]
[DataCollatorForCDSMaskedLM] Tokenized sequence lengths: [80, 80, 80, 80]
[DataCollatorForCDSMaskedLM] Tokenized sequence lengths: [213, 213, 213, 213]
[DataCollatorForCDSMaskedLM] Tokenized sequence lengths: [158, 158, 158, 158]
[DataCollatorForCDSMaskedLM] Tokenized sequence lengths: [189, 189, 189, 189]
[DataCollatorForCDSMaskedLM] Tokenized sequence lengths: [161, 161, 161, 161]
[DataCollatorForCDSMaskedLM] Tokenized sequence lengths: [419, 419, 419, 419]
[DataCollatorForCDSMaskedLM] Tokenized sequence lengths: [99, 99, 99, 99]
[DataCollatorForCDSMaskedLM] Tokenized sequence lengths: [109, 109, 109, 109]
[DataCollatorForCDSMaskedLM] Tokenized sequence lengths: [305, 305, 305, 305]
[DataCollatorForCDSMaskedLM] Tokenized sequence lengths: [1017, 1017, 1017, 1017]
[DataCollatorForCDSMaskedLM] Tokenized sequence lengths: [200, 200, 200, 200]
[DataCollatorForCDSMaskedLM] Tokenized sequence lengths: [252, 252, 252, 252]
{'loss': 6.5801, 'learning_rate': 0.00025, 'epoch': 0.0}
[DataCollatorForCDSMaskedLM] Tokenized sequence lengths: [424, 424, 424, 424]
[DataCollatorForCDSMaskedLM] Tokenized sequence lengths: [897, 897, 897, 897]
[DataCollatorForCDSMaskedLM] Tokenized sequence lengths: [1024, 1024, 1024, 1024]
[DataCollatorForCDSMaskedLM] Tokenized sequence lengths: [1024, 1024, 1024, 1024]
[DataCollatorForCDSMaskedLM] Tokenized sequence lengths: [240, 240, 240, 240]
[DataCollatorForCDSMaskedLM] Tokenized sequence lengths: [1024, 1024, 1024, 1024]
[DataCollatorForCDSMaskedLM] Tokenized sequence lengths: [256, 256, 256, 256]
[DataCollatorForCDSMaskedLM] Tokenized sequence lengths: [215, 215, 215, 215]
[DataCollatorForCDSMaskedLM] Tokenized sequence lengths: [261, 261, 261, 261]
[DataCollatorForCDSMaskedLM] Tokenized sequence lengths: [841, 841, 841, 841]
[DataCollatorForCDSMaskedLM] Tokenized sequence lengths: [506, 506, 506, 506]
[DataCollatorForCDSMaskedLM] Tokenized sequence lengths: [1024, 1024, 1024, 1024]
[DataCollatorForCDSMaskedLM] Tokenized sequence lengths: [879, 879, 879, 879]
[DataCollatorForCDSMaskedLM] Tokenized sequence lengths: [1024, 1024, 1024, 1024]
[DataCollatorForCDSMaskedLM] Tokenized sequence lengths: [83, 83, 83, 83]
[DataCollatorForCDSMaskedLM] Tokenized sequence lengths: [196, 196, 196, 196]
[DataCollatorForCDSMaskedLM] Tokenized sequence lengths: [104, 104, 104, 104]
[DataCollatorForCDSMaskedLM] Tokenized sequence lengths: [99, 99, 99, 99]
[DataCollatorForCDSMaskedLM] Tokenized sequence lengths: [107, 107, 107, 107]
[DataCollatorForCDSMaskedLM] Tokenized sequence lengths: [224, 224, 224, 224]
[DataCollatorForCDSMaskedLM] Tokenized sequence lengths: [298, 298, 298, 298]
[DataCollatorForCDSMaskedLM] Tokenized sequence lengths: [339, 339, 339, 339]
[DataCollatorForCDSMaskedLM] Tokenized sequence lengths: [1024, 1024, 1024, 1024]
[DataCollatorForCDSMaskedLM] Tokenized sequence lengths: [79, 79, 79, 79]
[DataCollatorForCDSMaskedLM] Tokenized sequence lengths: [160, 160, 160, 160]
[DataCollatorForCDSMaskedLM] Tokenized sequence lengths: [906, 906, 906, 906]
[DataCollatorForCDSMaskedLM] Tokenized sequence lengths: [89, 89, 89, 89]
[DataCollatorForCDSMaskedLM] Tokenized sequence lengths: [239, 239, 239, 239]
[DataCollatorForCDSMaskedLM] Tokenized sequence lengths: [111, 111, 111, 111]
[DataCollatorForCDSMaskedLM] Tokenized sequence lengths: [500, 500, 500, 500]
[DataCollatorForCDSMaskedLM] Tokenized sequence lengths: [872, 872, 872, 872]
[DataCollatorForCDSMaskedLM] Tokenized sequence lengths: [95, 95, 95, 95]
[DataCollatorForCDSMaskedLM] Tokenized sequence lengths: [337, 337, 337, 337]
[DataCollatorForCDSMaskedLM] Tokenized sequence lengths: [124, 124, 124, 124]
[DataCollatorForCDSMaskedLM] Tokenized sequence lengths: [103, 103, 103, 103]
[DataCollatorForCDSMaskedLM] Tokenized sequence lengths: [100, 100, 100, 100]
[DataCollatorForCDSMaskedLM] Tokenized sequence lengths: [198, 198, 198, 198]
[DataCollatorForCDSMaskedLM] Tokenized sequence lengths: [204, 204, 204, 204]
[DataCollatorForCDSMaskedLM] Tokenized sequence lengths: [81, 81, 81, 81]
[DataCollatorForCDSMaskedLM] Tokenized sequence lengths: [1024, 1024, 1024, 1024]
{'loss': 6.3712, 'learning_rate': 0.00025416666666666665, 'epoch': 0.0}
[DataCollatorForCDSMaskedLM] Tokenized sequence lengths: [497, 497, 497, 497]
[DataCollatorForCDSMaskedLM] Tokenized sequence lengths: [362, 362, 362, 362]
[DataCollatorForCDSMaskedLM] Tokenized sequence lengths: [276, 276, 276, 276]
[DataCollatorForCDSMaskedLM] Tokenized sequence lengths: [871, 871, 871, 871]
[DataCollatorForCDSMaskedLM] Tokenized sequence lengths: [148, 148, 148, 148]
[DataCollatorForCDSMaskedLM] Tokenized sequence lengths: [330, 330, 330, 330]
[DataCollatorForCDSMaskedLM] Tokenized sequence lengths: [78, 78, 78, 78]
[DataCollatorForCDSMaskedLM] Tokenized sequence lengths: [100, 100, 100, 100]
[DataCollatorForCDSMaskedLM] Tokenized sequence lengths: [163, 163, 163, 163]
[DataCollatorForCDSMaskedLM] Tokenized sequence lengths: [175, 175, 175, 175]
[DataCollatorForCDSMaskedLM] Tokenized sequence lengths: [140, 140, 140, 140]
[DataCollatorForCDSMaskedLM] Tokenized sequence lengths: [1024, 1024, 1024, 1024]
[DataCollatorForCDSMaskedLM] Tokenized sequence lengths: [119, 119, 119, 119]
[DataCollatorForCDSMaskedLM] Tokenized sequence lengths: [433, 433, 433, 433]
[DataCollatorForCDSMaskedLM] Tokenized sequence lengths: [536, 536, 536, 536]
[DataCollatorForCDSMaskedLM] Tokenized sequence lengths: [1024, 1024, 1024, 1024]
[DataCollatorForCDSMaskedLM] Tokenized sequence lengths: [64, 64, 64, 64]
[DataCollatorForCDSMaskedLM] Tokenized sequence lengths: [130, 130, 130, 130]
[DataCollatorForCDSMaskedLM] Tokenized sequence lengths: [1024, 1024, 1024, 1024]
[DataCollatorForCDSMaskedLM] Tokenized sequence lengths: [66, 66, 66, 66]
[DataCollatorForCDSMaskedLM] Tokenized sequence lengths: [70, 70, 70, 70]
[DataCollatorForCDSMaskedLM] Tokenized sequence lengths: [235, 235, 235, 235]
[DataCollatorForCDSMaskedLM] Tokenized sequence lengths: [163, 163, 163, 163]
[DataCollatorForCDSMaskedLM] Tokenized sequence lengths: [79, 79, 79, 79]
[DataCollatorForCDSMaskedLM] Tokenized sequence lengths: [1024, 1024, 1024, 1024]
[DataCollatorForCDSMaskedLM] Tokenized sequence lengths: [137, 137, 137, 137]
[DataCollatorForCDSMaskedLM] Tokenized sequence lengths: [85, 85, 85, 85]
[DataCollatorForCDSMaskedLM] Tokenized sequence lengths: [777, 777, 777, 777]
[DataCollatorForCDSMaskedLM] Tokenized sequence lengths: [96, 96, 96, 96]
[DataCollatorForCDSMaskedLM] Tokenized sequence lengths: [624, 624, 624, 624]
[DataCollatorForCDSMaskedLM] Tokenized sequence lengths: [270, 270, 270, 270]
[DataCollatorForCDSMaskedLM] Tokenized sequence lengths: [573, 573, 573, 573]
[DataCollatorForCDSMaskedLM] Tokenized sequence lengths: [166, 166, 166, 166]
[DataCollatorForCDSMaskedLM] Tokenized sequence lengths: [459, 459, 459, 459]
[DataCollatorForCDSMaskedLM] Tokenized sequence lengths: [1024, 1024, 1024, 1024]
[DataCollatorForCDSMaskedLM] Tokenized sequence lengths: [590, 590, 590, 590]
[DataCollatorForCDSMaskedLM] Tokenized sequence lengths: [267, 267, 267, 267]
[DataCollatorForCDSMaskedLM] Tokenized sequence lengths: [610, 610, 610, 610]
[DataCollatorForCDSMaskedLM] Tokenized sequence lengths: [424, 424, 424, 424]
[DataCollatorForCDSMaskedLM] Tokenized sequence lengths: [756, 756, 756, 756]
{'loss': 6.5333, 'learning_rate': 0.00025833333333333334, 'epoch': 0.0}
[DataCollatorForCDSMaskedLM] Tokenized sequence lengths: [96, 96, 96, 96]
[DataCollatorForCDSMaskedLM] Tokenized sequence lengths: [123, 123, 123, 123]
[DataCollatorForCDSMaskedLM] Tokenized sequence lengths: [601, 601, 601, 601]
[DataCollatorForCDSMaskedLM] Tokenized sequence lengths: [670, 670, 670, 670]
[DataCollatorForCDSMaskedLM] Tokenized sequence lengths: [586, 586, 586, 586]
[DataCollatorForCDSMaskedLM] Tokenized sequence lengths: [103, 103, 103, 103]
[DataCollatorForCDSMaskedLM] Tokenized sequence lengths: [1024, 1024, 1024, 1024]
[DataCollatorForCDSMaskedLM] Tokenized sequence lengths: [459, 459, 459, 459]
[DataCollatorForCDSMaskedLM] Tokenized sequence lengths: [629, 629, 629, 629]
[DataCollatorForCDSMaskedLM] Tokenized sequence lengths: [587, 587, 587, 587]
[DataCollatorForCDSMaskedLM] Tokenized sequence lengths: [189, 189, 189, 189]
[DataCollatorForCDSMaskedLM] Tokenized sequence lengths: [298, 298, 298, 298]
[DataCollatorForCDSMaskedLM] Tokenized sequence lengths: [154, 154, 154, 154]
[DataCollatorForCDSMaskedLM] Tokenized sequence lengths: [98, 98, 98, 98]
[DataCollatorForCDSMaskedLM] Tokenized sequence lengths: [1012, 1012, 1012, 1012]
[DataCollatorForCDSMaskedLM] Tokenized sequence lengths: [170, 170, 170, 170]
[DataCollatorForCDSMaskedLM] Tokenized sequence lengths: [1024, 1024, 1024, 1024]
[DataCollatorForCDSMaskedLM] Tokenized sequence lengths: [498, 498, 498, 498]
[DataCollatorForCDSMaskedLM] Tokenized sequence lengths: [816, 816, 816, 816]
[DataCollatorForCDSMaskedLM] Tokenized sequence lengths: [1024, 1024, 1024, 1024]
[DataCollatorForCDSMaskedLM] Tokenized sequence lengths: [189, 189, 189, 189]
[DataCollatorForCDSMaskedLM] Tokenized sequence lengths: [295, 295, 295, 295]
[DataCollatorForCDSMaskedLM] Tokenized sequence lengths: [117, 117, 117, 117]
[DataCollatorForCDSMaskedLM] Tokenized sequence lengths: [421, 421, 421, 421]
[DataCollatorForCDSMaskedLM] Tokenized sequence lengths: [314, 314, 314, 314]
[DataCollatorForCDSMaskedLM] Tokenized sequence lengths: [584, 584, 584, 584]
[DataCollatorForCDSMaskedLM] Tokenized sequence lengths: [663, 663, 663, 663]
[DataCollatorForCDSMaskedLM] Tokenized sequence lengths: [141, 141, 141, 141]
[DataCollatorForCDSMaskedLM] Tokenized sequence lengths: [546, 546, 546, 546]
[DataCollatorForCDSMaskedLM] Tokenized sequence lengths: [354, 354, 354, 354]
[DataCollatorForCDSMaskedLM] Tokenized sequence lengths: [1024, 1024, 1024, 1024]
[DataCollatorForCDSMaskedLM] Tokenized sequence lengths: [943, 943, 943, 943]
[DataCollatorForCDSMaskedLM] Tokenized sequence lengths: [68, 68, 68, 68]
[DataCollatorForCDSMaskedLM] Tokenized sequence lengths: [202, 202, 202, 202]
[DataCollatorForCDSMaskedLM] Tokenized sequence lengths: [67, 67, 67, 67]
[DataCollatorForCDSMaskedLM] Tokenized sequence lengths: [313, 313, 313, 313]
[DataCollatorForCDSMaskedLM] Tokenized sequence lengths: [125, 125, 125, 125]
[DataCollatorForCDSMaskedLM] Tokenized sequence lengths: [142, 142, 142, 142]
[DataCollatorForCDSMaskedLM] Tokenized sequence lengths: [186, 186, 186, 186]
[DataCollatorForCDSMaskedLM] Tokenized sequence lengths: [659, 659, 659, 659]
{'loss': 6.3927, 'learning_rate': 0.00026250000000000004, 'epoch': 0.0}
[DataCollatorForCDSMaskedLM] Tokenized sequence lengths: [95, 95, 95, 95]
[DataCollatorForCDSMaskedLM] Tokenized sequence lengths: [481, 481, 481, 481]
[DataCollatorForCDSMaskedLM] Tokenized sequence lengths: [307, 307, 307, 307]
[DataCollatorForCDSMaskedLM] Tokenized sequence lengths: [413, 413, 413, 413]
[DataCollatorForCDSMaskedLM] Tokenized sequence lengths: [511, 511, 511, 511]
[DataCollatorForCDSMaskedLM] Tokenized sequence lengths: [494, 494, 494, 494]
[DataCollatorForCDSMaskedLM] Tokenized sequence lengths: [159, 159, 159, 159]
[DataCollatorForCDSMaskedLM] Tokenized sequence lengths: [1024, 1024, 1024, 1024]
[DataCollatorForCDSMaskedLM] Tokenized sequence lengths: [131, 131, 131, 131]
[DataCollatorForCDSMaskedLM] Tokenized sequence lengths: [96, 96, 96, 96]
[DataCollatorForCDSMaskedLM] Tokenized sequence lengths: [121, 121, 121, 121]
[DataCollatorForCDSMaskedLM] Tokenized sequence lengths: [841, 841, 841, 841]
[DataCollatorForCDSMaskedLM] Tokenized sequence lengths: [117, 117, 117, 117]
[DataCollatorForCDSMaskedLM] Tokenized sequence lengths: [415, 415, 415, 415]
[DataCollatorForCDSMaskedLM] Tokenized sequence lengths: [551, 551, 551, 551]
[DataCollatorForCDSMaskedLM] Tokenized sequence lengths: [886, 886, 886, 886]
[DataCollatorForCDSMaskedLM] Tokenized sequence lengths: [239, 239, 239, 239]
[DataCollatorForCDSMaskedLM] Tokenized sequence lengths: [541, 541, 541, 541]
[DataCollatorForCDSMaskedLM] Tokenized sequence lengths: [491, 491, 491, 491]
[DataCollatorForCDSMaskedLM] Tokenized sequence lengths: [270, 270, 270, 270]
[DataCollatorForCDSMaskedLM] Tokenized sequence lengths: [358, 358, 358, 358]
[DataCollatorForCDSMaskedLM] Tokenized sequence lengths: [660, 660, 660, 660]
[DataCollatorForCDSMaskedLM] Tokenized sequence lengths: [970, 970, 970, 970]
[DataCollatorForCDSMaskedLM] Tokenized sequence lengths: [591, 591, 591, 591]
[DataCollatorForCDSMaskedLM] Tokenized sequence lengths: [575, 575, 575, 575]
[DataCollatorForCDSMaskedLM] Tokenized sequence lengths: [1024, 1024, 1024, 1024]
[DataCollatorForCDSMaskedLM] Tokenized sequence lengths: [159, 159, 159, 159]
[DataCollatorForCDSMaskedLM] Tokenized sequence lengths: [661, 661, 661, 661]
[DataCollatorForCDSMaskedLM] Tokenized sequence lengths: [258, 258, 258, 258]
[DataCollatorForCDSMaskedLM] Tokenized sequence lengths: [328, 328, 328, 328]
[DataCollatorForCDSMaskedLM] Tokenized sequence lengths: [152, 152, 152, 152]
[DataCollatorForCDSMaskedLM] Tokenized sequence lengths: [542, 542, 542, 542]
[DataCollatorForCDSMaskedLM] Tokenized sequence lengths: [131, 131, 131, 131]
[DataCollatorForCDSMaskedLM] Tokenized sequence lengths: [259, 259, 259, 259]
[DataCollatorForCDSMaskedLM] Tokenized sequence lengths: [691, 691, 691, 691]
[DataCollatorForCDSMaskedLM] Tokenized sequence lengths: [423, 423, 423, 423]
[DataCollatorForCDSMaskedLM] Tokenized sequence lengths: [200, 200, 200, 200]
[DataCollatorForCDSMaskedLM] Tokenized sequence lengths: [939, 939, 939, 939]
[DataCollatorForCDSMaskedLM] Tokenized sequence lengths: [1024, 1024, 1024, 1024]
[DataCollatorForCDSMaskedLM] Tokenized sequence lengths: [163, 163, 163, 163]
{'loss': 6.4925, 'learning_rate': 0.0002666666666666667, 'epoch': 0.0}
[DataCollatorForCDSMaskedLM] Tokenized sequence lengths: [90, 90, 90, 90]
[DataCollatorForCDSMaskedLM] Tokenized sequence lengths: [198, 198, 198, 198]
[DataCollatorForCDSMaskedLM] Tokenized sequence lengths: [484, 484, 484, 484]
[DataCollatorForCDSMaskedLM] Tokenized sequence lengths: [415, 415, 415, 415]
[DataCollatorForCDSMaskedLM] Tokenized sequence lengths: [279, 279, 279, 279]
[DataCollatorForCDSMaskedLM] Tokenized sequence lengths: [213, 213, 213, 213]
[DataCollatorForCDSMaskedLM] Tokenized sequence lengths: [205, 205, 205, 205]
[DataCollatorForCDSMaskedLM] Tokenized sequence lengths: [366, 366, 366, 366]
[DataCollatorForCDSMaskedLM] Tokenized sequence lengths: [250, 250, 250, 250]
[DataCollatorForCDSMaskedLM] Tokenized sequence lengths: [511, 511, 511, 511]
[DataCollatorForCDSMaskedLM] Tokenized sequence lengths: [146, 146, 146, 146]
[DataCollatorForCDSMaskedLM] Tokenized sequence lengths: [104, 104, 104, 104]
[DataCollatorForCDSMaskedLM] Tokenized sequence lengths: [768, 768, 768, 768]
[DataCollatorForCDSMaskedLM] Tokenized sequence lengths: [1024, 1024, 1024, 1024]
[DataCollatorForCDSMaskedLM] Tokenized sequence lengths: [1024, 1024, 1024, 1024]
[DataCollatorForCDSMaskedLM] Tokenized sequence lengths: [372, 372, 372, 372]
[DataCollatorForCDSMaskedLM] Tokenized sequence lengths: [137, 137, 137, 137]
[DataCollatorForCDSMaskedLM] Tokenized sequence lengths: [327, 327, 327, 327]
[DataCollatorForCDSMaskedLM] Tokenized sequence lengths: [1007, 1007, 1007, 1007]
[DataCollatorForCDSMaskedLM] Tokenized sequence lengths: [1020, 1020, 1020, 1020]
[DataCollatorForCDSMaskedLM] Tokenized sequence lengths: [266, 266, 266, 266]
[DataCollatorForCDSMaskedLM] Tokenized sequence lengths: [521, 521, 521, 521]
[DataCollatorForCDSMaskedLM] Tokenized sequence lengths: [833, 833, 833, 833]
[DataCollatorForCDSMaskedLM] Tokenized sequence lengths: [1024, 1024, 1024, 1024]
[DataCollatorForCDSMaskedLM] Tokenized sequence lengths: [83, 83, 83, 83]
[DataCollatorForCDSMaskedLM] Tokenized sequence lengths: [301, 301, 301, 301]
[DataCollatorForCDSMaskedLM] Tokenized sequence lengths: [1024, 1024, 1024, 1024]
[DataCollatorForCDSMaskedLM] Tokenized sequence lengths: [83, 83, 83, 83]
[DataCollatorForCDSMaskedLM] Tokenized sequence lengths: [476, 476, 476, 476]
[DataCollatorForCDSMaskedLM] Tokenized sequence lengths: [841, 841, 841, 841]
[DataCollatorForCDSMaskedLM] Tokenized sequence lengths: [122, 122, 122, 122]
[DataCollatorForCDSMaskedLM] Tokenized sequence lengths: [479, 479, 479, 479]
[DataCollatorForCDSMaskedLM] Tokenized sequence lengths: [224, 224, 224, 224]
[DataCollatorForCDSMaskedLM] Tokenized sequence lengths: [125, 125, 125, 125]
[DataCollatorForCDSMaskedLM] Tokenized sequence lengths: [908, 908, 908, 908]
[DataCollatorForCDSMaskedLM] Tokenized sequence lengths: [185, 185, 185, 185]
[DataCollatorForCDSMaskedLM] Tokenized sequence lengths: [186, 186, 186, 186]
[DataCollatorForCDSMaskedLM] Tokenized sequence lengths: [180, 180, 180, 180]
[DataCollatorForCDSMaskedLM] Tokenized sequence lengths: [311, 311, 311, 311]
[DataCollatorForCDSMaskedLM] Tokenized sequence lengths: [162, 162, 162, 162]
{'loss': 6.4384, 'learning_rate': 0.0002708333333333333, 'epoch': 0.0}
[DataCollatorForCDSMaskedLM] Tokenized sequence lengths: [298, 298, 298, 298]
[DataCollatorForCDSMaskedLM] Tokenized sequence lengths: [159, 159, 159, 159]
[DataCollatorForCDSMaskedLM] Tokenized sequence lengths: [355, 355, 355, 355]
[DataCollatorForCDSMaskedLM] Tokenized sequence lengths: [788, 788, 788, 788]
[DataCollatorForCDSMaskedLM] Tokenized sequence lengths: [181, 181, 181, 181]
[DataCollatorForCDSMaskedLM] Tokenized sequence lengths: [647, 647, 647, 647]
[DataCollatorForCDSMaskedLM] Tokenized sequence lengths: [627, 627, 627, 627]
[DataCollatorForCDSMaskedLM] Tokenized sequence lengths: [1024, 1024, 1024, 1024]
[DataCollatorForCDSMaskedLM] Tokenized sequence lengths: [159, 159, 159, 159]
[DataCollatorForCDSMaskedLM] Tokenized sequence lengths: [478, 478, 478, 478]
[DataCollatorForCDSMaskedLM] Tokenized sequence lengths: [598, 598, 598, 598]
[DataCollatorForCDSMaskedLM] Tokenized sequence lengths: [233, 233, 233, 233]
[DataCollatorForCDSMaskedLM] Tokenized sequence lengths: [163, 163, 163, 163]
[DataCollatorForCDSMaskedLM] Tokenized sequence lengths: [292, 292, 292, 292]
[DataCollatorForCDSMaskedLM] Tokenized sequence lengths: [1024, 1024, 1024, 1024]
[DataCollatorForCDSMaskedLM] Tokenized sequence lengths: [492, 492, 492, 492]
[DataCollatorForCDSMaskedLM] Tokenized sequence lengths: [111, 111, 111, 111]
[DataCollatorForCDSMaskedLM] Tokenized sequence lengths: [1024, 1024, 1024, 1024]
[DataCollatorForCDSMaskedLM] Tokenized sequence lengths: [656, 656, 656, 656]
[DataCollatorForCDSMaskedLM] Tokenized sequence lengths: [611, 611, 611, 611]
[DataCollatorForCDSMaskedLM] Tokenized sequence lengths: [192, 192, 192, 192]
[DataCollatorForCDSMaskedLM] Tokenized sequence lengths: [249, 249, 249, 249]
[DataCollatorForCDSMaskedLM] Tokenized sequence lengths: [138, 138, 138, 138]
[DataCollatorForCDSMaskedLM] Tokenized sequence lengths: [1024, 1024, 1024, 1024]
[DataCollatorForCDSMaskedLM] Tokenized sequence lengths: [330, 330, 330, 330]
[DataCollatorForCDSMaskedLM] Tokenized sequence lengths: [901, 901, 901, 901]
[DataCollatorForCDSMaskedLM] Tokenized sequence lengths: [334, 334, 334, 334]
[DataCollatorForCDSMaskedLM] Tokenized sequence lengths: [291, 291, 291, 291]
[DataCollatorForCDSMaskedLM] Tokenized sequence lengths: [186, 186, 186, 186]
[DataCollatorForCDSMaskedLM] Tokenized sequence lengths: [223, 223, 223, 223]
[DataCollatorForCDSMaskedLM] Tokenized sequence lengths: [109, 109, 109, 109]
[DataCollatorForCDSMaskedLM] Tokenized sequence lengths: [752, 752, 752, 752]
[DataCollatorForCDSMaskedLM] Tokenized sequence lengths: [86, 86, 86, 86]
[DataCollatorForCDSMaskedLM] Tokenized sequence lengths: [260, 260, 260, 260]
[DataCollatorForCDSMaskedLM] Tokenized sequence lengths: [230, 230, 230, 230]
[DataCollatorForCDSMaskedLM] Tokenized sequence lengths: [134, 134, 134, 134]
[DataCollatorForCDSMaskedLM] Tokenized sequence lengths: [615, 615, 615, 615]
[DataCollatorForCDSMaskedLM] Tokenized sequence lengths: [1024, 1024, 1024, 1024]
[DataCollatorForCDSMaskedLM] Tokenized sequence lengths: [1024, 1024, 1024, 1024]
[DataCollatorForCDSMaskedLM] Tokenized sequence lengths: [224, 224, 224, 224]
{'loss': 6.4508, 'learning_rate': 0.000275, 'epoch': 0.0}
[DataCollatorForCDSMaskedLM] Tokenized sequence lengths: [188, 188, 188, 188]
[DataCollatorForCDSMaskedLM] Tokenized sequence lengths: [288, 288, 288, 288]
[DataCollatorForCDSMaskedLM] Tokenized sequence lengths: [872, 872, 872, 872]
[DataCollatorForCDSMaskedLM] Tokenized sequence lengths: [1024, 1024, 1024, 1024]
[DataCollatorForCDSMaskedLM] Tokenized sequence lengths: [290, 290, 290, 290]
[DataCollatorForCDSMaskedLM] Tokenized sequence lengths: [283, 283, 283, 283]
[DataCollatorForCDSMaskedLM] Tokenized sequence lengths: [233, 233, 233, 233]
[DataCollatorForCDSMaskedLM] Tokenized sequence lengths: [689, 689, 689, 689]
[DataCollatorForCDSMaskedLM] Tokenized sequence lengths: [124, 124, 124, 124]
[DataCollatorForCDSMaskedLM] Tokenized sequence lengths: [219, 219, 219, 219]
[DataCollatorForCDSMaskedLM] Tokenized sequence lengths: [458, 458, 458, 458]
[DataCollatorForCDSMaskedLM] Tokenized sequence lengths: [186, 186, 186, 186]
[DataCollatorForCDSMaskedLM] Tokenized sequence lengths: [128, 128, 128, 128]
[DataCollatorForCDSMaskedLM] Tokenized sequence lengths: [231, 231, 231, 231]
[DataCollatorForCDSMaskedLM] Tokenized sequence lengths: [875, 875, 875, 875]
[DataCollatorForCDSMaskedLM] Tokenized sequence lengths: [202, 202, 202, 202]
[DataCollatorForCDSMaskedLM] Tokenized sequence lengths: [303, 303, 303, 303]
[DataCollatorForCDSMaskedLM] Tokenized sequence lengths: [134, 134, 134, 134]
[DataCollatorForCDSMaskedLM] Tokenized sequence lengths: [103, 103, 103, 103]
[DataCollatorForCDSMaskedLM] Tokenized sequence lengths: [929, 929, 929, 929]
[DataCollatorForCDSMaskedLM] Tokenized sequence lengths: [423, 423, 423, 423]
[DataCollatorForCDSMaskedLM] Tokenized sequence lengths: [1024, 1024, 1024, 1024]
[DataCollatorForCDSMaskedLM] Tokenized sequence lengths: [279, 279, 279, 279]
[DataCollatorForCDSMaskedLM] Tokenized sequence lengths: [382, 382, 382, 382]
[DataCollatorForCDSMaskedLM] Tokenized sequence lengths: [117, 117, 117, 117]
[DataCollatorForCDSMaskedLM] Tokenized sequence lengths: [239, 239, 239, 239]
[DataCollatorForCDSMaskedLM] Tokenized sequence lengths: [527, 527, 527, 527]
[DataCollatorForCDSMaskedLM] Tokenized sequence lengths: [724, 724, 724, 724]
[DataCollatorForCDSMaskedLM] Tokenized sequence lengths: [117, 117, 117, 117]
[DataCollatorForCDSMaskedLM] Tokenized sequence lengths: [103, 103, 103, 103]
[DataCollatorForCDSMaskedLM] Tokenized sequence lengths: [366, 366, 366, 366]
[DataCollatorForCDSMaskedLM] Tokenized sequence lengths: [1024, 1024, 1024, 1024]
[DataCollatorForCDSMaskedLM] Tokenized sequence lengths: [122, 122, 122, 122]
[DataCollatorForCDSMaskedLM] Tokenized sequence lengths: [185, 185, 185, 185]
[DataCollatorForCDSMaskedLM] Tokenized sequence lengths: [169, 169, 169, 169]
[DataCollatorForCDSMaskedLM] Tokenized sequence lengths: [341, 341, 341, 341]
[DataCollatorForCDSMaskedLM] Tokenized sequence lengths: [108, 108, 108, 108]
[DataCollatorForCDSMaskedLM] Tokenized sequence lengths: [600, 600, 600, 600]
[DataCollatorForCDSMaskedLM] Tokenized sequence lengths: [561, 561, 561, 561]
[DataCollatorForCDSMaskedLM] Tokenized sequence lengths: [343, 343, 343, 343]
{'loss': 6.4401, 'learning_rate': 0.00027916666666666666, 'epoch': 0.0}
[DataCollatorForCDSMaskedLM] Tokenized sequence lengths: [237, 237, 237, 237]
[DataCollatorForCDSMaskedLM] Tokenized sequence lengths: [365, 365, 365, 365]
[DataCollatorForCDSMaskedLM] Tokenized sequence lengths: [1024, 1024, 1024, 1024]
[DataCollatorForCDSMaskedLM] Tokenized sequence lengths: [1024, 1024, 1024, 1024]
[DataCollatorForCDSMaskedLM] Tokenized sequence lengths: [194, 194, 194, 194]
[DataCollatorForCDSMaskedLM] Tokenized sequence lengths: [107, 107, 107, 107]
[DataCollatorForCDSMaskedLM] Tokenized sequence lengths: [321, 321, 321, 321]
[DataCollatorForCDSMaskedLM] Tokenized sequence lengths: [1024, 1024, 1024, 1024]
[DataCollatorForCDSMaskedLM] Tokenized sequence lengths: [180, 180, 180, 180]
[DataCollatorForCDSMaskedLM] Tokenized sequence lengths: [266, 266, 266, 266]
[DataCollatorForCDSMaskedLM] Tokenized sequence lengths: [138, 138, 138, 138]
[DataCollatorForCDSMaskedLM] Tokenized sequence lengths: [352, 352, 352, 352]
[DataCollatorForCDSMaskedLM] Tokenized sequence lengths: [127, 127, 127, 127]
[DataCollatorForCDSMaskedLM] Tokenized sequence lengths: [325, 325, 325, 325]
[DataCollatorForCDSMaskedLM] Tokenized sequence lengths: [447, 447, 447, 447]
[DataCollatorForCDSMaskedLM] Tokenized sequence lengths: [262, 262, 262, 262]
[DataCollatorForCDSMaskedLM] Tokenized sequence lengths: [635, 635, 635, 635]
[DataCollatorForCDSMaskedLM] Tokenized sequence lengths: [389, 389, 389, 389]
[DataCollatorForCDSMaskedLM] Tokenized sequence lengths: [85, 85, 85, 85]
[DataCollatorForCDSMaskedLM] Tokenized sequence lengths: [99, 99, 99, 99]
[DataCollatorForCDSMaskedLM] Tokenized sequence lengths: [100, 100, 100, 100]
[DataCollatorForCDSMaskedLM] Tokenized sequence lengths: [323, 323, 323, 323]
[DataCollatorForCDSMaskedLM] Tokenized sequence lengths: [284, 284, 284, 284]
[DataCollatorForCDSMaskedLM] Tokenized sequence lengths: [125, 125, 125, 125]
[DataCollatorForCDSMaskedLM] Tokenized sequence lengths: [111, 111, 111, 111]
[DataCollatorForCDSMaskedLM] Tokenized sequence lengths: [1024, 1024, 1024, 1024]
[DataCollatorForCDSMaskedLM] Tokenized sequence lengths: [1024, 1024, 1024, 1024]
[DataCollatorForCDSMaskedLM] Tokenized sequence lengths: [198, 198, 198, 198]
[DataCollatorForCDSMaskedLM] Tokenized sequence lengths: [89, 89, 89, 89]
[DataCollatorForCDSMaskedLM] Tokenized sequence lengths: [411, 411, 411, 411]
[DataCollatorForCDSMaskedLM] Tokenized sequence lengths: [147, 147, 147, 147]
[DataCollatorForCDSMaskedLM] Tokenized sequence lengths: [203, 203, 203, 203]
[DataCollatorForCDSMaskedLM] Tokenized sequence lengths: [176, 176, 176, 176]
[DataCollatorForCDSMaskedLM] Tokenized sequence lengths: [97, 97, 97, 97]
[DataCollatorForCDSMaskedLM] Tokenized sequence lengths: [305, 305, 305, 305]
[DataCollatorForCDSMaskedLM] Tokenized sequence lengths: [114, 114, 114, 114]
[DataCollatorForCDSMaskedLM] Tokenized sequence lengths: [360, 360, 360, 360]
[DataCollatorForCDSMaskedLM] Tokenized sequence lengths: [493, 493, 493, 493]
[DataCollatorForCDSMaskedLM] Tokenized sequence lengths: [1024, 1024, 1024, 1024]
[DataCollatorForCDSMaskedLM] Tokenized sequence lengths: [1024, 1024, 1024, 1024]
{'loss': 6.4896, 'learning_rate': 0.00028333333333333335, 'epoch': 0.0}
[DataCollatorForCDSMaskedLM] Tokenized sequence lengths: [85, 85, 85, 85]
[DataCollatorForCDSMaskedLM] Tokenized sequence lengths: [655, 655, 655, 655]
[DataCollatorForCDSMaskedLM] Tokenized sequence lengths: [872, 872, 872, 872]
[DataCollatorForCDSMaskedLM] Tokenized sequence lengths: [1024, 1024, 1024, 1024]
[DataCollatorForCDSMaskedLM] Tokenized sequence lengths: [85, 85, 85, 85]
[DataCollatorForCDSMaskedLM] Tokenized sequence lengths: [321, 321, 321, 321]
[DataCollatorForCDSMaskedLM] Tokenized sequence lengths: [491, 491, 491, 491]
[DataCollatorForCDSMaskedLM] Tokenized sequence lengths: [648, 648, 648, 648]
[DataCollatorForCDSMaskedLM] Tokenized sequence lengths: [113, 113, 113, 113]
[DataCollatorForCDSMaskedLM] Tokenized sequence lengths: [224, 224, 224, 224]
[DataCollatorForCDSMaskedLM] Tokenized sequence lengths: [895, 895, 895, 895]
[DataCollatorForCDSMaskedLM] Tokenized sequence lengths: [127, 127, 127, 127]
[DataCollatorForCDSMaskedLM] Tokenized sequence lengths: [380, 380, 380, 380]
[DataCollatorForCDSMaskedLM] Tokenized sequence lengths: [178, 178, 178, 178]
[DataCollatorForCDSMaskedLM] Tokenized sequence lengths: [849, 849, 849, 849]
[DataCollatorForCDSMaskedLM] Tokenized sequence lengths: [101, 101, 101, 101]
[DataCollatorForCDSMaskedLM] Tokenized sequence lengths: [163, 163, 163, 163]
[DataCollatorForCDSMaskedLM] Tokenized sequence lengths: [337, 337, 337, 337]
[DataCollatorForCDSMaskedLM] Tokenized sequence lengths: [98, 98, 98, 98]
[DataCollatorForCDSMaskedLM] Tokenized sequence lengths: [1024, 1024, 1024, 1024]
[DataCollatorForCDSMaskedLM] Tokenized sequence lengths: [567, 567, 567, 567]
[DataCollatorForCDSMaskedLM] Tokenized sequence lengths: [1024, 1024, 1024, 1024]
[DataCollatorForCDSMaskedLM] Tokenized sequence lengths: [185, 185, 185, 185]
[DataCollatorForCDSMaskedLM] Tokenized sequence lengths: [253, 253, 253, 253]
[DataCollatorForCDSMaskedLM] Tokenized sequence lengths: [364, 364, 364, 364]
[DataCollatorForCDSMaskedLM] Tokenized sequence lengths: [570, 570, 570, 570]
[DataCollatorForCDSMaskedLM] Tokenized sequence lengths: [134, 134, 134, 134]
[DataCollatorForCDSMaskedLM] Tokenized sequence lengths: [1024, 1024, 1024, 1024]
[DataCollatorForCDSMaskedLM] Tokenized sequence lengths: [223, 223, 223, 223]
[DataCollatorForCDSMaskedLM] Tokenized sequence lengths: [416, 416, 416, 416]
[DataCollatorForCDSMaskedLM] Tokenized sequence lengths: [388, 388, 388, 388]
[DataCollatorForCDSMaskedLM] Tokenized sequence lengths: [122, 122, 122, 122]
[DataCollatorForCDSMaskedLM] Tokenized sequence lengths: [163, 163, 163, 163]
[DataCollatorForCDSMaskedLM] Tokenized sequence lengths: [189, 189, 189, 189]
[DataCollatorForCDSMaskedLM] Tokenized sequence lengths: [879, 879, 879, 879]
[DataCollatorForCDSMaskedLM] Tokenized sequence lengths: [176, 176, 176, 176]
[DataCollatorForCDSMaskedLM] Tokenized sequence lengths: [163, 163, 163, 163]
[DataCollatorForCDSMaskedLM] Tokenized sequence lengths: [602, 602, 602, 602]
[DataCollatorForCDSMaskedLM] Tokenized sequence lengths: [287, 287, 287, 287]
[DataCollatorForCDSMaskedLM] Tokenized sequence lengths: [269, 269, 269, 269]
{'loss': 6.438, 'learning_rate': 0.0002875, 'epoch': 0.0}
[DataCollatorForCDSMaskedLM] Tokenized sequence lengths: [265, 265, 265, 265]
[DataCollatorForCDSMaskedLM] Tokenized sequence lengths: [510, 510, 510, 510]
[DataCollatorForCDSMaskedLM] Tokenized sequence lengths: [1024, 1024, 1024, 1024]
[DataCollatorForCDSMaskedLM] Tokenized sequence lengths: [1024, 1024, 1024, 1024]
[DataCollatorForCDSMaskedLM] Tokenized sequence lengths: [200, 200, 200, 200]
[DataCollatorForCDSMaskedLM] Tokenized sequence lengths: [447, 447, 447, 447]
[DataCollatorForCDSMaskedLM] Tokenized sequence lengths: [1024, 1024, 1024, 1024]
[DataCollatorForCDSMaskedLM] Tokenized sequence lengths: [278, 278, 278, 278]
[DataCollatorForCDSMaskedLM] Tokenized sequence lengths: [77, 77, 77, 77]
[DataCollatorForCDSMaskedLM] Tokenized sequence lengths: [101, 101, 101, 101]
[DataCollatorForCDSMaskedLM] Tokenized sequence lengths: [208, 208, 208, 208]
[DataCollatorForCDSMaskedLM] Tokenized sequence lengths: [245, 245, 245, 245]
[DataCollatorForCDSMaskedLM] Tokenized sequence lengths: [314, 314, 314, 314]
[DataCollatorForCDSMaskedLM] Tokenized sequence lengths: [216, 216, 216, 216]
[DataCollatorForCDSMaskedLM] Tokenized sequence lengths: [282, 282, 282, 282]
[DataCollatorForCDSMaskedLM] Tokenized sequence lengths: [264, 264, 264, 264]
[DataCollatorForCDSMaskedLM] Tokenized sequence lengths: [73, 73, 73, 73]
[DataCollatorForCDSMaskedLM] Tokenized sequence lengths: [537, 537, 537, 537]
[DataCollatorForCDSMaskedLM] Tokenized sequence lengths: [1024, 1024, 1024, 1024]
[DataCollatorForCDSMaskedLM] Tokenized sequence lengths: [1024, 1024, 1024, 1024]
[DataCollatorForCDSMaskedLM] Tokenized sequence lengths: [278, 278, 278, 278]
[DataCollatorForCDSMaskedLM] Tokenized sequence lengths: [603, 603, 603, 603]
[DataCollatorForCDSMaskedLM] Tokenized sequence lengths: [124, 124, 124, 124]
[DataCollatorForCDSMaskedLM] Tokenized sequence lengths: [1024, 1024, 1024, 1024]
[DataCollatorForCDSMaskedLM] Tokenized sequence lengths: [316, 316, 316, 316]
[DataCollatorForCDSMaskedLM] Tokenized sequence lengths: [451, 451, 451, 451]
[DataCollatorForCDSMaskedLM] Tokenized sequence lengths: [195, 195, 195, 195]
[DataCollatorForCDSMaskedLM] Tokenized sequence lengths: [592, 592, 592, 592]
[DataCollatorForCDSMaskedLM] Tokenized sequence lengths: [122, 122, 122, 122]
[DataCollatorForCDSMaskedLM] Tokenized sequence lengths: [228, 228, 228, 228]
[DataCollatorForCDSMaskedLM] Tokenized sequence lengths: [648, 648, 648, 648]
[DataCollatorForCDSMaskedLM] Tokenized sequence lengths: [76, 76, 76, 76]
[DataCollatorForCDSMaskedLM] Tokenized sequence lengths: [96, 96, 96, 96]
[DataCollatorForCDSMaskedLM] Tokenized sequence lengths: [914, 914, 914, 914]
[DataCollatorForCDSMaskedLM] Tokenized sequence lengths: [75, 75, 75, 75]
[DataCollatorForCDSMaskedLM] Tokenized sequence lengths: [152, 152, 152, 152]
[DataCollatorForCDSMaskedLM] Tokenized sequence lengths: [197, 197, 197, 197]
[DataCollatorForCDSMaskedLM] Tokenized sequence lengths: [300, 300, 300, 300]
[DataCollatorForCDSMaskedLM] Tokenized sequence lengths: [181, 181, 181, 181]
[DataCollatorForCDSMaskedLM] Tokenized sequence lengths: [344, 344, 344, 344]
{'loss': 6.4222, 'learning_rate': 0.0002916666666666667, 'epoch': 0.0}
[DataCollatorForCDSMaskedLM] Tokenized sequence lengths: [118, 118, 118, 118]
[DataCollatorForCDSMaskedLM] Tokenized sequence lengths: [250, 250, 250, 250]
[DataCollatorForCDSMaskedLM] Tokenized sequence lengths: [226, 226, 226, 226]
[DataCollatorForCDSMaskedLM] Tokenized sequence lengths: [460, 460, 460, 460]
[DataCollatorForCDSMaskedLM] Tokenized sequence lengths: [191, 191, 191, 191]
[DataCollatorForCDSMaskedLM] Tokenized sequence lengths: [475, 475, 475, 475]
[DataCollatorForCDSMaskedLM] Tokenized sequence lengths: [1024, 1024, 1024, 1024]
[DataCollatorForCDSMaskedLM] Tokenized sequence lengths: [1024, 1024, 1024, 1024]
[DataCollatorForCDSMaskedLM] Tokenized sequence lengths: [184, 184, 184, 184]
[DataCollatorForCDSMaskedLM] Tokenized sequence lengths: [416, 416, 416, 416]
[DataCollatorForCDSMaskedLM] Tokenized sequence lengths: [49, 49, 49, 49]
[DataCollatorForCDSMaskedLM] Tokenized sequence lengths: [986, 986, 986, 986]
[DataCollatorForCDSMaskedLM] Tokenized sequence lengths: [495, 495, 495, 495]
[DataCollatorForCDSMaskedLM] Tokenized sequence lengths: [346, 346, 346, 346]
[DataCollatorForCDSMaskedLM] Tokenized sequence lengths: [812, 812, 812, 812]
[DataCollatorForCDSMaskedLM] Tokenized sequence lengths: [230, 230, 230, 230]
[DataCollatorForCDSMaskedLM] Tokenized sequence lengths: [350, 350, 350, 350]
[DataCollatorForCDSMaskedLM] Tokenized sequence lengths: [235, 235, 235, 235]
[DataCollatorForCDSMaskedLM] Tokenized sequence lengths: [796, 796, 796, 796]
[DataCollatorForCDSMaskedLM] Tokenized sequence lengths: [895, 895, 895, 895]
[DataCollatorForCDSMaskedLM] Tokenized sequence lengths: [155, 155, 155, 155]
[DataCollatorForCDSMaskedLM] Tokenized sequence lengths: [84, 84, 84, 84]
[DataCollatorForCDSMaskedLM] Tokenized sequence lengths: [84, 84, 84, 84]
[DataCollatorForCDSMaskedLM] Tokenized sequence lengths: [184, 184, 184, 184]
[DataCollatorForCDSMaskedLM] Tokenized sequence lengths: [155, 155, 155, 155]
[DataCollatorForCDSMaskedLM] Tokenized sequence lengths: [82, 82, 82, 82]
[DataCollatorForCDSMaskedLM] Tokenized sequence lengths: [404, 404, 404, 404]
[DataCollatorForCDSMaskedLM] Tokenized sequence lengths: [102, 102, 102, 102]
[DataCollatorForCDSMaskedLM] Tokenized sequence lengths: [89, 89, 89, 89]
[DataCollatorForCDSMaskedLM] Tokenized sequence lengths: [398, 398, 398, 398]
[DataCollatorForCDSMaskedLM] Tokenized sequence lengths: [1024, 1024, 1024, 1024]
[DataCollatorForCDSMaskedLM] Tokenized sequence lengths: [92, 92, 92, 92]
[DataCollatorForCDSMaskedLM] Tokenized sequence lengths: [339, 339, 339, 339]
[DataCollatorForCDSMaskedLM] Tokenized sequence lengths: [290, 290, 290, 290]
[DataCollatorForCDSMaskedLM] Tokenized sequence lengths: [168, 168, 168, 168]
[DataCollatorForCDSMaskedLM] Tokenized sequence lengths: [134, 134, 134, 134]
[DataCollatorForCDSMaskedLM] Tokenized sequence lengths: [203, 203, 203, 203]
[DataCollatorForCDSMaskedLM] Tokenized sequence lengths: [404, 404, 404, 404]
[DataCollatorForCDSMaskedLM] Tokenized sequence lengths: [687, 687, 687, 687]
[DataCollatorForCDSMaskedLM] Tokenized sequence lengths: [407, 407, 407, 407]
{'loss': 6.5468, 'learning_rate': 0.00029583333333333333, 'epoch': 0.0}
[DataCollatorForCDSMaskedLM] Tokenized sequence lengths: [163, 163, 163, 163]
[DataCollatorForCDSMaskedLM] Tokenized sequence lengths: [599, 599, 599, 599]
[DataCollatorForCDSMaskedLM] Tokenized sequence lengths: [453, 453, 453, 453]
[DataCollatorForCDSMaskedLM] Tokenized sequence lengths: [1024, 1024, 1024, 1024]
[DataCollatorForCDSMaskedLM] Tokenized sequence lengths: [69, 69, 69, 69]
[DataCollatorForCDSMaskedLM] Tokenized sequence lengths: [426, 426, 426, 426]
[DataCollatorForCDSMaskedLM] Tokenized sequence lengths: [561, 561, 561, 561]
[DataCollatorForCDSMaskedLM] Tokenized sequence lengths: [74, 74, 74, 74]
[DataCollatorForCDSMaskedLM] Tokenized sequence lengths: [400, 400, 400, 400]
[DataCollatorForCDSMaskedLM] Tokenized sequence lengths: [893, 893, 893, 893]
[DataCollatorForCDSMaskedLM] Tokenized sequence lengths: [947, 947, 947, 947]
[DataCollatorForCDSMaskedLM] Tokenized sequence lengths: [940, 940, 940, 940]
[DataCollatorForCDSMaskedLM] Tokenized sequence lengths: [220, 220, 220, 220]
[DataCollatorForCDSMaskedLM] Tokenized sequence lengths: [453, 453, 453, 453]
[DataCollatorForCDSMaskedLM] Tokenized sequence lengths: [113, 113, 113, 113]
[DataCollatorForCDSMaskedLM] Tokenized sequence lengths: [936, 936, 936, 936]
[DataCollatorForCDSMaskedLM] Tokenized sequence lengths: [311, 311, 311, 311]
[DataCollatorForCDSMaskedLM] Tokenized sequence lengths: [897, 897, 897, 897]
[DataCollatorForCDSMaskedLM] Tokenized sequence lengths: [1024, 1024, 1024, 1024]
[DataCollatorForCDSMaskedLM] Tokenized sequence lengths: [270, 270, 270, 270]
[DataCollatorForCDSMaskedLM] Tokenized sequence lengths: [351, 351, 351, 351]
[DataCollatorForCDSMaskedLM] Tokenized sequence lengths: [386, 386, 386, 386]
[DataCollatorForCDSMaskedLM] Tokenized sequence lengths: [846, 846, 846, 846]
[DataCollatorForCDSMaskedLM] Tokenized sequence lengths: [152, 152, 152, 152]
[DataCollatorForCDSMaskedLM] Tokenized sequence lengths: [116, 116, 116, 116]
[DataCollatorForCDSMaskedLM] Tokenized sequence lengths: [1024, 1024, 1024, 1024]
[DataCollatorForCDSMaskedLM] Tokenized sequence lengths: [254, 254, 254, 254]
[DataCollatorForCDSMaskedLM] Tokenized sequence lengths: [1024, 1024, 1024, 1024]
[DataCollatorForCDSMaskedLM] Tokenized sequence lengths: [111, 111, 111, 111]
[DataCollatorForCDSMaskedLM] Tokenized sequence lengths: [192, 192, 192, 192]
[DataCollatorForCDSMaskedLM] Tokenized sequence lengths: [196, 196, 196, 196]
[DataCollatorForCDSMaskedLM] Tokenized sequence lengths: [358, 358, 358, 358]
[DataCollatorForCDSMaskedLM] Tokenized sequence lengths: [298, 298, 298, 298]
[DataCollatorForCDSMaskedLM] Tokenized sequence lengths: [659, 659, 659, 659]
[DataCollatorForCDSMaskedLM] Tokenized sequence lengths: [1024, 1024, 1024, 1024]
[DataCollatorForCDSMaskedLM] Tokenized sequence lengths: [112, 112, 112, 112]
[DataCollatorForCDSMaskedLM] Tokenized sequence lengths: [73, 73, 73, 73]
[DataCollatorForCDSMaskedLM] Tokenized sequence lengths: [1024, 1024, 1024, 1024]
[DataCollatorForCDSMaskedLM] Tokenized sequence lengths: [176, 176, 176, 176]
[DataCollatorForCDSMaskedLM] Tokenized sequence lengths: [837, 837, 837, 837]
{'loss': 6.4147, 'learning_rate': 0.0003, 'epoch': 0.0}
[DataCollatorForCDSMaskedLM] Tokenized sequence lengths: [455, 455, 455, 455]
[DataCollatorForCDSMaskedLM] Tokenized sequence lengths: [179, 179, 179, 179]
[DataCollatorForCDSMaskedLM] Tokenized sequence lengths: [495, 495, 495, 495]
[DataCollatorForCDSMaskedLM] Tokenized sequence lengths: [1024, 1024, 1024, 1024]
[DataCollatorForCDSMaskedLM] Tokenized sequence lengths: [291, 291, 291, 291]
[DataCollatorForCDSMaskedLM] Tokenized sequence lengths: [595, 595, 595, 595]
[DataCollatorForCDSMaskedLM] Tokenized sequence lengths: [106, 106, 106, 106]
[DataCollatorForCDSMaskedLM] Tokenized sequence lengths: [611, 611, 611, 611]
[DataCollatorForCDSMaskedLM] Tokenized sequence lengths: [262, 262, 262, 262]
[DataCollatorForCDSMaskedLM] Tokenized sequence lengths: [842, 842, 842, 842]
[DataCollatorForCDSMaskedLM] Tokenized sequence lengths: [153, 153, 153, 153]
[DataCollatorForCDSMaskedLM] Tokenized sequence lengths: [1024, 1024, 1024, 1024]
[DataCollatorForCDSMaskedLM] Tokenized sequence lengths: [232, 232, 232, 232]
[DataCollatorForCDSMaskedLM] Tokenized sequence lengths: [161, 161, 161, 161]
[DataCollatorForCDSMaskedLM] Tokenized sequence lengths: [1024, 1024, 1024, 1024]
[DataCollatorForCDSMaskedLM] Tokenized sequence lengths: [689, 689, 689, 689]
[DataCollatorForCDSMaskedLM] Tokenized sequence lengths: [270, 270, 270, 270]
[DataCollatorForCDSMaskedLM] Tokenized sequence lengths: [695, 695, 695, 695]
[DataCollatorForCDSMaskedLM] Tokenized sequence lengths: [119, 119, 119, 119]
[DataCollatorForCDSMaskedLM] Tokenized sequence lengths: [115, 115, 115, 115]
[DataCollatorForCDSMaskedLM] Tokenized sequence lengths: [273, 273, 273, 273]
[DataCollatorForCDSMaskedLM] Tokenized sequence lengths: [770, 770, 770, 770]
[DataCollatorForCDSMaskedLM] Tokenized sequence lengths: [155, 155, 155, 155]
[DataCollatorForCDSMaskedLM] Tokenized sequence lengths: [587, 587, 587, 587]
[DataCollatorForCDSMaskedLM] Tokenized sequence lengths: [211, 211, 211, 211]
[DataCollatorForCDSMaskedLM] Tokenized sequence lengths: [1024, 1024, 1024, 1024]
[DataCollatorForCDSMaskedLM] Tokenized sequence lengths: [338, 338, 338, 338]
[DataCollatorForCDSMaskedLM] Tokenized sequence lengths: [77, 77, 77, 77]
[DataCollatorForCDSMaskedLM] Tokenized sequence lengths: [121, 121, 121, 121]
[DataCollatorForCDSMaskedLM] Tokenized sequence lengths: [132, 132, 132, 132]
[DataCollatorForCDSMaskedLM] Tokenized sequence lengths: [215, 215, 215, 215]
[DataCollatorForCDSMaskedLM] Tokenized sequence lengths: [187, 187, 187, 187]
[DataCollatorForCDSMaskedLM] Tokenized sequence lengths: [60, 60, 60, 60]
[DataCollatorForCDSMaskedLM] Tokenized sequence lengths: [252, 252, 252, 252]
[DataCollatorForCDSMaskedLM] Tokenized sequence lengths: [734, 734, 734, 734]
[DataCollatorForCDSMaskedLM] Tokenized sequence lengths: [1024, 1024, 1024, 1024]
[DataCollatorForCDSMaskedLM] Tokenized sequence lengths: [95, 95, 95, 95]
[DataCollatorForCDSMaskedLM] Tokenized sequence lengths: [600, 600, 600, 600]
[DataCollatorForCDSMaskedLM] Tokenized sequence lengths: [130, 130, 130, 130]
[DataCollatorForCDSMaskedLM] Tokenized sequence lengths: [469, 469, 469, 469]
{'loss': 6.5244, 'learning_rate': 0.00030416666666666667, 'epoch': 0.0}
[DataCollatorForCDSMaskedLM] Tokenized sequence lengths: [452, 452, 452, 452]
[DataCollatorForCDSMaskedLM] Tokenized sequence lengths: [322, 322, 322, 322]
[DataCollatorForCDSMaskedLM] Tokenized sequence lengths: [447, 447, 447, 447]
[DataCollatorForCDSMaskedLM] Tokenized sequence lengths: [1024, 1024, 1024, 1024]
[DataCollatorForCDSMaskedLM] Tokenized sequence lengths: [462, 462, 462, 462]
[DataCollatorForCDSMaskedLM] Tokenized sequence lengths: [765, 765, 765, 765]
[DataCollatorForCDSMaskedLM] Tokenized sequence lengths: [131, 131, 131, 131]
[DataCollatorForCDSMaskedLM] Tokenized sequence lengths: [1024, 1024, 1024, 1024]
[DataCollatorForCDSMaskedLM] Tokenized sequence lengths: [589, 589, 589, 589]
[DataCollatorForCDSMaskedLM] Tokenized sequence lengths: [568, 568, 568, 568]
[DataCollatorForCDSMaskedLM] Tokenized sequence lengths: [882, 882, 882, 882]
[DataCollatorForCDSMaskedLM] Tokenized sequence lengths: [1024, 1024, 1024, 1024]
[DataCollatorForCDSMaskedLM] Tokenized sequence lengths: [148, 148, 148, 148]
[DataCollatorForCDSMaskedLM] Tokenized sequence lengths: [498, 498, 498, 498]
[DataCollatorForCDSMaskedLM] Tokenized sequence lengths: [121, 121, 121, 121]
[DataCollatorForCDSMaskedLM] Tokenized sequence lengths: [195, 195, 195, 195]
[DataCollatorForCDSMaskedLM] Tokenized sequence lengths: [183, 183, 183, 183]
[DataCollatorForCDSMaskedLM] Tokenized sequence lengths: [1024, 1024, 1024, 1024]
[DataCollatorForCDSMaskedLM] Tokenized sequence lengths: [1024, 1024, 1024, 1024]
[DataCollatorForCDSMaskedLM] Tokenized sequence lengths: [147, 147, 147, 147]
[DataCollatorForCDSMaskedLM] Tokenized sequence lengths: [119, 119, 119, 119]
[DataCollatorForCDSMaskedLM] Tokenized sequence lengths: [1024, 1024, 1024, 1024]
[DataCollatorForCDSMaskedLM] Tokenized sequence lengths: [521, 521, 521, 521]
[DataCollatorForCDSMaskedLM] Tokenized sequence lengths: [679, 679, 679, 679]
[DataCollatorForCDSMaskedLM] Tokenized sequence lengths: [104, 104, 104, 104]
[DataCollatorForCDSMaskedLM] Tokenized sequence lengths: [102, 102, 102, 102]
[DataCollatorForCDSMaskedLM] Tokenized sequence lengths: [128, 128, 128, 128]
[DataCollatorForCDSMaskedLM] Tokenized sequence lengths: [694, 694, 694, 694]
[DataCollatorForCDSMaskedLM] Tokenized sequence lengths: [186, 186, 186, 186]
[DataCollatorForCDSMaskedLM] Tokenized sequence lengths: [1024, 1024, 1024, 1024]
[DataCollatorForCDSMaskedLM] Tokenized sequence lengths: [1024, 1024, 1024, 1024]
[DataCollatorForCDSMaskedLM] Tokenized sequence lengths: [55, 55, 55, 55]
[DataCollatorForCDSMaskedLM] Tokenized sequence lengths: [403, 403, 403, 403]
[DataCollatorForCDSMaskedLM] Tokenized sequence lengths: [1024, 1024, 1024, 1024]
[DataCollatorForCDSMaskedLM] Tokenized sequence lengths: [265, 265, 265, 265]
[DataCollatorForCDSMaskedLM] Tokenized sequence lengths: [1024, 1024, 1024, 1024]
[DataCollatorForCDSMaskedLM] Tokenized sequence lengths: [146, 146, 146, 146]
[DataCollatorForCDSMaskedLM] Tokenized sequence lengths: [508, 508, 508, 508]
[DataCollatorForCDSMaskedLM] Tokenized sequence lengths: [320, 320, 320, 320]
[DataCollatorForCDSMaskedLM] Tokenized sequence lengths: [464, 464, 464, 464]
{'loss': 6.5628, 'learning_rate': 0.00030833333333333337, 'epoch': 0.0}
[DataCollatorForCDSMaskedLM] Tokenized sequence lengths: [224, 224, 224, 224]
[DataCollatorForCDSMaskedLM] Tokenized sequence lengths: [235, 235, 235, 235]
[DataCollatorForCDSMaskedLM] Tokenized sequence lengths: [158, 158, 158, 158]
[DataCollatorForCDSMaskedLM] Tokenized sequence lengths: [276, 276, 276, 276]
[DataCollatorForCDSMaskedLM] Tokenized sequence lengths: [86, 86, 86, 86]
[DataCollatorForCDSMaskedLM] Tokenized sequence lengths: [144, 144, 144, 144]
[DataCollatorForCDSMaskedLM] Tokenized sequence lengths: [726, 726, 726, 726]
[DataCollatorForCDSMaskedLM] Tokenized sequence lengths: [1024, 1024, 1024, 1024]
[DataCollatorForCDSMaskedLM] Tokenized sequence lengths: [105, 105, 105, 105]
[DataCollatorForCDSMaskedLM] Tokenized sequence lengths: [1024, 1024, 1024, 1024]
[DataCollatorForCDSMaskedLM] Tokenized sequence lengths: [395, 395, 395, 395]
[DataCollatorForCDSMaskedLM] Tokenized sequence lengths: [912, 912, 912, 912]
[DataCollatorForCDSMaskedLM] Tokenized sequence lengths: [238, 238, 238, 238]
[DataCollatorForCDSMaskedLM] Tokenized sequence lengths: [394, 394, 394, 394]
[DataCollatorForCDSMaskedLM] Tokenized sequence lengths: [226, 226, 226, 226]
[DataCollatorForCDSMaskedLM] Tokenized sequence lengths: [260, 260, 260, 260]
[DataCollatorForCDSMaskedLM] Tokenized sequence lengths: [177, 177, 177, 177]
[DataCollatorForCDSMaskedLM] Tokenized sequence lengths: [816, 816, 816, 816]
[DataCollatorForCDSMaskedLM] Tokenized sequence lengths: [1024, 1024, 1024, 1024]
[DataCollatorForCDSMaskedLM] Tokenized sequence lengths: [289, 289, 289, 289]
[DataCollatorForCDSMaskedLM] Tokenized sequence lengths: [150, 150, 150, 150]
[DataCollatorForCDSMaskedLM] Tokenized sequence lengths: [503, 503, 503, 503]
[DataCollatorForCDSMaskedLM] Tokenized sequence lengths: [340, 340, 340, 340]
[DataCollatorForCDSMaskedLM] Tokenized sequence lengths: [460, 460, 460, 460]
[DataCollatorForCDSMaskedLM] Tokenized sequence lengths: [88, 88, 88, 88]
[DataCollatorForCDSMaskedLM] Tokenized sequence lengths: [311, 311, 311, 311]
[DataCollatorForCDSMaskedLM] Tokenized sequence lengths: [132, 132, 132, 132]
[DataCollatorForCDSMaskedLM] Tokenized sequence lengths: [87, 87, 87, 87]
[DataCollatorForCDSMaskedLM] Tokenized sequence lengths: [109, 109, 109, 109]
[DataCollatorForCDSMaskedLM] Tokenized sequence lengths: [506, 506, 506, 506]
[DataCollatorForCDSMaskedLM] Tokenized sequence lengths: [552, 552, 552, 552]
[DataCollatorForCDSMaskedLM] Tokenized sequence lengths: [648, 648, 648, 648]
[DataCollatorForCDSMaskedLM] Tokenized sequence lengths: [243, 243, 243, 243]
[DataCollatorForCDSMaskedLM] Tokenized sequence lengths: [119, 119, 119, 119]
[DataCollatorForCDSMaskedLM] Tokenized sequence lengths: [479, 479, 479, 479]
[DataCollatorForCDSMaskedLM] Tokenized sequence lengths: [811, 811, 811, 811]
[DataCollatorForCDSMaskedLM] Tokenized sequence lengths: [235, 235, 235, 235]
[DataCollatorForCDSMaskedLM] Tokenized sequence lengths: [527, 527, 527, 527]
[DataCollatorForCDSMaskedLM] Tokenized sequence lengths: [1024, 1024, 1024, 1024]
[DataCollatorForCDSMaskedLM] Tokenized sequence lengths: [144, 144, 144, 144]
{'loss': 6.4373, 'learning_rate': 0.0003125, 'epoch': 0.0}
[DataCollatorForCDSMaskedLM] Tokenized sequence lengths: [140, 140, 140, 140]
[DataCollatorForCDSMaskedLM] Tokenized sequence lengths:[DataCollatorForCDSMaskedLM] Tokenized sequence lengths:  [212, 212, 212, 212][85, 85, 85, 85]

[DataCollatorForCDSMaskedLM] Tokenized sequence lengths: [106, 106, 106, 106]
[DataCollatorForCDSMaskedLM] Tokenized sequence lengths: [276, 276, 276, 276]
[DataCollatorForCDSMaskedLM] Tokenized sequence lengths: [160, 160, 160, 160]
[DataCollatorForCDSMaskedLM] Tokenized sequence lengths: [75, 75, 75, 75]
[DataCollatorForCDSMaskedLM] Tokenized sequence lengths: [65, 65, 65, 65]
[DataCollatorForCDSMaskedLM] Tokenized sequence lengths: [186, 186, 186, 186]
[DataCollatorForCDSMaskedLM] Tokenized sequence lengths: [208, 208, 208, 208]
[DataCollatorForCDSMaskedLM] Tokenized sequence lengths: [267, 267, 267, 267]
[DataCollatorForCDSMaskedLM] Tokenized sequence lengths: [1024, 1024, 1024, 1024]
[DataCollatorForCDSMaskedLM] Tokenized sequence lengths: [252, 252, 252, 252]
[DataCollatorForCDSMaskedLM] Tokenized sequence lengths: [141, 141, 141, 141]
[DataCollatorForCDSMaskedLM] Tokenized sequence lengths: [438, 438, 438, 438]
[DataCollatorForCDSMaskedLM] Tokenized sequence lengths: [501, 501, 501, 501]
[DataCollatorForCDSMaskedLM] Tokenized sequence lengths: [143, 143, 143, 143]
[DataCollatorForCDSMaskedLM] Tokenized sequence lengths: [277, 277, 277, 277]
[DataCollatorForCDSMaskedLM] Tokenized sequence lengths: [45, 45, 45, 45]
[DataCollatorForCDSMaskedLM] Tokenized sequence lengths: [939, 939, 939, 939]
[DataCollatorForCDSMaskedLM] Tokenized sequence lengths: [94, 94, 94, 94]
[DataCollatorForCDSMaskedLM] Tokenized sequence lengths: [130, 130, 130, 130]
[DataCollatorForCDSMaskedLM] Tokenized sequence lengths: [319, 319, 319, 319]
[DataCollatorForCDSMaskedLM] Tokenized sequence lengths: [1024, 1024, 1024, 1024]
[DataCollatorForCDSMaskedLM] Tokenized sequence lengths: [286, 286, 286, 286]
[DataCollatorForCDSMaskedLM] Tokenized sequence lengths: [647, 647, 647, 647]
[DataCollatorForCDSMaskedLM] Tokenized sequence lengths: [306, 306, 306, 306]
[DataCollatorForCDSMaskedLM] Tokenized sequence lengths: [369, 369, 369, 369]
[DataCollatorForCDSMaskedLM] Tokenized sequence lengths: [190, 190, 190, 190]
[DataCollatorForCDSMaskedLM] Tokenized sequence lengths: [356, 356, 356, 356]
[DataCollatorForCDSMaskedLM] Tokenized sequence lengths: [373, 373, 373, 373]
[DataCollatorForCDSMaskedLM] Tokenized sequence lengths: [99, 99, 99, 99]
[DataCollatorForCDSMaskedLM] Tokenized sequence lengths: [284, 284, 284, 284]
[DataCollatorForCDSMaskedLM] Tokenized sequence lengths: [453, 453, 453, 453]
[DataCollatorForCDSMaskedLM] Tokenized sequence lengths: [640, 640, 640, 640]
[DataCollatorForCDSMaskedLM] Tokenized sequence lengths: [141, 141, 141, 141]
[DataCollatorForCDSMaskedLM] Tokenized sequence lengths: [56, 56, 56, 56]
[DataCollatorForCDSMaskedLM] Tokenized sequence lengths: [288, 288, 288, 288]
[DataCollatorForCDSMaskedLM] Tokenized sequence lengths: [313, 313, 313, 313]
[DataCollatorForCDSMaskedLM] Tokenized sequence lengths: [668, 668, 668, 668]
{'loss': 6.4319, 'learning_rate': 0.00031666666666666665, 'epoch': 0.0}
[DataCollatorForCDSMaskedLM] Tokenized sequence lengths: [82, 82, 82, 82]
[DataCollatorForCDSMaskedLM] Tokenized sequence lengths: [368, 368, 368, 368]
[DataCollatorForCDSMaskedLM] Tokenized sequence lengths: [557, 557, 557, 557]
[DataCollatorForCDSMaskedLM] Tokenized sequence lengths: [899, 899, 899, 899]
[DataCollatorForCDSMaskedLM] Tokenized sequence lengths: [384, 384, 384, 384]
[DataCollatorForCDSMaskedLM] Tokenized sequence lengths: [89, 89, 89, 89]
[DataCollatorForCDSMaskedLM] Tokenized sequence lengths: [640, 640, 640, 640]
[DataCollatorForCDSMaskedLM] Tokenized sequence lengths: [1024, 1024, 1024, 1024]
[DataCollatorForCDSMaskedLM] Tokenized sequence lengths: [70, 70, 70, 70]
[DataCollatorForCDSMaskedLM] Tokenized sequence lengths: [103, 103, 103, 103]
[DataCollatorForCDSMaskedLM] Tokenized sequence lengths: [429, 429, 429, 429]
[DataCollatorForCDSMaskedLM] Tokenized sequence lengths: [99, 99, 99, 99]
[DataCollatorForCDSMaskedLM] Tokenized sequence lengths: [567, 567, 567, 567]
[DataCollatorForCDSMaskedLM] Tokenized sequence lengths: [378, 378, 378, 378]
[DataCollatorForCDSMaskedLM] Tokenized sequence lengths: [913, 913, 913, 913]
[DataCollatorForCDSMaskedLM] Tokenized sequence lengths: [1012, 1012, 1012, 1012]
[DataCollatorForCDSMaskedLM] Tokenized sequence lengths: [313, 313, 313, 313]
[DataCollatorForCDSMaskedLM] Tokenized sequence lengths: [256, 256, 256, 256]
[DataCollatorForCDSMaskedLM] Tokenized sequence lengths: [103, 103, 103, 103]
[DataCollatorForCDSMaskedLM] Tokenized sequence lengths: [420, 420, 420, 420]
[DataCollatorForCDSMaskedLM] Tokenized sequence lengths: [360, 360, 360, 360]
[DataCollatorForCDSMaskedLM] Tokenized sequence lengths: [1024, 1024, 1024, 1024]
[DataCollatorForCDSMaskedLM] Tokenized sequence lengths: [974, 974, 974, 974]
[DataCollatorForCDSMaskedLM] Tokenized sequence lengths: [385, 385, 385, 385]
[DataCollatorForCDSMaskedLM] Tokenized sequence lengths: [322, 322, 322, 322]
[DataCollatorForCDSMaskedLM] Tokenized sequence lengths: [296, 296, 296, 296]
[DataCollatorForCDSMaskedLM] Tokenized sequence lengths: [385, 385, 385, 385]
[DataCollatorForCDSMaskedLM] Tokenized sequence lengths: [816, 816, 816, 816]
[DataCollatorForCDSMaskedLM] Tokenized sequence lengths: [635, 635, 635, 635]
[DataCollatorForCDSMaskedLM] Tokenized sequence lengths: [232, 232, 232, 232]
[DataCollatorForCDSMaskedLM] Tokenized sequence lengths: [126, 126, 126, 126]
[DataCollatorForCDSMaskedLM] Tokenized sequence lengths: [667, 667, 667, 667]
[DataCollatorForCDSMaskedLM] Tokenized sequence lengths: [723, 723, 723, 723][DataCollatorForCDSMaskedLM] Tokenized sequence lengths:
 [149, 149, 149, 149]
[DataCollatorForCDSMaskedLM] Tokenized sequence lengths: [1024, 1024, 1024, 1024]
[DataCollatorForCDSMaskedLM] Tokenized sequence lengths: [1024, 1024, 1024, 1024]
[DataCollatorForCDSMaskedLM] Tokenized sequence lengths: [159, 159, 159, 159]
[DataCollatorForCDSMaskedLM] Tokenized sequence lengths: [193, 193, 193, 193]
[DataCollatorForCDSMaskedLM] Tokenized sequence lengths: [195, 195, 195, 195]
[DataCollatorForCDSMaskedLM] Tokenized sequence lengths: [1024, 1024, 1024, 1024]
{'loss': 6.5275, 'learning_rate': 0.00032083333333333334, 'epoch': 0.0}
[DataCollatorForCDSMaskedLM] Tokenized sequence lengths: [188, 188, 188, 188]
[DataCollatorForCDSMaskedLM] Tokenized sequence lengths: [96, 96, 96, 96]
[DataCollatorForCDSMaskedLM] Tokenized sequence lengths: [418, 418, 418, 418]
[DataCollatorForCDSMaskedLM] Tokenized sequence lengths: [811, 811, 811, 811]
[DataCollatorForCDSMaskedLM] Tokenized sequence lengths: [85, 85, 85, 85]
[DataCollatorForCDSMaskedLM] Tokenized sequence lengths: [490, 490, 490, 490]
[DataCollatorForCDSMaskedLM] Tokenized sequence lengths: [487, 487, 487, 487]
[DataCollatorForCDSMaskedLM] Tokenized sequence lengths: [114, 114, 114, 114]
[DataCollatorForCDSMaskedLM] Tokenized sequence lengths: [791, 791, 791, 791]
[DataCollatorForCDSMaskedLM] Tokenized sequence lengths: [562, 562, 562, 562]
[DataCollatorForCDSMaskedLM] Tokenized sequence lengths: [299, 299, 299, 299]
[DataCollatorForCDSMaskedLM] Tokenized sequence lengths: [1024, 1024, 1024, 1024]
[DataCollatorForCDSMaskedLM] Tokenized sequence lengths: [259, 259, 259, 259]
[DataCollatorForCDSMaskedLM] Tokenized sequence lengths: [1024, 1024, 1024, 1024]
[DataCollatorForCDSMaskedLM] Tokenized sequence lengths: [1024, 1024, 1024, 1024]
[DataCollatorForCDSMaskedLM] Tokenized sequence lengths: [704, 704, 704, 704]
[DataCollatorForCDSMaskedLM] Tokenized sequence lengths: [85, 85, 85, 85]
[DataCollatorForCDSMaskedLM] Tokenized sequence lengths: [681, 681, 681, 681]
[DataCollatorForCDSMaskedLM] Tokenized sequence lengths: [419, 419, 419, 419]
[DataCollatorForCDSMaskedLM] Tokenized sequence lengths: [1024, 1024, 1024, 1024]
[DataCollatorForCDSMaskedLM] Tokenized sequence lengths: [487, 487, 487, 487]
[DataCollatorForCDSMaskedLM] Tokenized sequence lengths: [1024, 1024, 1024, 1024]
[DataCollatorForCDSMaskedLM] Tokenized sequence lengths: [128, 128, 128, 128]
[DataCollatorForCDSMaskedLM] Tokenized sequence lengths: [844, 844, 844, 844]
[DataCollatorForCDSMaskedLM] Tokenized sequence lengths: [96, 96, 96, 96]
[DataCollatorForCDSMaskedLM] Tokenized sequence lengths: [1024, 1024, 1024, 1024]
[DataCollatorForCDSMaskedLM] Tokenized sequence lengths: [354, 354, 354, 354]
[DataCollatorForCDSMaskedLM] Tokenized sequence lengths: [1024, 1024, 1024, 1024]
[DataCollatorForCDSMaskedLM] Tokenized sequence lengths: [221, 221, 221, 221]
[DataCollatorForCDSMaskedLM] Tokenized sequence lengths: [216, 216, 216, 216]
[DataCollatorForCDSMaskedLM] Tokenized sequence lengths: [79, 79, 79, 79]
[DataCollatorForCDSMaskedLM] Tokenized sequence lengths: [90, 90, 90, 90]
[DataCollatorForCDSMaskedLM] Tokenized sequence lengths: [137, 137, 137, 137]
[DataCollatorForCDSMaskedLM] Tokenized sequence lengths: [1024, 1024, 1024, 1024]
[DataCollatorForCDSMaskedLM] Tokenized sequence lengths: [149, 149, 149, 149]
[DataCollatorForCDSMaskedLM] Tokenized sequence lengths: [507, 507, 507, 507]
[DataCollatorForCDSMaskedLM] Tokenized sequence lengths: [135, 135, 135, 135]
[DataCollatorForCDSMaskedLM] Tokenized sequence lengths: [170, 170, 170, 170]
[DataCollatorForCDSMaskedLM] Tokenized sequence lengths: [1024, 1024, 1024, 1024]
[DataCollatorForCDSMaskedLM] Tokenized sequence lengths: [921, 921, 921, 921]
{'loss': 6.3318, 'learning_rate': 0.00032500000000000004, 'epoch': 0.0}
[DataCollatorForCDSMaskedLM] Tokenized sequence lengths: [68, 68, 68, 68]
[DataCollatorForCDSMaskedLM] Tokenized sequence lengths:[DataCollatorForCDSMaskedLM] Tokenized sequence lengths:  [295, 295, 295, 295][349, 349, 349, 349]

[DataCollatorForCDSMaskedLM] Tokenized sequence lengths: [190, 190, 190, 190]
[DataCollatorForCDSMaskedLM] Tokenized sequence lengths: [99, 99, 99, 99]
[DataCollatorForCDSMaskedLM] Tokenized sequence lengths: [414, 414, 414, 414]
[DataCollatorForCDSMaskedLM] Tokenized sequence lengths: [185, 185, 185, 185]
[DataCollatorForCDSMaskedLM] Tokenized sequence lengths: [66, 66, 66, 66]
[DataCollatorForCDSMaskedLM] Tokenized sequence lengths: [134, 134, 134, 134]
[DataCollatorForCDSMaskedLM] Tokenized sequence lengths: [196, 196, 196, 196]
[DataCollatorForCDSMaskedLM] Tokenized sequence lengths: [359, 359, 359, 359]
[DataCollatorForCDSMaskedLM] Tokenized sequence lengths: [1024, 1024, 1024, 1024]
[DataCollatorForCDSMaskedLM] Tokenized sequence lengths: [565, 565, 565, 565]
[DataCollatorForCDSMaskedLM] Tokenized sequence lengths: [1024, 1024, 1024, 1024]
[DataCollatorForCDSMaskedLM] Tokenized sequence lengths: [841, 841, 841, 841]
[DataCollatorForCDSMaskedLM] Tokenized sequence lengths: [1024, 1024, 1024, 1024]
[DataCollatorForCDSMaskedLM] Tokenized sequence lengths: [336, 336, 336, 336]
[DataCollatorForCDSMaskedLM] Tokenized sequence lengths: [264, 264, 264, 264]
[DataCollatorForCDSMaskedLM] Tokenized sequence lengths: [328, 328, 328, 328]
[DataCollatorForCDSMaskedLM] Tokenized sequence lengths: [1024, 1024, 1024, 1024]
[DataCollatorForCDSMaskedLM] Tokenized sequence lengths: [430, 430, 430, 430]
[DataCollatorForCDSMaskedLM] Tokenized sequence lengths: [1024, 1024, 1024, 1024]
[DataCollatorForCDSMaskedLM] Tokenized sequence lengths: [105, 105, 105, 105]
[DataCollatorForCDSMaskedLM] Tokenized sequence lengths: [1024, 1024, 1024, 1024]
[DataCollatorForCDSMaskedLM] Tokenized sequence lengths: [118, 118, 118, 118]
[DataCollatorForCDSMaskedLM] Tokenized sequence lengths: [277, 277, 277, 277]
[DataCollatorForCDSMaskedLM] Tokenized sequence lengths: [156, 156, 156, 156]
[DataCollatorForCDSMaskedLM] Tokenized sequence lengths: [324, 324, 324, 324]
[DataCollatorForCDSMaskedLM] Tokenized sequence lengths: [289, 289, 289, 289]
[DataCollatorForCDSMaskedLM] Tokenized sequence lengths: [435, 435, 435, 435]
[DataCollatorForCDSMaskedLM] Tokenized sequence lengths: [194, 194, 194, 194]
[DataCollatorForCDSMaskedLM] Tokenized sequence lengths: [670, 670, 670, 670]
[DataCollatorForCDSMaskedLM] Tokenized sequence lengths: [155, 155, 155, 155]
[DataCollatorForCDSMaskedLM] Tokenized sequence lengths: [157, 157, 157, 157]
[DataCollatorForCDSMaskedLM] Tokenized sequence lengths: [94, 94, 94, 94]
[DataCollatorForCDSMaskedLM] Tokenized sequence lengths: [1024, 1024, 1024, 1024]
[DataCollatorForCDSMaskedLM] Tokenized sequence lengths: [180, 180, 180, 180]
[DataCollatorForCDSMaskedLM] Tokenized sequence lengths: [1010, 1010, 1010, 1010]
[DataCollatorForCDSMaskedLM] Tokenized sequence lengths: [231, 231, 231, 231]
[DataCollatorForCDSMaskedLM] Tokenized sequence lengths: [1024, 1024, 1024, 1024]
{'loss': 6.425, 'learning_rate': 0.0003291666666666667, 'epoch': 0.0}
[DataCollatorForCDSMaskedLM] Tokenized sequence lengths: [218, 218, 218, 218]
[DataCollatorForCDSMaskedLM] Tokenized sequence lengths: [402, 402, 402, 402]
[DataCollatorForCDSMaskedLM] Tokenized sequence lengths: [678, 678, 678, 678]
[DataCollatorForCDSMaskedLM] Tokenized sequence lengths: [817, 817, 817, 817]
[DataCollatorForCDSMaskedLM] Tokenized sequence lengths: [567, 567, 567, 567]
[DataCollatorForCDSMaskedLM] Tokenized sequence lengths: [436, 436, 436, 436]
[DataCollatorForCDSMaskedLM] Tokenized sequence lengths: [214, 214, 214, 214]
[DataCollatorForCDSMaskedLM] Tokenized sequence lengths: [717, 717, 717, 717]
[DataCollatorForCDSMaskedLM] Tokenized sequence lengths: [71, 71, 71, 71]
[DataCollatorForCDSMaskedLM] Tokenized sequence lengths: [220, 220, 220, 220]
[DataCollatorForCDSMaskedLM] Tokenized sequence lengths: [365, 365, 365, 365]
[DataCollatorForCDSMaskedLM] Tokenized sequence lengths: [454, 454, 454, 454]
[DataCollatorForCDSMaskedLM] Tokenized sequence lengths: [246, 246, 246, 246]
[DataCollatorForCDSMaskedLM] Tokenized sequence lengths: [770, 770, 770, 770]
[DataCollatorForCDSMaskedLM] Tokenized sequence lengths: [1024, 1024, 1024, 1024]
[DataCollatorForCDSMaskedLM] Tokenized sequence lengths: [225, 225, 225, 225]
[DataCollatorForCDSMaskedLM] Tokenized sequence lengths: [338, 338, 338, 338]
[DataCollatorForCDSMaskedLM] Tokenized sequence lengths: [717, 717, 717, 717]
[DataCollatorForCDSMaskedLM] Tokenized sequence lengths: [754, 754, 754, 754]
[DataCollatorForCDSMaskedLM] Tokenized sequence lengths: [462, 462, 462, 462]
[DataCollatorForCDSMaskedLM] Tokenized sequence lengths: [74, 74, 74, 74]
[DataCollatorForCDSMaskedLM] Tokenized sequence lengths: [393, 393, 393, 393]
[DataCollatorForCDSMaskedLM] Tokenized sequence lengths: [227, 227, 227, 227]
[DataCollatorForCDSMaskedLM] Tokenized sequence lengths: [1024, 1024, 1024, 1024]
[DataCollatorForCDSMaskedLM] Tokenized sequence lengths: [92, 92, 92, 92]
[DataCollatorForCDSMaskedLM] Tokenized sequence lengths: [109, 109, 109, 109]
[DataCollatorForCDSMaskedLM] Tokenized sequence lengths: [684, 684, 684, 684]
[DataCollatorForCDSMaskedLM] Tokenized sequence lengths: [404, 404, 404, 404]
[DataCollatorForCDSMaskedLM] Tokenized sequence lengths: [289, 289, 289, 289]
[DataCollatorForCDSMaskedLM] Tokenized sequence lengths: [410, 410, 410, 410]
[DataCollatorForCDSMaskedLM] Tokenized sequence lengths: [1024, 1024, 1024, 1024]
[DataCollatorForCDSMaskedLM] Tokenized sequence lengths: [424, 424, 424, 424]
[DataCollatorForCDSMaskedLM] Tokenized sequence lengths: [145, 145, 145, 145]
[DataCollatorForCDSMaskedLM] Tokenized sequence lengths: [147, 147, 147, 147]
[DataCollatorForCDSMaskedLM] Tokenized sequence lengths:[DataCollatorForCDSMaskedLM] Tokenized sequence lengths:  [91, 91, 91, 91][121, 121, 121, 121]

[DataCollatorForCDSMaskedLM] Tokenized sequence lengths: [403, 403, 403, 403]
[DataCollatorForCDSMaskedLM] Tokenized sequence lengths: [1024, 1024, 1024, 1024]
[DataCollatorForCDSMaskedLM] Tokenized sequence lengths: [107, 107, 107, 107]
[DataCollatorForCDSMaskedLM] Tokenized sequence lengths: [679, 679, 679, 679]
{'loss': 6.4002, 'learning_rate': 0.0003333333333333333, 'epoch': 0.0}
[DataCollatorForCDSMaskedLM] Tokenized sequence lengths: [298, 298, 298, 298]
[DataCollatorForCDSMaskedLM] Tokenized sequence lengths: [144, 144, 144, 144]
[DataCollatorForCDSMaskedLM] Tokenized sequence lengths: [1016, 1016, 1016, 1016]
[DataCollatorForCDSMaskedLM] Tokenized sequence lengths: [1024, 1024, 1024, 1024]
[DataCollatorForCDSMaskedLM] Tokenized sequence lengths: [75, 75, 75, 75]
[DataCollatorForCDSMaskedLM] Tokenized sequence lengths: [356, 356, 356, 356]
[DataCollatorForCDSMaskedLM] Tokenized sequence lengths: [287, 287, 287, 287]
[DataCollatorForCDSMaskedLM] Tokenized sequence lengths: [413, 413, 413, 413]
[DataCollatorForCDSMaskedLM] Tokenized sequence lengths: [576, 576, 576, 576]
[DataCollatorForCDSMaskedLM] Tokenized sequence lengths: [256, 256, 256, 256]
[DataCollatorForCDSMaskedLM] Tokenized sequence lengths: [841, 841, 841, 841]
[DataCollatorForCDSMaskedLM] Tokenized sequence lengths: [1024, 1024, 1024, 1024]
[DataCollatorForCDSMaskedLM] Tokenized sequence lengths: [345, 345, 345, 345]
[DataCollatorForCDSMaskedLM] Tokenized sequence lengths: [484, 484, 484, 484]
[DataCollatorForCDSMaskedLM] Tokenized sequence lengths: [255, 255, 255, 255]
[DataCollatorForCDSMaskedLM] Tokenized sequence lengths: [233, 233, 233, 233]
[DataCollatorForCDSMaskedLM] Tokenized sequence lengths: [254, 254, 254, 254]
[DataCollatorForCDSMaskedLM] Tokenized sequence lengths: [376, 376, 376, 376]
[DataCollatorForCDSMaskedLM] Tokenized sequence lengths: [811, 811, 811, 811]
[DataCollatorForCDSMaskedLM] Tokenized sequence lengths: [768, 768, 768, 768]
[DataCollatorForCDSMaskedLM] Tokenized sequence lengths: [195, 195, 195, 195]
[DataCollatorForCDSMaskedLM] Tokenized sequence lengths: [494, 494, 494, 494]
[DataCollatorForCDSMaskedLM] Tokenized sequence lengths: [844, 844, 844, 844]
[DataCollatorForCDSMaskedLM] Tokenized sequence lengths: [262, 262, 262, 262]
[DataCollatorForCDSMaskedLM] Tokenized sequence lengths: [153, 153, 153, 153]
[DataCollatorForCDSMaskedLM] Tokenized sequence lengths: [691, 691, 691, 691]
[DataCollatorForCDSMaskedLM] Tokenized sequence lengths: [1024, 1024, 1024, 1024]
[DataCollatorForCDSMaskedLM] Tokenized sequence lengths: [93, 93, 93, 93]
[DataCollatorForCDSMaskedLM] Tokenized sequence lengths: [217, 217, 217, 217]
[DataCollatorForCDSMaskedLM] Tokenized sequence lengths: [581, 581, 581, 581]
[DataCollatorForCDSMaskedLM] Tokenized sequence lengths: [142, 142, 142, 142]
[DataCollatorForCDSMaskedLM] Tokenized sequence lengths: [653, 653, 653, 653]
[DataCollatorForCDSMaskedLM] Tokenized sequence lengths: [1024, 1024, 1024, 1024]
[DataCollatorForCDSMaskedLM] Tokenized sequence lengths: [1024, 1024, 1024, 1024]
[DataCollatorForCDSMaskedLM] Tokenized sequence lengths: [1024, 1024, 1024, 1024]
[DataCollatorForCDSMaskedLM] Tokenized sequence lengths: [1024, 1024, 1024, 1024]
[DataCollatorForCDSMaskedLM] Tokenized sequence lengths: [428, 428, 428, 428]
[DataCollatorForCDSMaskedLM] Tokenized sequence lengths: [1024, 1024, 1024, 1024]
[DataCollatorForCDSMaskedLM] Tokenized sequence lengths: [731, 731, 731, 731]
[DataCollatorForCDSMaskedLM] Tokenized sequence lengths: [710, 710, 710, 710]
{'loss': 6.5368, 'learning_rate': 0.0003375, 'epoch': 0.0}
[DataCollatorForCDSMaskedLM] Tokenized sequence lengths: [209, 209, 209, 209]
[DataCollatorForCDSMaskedLM] Tokenized sequence lengths: [226, 226, 226, 226]
[DataCollatorForCDSMaskedLM] Tokenized sequence lengths: [239, 239, 239, 239]
[DataCollatorForCDSMaskedLM] Tokenized sequence lengths: [585, 585, 585, 585]
[DataCollatorForCDSMaskedLM] Tokenized sequence lengths: [244, 244, 244, 244]
[DataCollatorForCDSMaskedLM] Tokenized sequence lengths: [186, 186, 186, 186]
[DataCollatorForCDSMaskedLM] Tokenized sequence lengths: [391, 391, 391, 391]
[DataCollatorForCDSMaskedLM] Tokenized sequence lengths: [106, 106, 106, 106]
[DataCollatorForCDSMaskedLM] Tokenized sequence lengths: [219, 219, 219, 219]
[DataCollatorForCDSMaskedLM] Tokenized sequence lengths: [431, 431, 431, 431]
[DataCollatorForCDSMaskedLM] Tokenized sequence lengths: [137, 137, 137, 137]
[DataCollatorForCDSMaskedLM] Tokenized sequence lengths: [899, 899, 899, 899]
[DataCollatorForCDSMaskedLM] Tokenized sequence lengths: [229, 229, 229, 229]
[DataCollatorForCDSMaskedLM] Tokenized sequence lengths: [393, 393, 393, 393]
[DataCollatorForCDSMaskedLM] Tokenized sequence lengths: [291, 291, 291, 291]
[DataCollatorForCDSMaskedLM] Tokenized sequence lengths: [1024, 1024, 1024, 1024]
[DataCollatorForCDSMaskedLM] Tokenized sequence lengths: [239, 239, 239, 239]
[DataCollatorForCDSMaskedLM] Tokenized sequence lengths: [203, 203, 203, 203]
[DataCollatorForCDSMaskedLM] Tokenized sequence lengths: [126, 126, 126, 126]
[DataCollatorForCDSMaskedLM] Tokenized sequence lengths: [569, 569, 569, 569]
[DataCollatorForCDSMaskedLM] Tokenized sequence lengths: [151, 151, 151, 151]
[DataCollatorForCDSMaskedLM] Tokenized sequence lengths: [1024, 1024, 1024, 1024]
[DataCollatorForCDSMaskedLM] Tokenized sequence lengths: [1024, 1024, 1024, 1024]
[DataCollatorForCDSMaskedLM] Tokenized sequence lengths: [701, 701, 701, 701]
[DataCollatorForCDSMaskedLM] Tokenized sequence lengths: [241, 241, 241, 241]
[DataCollatorForCDSMaskedLM] Tokenized sequence lengths: [141, 141, 141, 141]
[DataCollatorForCDSMaskedLM] Tokenized sequence lengths: [741, 741, 741, 741]
[DataCollatorForCDSMaskedLM] Tokenized sequence lengths: [1024, 1024, 1024, 1024]
[DataCollatorForCDSMaskedLM] Tokenized sequence lengths: [1024, 1024, 1024, 1024]
[DataCollatorForCDSMaskedLM] Tokenized sequence lengths: [257, 257, 257, 257]
[DataCollatorForCDSMaskedLM] Tokenized sequence lengths: [92, 92, 92, 92]
[DataCollatorForCDSMaskedLM] Tokenized sequence lengths: [231, 231, 231, 231]
[DataCollatorForCDSMaskedLM] Tokenized sequence lengths: [181, 181, 181, 181]
[DataCollatorForCDSMaskedLM] Tokenized sequence lengths: [144, 144, 144, 144]
[DataCollatorForCDSMaskedLM] Tokenized sequence lengths: [71, 71, 71, 71]
[DataCollatorForCDSMaskedLM] Tokenized sequence lengths: [413, 413, 413, 413]
[DataCollatorForCDSMaskedLM] Tokenized sequence lengths: [93, 93, 93, 93]
[DataCollatorForCDSMaskedLM] Tokenized sequence lengths: [173, 173, 173, 173]
[DataCollatorForCDSMaskedLM] Tokenized sequence lengths: [255, 255, 255, 255]
[DataCollatorForCDSMaskedLM] Tokenized sequence lengths: [324, 324, 324, 324]
{'loss': 6.453, 'learning_rate': 0.00034166666666666666, 'epoch': 0.0}
[DataCollatorForCDSMaskedLM] Tokenized sequence lengths: [173, 173, 173, 173]
[DataCollatorForCDSMaskedLM] Tokenized sequence lengths: [363, 363, 363, 363]
[DataCollatorForCDSMaskedLM] Tokenized sequence lengths: [1024, 1024, 1024, 1024]
[DataCollatorForCDSMaskedLM] Tokenized sequence lengths: [1024, 1024, 1024, 1024]
[DataCollatorForCDSMaskedLM] Tokenized sequence lengths: [376, 376, 376, 376]
[DataCollatorForCDSMaskedLM] Tokenized sequence lengths: [272, 272, 272, 272]
[DataCollatorForCDSMaskedLM] Tokenized sequence lengths: [821, 821, 821, 821]
[DataCollatorForCDSMaskedLM] Tokenized sequence lengths: [99, 99, 99, 99]
[DataCollatorForCDSMaskedLM] Tokenized sequence lengths: [190, 190, 190, 190]
[DataCollatorForCDSMaskedLM] Tokenized sequence lengths: [511, 511, 511, 511]
[DataCollatorForCDSMaskedLM] Tokenized sequence lengths: [741, 741, 741, 741]
[DataCollatorForCDSMaskedLM] Tokenized sequence lengths: [713, 713, 713, 713]
[DataCollatorForCDSMaskedLM] Tokenized sequence lengths: [265, 265, 265, 265]
[DataCollatorForCDSMaskedLM] Tokenized sequence lengths: [99, 99, 99, 99]
[DataCollatorForCDSMaskedLM] Tokenized sequence lengths: [1024, 1024, 1024, 1024]
[DataCollatorForCDSMaskedLM] Tokenized sequence lengths: [233, 233, 233, 233]
[DataCollatorForCDSMaskedLM] Tokenized sequence lengths: [245, 245, 245, 245]
[DataCollatorForCDSMaskedLM] Tokenized sequence lengths: [485, 485, 485, 485]
[DataCollatorForCDSMaskedLM] Tokenized sequence lengths: [214, 214, 214, 214]
[DataCollatorForCDSMaskedLM] Tokenized sequence lengths: [405, 405, 405, 405]
[DataCollatorForCDSMaskedLM] Tokenized sequence lengths: [227, 227, 227, 227]
[DataCollatorForCDSMaskedLM] Tokenized sequence lengths: [91, 91, 91, 91]
[DataCollatorForCDSMaskedLM] Tokenized sequence lengths: [311, 311, 311, 311]
[DataCollatorForCDSMaskedLM] Tokenized sequence lengths: [95, 95, 95, 95]
[DataCollatorForCDSMaskedLM] Tokenized sequence lengths: [194, 194, 194, 194]
[DataCollatorForCDSMaskedLM] Tokenized sequence lengths: [328, 328, 328, 328]
[DataCollatorForCDSMaskedLM] Tokenized sequence lengths: [82, 82, 82, 82]
[DataCollatorForCDSMaskedLM] Tokenized sequence lengths: [632, 632, 632, 632]
[DataCollatorForCDSMaskedLM] Tokenized sequence lengths: [169, 169, 169, 169]
[DataCollatorForCDSMaskedLM] Tokenized sequence lengths: [1024, 1024, 1024, 1024]
[DataCollatorForCDSMaskedLM] Tokenized sequence lengths: [701, 701, 701, 701]
[DataCollatorForCDSMaskedLM] Tokenized sequence lengths: [1024, 1024, 1024, 1024]
[DataCollatorForCDSMaskedLM] Tokenized sequence lengths: [163, 163, 163, 163]
[DataCollatorForCDSMaskedLM] Tokenized sequence lengths: [923, 923, 923, 923]
[DataCollatorForCDSMaskedLM] Tokenized sequence lengths: [1024, 1024, 1024, 1024]
[DataCollatorForCDSMaskedLM] Tokenized sequence lengths: [265, 265, 265, 265]
[DataCollatorForCDSMaskedLM] Tokenized sequence lengths: [93, 93, 93, 93]
[DataCollatorForCDSMaskedLM] Tokenized sequence lengths: [324, 324, 324, 324]
[DataCollatorForCDSMaskedLM] Tokenized sequence lengths: [206, 206, 206, 206]
[DataCollatorForCDSMaskedLM] Tokenized sequence lengths: [334, 334, 334, 334]
{'loss': 6.4495, 'learning_rate': 0.00034583333333333335, 'epoch': 0.0}
[DataCollatorForCDSMaskedLM] Tokenized sequence lengths: [70, 70, 70, 70]
[DataCollatorForCDSMaskedLM] Tokenized sequence lengths: [469, 469, 469, 469]
[DataCollatorForCDSMaskedLM] Tokenized sequence lengths: [734, 734, 734, 734]
[DataCollatorForCDSMaskedLM] Tokenized sequence lengths: [434, 434, 434, 434]
[DataCollatorForCDSMaskedLM] Tokenized sequence lengths: [729, 729, 729, 729]
[DataCollatorForCDSMaskedLM] Tokenized sequence lengths: [302, 302, 302, 302]
[DataCollatorForCDSMaskedLM] Tokenized sequence lengths: [141, 141, 141, 141]
[DataCollatorForCDSMaskedLM] Tokenized sequence lengths: [1024, 1024, 1024, 1024]
[DataCollatorForCDSMaskedLM] Tokenized sequence lengths: [231, 231, 231, 231]
[DataCollatorForCDSMaskedLM] Tokenized sequence lengths: [1024, 1024, 1024, 1024]
[DataCollatorForCDSMaskedLM] Tokenized sequence lengths: [412, 412, 412, 412]
[DataCollatorForCDSMaskedLM] Tokenized sequence lengths: [874, 874, 874, 874]
[DataCollatorForCDSMaskedLM] Tokenized sequence lengths: [284, 284, 284, 284]
[DataCollatorForCDSMaskedLM] Tokenized sequence lengths: [485, 485, 485, 485]
[DataCollatorForCDSMaskedLM] Tokenized sequence lengths: [267, 267, 267, 267]
[DataCollatorForCDSMaskedLM] Tokenized sequence lengths: [1024, 1024, 1024, 1024]
[DataCollatorForCDSMaskedLM] Tokenized sequence lengths: [186, 186, 186, 186]
[DataCollatorForCDSMaskedLM] Tokenized sequence lengths: [463, 463, 463, 463]
[DataCollatorForCDSMaskedLM] Tokenized sequence lengths: [415, 415, 415, 415]
[DataCollatorForCDSMaskedLM] Tokenized sequence lengths: [1024, 1024, 1024, 1024]
[DataCollatorForCDSMaskedLM] Tokenized sequence lengths: [226, 226, 226, 226]
[DataCollatorForCDSMaskedLM] Tokenized sequence lengths: [650, 650, 650, 650]
[DataCollatorForCDSMaskedLM] Tokenized sequence lengths: [849, 849, 849, 849]
[DataCollatorForCDSMaskedLM] Tokenized sequence lengths: [177, 177, 177, 177]
[DataCollatorForCDSMaskedLM] Tokenized sequence lengths: [88, 88, 88, 88]
[DataCollatorForCDSMaskedLM] Tokenized sequence lengths: [397, 397, 397, 397]
[DataCollatorForCDSMaskedLM] Tokenized sequence lengths: [151, 151, 151, 151]
[DataCollatorForCDSMaskedLM] Tokenized sequence lengths: [115, 115, 115, 115]
[DataCollatorForCDSMaskedLM] Tokenized sequence lengths: [126, 126, 126, 126]
[DataCollatorForCDSMaskedLM] Tokenized sequence lengths: [142, 142, 142, 142]
[DataCollatorForCDSMaskedLM] Tokenized sequence lengths: [109, 109, 109, 109]
[DataCollatorForCDSMaskedLM] Tokenized sequence lengths: [270, 270, 270, 270]
[DataCollatorForCDSMaskedLM] Tokenized sequence lengths: [139, 139, 139, 139]
[DataCollatorForCDSMaskedLM] Tokenized sequence lengths: [153, 153, 153, 153]
[DataCollatorForCDSMaskedLM] Tokenized sequence lengths: [156, 156, 156, 156]
[DataCollatorForCDSMaskedLM] Tokenized sequence lengths: [496, 496, 496, 496]
[DataCollatorForCDSMaskedLM] Tokenized sequence lengths: [86, 86, 86, 86]
[DataCollatorForCDSMaskedLM] Tokenized sequence lengths: [169, 169, 169, 169]
[DataCollatorForCDSMaskedLM] Tokenized sequence lengths: [104, 104, 104, 104]
[DataCollatorForCDSMaskedLM] Tokenized sequence lengths: [142, 142, 142, 142]
{'loss': 6.4575, 'learning_rate': 0.00035, 'epoch': 0.0}
[DataCollatorForCDSMaskedLM] Tokenized sequence lengths: [134, 134, 134, 134]
[DataCollatorForCDSMaskedLM] Tokenized sequence lengths: [105, 105, 105, 105]
[DataCollatorForCDSMaskedLM] Tokenized sequence lengths: [277, 277, 277, 277]
[DataCollatorForCDSMaskedLM] Tokenized sequence lengths: [633, 633, 633, 633]
[DataCollatorForCDSMaskedLM] Tokenized sequence lengths: [97, 97, 97, 97]
[DataCollatorForCDSMaskedLM] Tokenized sequence lengths: [88, 88, 88, 88]
[DataCollatorForCDSMaskedLM] Tokenized sequence lengths: [502, 502, 502, 502]
[DataCollatorForCDSMaskedLM] Tokenized sequence lengths: [224, 224, 224, 224]
[DataCollatorForCDSMaskedLM] Tokenized sequence lengths: [98, 98, 98, 98]
[DataCollatorForCDSMaskedLM] Tokenized sequence lengths: [387, 387, 387, 387]
[DataCollatorForCDSMaskedLM] Tokenized sequence lengths: [422, 422, 422, 422]
[DataCollatorForCDSMaskedLM] Tokenized sequence lengths: [1024, 1024, 1024, 1024]
[DataCollatorForCDSMaskedLM] Tokenized sequence lengths: [154, 154, 154, 154]
[DataCollatorForCDSMaskedLM] Tokenized sequence lengths: [558, 558, 558, 558]
[DataCollatorForCDSMaskedLM] Tokenized sequence lengths: [1024, 1024, 1024, 1024]
[DataCollatorForCDSMaskedLM] Tokenized sequence lengths: [473, 473, 473, 473]
[DataCollatorForCDSMaskedLM] Tokenized sequence lengths: [164, 164, 164, 164]
[DataCollatorForCDSMaskedLM] Tokenized sequence lengths: [136, 136, 136, 136]
[DataCollatorForCDSMaskedLM] Tokenized sequence lengths: [202, 202, 202, 202]
[DataCollatorForCDSMaskedLM] Tokenized sequence lengths: [291, 291, 291, 291]
[DataCollatorForCDSMaskedLM] Tokenized sequence lengths: [494, 494, 494, 494]
[DataCollatorForCDSMaskedLM] Tokenized sequence lengths: [243, 243, 243, 243]
[DataCollatorForCDSMaskedLM] Tokenized sequence lengths: [659, 659, 659, 659]
[DataCollatorForCDSMaskedLM] Tokenized sequence lengths: [202, 202, 202, 202]
[DataCollatorForCDSMaskedLM] Tokenized sequence lengths: [186, 186, 186, 186]
[DataCollatorForCDSMaskedLM] Tokenized sequence lengths: [195, 195, 195, 195]
[DataCollatorForCDSMaskedLM] Tokenized sequence lengths: [1009, 1009, 1009, 1009]
[DataCollatorForCDSMaskedLM] Tokenized sequence lengths: [106, 106, 106, 106]
[DataCollatorForCDSMaskedLM] Tokenized sequence lengths:[DataCollatorForCDSMaskedLM] Tokenized sequence lengths:  [196, 196, 196, 196][192, 192, 192, 192]

[DataCollatorForCDSMaskedLM] Tokenized sequence lengths: [97, 97, 97, 97]
[DataCollatorForCDSMaskedLM] Tokenized sequence lengths: [297, 297, 297, 297]
[DataCollatorForCDSMaskedLM] Tokenized sequence lengths: [249, 249, 249, 249]
[DataCollatorForCDSMaskedLM] Tokenized sequence lengths: [101, 101, 101, 101]
[DataCollatorForCDSMaskedLM] Tokenized sequence lengths: [643, 643, 643, 643]
[DataCollatorForCDSMaskedLM] Tokenized sequence lengths: [178, 178, 178, 178]
[DataCollatorForCDSMaskedLM] Tokenized sequence lengths: [191, 191, 191, 191]
[DataCollatorForCDSMaskedLM] Tokenized sequence lengths: [98, 98, 98, 98]
[DataCollatorForCDSMaskedLM] Tokenized sequence lengths: [231, 231, 231, 231]
[DataCollatorForCDSMaskedLM] Tokenized sequence lengths: [537, 537, 537, 537]
{'loss': 6.4616, 'learning_rate': 0.0003541666666666667, 'epoch': 0.0}
[DataCollatorForCDSMaskedLM] Tokenized sequence lengths: [148, 148, 148, 148]
[DataCollatorForCDSMaskedLM] Tokenized sequence lengths: [84, 84, 84, 84]
[DataCollatorForCDSMaskedLM] Tokenized sequence lengths: [801, 801, 801, 801]
[DataCollatorForCDSMaskedLM] Tokenized sequence lengths: [724, 724, 724, 724]
[DataCollatorForCDSMaskedLM] Tokenized sequence lengths: [193, 193, 193, 193]
[DataCollatorForCDSMaskedLM] Tokenized sequence lengths: [78, 78, 78, 78]
[DataCollatorForCDSMaskedLM] Tokenized sequence lengths: [85, 85, 85, 85]
[DataCollatorForCDSMaskedLM] Tokenized sequence lengths: [1024, 1024, 1024, 1024]
[DataCollatorForCDSMaskedLM] Tokenized sequence lengths: [255, 255, 255, 255]
[DataCollatorForCDSMaskedLM] Tokenized sequence lengths: [62, 62, 62, 62]
[DataCollatorForCDSMaskedLM] Tokenized sequence lengths: [820, 820, 820, 820]
[DataCollatorForCDSMaskedLM] Tokenized sequence lengths: [101, 101, 101, 101]
[DataCollatorForCDSMaskedLM] Tokenized sequence lengths: [127, 127, 127, 127]
[DataCollatorForCDSMaskedLM] Tokenized sequence lengths: [433, 433, 433, 433]
[DataCollatorForCDSMaskedLM] Tokenized sequence lengths: [1002, 1002, 1002, 1002]
[DataCollatorForCDSMaskedLM] Tokenized sequence lengths: [122, 122, 122, 122]
[DataCollatorForCDSMaskedLM] Tokenized sequence lengths: [317, 317, 317, 317]
[DataCollatorForCDSMaskedLM] Tokenized sequence lengths: [255, 255, 255, 255]
[DataCollatorForCDSMaskedLM] Tokenized sequence lengths: [803, 803, 803, 803]
[DataCollatorForCDSMaskedLM] Tokenized sequence lengths: [190, 190, 190, 190]
[DataCollatorForCDSMaskedLM] Tokenized sequence lengths: [231, 231, 231, 231]
[DataCollatorForCDSMaskedLM] Tokenized sequence lengths: [185, 185, 185, 185]
[DataCollatorForCDSMaskedLM] Tokenized sequence lengths: [105, 105, 105, 105]
[DataCollatorForCDSMaskedLM] Tokenized sequence lengths: [1024, 1024, 1024, 1024]
[DataCollatorForCDSMaskedLM] Tokenized sequence lengths: [263, 263, 263, 263]
[DataCollatorForCDSMaskedLM] Tokenized sequence lengths: [235, 235, 235, 235]
[DataCollatorForCDSMaskedLM] Tokenized sequence lengths: [83, 83, 83, 83]
[DataCollatorForCDSMaskedLM] Tokenized sequence lengths: [635, 635, 635, 635]
[DataCollatorForCDSMaskedLM] Tokenized sequence lengths: [145, 145, 145, 145]
[DataCollatorForCDSMaskedLM] Tokenized sequence lengths: [1024, 1024, 1024, 1024]
[DataCollatorForCDSMaskedLM] Tokenized sequence lengths: [1024, 1024, 1024, 1024]
[DataCollatorForCDSMaskedLM] Tokenized sequence lengths: [118, 118, 118, 118]
[DataCollatorForCDSMaskedLM] Tokenized sequence lengths: [365, 365, 365, 365]
[DataCollatorForCDSMaskedLM] Tokenized sequence lengths: [1024, 1024, 1024, 1024]
[DataCollatorForCDSMaskedLM] Tokenized sequence lengths: [300, 300, 300, 300]
[DataCollatorForCDSMaskedLM] Tokenized sequence lengths: [1024, 1024, 1024, 1024]
[DataCollatorForCDSMaskedLM] Tokenized sequence lengths: [195, 195, 195, 195]
[DataCollatorForCDSMaskedLM] Tokenized sequence lengths: [173, 173, 173, 173]
[DataCollatorForCDSMaskedLM] Tokenized sequence lengths: [DataCollatorForCDSMaskedLM] Tokenized sequence lengths:[370, 370, 370, 370] 
[464, 464, 464, 464]
{'loss': 6.4556, 'learning_rate': 0.00035833333333333333, 'epoch': 0.0}
[DataCollatorForCDSMaskedLM] Tokenized sequence lengths: [333, 333, 333, 333]
[DataCollatorForCDSMaskedLM] Tokenized sequence lengths: [332, 332, 332, 332]
[DataCollatorForCDSMaskedLM] Tokenized sequence lengths: [657, 657, 657, 657]
[DataCollatorForCDSMaskedLM] Tokenized sequence lengths: [989, 989, 989, 989]
[DataCollatorForCDSMaskedLM] Tokenized sequence lengths: [368, 368, 368, 368]
[DataCollatorForCDSMaskedLM] Tokenized sequence lengths: [352, 352, 352, 352]
[DataCollatorForCDSMaskedLM] Tokenized sequence lengths: [276, 276, 276, 276]
[DataCollatorForCDSMaskedLM] Tokenized sequence lengths: [1024, 1024, 1024, 1024]
[DataCollatorForCDSMaskedLM] Tokenized sequence lengths: [125, 125, 125, 125]
[DataCollatorForCDSMaskedLM] Tokenized sequence lengths: [362, 362, 362, 362]
[DataCollatorForCDSMaskedLM] Tokenized sequence lengths: [287, 287, 287, 287]
[DataCollatorForCDSMaskedLM] Tokenized sequence lengths: [599, 599, 599, 599]
[DataCollatorForCDSMaskedLM] Tokenized sequence lengths: [60, 60, 60, 60]
[DataCollatorForCDSMaskedLM] Tokenized sequence lengths: [139, 139, 139, 139]
[DataCollatorForCDSMaskedLM] Tokenized sequence lengths: [147, 147, 147, 147]
[DataCollatorForCDSMaskedLM] Tokenized sequence lengths: [153, 153, 153, 153]
[DataCollatorForCDSMaskedLM] Tokenized sequence lengths: [50, 50, 50, 50]
[DataCollatorForCDSMaskedLM] Tokenized sequence lengths: [297, 297, 297, 297]
[DataCollatorForCDSMaskedLM] Tokenized sequence lengths: [241, 241, 241, 241]
[DataCollatorForCDSMaskedLM] Tokenized sequence lengths: [1024, 1024, 1024, 1024]
[DataCollatorForCDSMaskedLM] Tokenized sequence lengths: [116, 116, 116, 116]
[DataCollatorForCDSMaskedLM] Tokenized sequence lengths: [378, 378, 378, 378]
[DataCollatorForCDSMaskedLM] Tokenized sequence lengths: [131, 131, 131, 131]
[DataCollatorForCDSMaskedLM] Tokenized sequence lengths: [159, 159, 159, 159]
[DataCollatorForCDSMaskedLM] Tokenized sequence lengths: [262, 262, 262, 262]
[DataCollatorForCDSMaskedLM] Tokenized sequence lengths: [712, 712, 712, 712]
[DataCollatorForCDSMaskedLM] Tokenized sequence lengths: [1024, 1024, 1024, 1024]
[DataCollatorForCDSMaskedLM] Tokenized sequence lengths: [328, 328, 328, 328]
[DataCollatorForCDSMaskedLM] Tokenized sequence lengths: [112, 112, 112, 112]
[DataCollatorForCDSMaskedLM] Tokenized sequence lengths: [103, 103, 103, 103]
[DataCollatorForCDSMaskedLM] Tokenized sequence lengths: [256, 256, 256, 256]
[DataCollatorForCDSMaskedLM] Tokenized sequence lengths: [1024, 1024, 1024, 1024]
[DataCollatorForCDSMaskedLM] Tokenized sequence lengths: [143, 143, 143, 143]
[DataCollatorForCDSMaskedLM] Tokenized sequence lengths: [561, 561, 561, 561]
[DataCollatorForCDSMaskedLM] Tokenized sequence lengths: [81, 81, 81, 81]
[DataCollatorForCDSMaskedLM] Tokenized sequence lengths: [110, 110, 110, 110]
[DataCollatorForCDSMaskedLM] Tokenized sequence lengths: [226, 226, 226, 226]
[DataCollatorForCDSMaskedLM] Tokenized sequence lengths: [130, 130, 130, 130]
[DataCollatorForCDSMaskedLM] Tokenized sequence lengths: [585, 585, 585, 585]
[DataCollatorForCDSMaskedLM] Tokenized sequence lengths: [845, 845, 845, 845]
{'loss': 6.5541, 'learning_rate': 0.0003625, 'epoch': 0.0}
[DataCollatorForCDSMaskedLM] Tokenized sequence lengths: [161, 161, 161, 161]
[DataCollatorForCDSMaskedLM] Tokenized sequence lengths: [1024, 1024, 1024, 1024]
[DataCollatorForCDSMaskedLM] Tokenized sequence lengths: [1024, 1024, 1024, 1024]
[DataCollatorForCDSMaskedLM] Tokenized sequence lengths: [1024, 1024, 1024, 1024]
[DataCollatorForCDSMaskedLM] Tokenized sequence lengths: [189, 189, 189, 189]
[DataCollatorForCDSMaskedLM] Tokenized sequence lengths: [841, 841, 841, 841]
[DataCollatorForCDSMaskedLM] Tokenized sequence lengths: [187, 187, 187, 187]
[DataCollatorForCDSMaskedLM] Tokenized sequence lengths: [419, 419, 419, 419]
[DataCollatorForCDSMaskedLM] Tokenized sequence lengths: [254, 254, 254, 254]
[DataCollatorForCDSMaskedLM] Tokenized sequence lengths: [434, 434, 434, 434]
[DataCollatorForCDSMaskedLM] Tokenized sequence lengths: [431, 431, 431, 431]
[DataCollatorForCDSMaskedLM] Tokenized sequence lengths: [370, 370, 370, 370]
[DataCollatorForCDSMaskedLM] Tokenized sequence lengths: [113, 113, 113, 113]
[DataCollatorForCDSMaskedLM] Tokenized sequence lengths: [367, 367, 367, 367]
[DataCollatorForCDSMaskedLM] Tokenized sequence lengths: [337, 337, 337, 337]
[DataCollatorForCDSMaskedLM] Tokenized sequence lengths: [917, 917, 917, 917]
[DataCollatorForCDSMaskedLM] Tokenized sequence lengths: [940, 940, 940, 940]
[DataCollatorForCDSMaskedLM] Tokenized sequence lengths: [92, 92, 92, 92]
[DataCollatorForCDSMaskedLM] Tokenized sequence lengths: [402, 402, 402, 402]
[DataCollatorForCDSMaskedLM] Tokenized sequence lengths: [1024, 1024, 1024, 1024]
[DataCollatorForCDSMaskedLM] Tokenized sequence lengths: [683, 683, 683, 683]
[DataCollatorForCDSMaskedLM] Tokenized sequence lengths: [850, 850, 850, 850]
[DataCollatorForCDSMaskedLM] Tokenized sequence lengths: [918, 918, 918, 918]
[DataCollatorForCDSMaskedLM] Tokenized sequence lengths: [872, 872, 872, 872]
[DataCollatorForCDSMaskedLM] Tokenized sequence lengths: [317, 317, 317, 317]
[DataCollatorForCDSMaskedLM] Tokenized sequence lengths: [124, 124, 124, 124]
[DataCollatorForCDSMaskedLM] Tokenized sequence lengths: [177, 177, 177, 177]
[DataCollatorForCDSMaskedLM] Tokenized sequence lengths: [409, 409, 409, 409]
[DataCollatorForCDSMaskedLM] Tokenized sequence lengths:[DataCollatorForCDSMaskedLM] Tokenized sequence lengths:  [151, 151, 151, 151][222, 222, 222, 222]

[DataCollatorForCDSMaskedLM] Tokenized sequence lengths: [428, 428, 428, 428]
[DataCollatorForCDSMaskedLM] Tokenized sequence lengths: [123, 123, 123, 123]
[DataCollatorForCDSMaskedLM] Tokenized sequence lengths: [87, 87, 87, 87]
[DataCollatorForCDSMaskedLM] Tokenized sequence lengths: [155, 155, 155, 155]
[DataCollatorForCDSMaskedLM] Tokenized sequence lengths: [1024, 1024, 1024, 1024]
[DataCollatorForCDSMaskedLM] Tokenized sequence lengths: [216, 216, 216, 216]
[DataCollatorForCDSMaskedLM] Tokenized sequence lengths: [447, 447, 447, 447]
[DataCollatorForCDSMaskedLM] Tokenized sequence lengths: [365, 365, 365, 365]
[DataCollatorForCDSMaskedLM] Tokenized sequence lengths: [136, 136, 136, 136]
[DataCollatorForCDSMaskedLM] Tokenized sequence lengths: [1024, 1024, 1024, 1024]
{'loss': 6.3927, 'learning_rate': 0.00036666666666666667, 'epoch': 0.0}
[DataCollatorForCDSMaskedLM] Tokenized sequence lengths: [326, 326, 326, 326]
[DataCollatorForCDSMaskedLM] Tokenized sequence lengths: [437, 437, 437, 437]
[DataCollatorForCDSMaskedLM] Tokenized sequence lengths: [826, 826, 826, 826]
[DataCollatorForCDSMaskedLM] Tokenized sequence lengths: [939, 939, 939, 939]
[DataCollatorForCDSMaskedLM] Tokenized sequence lengths: [110, 110, 110, 110]
[DataCollatorForCDSMaskedLM] Tokenized sequence lengths: [240, 240, 240, 240]
[DataCollatorForCDSMaskedLM] Tokenized sequence lengths: [87, 87, 87, 87]
[DataCollatorForCDSMaskedLM] Tokenized sequence lengths: [72, 72, 72, 72]
[DataCollatorForCDSMaskedLM] Tokenized sequence lengths: [185, 185, 185, 185]
[DataCollatorForCDSMaskedLM] Tokenized sequence lengths: [191, 191, 191, 191]
[DataCollatorForCDSMaskedLM] Tokenized sequence lengths: [153, 153, 153, 153]
[DataCollatorForCDSMaskedLM] Tokenized sequence lengths: [433, 433, 433, 433]
[DataCollatorForCDSMaskedLM] Tokenized sequence lengths: [110, 110, 110, 110]
[DataCollatorForCDSMaskedLM] Tokenized sequence lengths: [518, 518, 518, 518]
[DataCollatorForCDSMaskedLM] Tokenized sequence lengths: [1024, 1024, 1024, 1024]
[DataCollatorForCDSMaskedLM] Tokenized sequence lengths: [1024, 1024, 1024, 1024]
[DataCollatorForCDSMaskedLM] Tokenized sequence lengths: [144, 144, 144, 144]
[DataCollatorForCDSMaskedLM] Tokenized sequence lengths: [79, 79, 79, 79]
[DataCollatorForCDSMaskedLM] Tokenized sequence lengths: [575, 575, 575, 575]
[DataCollatorForCDSMaskedLM] Tokenized sequence lengths: [212, 212, 212, 212]
[DataCollatorForCDSMaskedLM] Tokenized sequence lengths: [179, 179, 179, 179]
[DataCollatorForCDSMaskedLM] Tokenized sequence lengths: [219, 219, 219, 219]
[DataCollatorForCDSMaskedLM] Tokenized sequence lengths: [167, 167, 167, 167]
[DataCollatorForCDSMaskedLM] Tokenized sequence lengths: [1024, 1024, 1024, 1024]
[DataCollatorForCDSMaskedLM] Tokenized sequence lengths: [153, 153, 153, 153]
[DataCollatorForCDSMaskedLM] Tokenized sequence lengths: [173, 173, 173, 173]
[DataCollatorForCDSMaskedLM] Tokenized sequence lengths: [1024, 1024, 1024, 1024]
[DataCollatorForCDSMaskedLM] Tokenized sequence lengths: [830, 830, 830, 830]
[DataCollatorForCDSMaskedLM] Tokenized sequence lengths: [102, 102, 102, 102]
[DataCollatorForCDSMaskedLM] Tokenized sequence lengths: [82, 82, 82, 82]
[DataCollatorForCDSMaskedLM] Tokenized sequence lengths: [278, 278, 278, 278]
[DataCollatorForCDSMaskedLM] Tokenized sequence lengths: [515, 515, 515, 515]
[DataCollatorForCDSMaskedLM] Tokenized sequence lengths: [92, 92, 92, 92]
[DataCollatorForCDSMaskedLM] Tokenized sequence lengths: [105, 105, 105, 105]
[DataCollatorForCDSMaskedLM] Tokenized sequence lengths: [1024, 1024, 1024, 1024]
[DataCollatorForCDSMaskedLM] Tokenized sequence lengths: [1024, 1024, 1024, 1024]
[DataCollatorForCDSMaskedLM] Tokenized sequence lengths: [249, 249, 249, 249]
[DataCollatorForCDSMaskedLM] Tokenized sequence lengths: [207, 207, 207, 207]
[DataCollatorForCDSMaskedLM] Tokenized sequence lengths: [280, 280, 280, 280]
[DataCollatorForCDSMaskedLM] Tokenized sequence lengths: [243, 243, 243, 243]
{'loss': 6.5768, 'learning_rate': 0.00037083333333333337, 'epoch': 0.0}
[DataCollatorForCDSMaskedLM] Tokenized sequence lengths: [141, 141, 141, 141]
[DataCollatorForCDSMaskedLM] Tokenized sequence lengths: [751, 751, 751, 751]
[DataCollatorForCDSMaskedLM] Tokenized sequence lengths: [689, 689, 689, 689]
[DataCollatorForCDSMaskedLM] Tokenized sequence lengths: [1024, 1024, 1024, 1024]
[DataCollatorForCDSMaskedLM] Tokenized sequence lengths: [251, 251, 251, 251]
[DataCollatorForCDSMaskedLM] Tokenized sequence lengths: [1024, 1024, 1024, 1024]
[DataCollatorForCDSMaskedLM] Tokenized sequence lengths: [248, 248, 248, 248]
[DataCollatorForCDSMaskedLM] Tokenized sequence lengths: [416, 416, 416, 416]
[DataCollatorForCDSMaskedLM] Tokenized sequence lengths: [328, 328, 328, 328]
[DataCollatorForCDSMaskedLM] Tokenized sequence lengths: [196, 196, 196, 196]
[DataCollatorForCDSMaskedLM] Tokenized sequence lengths: [204, 204, 204, 204]
[DataCollatorForCDSMaskedLM] Tokenized sequence lengths: [1024, 1024, 1024, 1024]
[DataCollatorForCDSMaskedLM] Tokenized sequence lengths: [231, 231, 231, 231]
[DataCollatorForCDSMaskedLM] Tokenized sequence lengths: [1024, 1024, 1024, 1024]
[DataCollatorForCDSMaskedLM] Tokenized sequence lengths: [82, 82, 82, 82]
[DataCollatorForCDSMaskedLM] Tokenized sequence lengths: [429, 429, 429, 429]
[DataCollatorForCDSMaskedLM] Tokenized sequence lengths: [291, 291, 291, 291]
[DataCollatorForCDSMaskedLM] Tokenized sequence lengths: [433, 433, 433, 433]
[DataCollatorForCDSMaskedLM] Tokenized sequence lengths: [612, 612, 612, 612]
[DataCollatorForCDSMaskedLM] Tokenized sequence lengths: [474, 474, 474, 474]
[DataCollatorForCDSMaskedLM] Tokenized sequence lengths: [263, 263, 263, 263]
[DataCollatorForCDSMaskedLM] Tokenized sequence lengths: [387, 387, 387, 387]
[DataCollatorForCDSMaskedLM] Tokenized sequence lengths: [173, 173, 173, 173]
[DataCollatorForCDSMaskedLM] Tokenized sequence lengths: [121, 121, 121, 121]
[DataCollatorForCDSMaskedLM] Tokenized sequence lengths: [101, 101, 101, 101]
[DataCollatorForCDSMaskedLM] Tokenized sequence lengths: [193, 193, 193, 193]
[DataCollatorForCDSMaskedLM] Tokenized sequence lengths: [139, 139, 139, 139]
[DataCollatorForCDSMaskedLM] Tokenized sequence lengths: [334, 334, 334, 334]
[DataCollatorForCDSMaskedLM] Tokenized sequence lengths: [116, 116, 116, 116]
[DataCollatorForCDSMaskedLM] Tokenized sequence lengths: [122, 122, 122, 122]
[DataCollatorForCDSMaskedLM] Tokenized sequence lengths: [144, 144, 144, 144]
[DataCollatorForCDSMaskedLM] Tokenized sequence lengths: [809, 809, 809, 809]
[DataCollatorForCDSMaskedLM] Tokenized sequence lengths: [348, 348, 348, 348]
[DataCollatorForCDSMaskedLM] Tokenized sequence lengths: [230, 230, 230, 230]
[DataCollatorForCDSMaskedLM] Tokenized sequence lengths: [245, 245, 245, 245]
[DataCollatorForCDSMaskedLM] Tokenized sequence lengths: [867, 867, 867, 867]
[DataCollatorForCDSMaskedLM] Tokenized sequence lengths: [75, 75, 75, 75]
[DataCollatorForCDSMaskedLM] Tokenized sequence lengths: [110, 110, 110, 110]
[DataCollatorForCDSMaskedLM] Tokenized sequence lengths: [96, 96, 96, 96]
[DataCollatorForCDSMaskedLM] Tokenized sequence lengths: [730, 730, 730, 730]
{'loss': 6.4816, 'learning_rate': 0.000375, 'epoch': 0.0}
[DataCollatorForCDSMaskedLM] Tokenized sequence lengths: [196, 196, 196, 196]
[DataCollatorForCDSMaskedLM] Tokenized sequence lengths: [280, 280, 280, 280]
[DataCollatorForCDSMaskedLM] Tokenized sequence lengths: [514, 514, 514, 514]
[DataCollatorForCDSMaskedLM] Tokenized sequence lengths: [1024, 1024, 1024, 1024]
[DataCollatorForCDSMaskedLM] Tokenized sequence lengths: [311, 311, 311, 311]
[DataCollatorForCDSMaskedLM] Tokenized sequence lengths: [373, 373, 373, 373]
[DataCollatorForCDSMaskedLM] Tokenized sequence lengths: [317, 317, 317, 317]
[DataCollatorForCDSMaskedLM] Tokenized sequence lengths: [442, 442, 442, 442]
[DataCollatorForCDSMaskedLM] Tokenized sequence lengths: [104, 104, 104, 104]
[DataCollatorForCDSMaskedLM] Tokenized sequence lengths: [123, 123, 123, 123]
[DataCollatorForCDSMaskedLM] Tokenized sequence lengths: [765, 765, 765, 765]
[DataCollatorForCDSMaskedLM] Tokenized sequence lengths: [237, 237, 237, 237]
[DataCollatorForCDSMaskedLM] Tokenized sequence lengths: [164, 164, 164, 164]
[DataCollatorForCDSMaskedLM] Tokenized sequence lengths: [245, 245, 245, 245]
[DataCollatorForCDSMaskedLM] Tokenized sequence lengths: [439, 439, 439, 439]
[DataCollatorForCDSMaskedLM] Tokenized sequence lengths: [1024, 1024, 1024, 1024]
[DataCollatorForCDSMaskedLM] Tokenized sequence lengths: [98, 98, 98, 98]
[DataCollatorForCDSMaskedLM] Tokenized sequence lengths: [600, 600, 600, 600]
[DataCollatorForCDSMaskedLM] Tokenized sequence lengths: [1024, 1024, 1024, 1024]
[DataCollatorForCDSMaskedLM] Tokenized sequence lengths: [1024, 1024, 1024, 1024]
[DataCollatorForCDSMaskedLM] Tokenized sequence lengths: [340, 340, 340, 340]
[DataCollatorForCDSMaskedLM] Tokenized sequence lengths: [285, 285, 285, 285]
[DataCollatorForCDSMaskedLM] Tokenized sequence lengths: [104, 104, 104, 104]
[DataCollatorForCDSMaskedLM] Tokenized sequence lengths: [808, 808, 808, 808]
[DataCollatorForCDSMaskedLM] Tokenized sequence lengths: [110, 110, 110, 110]
[DataCollatorForCDSMaskedLM] Tokenized sequence lengths: [116, 116, 116, 116]
[DataCollatorForCDSMaskedLM] Tokenized sequence lengths: [231, 231, 231, 231]
[DataCollatorForCDSMaskedLM] Tokenized sequence lengths: [537, 537, 537, 537]
[DataCollatorForCDSMaskedLM] Tokenized sequence lengths: [236, 236, 236, 236]
[DataCollatorForCDSMaskedLM] Tokenized sequence lengths: [94, 94, 94, 94]
[DataCollatorForCDSMaskedLM] Tokenized sequence lengths: [1024, 1024, 1024, 1024]
[DataCollatorForCDSMaskedLM] Tokenized sequence lengths: [92, 92, 92, 92]
[DataCollatorForCDSMaskedLM] Tokenized sequence lengths: [109, 109, 109, 109]
[DataCollatorForCDSMaskedLM] Tokenized sequence lengths: [101, 101, 101, 101]
[DataCollatorForCDSMaskedLM] Tokenized sequence lengths: [71, 71, 71, 71]
[DataCollatorForCDSMaskedLM] Tokenized sequence lengths: [523, 523, 523, 523]
[DataCollatorForCDSMaskedLM] Tokenized sequence lengths: [127, 127, 127, 127]
[DataCollatorForCDSMaskedLM] Tokenized sequence lengths: [595, 595, 595, 595]
[DataCollatorForCDSMaskedLM] Tokenized sequence lengths: [680, 680, 680, 680]
[DataCollatorForCDSMaskedLM] Tokenized sequence lengths: [585, 585, 585, 585]
{'loss': 6.4454, 'learning_rate': 0.00037916666666666665, 'epoch': 0.0}
[DataCollatorForCDSMaskedLM] Tokenized sequence lengths: [176, 176, 176, 176]
[DataCollatorForCDSMaskedLM] Tokenized sequence lengths: [403, 403, 403, 403]
[DataCollatorForCDSMaskedLM] Tokenized sequence lengths: [742, 742, 742, 742]
[DataCollatorForCDSMaskedLM] Tokenized sequence lengths: [1024, 1024, 1024, 1024]
[DataCollatorForCDSMaskedLM] Tokenized sequence lengths: [132, 132, 132, 132]
[DataCollatorForCDSMaskedLM] Tokenized sequence lengths: [1024, 1024, 1024, 1024]
[DataCollatorForCDSMaskedLM] Tokenized sequence lengths: [658, 658, 658, 658]
[DataCollatorForCDSMaskedLM] Tokenized sequence lengths: [259, 259, 259, 259]
[DataCollatorForCDSMaskedLM] Tokenized sequence lengths: [263, 263, 263, 263]
[DataCollatorForCDSMaskedLM] Tokenized sequence lengths: [147, 147, 147, 147]
[DataCollatorForCDSMaskedLM] Tokenized sequence lengths: [415, 415, 415, 415]
[DataCollatorForCDSMaskedLM] Tokenized sequence lengths: [127, 127, 127, 127]
[DataCollatorForCDSMaskedLM] Tokenized sequence lengths: [243, 243, 243, 243]
[DataCollatorForCDSMaskedLM] Tokenized sequence lengths: [596, 596, 596, 596]
[DataCollatorForCDSMaskedLM] Tokenized sequence lengths: [620, 620, 620, 620]
[DataCollatorForCDSMaskedLM] Tokenized sequence lengths: [63, 63, 63, 63]
[DataCollatorForCDSMaskedLM] Tokenized sequence lengths: [79, 79, 79, 79]
[DataCollatorForCDSMaskedLM] Tokenized sequence lengths: [194, 194, 194, 194]
[DataCollatorForCDSMaskedLM] Tokenized sequence lengths: [226, 226, 226, 226]
[DataCollatorForCDSMaskedLM] Tokenized sequence lengths: [325, 325, 325, 325]
[DataCollatorForCDSMaskedLM] Tokenized sequence lengths: [58, 58, 58, 58]
[DataCollatorForCDSMaskedLM] Tokenized sequence lengths: [504, 504, 504, 504]
[DataCollatorForCDSMaskedLM] Tokenized sequence lengths: [191, 191, 191, 191]
[DataCollatorForCDSMaskedLM] Tokenized sequence lengths: [382, 382, 382, 382]
[DataCollatorForCDSMaskedLM] Tokenized sequence lengths: [248, 248, 248, 248]
[DataCollatorForCDSMaskedLM] Tokenized sequence lengths: [475, 475, 475, 475]
[DataCollatorForCDSMaskedLM] Tokenized sequence lengths: [1024, 1024, 1024, 1024]
[DataCollatorForCDSMaskedLM] Tokenized sequence lengths: [957, 957, 957, 957]
[DataCollatorForCDSMaskedLM] Tokenized sequence lengths: [91, 91, 91, 91]
[DataCollatorForCDSMaskedLM] Tokenized sequence lengths: [212, 212, 212, 212]
[DataCollatorForCDSMaskedLM] Tokenized sequence lengths: [96, 96, 96, 96]
[DataCollatorForCDSMaskedLM] Tokenized sequence lengths: [203, 203, 203, 203]
[DataCollatorForCDSMaskedLM] Tokenized sequence lengths: [404, 404, 404, 404]
[DataCollatorForCDSMaskedLM] Tokenized sequence lengths: [601, 601, 601, 601]
[DataCollatorForCDSMaskedLM] Tokenized sequence lengths: [956, 956, 956, 956]
[DataCollatorForCDSMaskedLM] Tokenized sequence lengths: [76, 76, 76, 76]
[DataCollatorForCDSMaskedLM] Tokenized sequence lengths: [295, 295, 295, 295]
[DataCollatorForCDSMaskedLM] Tokenized sequence lengths: [89, 89, 89, 89]
[DataCollatorForCDSMaskedLM] Tokenized sequence lengths: [305, 305, 305, 305]
[DataCollatorForCDSMaskedLM] Tokenized sequence lengths: [138, 138, 138, 138]
{'loss': 6.5432, 'learning_rate': 0.00038333333333333334, 'epoch': 0.0}
[DataCollatorForCDSMaskedLM] Tokenized sequence lengths: [66, 66, 66, 66]
[DataCollatorForCDSMaskedLM] Tokenized sequence lengths: [178, 178, 178, 178]
[DataCollatorForCDSMaskedLM] Tokenized sequence lengths: [207, 207, 207, 207]
[DataCollatorForCDSMaskedLM] Tokenized sequence lengths: [206, 206, 206, 206]
[DataCollatorForCDSMaskedLM] Tokenized sequence lengths: [672, 672, 672, 672]
[DataCollatorForCDSMaskedLM] Tokenized sequence lengths: [747, 747, 747, 747]
[DataCollatorForCDSMaskedLM] Tokenized sequence lengths: [175, 175, 175, 175]
[DataCollatorForCDSMaskedLM] Tokenized sequence lengths: [1024, 1024, 1024, 1024]
[DataCollatorForCDSMaskedLM] Tokenized sequence lengths: [327, 327, 327, 327]
[DataCollatorForCDSMaskedLM] Tokenized sequence lengths: [938, 938, 938, 938]
[DataCollatorForCDSMaskedLM] Tokenized sequence lengths: [1024, 1024, 1024, 1024]
[DataCollatorForCDSMaskedLM] Tokenized sequence lengths: [69, 69, 69, 69]
[DataCollatorForCDSMaskedLM] Tokenized sequence lengths: [180, 180, 180, 180]
[DataCollatorForCDSMaskedLM] Tokenized sequence lengths: [212, 212, 212, 212]
[DataCollatorForCDSMaskedLM] Tokenized sequence lengths: [521, 521, 521, 521]
[DataCollatorForCDSMaskedLM] Tokenized sequence lengths: [224, 224, 224, 224]
[DataCollatorForCDSMaskedLM] Tokenized sequence lengths: [191, 191, 191, 191]
[DataCollatorForCDSMaskedLM] Tokenized sequence lengths: [154, 154, 154, 154]
[DataCollatorForCDSMaskedLM] Tokenized sequence lengths: [550, 550, 550, 550]
[DataCollatorForCDSMaskedLM] Tokenized sequence lengths: [128, 128, 128, 128]
[DataCollatorForCDSMaskedLM] Tokenized sequence lengths: [355, 355, 355, 355]
[DataCollatorForCDSMaskedLM] Tokenized sequence lengths: [465, 465, 465, 465]
[DataCollatorForCDSMaskedLM] Tokenized sequence lengths: [1024, 1024, 1024, 1024]
[DataCollatorForCDSMaskedLM] Tokenized sequence lengths: [576, 576, 576, 576]
[DataCollatorForCDSMaskedLM] Tokenized sequence lengths: [203, 203, 203, 203]
[DataCollatorForCDSMaskedLM] Tokenized sequence lengths: [103, 103, 103, 103]
[DataCollatorForCDSMaskedLM] Tokenized sequence lengths: [206, 206, 206, 206]
[DataCollatorForCDSMaskedLM] Tokenized sequence lengths: [568, 568, 568, 568]
[DataCollatorForCDSMaskedLM] Tokenized sequence lengths: [132, 132, 132, 132]
[DataCollatorForCDSMaskedLM] Tokenized sequence lengths: [184, 184, 184, 184]
[DataCollatorForCDSMaskedLM] Tokenized sequence lengths: [173, 173, 173, 173]
[DataCollatorForCDSMaskedLM] Tokenized sequence lengths: [830, 830, 830, 830]
[DataCollatorForCDSMaskedLM] Tokenized sequence lengths: [218, 218, 218, 218]
[DataCollatorForCDSMaskedLM] Tokenized sequence lengths: [295, 295, 295, 295]
[DataCollatorForCDSMaskedLM] Tokenized sequence lengths: [264, 264, 264, 264]
[DataCollatorForCDSMaskedLM] Tokenized sequence lengths: [189, 189, 189, 189]
[DataCollatorForCDSMaskedLM] Tokenized sequence lengths: [196, 196, 196, 196]
[DataCollatorForCDSMaskedLM] Tokenized sequence lengths: [734, 734, 734, 734]
[DataCollatorForCDSMaskedLM] Tokenized sequence lengths: [98, 98, 98, 98]
[DataCollatorForCDSMaskedLM] Tokenized sequence lengths: [251, 251, 251, 251]
{'loss': 6.5317, 'learning_rate': 0.00038750000000000004, 'epoch': 0.0}
[DataCollatorForCDSMaskedLM] Tokenized sequence lengths: [252, 252, 252, 252]
[DataCollatorForCDSMaskedLM] Tokenized sequence lengths: [138, 138, 138, 138]
[DataCollatorForCDSMaskedLM] Tokenized sequence lengths: [295, 295, 295, 295]
[DataCollatorForCDSMaskedLM] Tokenized sequence lengths: [430, 430, 430, 430]
[DataCollatorForCDSMaskedLM] Tokenized sequence lengths: [88, 88, 88, 88]
[DataCollatorForCDSMaskedLM] Tokenized sequence lengths: [493, 493, 493, 493]
[DataCollatorForCDSMaskedLM] Tokenized sequence lengths: [879, 879, 879, 879]
[DataCollatorForCDSMaskedLM] Tokenized sequence lengths: [204, 204, 204, 204]
[DataCollatorForCDSMaskedLM] Tokenized sequence lengths: [457, 457, 457, 457]
[DataCollatorForCDSMaskedLM] Tokenized sequence lengths: [653, 653, 653, 653]
[DataCollatorForCDSMaskedLM] Tokenized sequence lengths: [236, 236, 236, 236]
[DataCollatorForCDSMaskedLM] Tokenized sequence lengths: [634, 634, 634, 634]
[DataCollatorForCDSMaskedLM] Tokenized sequence lengths: [377, 377, 377, 377]
[DataCollatorForCDSMaskedLM] Tokenized sequence lengths: [116, 116, 116, 116]
[DataCollatorForCDSMaskedLM] Tokenized sequence lengths: [1024, 1024, 1024, 1024]
[DataCollatorForCDSMaskedLM] Tokenized sequence lengths: [628, 628, 628, 628]
[DataCollatorForCDSMaskedLM] Tokenized sequence lengths: [975, 975, 975, 975]
[DataCollatorForCDSMaskedLM] Tokenized sequence lengths: [554, 554, 554, 554]
[DataCollatorForCDSMaskedLM] Tokenized sequence lengths: [102, 102, 102, 102]
[DataCollatorForCDSMaskedLM] Tokenized sequence lengths: [237, 237, 237, 237]
[DataCollatorForCDSMaskedLM] Tokenized sequence lengths: [168, 168, 168, 168]
[DataCollatorForCDSMaskedLM] Tokenized sequence lengths: [413, 413, 413, 413]
[DataCollatorForCDSMaskedLM] Tokenized sequence lengths: [831, 831, 831, 831]
[DataCollatorForCDSMaskedLM] Tokenized sequence lengths: [1024, 1024, 1024, 1024]
[DataCollatorForCDSMaskedLM] Tokenized sequence lengths: [86, 86, 86, 86]
[DataCollatorForCDSMaskedLM] Tokenized sequence lengths: [107, 107, 107, 107]
[DataCollatorForCDSMaskedLM] Tokenized sequence lengths: [108, 108, 108, 108]
[DataCollatorForCDSMaskedLM] Tokenized sequence lengths: [1024, 1024, 1024, 1024]
[DataCollatorForCDSMaskedLM] Tokenized sequence lengths: [526, 526, 526, 526]
[DataCollatorForCDSMaskedLM] Tokenized sequence lengths: [104, 104, 104, 104]
[DataCollatorForCDSMaskedLM] Tokenized sequence lengths: [683, 683, 683, 683]
[DataCollatorForCDSMaskedLM] Tokenized sequence lengths: [1020, 1020, 1020, 1020]
[DataCollatorForCDSMaskedLM] Tokenized sequence lengths: [129, 129, 129, 129]
[DataCollatorForCDSMaskedLM] Tokenized sequence lengths: [575, 575, 575, 575]
[DataCollatorForCDSMaskedLM] Tokenized sequence lengths: [166, 166, 166, 166]
[DataCollatorForCDSMaskedLM] Tokenized sequence lengths: [194, 194, 194, 194]
[DataCollatorForCDSMaskedLM] Tokenized sequence lengths: [179, 179, 179, 179]
[DataCollatorForCDSMaskedLM] Tokenized sequence lengths: [330, 330, 330, 330]
[DataCollatorForCDSMaskedLM] Tokenized sequence lengths: [202, 202, 202, 202]
[DataCollatorForCDSMaskedLM] Tokenized sequence lengths: [1024, 1024, 1024, 1024]
{'loss': 6.4579, 'learning_rate': 0.0003916666666666667, 'epoch': 0.0}
[DataCollatorForCDSMaskedLM] Tokenized sequence lengths: [116, 116, 116, 116]
[DataCollatorForCDSMaskedLM] Tokenized sequence lengths: [66, 66, 66, 66]
[DataCollatorForCDSMaskedLM] Tokenized sequence lengths: [694, 694, 694, 694]
[DataCollatorForCDSMaskedLM] Tokenized sequence lengths: [643, 643, 643, 643]
[DataCollatorForCDSMaskedLM] Tokenized sequence lengths: [129, 129, 129, 129]
[DataCollatorForCDSMaskedLM] Tokenized sequence lengths: [272, 272, 272, 272]
[DataCollatorForCDSMaskedLM] Tokenized sequence lengths: [612, 612, 612, 612]
[DataCollatorForCDSMaskedLM] Tokenized sequence lengths: [1024, 1024, 1024, 1024]
[DataCollatorForCDSMaskedLM] Tokenized sequence lengths: [233, 233, 233, 233]
[DataCollatorForCDSMaskedLM] Tokenized sequence lengths: [345, 345, 345, 345]
[DataCollatorForCDSMaskedLM] Tokenized sequence lengths: [92, 92, 92, 92]
[DataCollatorForCDSMaskedLM] Tokenized sequence lengths: [1024, 1024, 1024, 1024]
[DataCollatorForCDSMaskedLM] Tokenized sequence lengths: [188, 188, 188, 188]
[DataCollatorForCDSMaskedLM] Tokenized sequence lengths: [224, 224, 224, 224]
[DataCollatorForCDSMaskedLM] Tokenized sequence lengths: [232, 232, 232, 232]
[DataCollatorForCDSMaskedLM] Tokenized sequence lengths: [82, 82, 82, 82]
[DataCollatorForCDSMaskedLM] Tokenized sequence lengths: [436, 436, 436, 436]
[DataCollatorForCDSMaskedLM] Tokenized sequence lengths: [527, 527, 527, 527]
[DataCollatorForCDSMaskedLM] Tokenized sequence lengths: [451, 451, 451, 451]
[DataCollatorForCDSMaskedLM] Tokenized sequence lengths: [1024, 1024, 1024, 1024]
[DataCollatorForCDSMaskedLM] Tokenized sequence lengths: [94, 94, 94, 94]
[DataCollatorForCDSMaskedLM] Tokenized sequence lengths: [809, 809, 809, 809]
[DataCollatorForCDSMaskedLM] Tokenized sequence lengths: [83, 83, 83, 83]
[DataCollatorForCDSMaskedLM] Tokenized sequence lengths: [218, 218, 218, 218]
[DataCollatorForCDSMaskedLM] Tokenized sequence lengths: [1024, 1024, 1024, 1024]
[DataCollatorForCDSMaskedLM] Tokenized sequence lengths: [957, 957, 957, 957]
[DataCollatorForCDSMaskedLM] Tokenized sequence lengths: [367, 367, 367, 367]
[DataCollatorForCDSMaskedLM] Tokenized sequence lengths: [199, 199, 199, 199]
[DataCollatorForCDSMaskedLM] Tokenized sequence lengths: [62, 62, 62, 62]
[DataCollatorForCDSMaskedLM] Tokenized sequence lengths: [259, 259, 259, 259]
[DataCollatorForCDSMaskedLM] Tokenized sequence lengths: [659, 659, 659, 659]
[DataCollatorForCDSMaskedLM] Tokenized sequence lengths: [564, 564, 564, 564]
[DataCollatorForCDSMaskedLM] Tokenized sequence lengths: [215, 215, 215, 215]
[DataCollatorForCDSMaskedLM] Tokenized sequence lengths: [212, 212, 212, 212]
[DataCollatorForCDSMaskedLM] Tokenized sequence lengths: [1024, 1024, 1024, 1024]
[DataCollatorForCDSMaskedLM] Tokenized sequence lengths: [107, 107, 107, 107]
[DataCollatorForCDSMaskedLM] Tokenized sequence lengths: [92, 92, 92, 92]
[DataCollatorForCDSMaskedLM] Tokenized sequence lengths: [858, 858, 858, 858]
[DataCollatorForCDSMaskedLM] Tokenized sequence lengths: [1024, 1024, 1024, 1024]
[DataCollatorForCDSMaskedLM] Tokenized sequence lengths: [364, 364, 364, 364]
{'loss': 6.3986, 'learning_rate': 0.0003958333333333333, 'epoch': 0.0}
[DataCollatorForCDSMaskedLM] Tokenized sequence lengths: [145, 145, 145, 145]
[DataCollatorForCDSMaskedLM] Tokenized sequence lengths: [427, 427, 427, 427]
[DataCollatorForCDSMaskedLM] Tokenized sequence lengths: [514, 514, 514, 514]
[DataCollatorForCDSMaskedLM] Tokenized sequence lengths: [1024, 1024, 1024, 1024]
[DataCollatorForCDSMaskedLM] Tokenized sequence lengths: [400, 400, 400, 400]
[DataCollatorForCDSMaskedLM] Tokenized sequence lengths: [614, 614, 614, 614]
[DataCollatorForCDSMaskedLM] Tokenized sequence lengths: [541, 541, 541, 541]
[DataCollatorForCDSMaskedLM] Tokenized sequence lengths: [1024, 1024, 1024, 1024]
[DataCollatorForCDSMaskedLM] Tokenized sequence lengths: [180, 180, 180, 180]
[DataCollatorForCDSMaskedLM] Tokenized sequence lengths: [383, 383, 383, 383]
[DataCollatorForCDSMaskedLM] Tokenized sequence lengths: [712, 712, 712, 712]
[DataCollatorForCDSMaskedLM] Tokenized sequence lengths: [444, 444, 444, 444]
[DataCollatorForCDSMaskedLM] Tokenized sequence lengths: [190, 190, 190, 190]
[DataCollatorForCDSMaskedLM] Tokenized sequence lengths: [436, 436, 436, 436]
[DataCollatorForCDSMaskedLM] Tokenized sequence lengths: [297, 297, 297, 297]
[DataCollatorForCDSMaskedLM] Tokenized sequence lengths: [1024, 1024, 1024, 1024]
[DataCollatorForCDSMaskedLM] Tokenized sequence lengths: [250, 250, 250, 250]
[DataCollatorForCDSMaskedLM] Tokenized sequence lengths: [1024, 1024, 1024, 1024]
[DataCollatorForCDSMaskedLM] Tokenized sequence lengths: [135, 135, 135, 135]
[DataCollatorForCDSMaskedLM] Tokenized sequence lengths: [91, 91, 91, 91]
[DataCollatorForCDSMaskedLM] Tokenized sequence lengths: [210, 210, 210, 210]
[DataCollatorForCDSMaskedLM] Tokenized sequence lengths: [74, 74, 74, 74]
[DataCollatorForCDSMaskedLM] Tokenized sequence lengths: [1024, 1024, 1024, 1024]
[DataCollatorForCDSMaskedLM] Tokenized sequence lengths: [1024, 1024, 1024, 1024]
[DataCollatorForCDSMaskedLM] Tokenized sequence lengths: [209, 209, 209, 209]
[DataCollatorForCDSMaskedLM] Tokenized sequence lengths: [132, 132, 132, 132]
[DataCollatorForCDSMaskedLM] Tokenized sequence lengths: [155, 155, 155, 155]
[DataCollatorForCDSMaskedLM] Tokenized sequence lengths: [326, 326, 326, 326]
[DataCollatorForCDSMaskedLM] Tokenized sequence lengths: [255, 255, 255, 255]
[DataCollatorForCDSMaskedLM] Tokenized sequence lengths: [1024, 1024, 1024, 1024]
[DataCollatorForCDSMaskedLM] Tokenized sequence lengths: [432, 432, 432, 432]
[DataCollatorForCDSMaskedLM] Tokenized sequence lengths: [475, 475, 475, 475]
[DataCollatorForCDSMaskedLM] Tokenized sequence lengths: [298, 298, 298, 298]
[DataCollatorForCDSMaskedLM] Tokenized sequence lengths: [419, 419, 419, 419]
[DataCollatorForCDSMaskedLM] Tokenized sequence lengths: [651, 651, 651, 651]
[DataCollatorForCDSMaskedLM] Tokenized sequence lengths: [1024, 1024, 1024, 1024]
[DataCollatorForCDSMaskedLM] Tokenized sequence lengths: [143, 143, 143, 143]
[DataCollatorForCDSMaskedLM] Tokenized sequence lengths: [114, 114, 114, 114]
[DataCollatorForCDSMaskedLM] Tokenized sequence lengths: [412, 412, 412, 412]
[DataCollatorForCDSMaskedLM] Tokenized sequence lengths: [769, 769, 769, 769]
{'loss': 6.4356, 'learning_rate': 0.0004, 'epoch': 0.0}
[DataCollatorForCDSMaskedLM] Tokenized sequence lengths: [204, 204, 204, 204]
[DataCollatorForCDSMaskedLM] Tokenized sequence lengths: [326, 326, 326, 326]
[DataCollatorForCDSMaskedLM] Tokenized sequence lengths: [286, 286, 286, 286]
[DataCollatorForCDSMaskedLM] Tokenized sequence lengths: [135, 135, 135, 135]
[DataCollatorForCDSMaskedLM] Tokenized sequence lengths: [231, 231, 231, 231]
[DataCollatorForCDSMaskedLM] Tokenized sequence lengths: [304, 304, 304, 304]
[DataCollatorForCDSMaskedLM] Tokenized sequence lengths: [521, 521, 521, 521]
[DataCollatorForCDSMaskedLM] Tokenized sequence lengths: [261, 261, 261, 261]
[DataCollatorForCDSMaskedLM] Tokenized sequence lengths: [606, 606, 606, 606]
[DataCollatorForCDSMaskedLM] Tokenized sequence lengths: [786, 786, 786, 786]
[DataCollatorForCDSMaskedLM] Tokenized sequence lengths: [241, 241, 241, 241]
[DataCollatorForCDSMaskedLM] Tokenized sequence lengths: [142, 142, 142, 142]
[DataCollatorForCDSMaskedLM] Tokenized sequence lengths: [198, 198, 198, 198]
[DataCollatorForCDSMaskedLM] Tokenized sequence lengths: [501, 501, 501, 501]
[DataCollatorForCDSMaskedLM] Tokenized sequence lengths: [1024, 1024, 1024, 1024]
[DataCollatorForCDSMaskedLM] Tokenized sequence lengths: [114, 114, 114, 114]
[DataCollatorForCDSMaskedLM] Tokenized sequence lengths: [1024, 1024, 1024, 1024]
[DataCollatorForCDSMaskedLM] Tokenized sequence lengths: [127, 127, 127, 127]
[DataCollatorForCDSMaskedLM] Tokenized sequence lengths: [1016, 1016, 1016, 1016]
[DataCollatorForCDSMaskedLM] Tokenized sequence lengths: [653, 653, 653, 653]
[DataCollatorForCDSMaskedLM] Tokenized sequence lengths: [1024, 1024, 1024, 1024]
[DataCollatorForCDSMaskedLM] Tokenized sequence lengths: [1024, 1024, 1024, 1024]
[DataCollatorForCDSMaskedLM] Tokenized sequence lengths: [274, 274, 274, 274]
[DataCollatorForCDSMaskedLM] Tokenized sequence lengths: [177, 177, 177, 177]
[DataCollatorForCDSMaskedLM] Tokenized sequence lengths: [111, 111, 111, 111]
[DataCollatorForCDSMaskedLM] Tokenized sequence lengths: [465, 465, 465, 465]
[DataCollatorForCDSMaskedLM] Tokenized sequence lengths: [1024, 1024, 1024, 1024]
[DataCollatorForCDSMaskedLM] Tokenized sequence lengths: [172, 172, 172, 172]
[DataCollatorForCDSMaskedLM] Tokenized sequence lengths: [507, 507, 507, 507]
[DataCollatorForCDSMaskedLM] Tokenized sequence lengths: [296, 296, 296, 296]
[DataCollatorForCDSMaskedLM] Tokenized sequence lengths: [143, 143, 143, 143]
[DataCollatorForCDSMaskedLM] Tokenized sequence lengths: [791, 791, 791, 791]
[DataCollatorForCDSMaskedLM] Tokenized sequence lengths: [125, 125, 125, 125]
[DataCollatorForCDSMaskedLM] Tokenized sequence lengths: [95, 95, 95, 95]
[DataCollatorForCDSMaskedLM] Tokenized sequence lengths: [1024, 1024, 1024, 1024]
[DataCollatorForCDSMaskedLM] Tokenized sequence lengths: [1024, 1024, 1024, 1024]
[DataCollatorForCDSMaskedLM] Tokenized sequence lengths: [118, 118, 118, 118]
[DataCollatorForCDSMaskedLM] Tokenized sequence lengths: [96, 96, 96, 96]
[DataCollatorForCDSMaskedLM] Tokenized sequence lengths: [203, 203, 203, 203]
[DataCollatorForCDSMaskedLM] Tokenized sequence lengths: [99, 99, 99, 99]
{'loss': 6.4, 'learning_rate': 0.00040416666666666666, 'epoch': 0.0}
[DataCollatorForCDSMaskedLM] Tokenized sequence lengths: [292, 292, 292, 292]
[DataCollatorForCDSMaskedLM] Tokenized sequence lengths: [330, 330, 330, 330]
[DataCollatorForCDSMaskedLM] Tokenized sequence lengths: [306, 306, 306, 306]
[DataCollatorForCDSMaskedLM] Tokenized sequence lengths: [715, 715, 715, 715]
[DataCollatorForCDSMaskedLM] Tokenized sequence lengths: [193, 193, 193, 193]
[DataCollatorForCDSMaskedLM] Tokenized sequence lengths: [189, 189, 189, 189]
[DataCollatorForCDSMaskedLM] Tokenized sequence lengths: [572, 572, 572, 572]
[DataCollatorForCDSMaskedLM] Tokenized sequence lengths: [741, 741, 741, 741]
[DataCollatorForCDSMaskedLM] Tokenized sequence lengths: [85, 85, 85, 85]
[DataCollatorForCDSMaskedLM] Tokenized sequence lengths: [142, 142, 142, 142]
[DataCollatorForCDSMaskedLM] Tokenized sequence lengths: [255, 255, 255, 255]
[DataCollatorForCDSMaskedLM] Tokenized sequence lengths: [99, 99, 99, 99]
[DataCollatorForCDSMaskedLM] Tokenized sequence lengths: [204, 204, 204, 204]
[DataCollatorForCDSMaskedLM] Tokenized sequence lengths: [602, 602, 602, 602]
[DataCollatorForCDSMaskedLM] Tokenized sequence lengths: [1024, 1024, 1024, 1024]
[DataCollatorForCDSMaskedLM] Tokenized sequence lengths: [850, 850, 850, 850]
[DataCollatorForCDSMaskedLM] Tokenized sequence lengths: [849, 849, 849, 849]
[DataCollatorForCDSMaskedLM] Tokenized sequence lengths: [1024, 1024, 1024, 1024]
[DataCollatorForCDSMaskedLM] Tokenized sequence lengths: [440, 440, 440, 440]
[DataCollatorForCDSMaskedLM] Tokenized sequence lengths: [896, 896, 896, 896]
[DataCollatorForCDSMaskedLM] Tokenized sequence lengths: [85, 85, 85, 85]
[DataCollatorForCDSMaskedLM] Tokenized sequence lengths: [139, 139, 139, 139]
[DataCollatorForCDSMaskedLM] Tokenized sequence lengths: [168, 168, 168, 168]
[DataCollatorForCDSMaskedLM] Tokenized sequence lengths: [143, 143, 143, 143]
[DataCollatorForCDSMaskedLM] Tokenized sequence lengths: [128, 128, 128, 128]
[DataCollatorForCDSMaskedLM] Tokenized sequence lengths: [321, 321, 321, 321]
[DataCollatorForCDSMaskedLM] Tokenized sequence lengths: [254, 254, 254, 254]
[DataCollatorForCDSMaskedLM] Tokenized sequence lengths: [900, 900, 900, 900]
[DataCollatorForCDSMaskedLM] Tokenized sequence lengths: [121, 121, 121, 121]
[DataCollatorForCDSMaskedLM] Tokenized sequence lengths: [486, 486, 486, 486]
[DataCollatorForCDSMaskedLM] Tokenized sequence lengths: [282, 282, 282, 282]
[DataCollatorForCDSMaskedLM] Tokenized sequence lengths: [1024, 1024, 1024, 1024]
[DataCollatorForCDSMaskedLM] Tokenized sequence lengths: [323, 323, 323, 323]
[DataCollatorForCDSMaskedLM] Tokenized sequence lengths: [908, 908, 908, 908]
[DataCollatorForCDSMaskedLM] Tokenized sequence lengths: [732, 732, 732, 732]
[DataCollatorForCDSMaskedLM] Tokenized sequence lengths: [244, 244, 244, 244]
[DataCollatorForCDSMaskedLM] Tokenized sequence lengths: [136, 136, 136, 136]
[DataCollatorForCDSMaskedLM] Tokenized sequence lengths: [186, 186, 186, 186]
[DataCollatorForCDSMaskedLM] Tokenized sequence lengths: [203, 203, 203, 203]
[DataCollatorForCDSMaskedLM] Tokenized sequence lengths: [435, 435, 435, 435]
{'loss': 6.4177, 'learning_rate': 0.00040833333333333336, 'epoch': 0.0}
[DataCollatorForCDSMaskedLM] Tokenized sequence lengths: [103, 103, 103, 103]
[DataCollatorForCDSMaskedLM] Tokenized sequence lengths: [157, 157, 157, 157]
[DataCollatorForCDSMaskedLM] Tokenized sequence lengths: [299, 299, 299, 299]
[DataCollatorForCDSMaskedLM] Tokenized sequence lengths: [568, 568, 568, 568]
[DataCollatorForCDSMaskedLM] Tokenized sequence lengths: [193, 193, 193, 193]
[DataCollatorForCDSMaskedLM] Tokenized sequence lengths: [495, 495, 495, 495]
[DataCollatorForCDSMaskedLM] Tokenized sequence lengths: [110, 110, 110, 110]
[DataCollatorForCDSMaskedLM] Tokenized sequence lengths: [231, 231, 231, 231]
[DataCollatorForCDSMaskedLM] Tokenized sequence lengths: [95, 95, 95, 95]
[DataCollatorForCDSMaskedLM] Tokenized sequence lengths: [443, 443, 443, 443]
[DataCollatorForCDSMaskedLM] Tokenized sequence lengths: [809, 809, 809, 809]
[DataCollatorForCDSMaskedLM] Tokenized sequence lengths: [102, 102, 102, 102]
[DataCollatorForCDSMaskedLM] Tokenized sequence lengths: [262, 262, 262, 262]
[DataCollatorForCDSMaskedLM] Tokenized sequence lengths: [85, 85, 85, 85]
[DataCollatorForCDSMaskedLM] Tokenized sequence lengths: [607, 607, 607, 607]
[DataCollatorForCDSMaskedLM] Tokenized sequence lengths: [105, 105, 105, 105]
[DataCollatorForCDSMaskedLM] Tokenized sequence lengths: [256, 256, 256, 256]
[DataCollatorForCDSMaskedLM] Tokenized sequence lengths: [107, 107, 107, 107]
[DataCollatorForCDSMaskedLM] Tokenized sequence lengths: [500, 500, 500, 500]
[DataCollatorForCDSMaskedLM] Tokenized sequence lengths: [1024, 1024, 1024, 1024]
[DataCollatorForCDSMaskedLM] Tokenized sequence lengths: [124, 124, 124, 124]
[DataCollatorForCDSMaskedLM] Tokenized sequence lengths: [202, 202, 202, 202]
[DataCollatorForCDSMaskedLM] Tokenized sequence lengths: [310, 310, 310, 310]
[DataCollatorForCDSMaskedLM] Tokenized sequence lengths: [807, 807, 807, 807]
[DataCollatorForCDSMaskedLM] Tokenized sequence lengths: [182, 182, 182, 182]
[DataCollatorForCDSMaskedLM] Tokenized sequence lengths: [259, 259, 259, 259]
[DataCollatorForCDSMaskedLM] Tokenized sequence lengths: [153, 153, 153, 153]
[DataCollatorForCDSMaskedLM] Tokenized sequence lengths: [335, 335, 335, 335]
[DataCollatorForCDSMaskedLM] Tokenized sequence lengths: [237, 237, 237, 237]
[DataCollatorForCDSMaskedLM] Tokenized sequence lengths: [107, 107, 107, 107]
[DataCollatorForCDSMaskedLM] Tokenized sequence lengths: [74, 74, 74, 74]
[DataCollatorForCDSMaskedLM] Tokenized sequence lengths: [1024, 1024, 1024, 1024]
[DataCollatorForCDSMaskedLM] Tokenized sequence lengths: [196, 196, 196, 196]
[DataCollatorForCDSMaskedLM] Tokenized sequence lengths: [1024, 1024, 1024, 1024]
[DataCollatorForCDSMaskedLM] Tokenized sequence lengths: [260, 260, 260, 260]
[DataCollatorForCDSMaskedLM] Tokenized sequence lengths: [720, 720, 720, 720]
[DataCollatorForCDSMaskedLM] Tokenized sequence lengths: [153, 153, 153, 153]
[DataCollatorForCDSMaskedLM] Tokenized sequence lengths: [1024, 1024, 1024, 1024]
[DataCollatorForCDSMaskedLM] Tokenized sequence lengths: [340, 340, 340, 340]
[DataCollatorForCDSMaskedLM] Tokenized sequence lengths: [989, 989, 989, 989]
{'loss': 6.4025, 'learning_rate': 0.0004125, 'epoch': 0.0}
[DataCollatorForCDSMaskedLM] Tokenized sequence lengths: [188, 188, 188, 188]
[DataCollatorForCDSMaskedLM] Tokenized sequence lengths: [273, 273, 273, 273]
[DataCollatorForCDSMaskedLM] Tokenized sequence lengths: [711, 711, 711, 711]
[DataCollatorForCDSMaskedLM] Tokenized sequence lengths: [1024, 1024, 1024, 1024]
[DataCollatorForCDSMaskedLM] Tokenized sequence lengths: [100, 100, 100, 100]
[DataCollatorForCDSMaskedLM] Tokenized sequence lengths: [261, 261, 261, 261]
[DataCollatorForCDSMaskedLM] Tokenized sequence lengths: [1024, 1024, 1024, 1024]
[DataCollatorForCDSMaskedLM] Tokenized sequence lengths: [198, 198, 198, 198]
[DataCollatorForCDSMaskedLM] Tokenized sequence lengths: [165, 165, 165, 165]
[DataCollatorForCDSMaskedLM] Tokenized sequence lengths: [190, 190, 190, 190]
[DataCollatorForCDSMaskedLM] Tokenized sequence lengths: [106, 106, 106, 106]
[DataCollatorForCDSMaskedLM] Tokenized sequence lengths: [891, 891, 891, 891]
[DataCollatorForCDSMaskedLM] Tokenized sequence lengths: [90, 90, 90, 90]
[DataCollatorForCDSMaskedLM] Tokenized sequence lengths: [79, 79, 79, 79]
[DataCollatorForCDSMaskedLM] Tokenized sequence lengths: [101, 101, 101, 101]
[DataCollatorForCDSMaskedLM] Tokenized sequence lengths: [107, 107, 107, 107]
[DataCollatorForCDSMaskedLM] Tokenized sequence lengths: [127, 127, 127, 127]
[DataCollatorForCDSMaskedLM] Tokenized sequence lengths: [185, 185, 185, 185]
[DataCollatorForCDSMaskedLM] Tokenized sequence lengths: [134, 134, 134, 134]
[DataCollatorForCDSMaskedLM] Tokenized sequence lengths: [1024, 1024, 1024, 1024]
[DataCollatorForCDSMaskedLM] Tokenized sequence lengths: [240, 240, 240, 240]
[DataCollatorForCDSMaskedLM] Tokenized sequence lengths: [466, 466, 466, 466]
[DataCollatorForCDSMaskedLM] Tokenized sequence lengths: [540, 540, 540, 540]
[DataCollatorForCDSMaskedLM] Tokenized sequence lengths: [421, 421, 421, 421]
[DataCollatorForCDSMaskedLM] Tokenized sequence lengths: [205, 205, 205, 205]
[DataCollatorForCDSMaskedLM] Tokenized sequence lengths: [231, 231, 231, 231]
[DataCollatorForCDSMaskedLM] Tokenized sequence lengths: [103, 103, 103, 103]
[DataCollatorForCDSMaskedLM] Tokenized sequence lengths: [258, 258, 258, 258]
[DataCollatorForCDSMaskedLM] Tokenized sequence lengths: [146, 146, 146, 146]
[DataCollatorForCDSMaskedLM] Tokenized sequence lengths: [323, 323, 323, 323]
[DataCollatorForCDSMaskedLM] Tokenized sequence lengths: [319, 319, 319, 319]
[DataCollatorForCDSMaskedLM] Tokenized sequence lengths: [929, 929, 929, 929]
[DataCollatorForCDSMaskedLM] Tokenized sequence lengths: [336, 336, 336, 336]
[DataCollatorForCDSMaskedLM] Tokenized sequence lengths: [337, 337, 337, 337]
[DataCollatorForCDSMaskedLM] Tokenized sequence lengths: [124, 124, 124, 124]
[DataCollatorForCDSMaskedLM] Tokenized sequence lengths: [331, 331, 331, 331]
[DataCollatorForCDSMaskedLM] Tokenized sequence lengths: [153, 153, 153, 153]
[DataCollatorForCDSMaskedLM] Tokenized sequence lengths: [307, 307, 307, 307]
[DataCollatorForCDSMaskedLM] Tokenized sequence lengths: [543, 543, 543, 543]
[DataCollatorForCDSMaskedLM] Tokenized sequence lengths: [1024, 1024, 1024, 1024]
{'loss': 6.5462, 'learning_rate': 0.0004166666666666667, 'epoch': 0.0}
[DataCollatorForCDSMaskedLM] Tokenized sequence lengths: [194, 194, 194, 194]
[DataCollatorForCDSMaskedLM] Tokenized sequence lengths: [118, 118, 118, 118]
[DataCollatorForCDSMaskedLM] Tokenized sequence lengths: [503, 503, 503, 503]
[DataCollatorForCDSMaskedLM] Tokenized sequence lengths: [552, 552, 552, 552]
[DataCollatorForCDSMaskedLM] Tokenized sequence lengths: [93, 93, 93, 93]
[DataCollatorForCDSMaskedLM] Tokenized sequence lengths: [1024, 1024, 1024, 1024]
[DataCollatorForCDSMaskedLM] Tokenized sequence lengths: [158, 158, 158, 158]
[DataCollatorForCDSMaskedLM] Tokenized sequence lengths: [1024, 1024, 1024, 1024]
[DataCollatorForCDSMaskedLM] Tokenized sequence lengths: [182, 182, 182, 182]
[DataCollatorForCDSMaskedLM] Tokenized sequence lengths: [165, 165, 165, 165]
[DataCollatorForCDSMaskedLM] Tokenized sequence lengths: [143, 143, 143, 143]
[DataCollatorForCDSMaskedLM] Tokenized sequence lengths: [1024, 1024, 1024, 1024]
[DataCollatorForCDSMaskedLM] Tokenized sequence lengths: [129, 129, 129, 129]
[DataCollatorForCDSMaskedLM] Tokenized sequence lengths: [1024, 1024, 1024, 1024]
[DataCollatorForCDSMaskedLM] Tokenized sequence lengths: [483, 483, 483, 483]
[DataCollatorForCDSMaskedLM] Tokenized sequence lengths: [1024, 1024, 1024, 1024]
[DataCollatorForCDSMaskedLM] Tokenized sequence lengths: [95, 95, 95, 95]
[DataCollatorForCDSMaskedLM] Tokenized sequence lengths: [252, 252, 252, 252]
[DataCollatorForCDSMaskedLM] Tokenized sequence lengths: [1024, 1024, 1024, 1024]
[DataCollatorForCDSMaskedLM] Tokenized sequence lengths: [225, 225, 225, 225]
[DataCollatorForCDSMaskedLM] Tokenized sequence lengths: [308, 308, 308, 308]
[DataCollatorForCDSMaskedLM] Tokenized sequence lengths: [741, 741, 741, 741]
[DataCollatorForCDSMaskedLM] Tokenized sequence lengths: [219, 219, 219, 219]
[DataCollatorForCDSMaskedLM] Tokenized sequence lengths: [248, 248, 248, 248]
[DataCollatorForCDSMaskedLM] Tokenized sequence lengths: [216, 216, 216, 216]
[DataCollatorForCDSMaskedLM] Tokenized sequence lengths: [378, 378, 378, 378]
[DataCollatorForCDSMaskedLM] Tokenized sequence lengths: [353, 353, 353, 353]
[DataCollatorForCDSMaskedLM] Tokenized sequence lengths: [233, 233, 233, 233]
[DataCollatorForCDSMaskedLM] Tokenized sequence lengths: [1024, 1024, 1024, 1024]
[DataCollatorForCDSMaskedLM] Tokenized sequence lengths: [443, 443, 443, 443]
[DataCollatorForCDSMaskedLM] Tokenized sequence lengths: [1024, 1024, 1024, 1024]
[DataCollatorForCDSMaskedLM] Tokenized sequence lengths: [1024, 1024, 1024, 1024]
[DataCollatorForCDSMaskedLM] Tokenized sequence lengths: [87, 87, 87, 87]
[DataCollatorForCDSMaskedLM] Tokenized sequence lengths: [321, 321, 321, 321]
[DataCollatorForCDSMaskedLM] Tokenized sequence lengths: [143, 143, 143, 143]
[DataCollatorForCDSMaskedLM] Tokenized sequence lengths: [537, 537, 537, 537]
[DataCollatorForCDSMaskedLM] Tokenized sequence lengths: [325, 325, 325, 325]
[DataCollatorForCDSMaskedLM] Tokenized sequence lengths: [289, 289, 289, 289]
[DataCollatorForCDSMaskedLM] Tokenized sequence lengths: [778, 778, 778, 778]
[DataCollatorForCDSMaskedLM] Tokenized sequence lengths: [145, 145, 145, 145]
{'loss': 6.4544, 'learning_rate': 0.00042083333333333333, 'epoch': 0.0}
[DataCollatorForCDSMaskedLM] Tokenized sequence lengths: [90, 90, 90, 90]
[DataCollatorForCDSMaskedLM] Tokenized sequence lengths: [476, 476, 476, 476]
[DataCollatorForCDSMaskedLM] Tokenized sequence lengths: [1024, 1024, 1024, 1024]
[DataCollatorForCDSMaskedLM] Tokenized sequence lengths: [1024, 1024, 1024, 1024]
[DataCollatorForCDSMaskedLM] Tokenized sequence lengths: [386, 386, 386, 386]
[DataCollatorForCDSMaskedLM] Tokenized sequence lengths: [439, 439, 439, 439]
[DataCollatorForCDSMaskedLM] Tokenized sequence lengths: [1024, 1024, 1024, 1024]
[DataCollatorForCDSMaskedLM] Tokenized sequence lengths: [1024, 1024, 1024, 1024]
[DataCollatorForCDSMaskedLM] Tokenized sequence lengths: [545, 545, 545, 545]
[DataCollatorForCDSMaskedLM] Tokenized sequence lengths: [131, 131, 131, 131]
[DataCollatorForCDSMaskedLM] Tokenized sequence lengths: [168, 168, 168, 168]
[DataCollatorForCDSMaskedLM] Tokenized sequence lengths: [193, 193, 193, 193]
[DataCollatorForCDSMaskedLM] Tokenized sequence lengths: [94, 94, 94, 94]
[DataCollatorForCDSMaskedLM] Tokenized sequence lengths: [111, 111, 111, 111]
[DataCollatorForCDSMaskedLM] Tokenized sequence lengths: [340, 340, 340, 340]
[DataCollatorForCDSMaskedLM] Tokenized sequence lengths: [124, 124, 124, 124]
[DataCollatorForCDSMaskedLM] Tokenized sequence lengths: [394, 394, 394, 394]
[DataCollatorForCDSMaskedLM] Tokenized sequence lengths: [242, 242, 242, 242]
[DataCollatorForCDSMaskedLM] Tokenized sequence lengths: [321, 321, 321, 321]
[DataCollatorForCDSMaskedLM] Tokenized sequence lengths: [1000, 1000, 1000, 1000]
[DataCollatorForCDSMaskedLM] Tokenized sequence lengths: [115, 115, 115, 115]
[DataCollatorForCDSMaskedLM] Tokenized sequence lengths: [182, 182, 182, 182]
[DataCollatorForCDSMaskedLM] Tokenized sequence lengths: [811, 811, 811, 811]
[DataCollatorForCDSMaskedLM] Tokenized sequence lengths: [154, 154, 154, 154]
[DataCollatorForCDSMaskedLM] Tokenized sequence lengths: [105, 105, 105, 105]
[DataCollatorForCDSMaskedLM] Tokenized sequence lengths: [110, 110, 110, 110]
[DataCollatorForCDSMaskedLM] Tokenized sequence lengths: [354, 354, 354, 354]
[DataCollatorForCDSMaskedLM] Tokenized sequence lengths: [310, 310, 310, 310]
[DataCollatorForCDSMaskedLM] Tokenized sequence lengths: [453, 453, 453, 453]
[DataCollatorForCDSMaskedLM] Tokenized sequence lengths: [1024, 1024, 1024, 1024]
[DataCollatorForCDSMaskedLM] Tokenized sequence lengths: [212, 212, 212, 212]
[DataCollatorForCDSMaskedLM] Tokenized sequence lengths: [939, 939, 939, 939]
[DataCollatorForCDSMaskedLM] Tokenized sequence lengths: [811, 811, 811, 811]
[DataCollatorForCDSMaskedLM] Tokenized sequence lengths: [1024, 1024, 1024, 1024]
[DataCollatorForCDSMaskedLM] Tokenized sequence lengths: [293, 293, 293, 293]
[DataCollatorForCDSMaskedLM] Tokenized sequence lengths: [667, 667, 667, 667]
[DataCollatorForCDSMaskedLM] Tokenized sequence lengths: [865, 865, 865, 865]
[DataCollatorForCDSMaskedLM] Tokenized sequence lengths: [209, 209, 209, 209]
[DataCollatorForCDSMaskedLM] Tokenized sequence lengths: [109, 109, 109, 109]
[DataCollatorForCDSMaskedLM] Tokenized sequence lengths: [104, 104, 104, 104]
{'loss': 6.4335, 'learning_rate': 0.000425, 'epoch': 0.0}
[DataCollatorForCDSMaskedLM] Tokenized sequence lengths: [125, 125, 125, 125]
[DataCollatorForCDSMaskedLM] Tokenized sequence lengths: [121, 121, 121, 121]
[DataCollatorForCDSMaskedLM] Tokenized sequence lengths: [361, 361, 361, 361]
[DataCollatorForCDSMaskedLM] Tokenized sequence lengths: [687, 687, 687, 687]
[DataCollatorForCDSMaskedLM] Tokenized sequence lengths: [96, 96, 96, 96]
[DataCollatorForCDSMaskedLM] Tokenized sequence lengths: [639, 639, 639, 639]
[DataCollatorForCDSMaskedLM] Tokenized sequence lengths: [241, 241, 241, 241]
[DataCollatorForCDSMaskedLM] Tokenized sequence lengths: [326, 326, 326, 326]
[DataCollatorForCDSMaskedLM] Tokenized sequence lengths: [86, 86, 86, 86]
[DataCollatorForCDSMaskedLM] Tokenized sequence lengths: [642, 642, 642, 642]
[DataCollatorForCDSMaskedLM] Tokenized sequence lengths: [824, 824, 824, 824]
[DataCollatorForCDSMaskedLM] Tokenized sequence lengths: [732, 732, 732, 732]
[DataCollatorForCDSMaskedLM] Tokenized sequence lengths: [114, 114, 114, 114]
[DataCollatorForCDSMaskedLM] Tokenized sequence lengths: [592, 592, 592, 592]
[DataCollatorForCDSMaskedLM] Tokenized sequence lengths: [343, 343, 343, 343]
[DataCollatorForCDSMaskedLM] Tokenized sequence lengths: [812, 812, 812, 812]
[DataCollatorForCDSMaskedLM] Tokenized sequence lengths: [80, 80, 80, 80]
[DataCollatorForCDSMaskedLM] Tokenized sequence lengths: [237, 237, 237, 237]
[DataCollatorForCDSMaskedLM] Tokenized sequence lengths: [109, 109, 109, 109]
[DataCollatorForCDSMaskedLM] Tokenized sequence lengths: [429, 429, 429, 429]
[DataCollatorForCDSMaskedLM] Tokenized sequence lengths: [332, 332, 332, 332]
[DataCollatorForCDSMaskedLM] Tokenized sequence lengths: [1024, 1024, 1024, 1024]
[DataCollatorForCDSMaskedLM] Tokenized sequence lengths: [667, 667, 667, 667]
[DataCollatorForCDSMaskedLM] Tokenized sequence lengths: [576, 576, 576, 576]
[DataCollatorForCDSMaskedLM] Tokenized sequence lengths: [87, 87, 87, 87]
[DataCollatorForCDSMaskedLM] Tokenized sequence lengths: [401, 401, 401, 401]
[DataCollatorForCDSMaskedLM] Tokenized sequence lengths: [1024, 1024, 1024, 1024]
[DataCollatorForCDSMaskedLM] Tokenized sequence lengths: [1024, 1024, 1024, 1024]
[DataCollatorForCDSMaskedLM] Tokenized sequence lengths: [103, 103, 103, 103]
[DataCollatorForCDSMaskedLM] Tokenized sequence lengths: [103, 103, 103, 103]
[DataCollatorForCDSMaskedLM] Tokenized sequence lengths: [183, 183, 183, 183]
[DataCollatorForCDSMaskedLM] Tokenized sequence lengths: [893, 893, 893, 893]
[DataCollatorForCDSMaskedLM] Tokenized sequence lengths: [546, 546, 546, 546]
[DataCollatorForCDSMaskedLM] Tokenized sequence lengths: [598, 598, 598, 598]
[DataCollatorForCDSMaskedLM] Tokenized sequence lengths: [713, 713, 713, 713]
[DataCollatorForCDSMaskedLM] Tokenized sequence lengths: [591, 591, 591, 591]
[DataCollatorForCDSMaskedLM] Tokenized sequence lengths: [191, 191, 191, 191]
[DataCollatorForCDSMaskedLM] Tokenized sequence lengths: [103, 103, 103, 103]
[DataCollatorForCDSMaskedLM] Tokenized sequence lengths: [321, 321, 321, 321]
[DataCollatorForCDSMaskedLM] Tokenized sequence lengths: [122, 122, 122, 122]
{'loss': 6.5054, 'learning_rate': 0.00042916666666666667, 'epoch': 0.0}
[DataCollatorForCDSMaskedLM] Tokenized sequence lengths: [73, 73, 73, 73]
[DataCollatorForCDSMaskedLM] Tokenized sequence lengths: [103, 103, 103, 103]
[DataCollatorForCDSMaskedLM] Tokenized sequence lengths: [337, 337, 337, 337]
[DataCollatorForCDSMaskedLM] Tokenized sequence lengths: [628, 628, 628, 628]
[DataCollatorForCDSMaskedLM] Tokenized sequence lengths: [438, 438, 438, 438]
[DataCollatorForCDSMaskedLM] Tokenized sequence lengths: [467, 467, 467, 467]
[DataCollatorForCDSMaskedLM] Tokenized sequence lengths: [1024, 1024, 1024, 1024]
[DataCollatorForCDSMaskedLM] Tokenized sequence lengths: [1024, 1024, 1024, 1024]
[DataCollatorForCDSMaskedLM] Tokenized sequence lengths: [511, 511, 511, 511]
[DataCollatorForCDSMaskedLM] Tokenized sequence lengths: [132, 132, 132, 132]
[DataCollatorForCDSMaskedLM] Tokenized sequence lengths: [385, 385, 385, 385]
[DataCollatorForCDSMaskedLM] Tokenized sequence lengths: [1024, 1024, 1024, 1024]
[DataCollatorForCDSMaskedLM] Tokenized sequence lengths: [317, 317, 317, 317]
[DataCollatorForCDSMaskedLM] Tokenized sequence lengths: [468, 468, 468, 468]
[DataCollatorForCDSMaskedLM] Tokenized sequence lengths: [141, 141, 141, 141]
[DataCollatorForCDSMaskedLM] Tokenized sequence lengths: [1024, 1024, 1024, 1024]
[DataCollatorForCDSMaskedLM] Tokenized sequence lengths: [72, 72, 72, 72]
[DataCollatorForCDSMaskedLM] Tokenized sequence lengths: [326, 326, 326, 326]
[DataCollatorForCDSMaskedLM] Tokenized sequence lengths: [244, 244, 244, 244]
[DataCollatorForCDSMaskedLM] Tokenized sequence lengths: [1024, 1024, 1024, 1024]
[DataCollatorForCDSMaskedLM] Tokenized sequence lengths: [741, 741, 741, 741]
[DataCollatorForCDSMaskedLM] Tokenized sequence lengths: [71, 71, 71, 71]
[DataCollatorForCDSMaskedLM] Tokenized sequence lengths: [89, 89, 89, 89]
[DataCollatorForCDSMaskedLM] Tokenized sequence lengths: [583, 583, 583, 583]
[DataCollatorForCDSMaskedLM] Tokenized sequence lengths: [227, 227, 227, 227]
[DataCollatorForCDSMaskedLM] Tokenized sequence lengths: [1024, 1024, 1024, 1024]
[DataCollatorForCDSMaskedLM] Tokenized sequence lengths: [1024, 1024, 1024, 1024]
[DataCollatorForCDSMaskedLM] Tokenized sequence lengths: [243, 243, 243, 243]
[DataCollatorForCDSMaskedLM] Tokenized sequence lengths: [123, 123, 123, 123]
[DataCollatorForCDSMaskedLM] Tokenized sequence lengths: [335, 335, 335, 335]
[DataCollatorForCDSMaskedLM] Tokenized sequence lengths: [1024, 1024, 1024, 1024]
[DataCollatorForCDSMaskedLM] Tokenized sequence lengths: [1024, 1024, 1024, 1024]
[DataCollatorForCDSMaskedLM] Tokenized sequence lengths: [1017, 1017, 1017, 1017]
[DataCollatorForCDSMaskedLM] Tokenized sequence lengths: [1024, 1024, 1024, 1024]
[DataCollatorForCDSMaskedLM] Tokenized sequence lengths: [220, 220, 220, 220]
[DataCollatorForCDSMaskedLM] Tokenized sequence lengths: [1024, 1024, 1024, 1024]
[DataCollatorForCDSMaskedLM] Tokenized sequence lengths: [291, 291, 291, 291]
[DataCollatorForCDSMaskedLM] Tokenized sequence lengths: [371, 371, 371, 371]
[DataCollatorForCDSMaskedLM] Tokenized sequence lengths: [750, 750, 750, 750]
[DataCollatorForCDSMaskedLM] Tokenized sequence lengths: [1024, 1024, 1024, 1024]
{'loss': 6.4763, 'learning_rate': 0.00043333333333333337, 'epoch': 0.0}
[DataCollatorForCDSMaskedLM] Tokenized sequence lengths: [114, 114, 114, 114]
[DataCollatorForCDSMaskedLM] Tokenized sequence lengths: [285, 285, 285, 285]
[DataCollatorForCDSMaskedLM] Tokenized sequence lengths: [849, 849, 849, 849]
[DataCollatorForCDSMaskedLM] Tokenized sequence lengths: [474, 474, 474, 474]
[DataCollatorForCDSMaskedLM] Tokenized sequence lengths: [177, 177, 177, 177]
[DataCollatorForCDSMaskedLM] Tokenized sequence lengths: [353, 353, 353, 353]
[DataCollatorForCDSMaskedLM] Tokenized sequence lengths: [485, 485, 485, 485]
[DataCollatorForCDSMaskedLM] Tokenized sequence lengths: [1024, 1024, 1024, 1024]
[DataCollatorForCDSMaskedLM] Tokenized sequence lengths: [1024, 1024, 1024, 1024]
[DataCollatorForCDSMaskedLM] Tokenized sequence lengths: [295, 295, 295, 295]
[DataCollatorForCDSMaskedLM] Tokenized sequence lengths: [1024, 1024, 1024, 1024]
[DataCollatorForCDSMaskedLM] Tokenized sequence lengths: [1024, 1024, 1024, 1024]
[DataCollatorForCDSMaskedLM] Tokenized sequence lengths: [1024, 1024, 1024, 1024]
[DataCollatorForCDSMaskedLM] Tokenized sequence lengths: [453, 453, 453, 453]
[DataCollatorForCDSMaskedLM] Tokenized sequence lengths: [742, 742, 742, 742]
[DataCollatorForCDSMaskedLM] Tokenized sequence lengths: [1024, 1024, 1024, 1024]
[DataCollatorForCDSMaskedLM] Tokenized sequence lengths: [257, 257, 257, 257]
[DataCollatorForCDSMaskedLM] Tokenized sequence lengths: [458, 458, 458, 458]
[DataCollatorForCDSMaskedLM] Tokenized sequence lengths: [156, 156, 156, 156]
[DataCollatorForCDSMaskedLM] Tokenized sequence lengths: [103, 103, 103, 103]
[DataCollatorForCDSMaskedLM] Tokenized sequence lengths: [92, 92, 92, 92]
[DataCollatorForCDSMaskedLM] Tokenized sequence lengths: [1024, 1024, 1024, 1024]
[DataCollatorForCDSMaskedLM] Tokenized sequence lengths: [111, 111, 111, 111]
[DataCollatorForCDSMaskedLM] Tokenized sequence lengths: [373, 373, 373, 373]
[DataCollatorForCDSMaskedLM] Tokenized sequence lengths: [186, 186, 186, 186]
[DataCollatorForCDSMaskedLM] Tokenized sequence lengths: [732, 732, 732, 732]
[DataCollatorForCDSMaskedLM] Tokenized sequence lengths: [1024, 1024, 1024, 1024]
[DataCollatorForCDSMaskedLM] Tokenized sequence lengths: [192, 192, 192, 192]
[DataCollatorForCDSMaskedLM] Tokenized sequence lengths: [326, 326, 326, 326]
[DataCollatorForCDSMaskedLM] Tokenized sequence lengths: [243, 243, 243, 243]
[DataCollatorForCDSMaskedLM] Tokenized sequence lengths: [139, 139, 139, 139]
[DataCollatorForCDSMaskedLM] Tokenized sequence lengths: [1024, 1024, 1024, 1024]
[DataCollatorForCDSMaskedLM] Tokenized sequence lengths: [103, 103, 103, 103]
[DataCollatorForCDSMaskedLM] Tokenized sequence lengths: [164, 164, 164, 164]
[DataCollatorForCDSMaskedLM] Tokenized sequence lengths: [198, 198, 198, 198]
[DataCollatorForCDSMaskedLM] Tokenized sequence lengths: [319, 319, 319, 319]
[DataCollatorForCDSMaskedLM] Tokenized sequence lengths: [240, 240, 240, 240]
[DataCollatorForCDSMaskedLM] Tokenized sequence lengths: [1024, 1024, 1024, 1024]
[DataCollatorForCDSMaskedLM] Tokenized sequence lengths: [124, 124, 124, 124]
[DataCollatorForCDSMaskedLM] Tokenized sequence lengths: [1024, 1024, 1024, 1024]
{'loss': 6.4864, 'learning_rate': 0.0004375, 'epoch': 0.0}
[DataCollatorForCDSMaskedLM] Tokenized sequence lengths: [280, 280, 280, 280]
[DataCollatorForCDSMaskedLM] Tokenized sequence lengths: [154, 154, 154, 154]
[DataCollatorForCDSMaskedLM] Tokenized sequence lengths: [363, 363, 363, 363]
[DataCollatorForCDSMaskedLM] Tokenized sequence lengths: [216, 216, 216, 216]
[DataCollatorForCDSMaskedLM] Tokenized sequence lengths: [143, 143, 143, 143]
[DataCollatorForCDSMaskedLM] Tokenized sequence lengths: [156, 156, 156, 156]
[DataCollatorForCDSMaskedLM] Tokenized sequence lengths: [127, 127, 127, 127]
[DataCollatorForCDSMaskedLM] Tokenized sequence lengths: [163, 163, 163, 163]
[DataCollatorForCDSMaskedLM] Tokenized sequence lengths: [113, 113, 113, 113]
[DataCollatorForCDSMaskedLM] Tokenized sequence lengths: [369, 369, 369, 369]
[DataCollatorForCDSMaskedLM] Tokenized sequence lengths: [131, 131, 131, 131]
[DataCollatorForCDSMaskedLM] Tokenized sequence lengths: [796, 796, 796, 796]
[DataCollatorForCDSMaskedLM] Tokenized sequence lengths: [131, 131, 131, 131]
[DataCollatorForCDSMaskedLM] Tokenized sequence lengths: [370, 370, 370, 370]
[DataCollatorForCDSMaskedLM] Tokenized sequence lengths: [538, 538, 538, 538]
[DataCollatorForCDSMaskedLM] Tokenized sequence lengths: [1024, 1024, 1024, 1024]
[DataCollatorForCDSMaskedLM] Tokenized sequence lengths:[DataCollatorForCDSMaskedLM] Tokenized sequence lengths:  [377, 377, 377, 377][142, 142, 142, 142]

[DataCollatorForCDSMaskedLM] Tokenized sequence lengths: [174, 174, 174, 174]
[DataCollatorForCDSMaskedLM] Tokenized sequence lengths: [213, 213, 213, 213]
[DataCollatorForCDSMaskedLM] Tokenized sequence lengths: [504, 504, 504, 504]
[DataCollatorForCDSMaskedLM] Tokenized sequence lengths: [192, 192, 192, 192]
[DataCollatorForCDSMaskedLM] Tokenized sequence lengths: [75, 75, 75, 75]
[DataCollatorForCDSMaskedLM] Tokenized sequence lengths: [83, 83, 83, 83]
[DataCollatorForCDSMaskedLM] Tokenized sequence lengths: [82, 82, 82, 82]
[DataCollatorForCDSMaskedLM] Tokenized sequence lengths: [249, 249, 249, 249]
[DataCollatorForCDSMaskedLM] Tokenized sequence lengths: [136, 136, 136, 136]
[DataCollatorForCDSMaskedLM] Tokenized sequence lengths: [178, 178, 178, 178]
[DataCollatorForCDSMaskedLM] Tokenized sequence lengths: [90, 90, 90, 90]
[DataCollatorForCDSMaskedLM] Tokenized sequence lengths: [313, 313, 313, 313]
[DataCollatorForCDSMaskedLM] Tokenized sequence lengths: [138, 138, 138, 138]
[DataCollatorForCDSMaskedLM] Tokenized sequence lengths: [538, 538, 538, 538]
[DataCollatorForCDSMaskedLM] Tokenized sequence lengths: [89, 89, 89, 89]
[DataCollatorForCDSMaskedLM] Tokenized sequence lengths: [140, 140, 140, 140]
[DataCollatorForCDSMaskedLM] Tokenized sequence lengths: [327, 327, 327, 327]
[DataCollatorForCDSMaskedLM] Tokenized sequence lengths: [85, 85, 85, 85]
[DataCollatorForCDSMaskedLM] Tokenized sequence lengths: [353, 353, 353, 353]
[DataCollatorForCDSMaskedLM] Tokenized sequence lengths: [914, 914, 914, 914]
[DataCollatorForCDSMaskedLM] Tokenized sequence lengths: [1024, 1024, 1024, 1024]
[DataCollatorForCDSMaskedLM] Tokenized sequence lengths: [970, 970, 970, 970]
{'loss': 6.4991, 'learning_rate': 0.00044166666666666665, 'epoch': 0.0}
[DataCollatorForCDSMaskedLM] Tokenized sequence lengths: [157, 157, 157, 157]
[DataCollatorForCDSMaskedLM] Tokenized sequence lengths: [752, 752, 752, 752]
[DataCollatorForCDSMaskedLM] Tokenized sequence lengths: [682, 682, 682, 682]
[DataCollatorForCDSMaskedLM] Tokenized sequence lengths: [1024, 1024, 1024, 1024]
[DataCollatorForCDSMaskedLM] Tokenized sequence lengths: [119, 119, 119, 119]
[DataCollatorForCDSMaskedLM] Tokenized sequence lengths: [220, 220, 220, 220]
[DataCollatorForCDSMaskedLM] Tokenized sequence lengths: [437, 437, 437, 437]
[DataCollatorForCDSMaskedLM] Tokenized sequence lengths: [1024, 1024, 1024, 1024]
[DataCollatorForCDSMaskedLM] Tokenized sequence lengths: [491, 491, 491, 491]
[DataCollatorForCDSMaskedLM] Tokenized sequence lengths: [1024, 1024, 1024, 1024]
[DataCollatorForCDSMaskedLM] Tokenized sequence lengths: [75, 75, 75, 75]
[DataCollatorForCDSMaskedLM] Tokenized sequence lengths: [81, 81, 81, 81]
[DataCollatorForCDSMaskedLM] Tokenized sequence lengths: [162, 162, 162, 162]
[DataCollatorForCDSMaskedLM] Tokenized sequence lengths: [193, 193, 193, 193]
[DataCollatorForCDSMaskedLM] Tokenized sequence lengths: [810, 810, 810, 810]
[DataCollatorForCDSMaskedLM] Tokenized sequence lengths: [316, 316, 316, 316]
[DataCollatorForCDSMaskedLM] Tokenized sequence lengths: [106, 106, 106, 106]
[DataCollatorForCDSMaskedLM] Tokenized sequence lengths: [278, 278, 278, 278]
[DataCollatorForCDSMaskedLM] Tokenized sequence lengths: [141, 141, 141, 141]
[DataCollatorForCDSMaskedLM] Tokenized sequence lengths: [1024, 1024, 1024, 1024]
[DataCollatorForCDSMaskedLM] Tokenized sequence lengths: [286, 286, 286, 286]
[DataCollatorForCDSMaskedLM] Tokenized sequence lengths: [415, 415, 415, 415]
[DataCollatorForCDSMaskedLM] Tokenized sequence lengths: [813, 813, 813, 813]
[DataCollatorForCDSMaskedLM] Tokenized sequence lengths: [1024, 1024, 1024, 1024]
[DataCollatorForCDSMaskedLM] Tokenized sequence lengths: [127, 127, 127, 127]
[DataCollatorForCDSMaskedLM] Tokenized sequence lengths: [120, 120, 120, 120]
[DataCollatorForCDSMaskedLM] Tokenized sequence lengths: [197, 197, 197, 197]
[DataCollatorForCDSMaskedLM] Tokenized sequence lengths: [423, 423, 423, 423]
[DataCollatorForCDSMaskedLM] Tokenized sequence lengths: [85, 85, 85, 85]
[DataCollatorForCDSMaskedLM] Tokenized sequence lengths: [389, 389, 389, 389]
[DataCollatorForCDSMaskedLM] Tokenized sequence lengths: [768, 768, 768, 768]
[DataCollatorForCDSMaskedLM] Tokenized sequence lengths: [190, 190, 190, 190]
[DataCollatorForCDSMaskedLM] Tokenized sequence lengths: [121, 121, 121, 121]
[DataCollatorForCDSMaskedLM] Tokenized sequence lengths: [124, 124, 124, 124]
[DataCollatorForCDSMaskedLM] Tokenized sequence lengths: [106, 106, 106, 106]
[DataCollatorForCDSMaskedLM] Tokenized sequence lengths: [323, 323, 323, 323]
[DataCollatorForCDSMaskedLM] Tokenized sequence lengths: [124, 124, 124, 124]
[DataCollatorForCDSMaskedLM] Tokenized sequence lengths: [511, 511, 511, 511]
[DataCollatorForCDSMaskedLM] Tokenized sequence lengths: [227, 227, 227, 227]
[DataCollatorForCDSMaskedLM] Tokenized sequence lengths: [1024, 1024, 1024, 1024]
{'loss': 6.4654, 'learning_rate': 0.00044583333333333335, 'epoch': 0.0}
[DataCollatorForCDSMaskedLM] Tokenized sequence lengths: [189, 189, 189, 189]
[DataCollatorForCDSMaskedLM] Tokenized sequence lengths: [155, 155, 155, 155]
[DataCollatorForCDSMaskedLM] Tokenized sequence lengths: [459, 459, 459, 459]
[DataCollatorForCDSMaskedLM] Tokenized sequence lengths: [475, 475, 475, 475]
[DataCollatorForCDSMaskedLM] Tokenized sequence lengths: [117, 117, 117, 117]
[DataCollatorForCDSMaskedLM] Tokenized sequence lengths: [335, 335, 335, 335]
[DataCollatorForCDSMaskedLM] Tokenized sequence lengths: [573, 573, 573, 573]
[DataCollatorForCDSMaskedLM] Tokenized sequence lengths: [1024, 1024, 1024, 1024]
[DataCollatorForCDSMaskedLM] Tokenized sequence lengths: [122, 122, 122, 122]
[DataCollatorForCDSMaskedLM] Tokenized sequence lengths: [465, 465, 465, 465]
[DataCollatorForCDSMaskedLM] Tokenized sequence lengths: [1024, 1024, 1024, 1024]
[DataCollatorForCDSMaskedLM] Tokenized sequence lengths: [224, 224, 224, 224]
[DataCollatorForCDSMaskedLM] Tokenized sequence lengths: [127, 127, 127, 127]
[DataCollatorForCDSMaskedLM] Tokenized sequence lengths: [974, 974, 974, 974]
[DataCollatorForCDSMaskedLM] Tokenized sequence lengths: [166, 166, 166, 166]
[DataCollatorForCDSMaskedLM] Tokenized sequence lengths: [432, 432, 432, 432]
[DataCollatorForCDSMaskedLM] Tokenized sequence lengths: [1024, 1024, 1024, 1024]
[DataCollatorForCDSMaskedLM] Tokenized sequence lengths: [140, 140, 140, 140]
[DataCollatorForCDSMaskedLM] Tokenized sequence lengths: [426, 426, 426, 426]
[DataCollatorForCDSMaskedLM] Tokenized sequence lengths: [348, 348, 348, 348]
[DataCollatorForCDSMaskedLM] Tokenized sequence lengths: [169, 169, 169, 169]
[DataCollatorForCDSMaskedLM] Tokenized sequence lengths: [212, 212, 212, 212]
[DataCollatorForCDSMaskedLM] Tokenized sequence lengths: [319, 319, 319, 319]
[DataCollatorForCDSMaskedLM] Tokenized sequence lengths: [454, 454, 454, 454]
[DataCollatorForCDSMaskedLM] Tokenized sequence lengths: [537, 537, 537, 537]
[DataCollatorForCDSMaskedLM] Tokenized sequence lengths: [722, 722, 722, 722]
[DataCollatorForCDSMaskedLM] Tokenized sequence lengths: [306, 306, 306, 306]
[DataCollatorForCDSMaskedLM] Tokenized sequence lengths: [344, 344, 344, 344]
[DataCollatorForCDSMaskedLM] Tokenized sequence lengths: [118, 118, 118, 118]
[DataCollatorForCDSMaskedLM] Tokenized sequence lengths: [737, 737, 737, 737]
[DataCollatorForCDSMaskedLM] Tokenized sequence lengths: [350, 350, 350, 350]
[DataCollatorForCDSMaskedLM] Tokenized sequence lengths: [211, 211, 211, 211]
[DataCollatorForCDSMaskedLM] Tokenized sequence lengths: [92, 92, 92, 92]
[DataCollatorForCDSMaskedLM] Tokenized sequence lengths: [132, 132, 132, 132]
[DataCollatorForCDSMaskedLM] Tokenized sequence lengths: [100, 100, 100, 100]
[DataCollatorForCDSMaskedLM] Tokenized sequence lengths: [281, 281, 281, 281]
[DataCollatorForCDSMaskedLM] Tokenized sequence lengths: [99, 99, 99, 99]
[DataCollatorForCDSMaskedLM] Tokenized sequence lengths: [187, 187, 187, 187]
[DataCollatorForCDSMaskedLM] Tokenized sequence lengths: [295, 295, 295, 295]
[DataCollatorForCDSMaskedLM] Tokenized sequence lengths: [183, 183, 183, 183]
{'loss': 6.4125, 'learning_rate': 0.00045000000000000004, 'epoch': 0.0}
[DataCollatorForCDSMaskedLM] Tokenized sequence lengths: [428, 428, 428, 428]
[DataCollatorForCDSMaskedLM] Tokenized sequence lengths: [523, 523, 523, 523]
[DataCollatorForCDSMaskedLM] Tokenized sequence lengths: [286, 286, 286, 286]
[DataCollatorForCDSMaskedLM] Tokenized sequence lengths: [1024, 1024, 1024, 1024]
[DataCollatorForCDSMaskedLM] Tokenized sequence lengths: [132, 132, 132, 132]
[DataCollatorForCDSMaskedLM] Tokenized sequence lengths: [376, 376, 376, 376]
[DataCollatorForCDSMaskedLM] Tokenized sequence lengths: [62, 62, 62, 62]
[DataCollatorForCDSMaskedLM] Tokenized sequence lengths: [675, 675, 675, 675]
[DataCollatorForCDSMaskedLM] Tokenized sequence lengths: [283, 283, 283, 283]
[DataCollatorForCDSMaskedLM] Tokenized sequence lengths: [896, 896, 896, 896]
[DataCollatorForCDSMaskedLM] Tokenized sequence lengths: [314, 314, 314, 314]
[DataCollatorForCDSMaskedLM] Tokenized sequence lengths: [193, 193, 193, 193]
[DataCollatorForCDSMaskedLM] Tokenized sequence lengths: [271, 271, 271, 271]
[DataCollatorForCDSMaskedLM] Tokenized sequence lengths: [271, 271, 271, 271]
[DataCollatorForCDSMaskedLM] Tokenized sequence lengths: [1024, 1024, 1024, 1024]
[DataCollatorForCDSMaskedLM] Tokenized sequence lengths: [678, 678, 678, 678]
[DataCollatorForCDSMaskedLM] Tokenized sequence lengths: [634, 634, 634, 634]
[DataCollatorForCDSMaskedLM] Tokenized sequence lengths: [256, 256, 256, 256]
[DataCollatorForCDSMaskedLM] Tokenized sequence lengths: [224, 224, 224, 224]
[DataCollatorForCDSMaskedLM] Tokenized sequence lengths: [1024, 1024, 1024, 1024]
[DataCollatorForCDSMaskedLM] Tokenized sequence lengths: [287, 287, 287, 287]
[DataCollatorForCDSMaskedLM] Tokenized sequence lengths: [118, 118, 118, 118]
[DataCollatorForCDSMaskedLM] Tokenized sequence lengths: [302, 302, 302, 302]
[DataCollatorForCDSMaskedLM] Tokenized sequence lengths: [235, 235, 235, 235]
[DataCollatorForCDSMaskedLM] Tokenized sequence lengths: [176, 176, 176, 176]
[DataCollatorForCDSMaskedLM] Tokenized sequence lengths: [1014, 1014, 1014, 1014]
[DataCollatorForCDSMaskedLM] Tokenized sequence lengths: [1024, 1024, 1024, 1024]
[DataCollatorForCDSMaskedLM] Tokenized sequence lengths: [69, 69, 69, 69]
[DataCollatorForCDSMaskedLM] Tokenized sequence lengths: [90, 90, 90, 90]
[DataCollatorForCDSMaskedLM] Tokenized sequence lengths: [615, 615, 615, 615]
[DataCollatorForCDSMaskedLM] Tokenized sequence lengths: [108, 108, 108, 108]
[DataCollatorForCDSMaskedLM] Tokenized sequence lengths: [1024, 1024, 1024, 1024]
[DataCollatorForCDSMaskedLM] Tokenized sequence lengths: [51, 51, 51, 51]
[DataCollatorForCDSMaskedLM] Tokenized sequence lengths: [593, 593, 593, 593]
[DataCollatorForCDSMaskedLM] Tokenized sequence lengths: [660, 660, 660, 660]
[DataCollatorForCDSMaskedLM] Tokenized sequence lengths: [477, 477, 477, 477]
[DataCollatorForCDSMaskedLM] Tokenized sequence lengths: [141, 141, 141, 141]
[DataCollatorForCDSMaskedLM] Tokenized sequence lengths: [321, 321, 321, 321]
[DataCollatorForCDSMaskedLM] Tokenized sequence lengths: [592, 592, 592, 592]
[DataCollatorForCDSMaskedLM] Tokenized sequence lengths: [76, 76, 76, 76]
{'loss': 6.5583, 'learning_rate': 0.0004541666666666667, 'epoch': 0.0}
[DataCollatorForCDSMaskedLM] Tokenized sequence lengths: [87, 87, 87, 87]
[DataCollatorForCDSMaskedLM] Tokenized sequence lengths: [332, 332, 332, 332]
[DataCollatorForCDSMaskedLM] Tokenized sequence lengths: [598, 598, 598, 598]
[DataCollatorForCDSMaskedLM] Tokenized sequence lengths: [1024, 1024, 1024, 1024]
[DataCollatorForCDSMaskedLM] Tokenized sequence lengths: [262, 262, 262, 262]
[DataCollatorForCDSMaskedLM] Tokenized sequence lengths: [614, 614, 614, 614]
[DataCollatorForCDSMaskedLM] Tokenized sequence lengths: [495, 495, 495, 495]
[DataCollatorForCDSMaskedLM] Tokenized sequence lengths: [1024, 1024, 1024, 1024]
[DataCollatorForCDSMaskedLM] Tokenized sequence lengths: [261, 261, 261, 261]
[DataCollatorForCDSMaskedLM] Tokenized sequence lengths: [665, 665, 665, 665]
[DataCollatorForCDSMaskedLM] Tokenized sequence lengths: [181, 181, 181, 181]
[DataCollatorForCDSMaskedLM] Tokenized sequence lengths: [1024, 1024, 1024, 1024]
[DataCollatorForCDSMaskedLM] Tokenized sequence lengths: [459, 459, 459, 459]
[DataCollatorForCDSMaskedLM] Tokenized sequence lengths: [1024, 1024, 1024, 1024]
[DataCollatorForCDSMaskedLM] Tokenized sequence lengths: [132, 132, 132, 132]
[DataCollatorForCDSMaskedLM] Tokenized sequence lengths: [443, 443, 443, 443]
[DataCollatorForCDSMaskedLM] Tokenized sequence lengths: [80, 80, 80, 80]
[DataCollatorForCDSMaskedLM] Tokenized sequence lengths: [176, 176, 176, 176]
[DataCollatorForCDSMaskedLM] Tokenized sequence lengths: [81, 81, 81, 81]
[DataCollatorForCDSMaskedLM] Tokenized sequence lengths: [192, 192, 192, 192]
[DataCollatorForCDSMaskedLM] Tokenized sequence lengths: [145, 145, 145, 145]
[DataCollatorForCDSMaskedLM] Tokenized sequence lengths: [196, 196, 196, 196]
[DataCollatorForCDSMaskedLM] Tokenized sequence lengths: [499, 499, 499, 499]
[DataCollatorForCDSMaskedLM] Tokenized sequence lengths: [232, 232, 232, 232]
[DataCollatorForCDSMaskedLM] Tokenized sequence lengths: [356, 356, 356, 356]
[DataCollatorForCDSMaskedLM] Tokenized sequence lengths: [155, 155, 155, 155]
[DataCollatorForCDSMaskedLM] Tokenized sequence lengths: [102, 102, 102, 102]
[DataCollatorForCDSMaskedLM] Tokenized sequence lengths: [914, 914, 914, 914]
[DataCollatorForCDSMaskedLM] Tokenized sequence lengths: [315, 315, 315, 315]
[DataCollatorForCDSMaskedLM] Tokenized sequence lengths: [388, 388, 388, 388]
[DataCollatorForCDSMaskedLM] Tokenized sequence lengths: [322, 322, 322, 322]
[DataCollatorForCDSMaskedLM] Tokenized sequence lengths: [407, 407, 407, 407]
[DataCollatorForCDSMaskedLM] Tokenized sequence lengths: [127, 127, 127, 127]
[DataCollatorForCDSMaskedLM] Tokenized sequence lengths: [1024, 1024, 1024, 1024]
[DataCollatorForCDSMaskedLM] Tokenized sequence lengths: [149, 149, 149, 149]
[DataCollatorForCDSMaskedLM] Tokenized sequence lengths: [176, 176, 176, 176]
[DataCollatorForCDSMaskedLM] Tokenized sequence lengths: [200, 200, 200, 200]
[DataCollatorForCDSMaskedLM] Tokenized sequence lengths: [339, 339, 339, 339]
[DataCollatorForCDSMaskedLM] Tokenized sequence lengths: [461, 461, 461, 461]
[DataCollatorForCDSMaskedLM] Tokenized sequence lengths: [221, 221, 221, 221]
{'loss': 6.4404, 'learning_rate': 0.0004583333333333333, 'epoch': 0.0}
[DataCollatorForCDSMaskedLM] Tokenized sequence lengths: [110, 110, 110, 110]
[DataCollatorForCDSMaskedLM] Tokenized sequence lengths: [289, 289, 289, 289]
[DataCollatorForCDSMaskedLM] Tokenized sequence lengths: [269, 269, 269, 269]
[DataCollatorForCDSMaskedLM] Tokenized sequence lengths: [1024, 1024, 1024, 1024]
[DataCollatorForCDSMaskedLM] Tokenized sequence lengths: [230, 230, 230, 230]
[DataCollatorForCDSMaskedLM] Tokenized sequence lengths: [370, 370, 370, 370]
[DataCollatorForCDSMaskedLM] Tokenized sequence lengths: [532, 532, 532, 532]
[DataCollatorForCDSMaskedLM] Tokenized sequence lengths: [610, 610, 610, 610]
[DataCollatorForCDSMaskedLM] Tokenized sequence lengths: [105, 105, 105, 105]
[DataCollatorForCDSMaskedLM] Tokenized sequence lengths: [80, 80, 80, 80]
[DataCollatorForCDSMaskedLM] Tokenized sequence lengths: [475, 475, 475, 475]
[DataCollatorForCDSMaskedLM] Tokenized sequence lengths: [513, 513, 513, 513]
[DataCollatorForCDSMaskedLM] Tokenized sequence lengths: [113, 113, 113, 113]
[DataCollatorForCDSMaskedLM] Tokenized sequence lengths: [82, 82, 82, 82]
[DataCollatorForCDSMaskedLM] Tokenized sequence lengths: [480, 480, 480, 480]
[DataCollatorForCDSMaskedLM] Tokenized sequence lengths: [175, 175, 175, 175]
[DataCollatorForCDSMaskedLM] Tokenized sequence lengths: [194, 194, 194, 194]
[DataCollatorForCDSMaskedLM] Tokenized sequence lengths: [139, 139, 139, 139]
[DataCollatorForCDSMaskedLM] Tokenized sequence lengths: [443, 443, 443, 443]
[DataCollatorForCDSMaskedLM] Tokenized sequence lengths: [189, 189, 189, 189]
[DataCollatorForCDSMaskedLM] Tokenized sequence lengths: [239, 239, 239, 239]
[DataCollatorForCDSMaskedLM] Tokenized sequence lengths: [61, 61, 61, 61]
[DataCollatorForCDSMaskedLM] Tokenized sequence lengths: [580, 580, 580, 580]
[DataCollatorForCDSMaskedLM] Tokenized sequence lengths: [74, 74, 74, 74]
[DataCollatorForCDSMaskedLM] Tokenized sequence lengths: [86, 86, 86, 86]
[DataCollatorForCDSMaskedLM] Tokenized sequence lengths: [540, 540, 540, 540]
[DataCollatorForCDSMaskedLM] Tokenized sequence lengths: [513, 513, 513, 513]
[DataCollatorForCDSMaskedLM] Tokenized sequence lengths: [1024, 1024, 1024, 1024]
[DataCollatorForCDSMaskedLM] Tokenized sequence lengths: [75, 75, 75, 75]
[DataCollatorForCDSMaskedLM] Tokenized sequence lengths: [64, 64, 64, 64]
[DataCollatorForCDSMaskedLM] Tokenized sequence lengths: [313, 313, 313, 313]
[DataCollatorForCDSMaskedLM] Tokenized sequence lengths: [1024, 1024, 1024, 1024]
[DataCollatorForCDSMaskedLM] Tokenized sequence lengths: [364, 364, 364, 364]
[DataCollatorForCDSMaskedLM] Tokenized sequence lengths: [727, 727, 727, 727]
[DataCollatorForCDSMaskedLM] Tokenized sequence lengths: [680, 680, 680, 680]
[DataCollatorForCDSMaskedLM] Tokenized sequence lengths: [1024, 1024, 1024, 1024]
[DataCollatorForCDSMaskedLM] Tokenized sequence lengths: [108, 108, 108, 108]
[DataCollatorForCDSMaskedLM] Tokenized sequence lengths: [158, 158, 158, 158]
[DataCollatorForCDSMaskedLM] Tokenized sequence lengths: [232, 232, 232, 232]
[DataCollatorForCDSMaskedLM] Tokenized sequence lengths: [107, 107, 107, 107]
{'loss': 6.5648, 'learning_rate': 0.0004625, 'epoch': 0.0}
[DataCollatorForCDSMaskedLM] Tokenized sequence lengths: [74, 74, 74, 74]
[DataCollatorForCDSMaskedLM] Tokenized sequence lengths: [146, 146, 146, 146]
[DataCollatorForCDSMaskedLM] Tokenized sequence lengths: [113, 113, 113, 113]
[DataCollatorForCDSMaskedLM] Tokenized sequence lengths: [1024, 1024, 1024, 1024]
[DataCollatorForCDSMaskedLM] Tokenized sequence lengths: [187, 187, 187, 187]
[DataCollatorForCDSMaskedLM] Tokenized sequence lengths: [332, 332, 332, 332]
[DataCollatorForCDSMaskedLM] Tokenized sequence lengths: [236, 236, 236, 236]
[DataCollatorForCDSMaskedLM] Tokenized sequence lengths: [116, 116, 116, 116]
[DataCollatorForCDSMaskedLM] Tokenized sequence lengths: [187, 187, 187, 187]
[DataCollatorForCDSMaskedLM] Tokenized sequence lengths: [101, 101, 101, 101]
[DataCollatorForCDSMaskedLM] Tokenized sequence lengths: [272, 272, 272, 272]
[DataCollatorForCDSMaskedLM] Tokenized sequence lengths: [950, 950, 950, 950]
[DataCollatorForCDSMaskedLM] Tokenized sequence lengths: [1024, 1024, 1024, 1024]
[DataCollatorForCDSMaskedLM] Tokenized sequence lengths: [1024, 1024, 1024, 1024]
[DataCollatorForCDSMaskedLM] Tokenized sequence lengths: [489, 489, 489, 489]
[DataCollatorForCDSMaskedLM] Tokenized sequence lengths: [1024, 1024, 1024, 1024]
[DataCollatorForCDSMaskedLM] Tokenized sequence lengths: [140, 140, 140, 140]
[DataCollatorForCDSMaskedLM] Tokenized sequence lengths: [714, 714, 714, 714]
[DataCollatorForCDSMaskedLM] Tokenized sequence lengths: [742, 742, 742, 742]
[DataCollatorForCDSMaskedLM] Tokenized sequence lengths: [106, 106, 106, 106]
[DataCollatorForCDSMaskedLM] Tokenized sequence lengths: [129, 129, 129, 129]
[DataCollatorForCDSMaskedLM] Tokenized sequence lengths: [425, 425, 425, 425]
[DataCollatorForCDSMaskedLM] Tokenized sequence lengths: [852, 852, 852, 852]
[DataCollatorForCDSMaskedLM] Tokenized sequence lengths: [137, 137, 137, 137]
[DataCollatorForCDSMaskedLM] Tokenized sequence lengths: [135, 135, 135, 135]
[DataCollatorForCDSMaskedLM] Tokenized sequence lengths: [416, 416, 416, 416]
[DataCollatorForCDSMaskedLM] Tokenized sequence lengths: [122, 122, 122, 122]
[DataCollatorForCDSMaskedLM] Tokenized sequence lengths: [287, 287, 287, 287]
[DataCollatorForCDSMaskedLM] Tokenized sequence lengths: [85, 85, 85, 85]
[DataCollatorForCDSMaskedLM] Tokenized sequence lengths: [112, 112, 112, 112]
[DataCollatorForCDSMaskedLM] Tokenized sequence lengths: [1024, 1024, 1024, 1024]
[DataCollatorForCDSMaskedLM] Tokenized sequence lengths: [569, 569, 569, 569]
[DataCollatorForCDSMaskedLM] Tokenized sequence lengths: [65, 65, 65, 65]
[DataCollatorForCDSMaskedLM] Tokenized sequence lengths: [299, 299, 299, 299]
[DataCollatorForCDSMaskedLM] Tokenized sequence lengths: [107, 107, 107, 107]
[DataCollatorForCDSMaskedLM] Tokenized sequence lengths: [312, 312, 312, 312]
[DataCollatorForCDSMaskedLM] Tokenized sequence lengths: [233, 233, 233, 233]
[DataCollatorForCDSMaskedLM] Tokenized sequence lengths: [316, 316, 316, 316]
[DataCollatorForCDSMaskedLM] Tokenized sequence lengths: [99, 99, 99, 99]
[DataCollatorForCDSMaskedLM] Tokenized sequence lengths: [1024, 1024, 1024, 1024]
{'loss': 6.5605, 'learning_rate': 0.00046666666666666666, 'epoch': 0.0}
[DataCollatorForCDSMaskedLM] Tokenized sequence lengths: [128, 128, 128, 128]
[DataCollatorForCDSMaskedLM] Tokenized sequence lengths: [74, 74, 74, 74]
[DataCollatorForCDSMaskedLM] Tokenized sequence lengths: [95, 95, 95, 95]
[DataCollatorForCDSMaskedLM] Tokenized sequence lengths: [361, 361, 361, 361]
[DataCollatorForCDSMaskedLM] Tokenized sequence lengths: [355, 355, 355, 355]
[DataCollatorForCDSMaskedLM] Tokenized sequence lengths: [106, 106, 106, 106]
[DataCollatorForCDSMaskedLM] Tokenized sequence lengths: [498, 498, 498, 498]
[DataCollatorForCDSMaskedLM] Tokenized sequence lengths: [101, 101, 101, 101]
[DataCollatorForCDSMaskedLM] Tokenized sequence lengths: [247, 247, 247, 247]
[DataCollatorForCDSMaskedLM] Tokenized sequence lengths: [700, 700, 700, 700]
[DataCollatorForCDSMaskedLM] Tokenized sequence lengths: [753, 753, 753, 753]
[DataCollatorForCDSMaskedLM] Tokenized sequence lengths: [139, 139, 139, 139]
[DataCollatorForCDSMaskedLM] Tokenized sequence lengths: [231, 231, 231, 231]
[DataCollatorForCDSMaskedLM] Tokenized sequence lengths: [134, 134, 134, 134]
[DataCollatorForCDSMaskedLM] Tokenized sequence lengths: [1024, 1024, 1024, 1024]
[DataCollatorForCDSMaskedLM] Tokenized sequence lengths: [251, 251, 251, 251]
[DataCollatorForCDSMaskedLM] Tokenized sequence lengths: [222, 222, 222, 222]
[DataCollatorForCDSMaskedLM] Tokenized sequence lengths: [1024, 1024, 1024, 1024]
[DataCollatorForCDSMaskedLM] Tokenized sequence lengths: [511, 511, 511, 511]
[DataCollatorForCDSMaskedLM] Tokenized sequence lengths: [1024, 1024, 1024, 1024]
[DataCollatorForCDSMaskedLM] Tokenized sequence lengths: [329, 329, 329, 329]
[DataCollatorForCDSMaskedLM] Tokenized sequence lengths: [265, 265, 265, 265]
[DataCollatorForCDSMaskedLM] Tokenized sequence lengths: [1024, 1024, 1024, 1024]
[DataCollatorForCDSMaskedLM] Tokenized sequence lengths: [1024, 1024, 1024, 1024]
[DataCollatorForCDSMaskedLM] Tokenized sequence lengths: [131, 131, 131, 131]
[DataCollatorForCDSMaskedLM] Tokenized sequence lengths: [212, 212, 212, 212]
[DataCollatorForCDSMaskedLM] Tokenized sequence lengths: [751, 751, 751, 751]
[DataCollatorForCDSMaskedLM] Tokenized sequence lengths: [443, 443, 443, 443]
[DataCollatorForCDSMaskedLM] Tokenized sequence lengths: [279, 279, 279, 279]
[DataCollatorForCDSMaskedLM] Tokenized sequence lengths: [316, 316, 316, 316]
[DataCollatorForCDSMaskedLM] Tokenized sequence lengths: [79, 79, 79, 79]
[DataCollatorForCDSMaskedLM] Tokenized sequence lengths: [1000, 1000, 1000, 1000]
[DataCollatorForCDSMaskedLM] Tokenized sequence lengths: [416, 416, 416, 416]
[DataCollatorForCDSMaskedLM] Tokenized sequence lengths: [301, 301, 301, 301]
[DataCollatorForCDSMaskedLM] Tokenized sequence lengths: [101, 101, 101, 101]
[DataCollatorForCDSMaskedLM] Tokenized sequence lengths: [336, 336, 336, 336]
[DataCollatorForCDSMaskedLM] Tokenized sequence lengths: [283, 283, 283, 283]
[DataCollatorForCDSMaskedLM] Tokenized sequence lengths: [1024, 1024, 1024, 1024]
[DataCollatorForCDSMaskedLM] Tokenized sequence lengths: [294, 294, 294, 294]
[DataCollatorForCDSMaskedLM] Tokenized sequence lengths: [122, 122, 122, 122]
{'loss': 6.591, 'learning_rate': 0.00047083333333333336, 'epoch': 0.0}
[DataCollatorForCDSMaskedLM] Tokenized sequence lengths: [151, 151, 151, 151]
[DataCollatorForCDSMaskedLM] Tokenized sequence lengths: [535, 535, 535, 535]
[DataCollatorForCDSMaskedLM] Tokenized sequence lengths: [678, 678, 678, 678]
[DataCollatorForCDSMaskedLM] Tokenized sequence lengths: [1024, 1024, 1024, 1024]
[DataCollatorForCDSMaskedLM] Tokenized sequence lengths: [184, 184, 184, 184]
[DataCollatorForCDSMaskedLM] Tokenized sequence lengths: [358, 358, 358, 358]
[DataCollatorForCDSMaskedLM] Tokenized sequence lengths: [1024, 1024, 1024, 1024]
[DataCollatorForCDSMaskedLM] Tokenized sequence lengths: [281, 281, 281, 281]
[DataCollatorForCDSMaskedLM] Tokenized sequence lengths: [247, 247, 247, 247]
[DataCollatorForCDSMaskedLM] Tokenized sequence lengths: [207, 207, 207, 207]
[DataCollatorForCDSMaskedLM] Tokenized sequence lengths: [183, 183, 183, 183]
[DataCollatorForCDSMaskedLM] Tokenized sequence lengths: [385, 385, 385, 385]
[DataCollatorForCDSMaskedLM] Tokenized sequence lengths: [368, 368, 368, 368]
[DataCollatorForCDSMaskedLM] Tokenized sequence lengths: [881, 881, 881, 881]
[DataCollatorForCDSMaskedLM] Tokenized sequence lengths: [1024, 1024, 1024, 1024]
[DataCollatorForCDSMaskedLM] Tokenized sequence lengths: [1024, 1024, 1024, 1024]
[DataCollatorForCDSMaskedLM] Tokenized sequence lengths: [77, 77, 77, 77]
[DataCollatorForCDSMaskedLM] Tokenized sequence lengths: [296, 296, 296, 296]
[DataCollatorForCDSMaskedLM] Tokenized sequence lengths: [1024, 1024, 1024, 1024]
[DataCollatorForCDSMaskedLM] Tokenized sequence lengths: [1024, 1024, 1024, 1024]
[DataCollatorForCDSMaskedLM] Tokenized sequence lengths: [580, 580, 580, 580]
[DataCollatorForCDSMaskedLM] Tokenized sequence lengths: [251, 251, 251, 251]
[DataCollatorForCDSMaskedLM] Tokenized sequence lengths: [552, 552, 552, 552]
[DataCollatorForCDSMaskedLM] Tokenized sequence lengths: [689, 689, 689, 689]
[DataCollatorForCDSMaskedLM] Tokenized sequence lengths: [100, 100, 100, 100]
[DataCollatorForCDSMaskedLM] Tokenized sequence lengths: [443, 443, 443, 443]
[DataCollatorForCDSMaskedLM] Tokenized sequence lengths: [788, 788, 788, 788]
[DataCollatorForCDSMaskedLM] Tokenized sequence lengths: [457, 457, 457, 457]
[DataCollatorForCDSMaskedLM] Tokenized sequence lengths: [184, 184, 184, 184]
[DataCollatorForCDSMaskedLM] Tokenized sequence lengths: [440, 440, 440, 440]
[DataCollatorForCDSMaskedLM] Tokenized sequence lengths: [144, 144, 144, 144]
[DataCollatorForCDSMaskedLM] Tokenized sequence lengths: [929, 929, 929, 929]
[DataCollatorForCDSMaskedLM] Tokenized sequence lengths: [305, 305, 305, 305]
[DataCollatorForCDSMaskedLM] Tokenized sequence lengths: [1024, 1024, 1024, 1024]
[DataCollatorForCDSMaskedLM] Tokenized sequence lengths: [657, 657, 657, 657]
[DataCollatorForCDSMaskedLM] Tokenized sequence lengths: [174, 174, 174, 174]
[DataCollatorForCDSMaskedLM] Tokenized sequence lengths: [185, 185, 185, 185]
[DataCollatorForCDSMaskedLM] Tokenized sequence lengths: [71, 71, 71, 71]
[DataCollatorForCDSMaskedLM] Tokenized sequence lengths: [171, 171, 171, 171]
[DataCollatorForCDSMaskedLM] Tokenized sequence lengths: [668, 668, 668, 668]
{'loss': 6.5666, 'learning_rate': 0.000475, 'epoch': 0.0}
[DataCollatorForCDSMaskedLM] Tokenized sequence lengths: [356, 356, 356, 356]
[DataCollatorForCDSMaskedLM] Tokenized sequence lengths: [612, 612, 612, 612]
[DataCollatorForCDSMaskedLM] Tokenized sequence lengths: [974, 974, 974, 974]
[DataCollatorForCDSMaskedLM] Tokenized sequence lengths: [1024, 1024, 1024, 1024]
[DataCollatorForCDSMaskedLM] Tokenized sequence lengths: [181, 181, 181, 181]
[DataCollatorForCDSMaskedLM] Tokenized sequence lengths: [265, 265, 265, 265]
[DataCollatorForCDSMaskedLM] Tokenized sequence lengths: [436, 436, 436, 436]
[DataCollatorForCDSMaskedLM] Tokenized sequence lengths: [405, 405, 405, 405]
[DataCollatorForCDSMaskedLM] Tokenized sequence lengths: [137, 137, 137, 137]
[DataCollatorForCDSMaskedLM] Tokenized sequence lengths: [160, 160, 160, 160]
[DataCollatorForCDSMaskedLM] Tokenized sequence lengths: [441, 441, 441, 441]
[DataCollatorForCDSMaskedLM] Tokenized sequence lengths: [155, 155, 155, 155]
[DataCollatorForCDSMaskedLM] Tokenized sequence lengths: [315, 315, 315, 315]
[DataCollatorForCDSMaskedLM] Tokenized sequence lengths: [456, 456, 456, 456]
[DataCollatorForCDSMaskedLM] Tokenized sequence lengths: [594, 594, 594, 594]
[DataCollatorForCDSMaskedLM] Tokenized sequence lengths: [576, 576, 576, 576]
[DataCollatorForCDSMaskedLM] Tokenized sequence lengths: [154, 154, 154, 154]
[DataCollatorForCDSMaskedLM] Tokenized sequence lengths: [306, 306, 306, 306]
[DataCollatorForCDSMaskedLM] Tokenized sequence lengths: [1024, 1024, 1024, 1024]
[DataCollatorForCDSMaskedLM] Tokenized sequence lengths: [264, 264, 264, 264]
[DataCollatorForCDSMaskedLM] Tokenized sequence lengths: [78, 78, 78, 78]
[DataCollatorForCDSMaskedLM] Tokenized sequence lengths: [337, 337, 337, 337]
[DataCollatorForCDSMaskedLM] Tokenized sequence lengths: [154, 154, 154, 154]
[DataCollatorForCDSMaskedLM] Tokenized sequence lengths: [361, 361, 361, 361]
[DataCollatorForCDSMaskedLM] Tokenized sequence lengths: [131, 131, 131, 131]
[DataCollatorForCDSMaskedLM] Tokenized sequence lengths: [443, 443, 443, 443]
[DataCollatorForCDSMaskedLM] Tokenized sequence lengths: [70, 70, 70, 70]
[DataCollatorForCDSMaskedLM] Tokenized sequence lengths: [1024, 1024, 1024, 1024]
[DataCollatorForCDSMaskedLM] Tokenized sequence lengths: [374, 374, 374, 374]
[DataCollatorForCDSMaskedLM] Tokenized sequence lengths: [366, 366, 366, 366]
[DataCollatorForCDSMaskedLM] Tokenized sequence lengths: [79, 79, 79, 79]
[DataCollatorForCDSMaskedLM] Tokenized sequence lengths: [1024, 1024, 1024, 1024]
[DataCollatorForCDSMaskedLM] Tokenized sequence lengths: [108, 108, 108, 108]
[DataCollatorForCDSMaskedLM] Tokenized sequence lengths: [108, 108, 108, 108]
[DataCollatorForCDSMaskedLM] Tokenized sequence lengths: [124, 124, 124, 124]
[DataCollatorForCDSMaskedLM] Tokenized sequence lengths: [1024, 1024, 1024, 1024]
[DataCollatorForCDSMaskedLM] Tokenized sequence lengths: [1024, 1024, 1024, 1024]
[DataCollatorForCDSMaskedLM] Tokenized sequence lengths: [527, 527, 527, 527]
[DataCollatorForCDSMaskedLM] Tokenized sequence lengths: [917, 917, 917, 917]
[DataCollatorForCDSMaskedLM] Tokenized sequence lengths: [1024, 1024, 1024, 1024]
{'loss': 6.5131, 'learning_rate': 0.0004791666666666667, 'epoch': 0.0}
[DataCollatorForCDSMaskedLM] Tokenized sequence lengths: [198, 198, 198, 198]
[DataCollatorForCDSMaskedLM] Tokenized sequence lengths: [276, 276, 276, 276]
[DataCollatorForCDSMaskedLM] Tokenized sequence lengths: [357, 357, 357, 357]
[DataCollatorForCDSMaskedLM] Tokenized sequence lengths: [588, 588, 588, 588]
[DataCollatorForCDSMaskedLM] Tokenized sequence lengths: [139, 139, 139, 139]
[DataCollatorForCDSMaskedLM] Tokenized sequence lengths: [398, 398, 398, 398]
[DataCollatorForCDSMaskedLM] Tokenized sequence lengths: [406, 406, 406, 406]
[DataCollatorForCDSMaskedLM] Tokenized sequence lengths: [1024, 1024, 1024, 1024]
[DataCollatorForCDSMaskedLM] Tokenized sequence lengths: [148, 148, 148, 148]
[DataCollatorForCDSMaskedLM] Tokenized sequence lengths: [457, 457, 457, 457]
[DataCollatorForCDSMaskedLM] Tokenized sequence lengths: [730, 730, 730, 730]
[DataCollatorForCDSMaskedLM] Tokenized sequence lengths: [1024, 1024, 1024, 1024]
[DataCollatorForCDSMaskedLM] Tokenized sequence lengths: [581, 581, 581, 581]
[DataCollatorForCDSMaskedLM] Tokenized sequence lengths: [624, 624, 624, 624]
[DataCollatorForCDSMaskedLM] Tokenized sequence lengths: [180, 180, 180, 180]
[DataCollatorForCDSMaskedLM] Tokenized sequence lengths: [117, 117, 117, 117]
[DataCollatorForCDSMaskedLM] Tokenized sequence lengths: [1024, 1024, 1024, 1024]
[DataCollatorForCDSMaskedLM] Tokenized sequence lengths: [879, 879, 879, 879]
[DataCollatorForCDSMaskedLM] Tokenized sequence lengths: [1024, 1024, 1024, 1024]
[DataCollatorForCDSMaskedLM] Tokenized sequence lengths: [112, 112, 112, 112]
[DataCollatorForCDSMaskedLM] Tokenized sequence lengths: [102, 102, 102, 102]
[DataCollatorForCDSMaskedLM] Tokenized sequence lengths: [1024, 1024, 1024, 1024]
[DataCollatorForCDSMaskedLM] Tokenized sequence lengths: [109, 109, 109, 109]
[DataCollatorForCDSMaskedLM] Tokenized sequence lengths: [191, 191, 191, 191]
[DataCollatorForCDSMaskedLM] Tokenized sequence lengths: [1024, 1024, 1024, 1024]
[DataCollatorForCDSMaskedLM] Tokenized sequence lengths: [515, 515, 515, 515]
[DataCollatorForCDSMaskedLM] Tokenized sequence lengths: [116, 116, 116, 116]
[DataCollatorForCDSMaskedLM] Tokenized sequence lengths: [337, 337, 337, 337]
[DataCollatorForCDSMaskedLM] Tokenized sequence lengths: [185, 185, 185, 185]
[DataCollatorForCDSMaskedLM] Tokenized sequence lengths: [494, 494, 494, 494]
[DataCollatorForCDSMaskedLM] Tokenized sequence lengths: [1024, 1024, 1024, 1024]
[DataCollatorForCDSMaskedLM] Tokenized sequence lengths: [732, 732, 732, 732]
[DataCollatorForCDSMaskedLM] Tokenized sequence lengths: [109, 109, 109, 109]
[DataCollatorForCDSMaskedLM] Tokenized sequence lengths: [354, 354, 354, 354]
[DataCollatorForCDSMaskedLM] Tokenized sequence lengths: [224, 224, 224, 224]
[DataCollatorForCDSMaskedLM] Tokenized sequence lengths: [199, 199, 199, 199]
[DataCollatorForCDSMaskedLM] Tokenized sequence lengths: [125, 125, 125, 125]
[DataCollatorForCDSMaskedLM] Tokenized sequence lengths: [470, 470, 470, 470]
[DataCollatorForCDSMaskedLM] Tokenized sequence lengths: [293, 293, 293, 293]
[DataCollatorForCDSMaskedLM] Tokenized sequence lengths: [1024, 1024, 1024, 1024]
{'loss': 6.4385, 'learning_rate': 0.00048333333333333334, 'epoch': 0.0}
[DataCollatorForCDSMaskedLM] Tokenized sequence lengths: [67, 67, 67, 67]
[DataCollatorForCDSMaskedLM] Tokenized sequence lengths: [492, 492, 492, 492]
[DataCollatorForCDSMaskedLM] Tokenized sequence lengths: [680, 680, 680, 680]
[DataCollatorForCDSMaskedLM] Tokenized sequence lengths: [916, 916, 916, 916]
[DataCollatorForCDSMaskedLM] Tokenized sequence lengths: [210, 210, 210, 210]
[DataCollatorForCDSMaskedLM] Tokenized sequence lengths: [483, 483, 483, 483]
[DataCollatorForCDSMaskedLM] Tokenized sequence lengths: [366, 366, 366, 366]
[DataCollatorForCDSMaskedLM] Tokenized sequence lengths: [484, 484, 484, 484]
[DataCollatorForCDSMaskedLM] Tokenized sequence lengths: [308, 308, 308, 308]
[DataCollatorForCDSMaskedLM] Tokenized sequence lengths: [270, 270, 270, 270]
[DataCollatorForCDSMaskedLM] Tokenized sequence lengths: [990, 990, 990, 990]
[DataCollatorForCDSMaskedLM] Tokenized sequence lengths: [81, 81, 81, 81]
[DataCollatorForCDSMaskedLM] Tokenized sequence lengths: [589, 589, 589, 589]
[DataCollatorForCDSMaskedLM] Tokenized sequence lengths: [659, 659, 659, 659]
[DataCollatorForCDSMaskedLM] Tokenized sequence lengths: [346, 346, 346, 346]
[DataCollatorForCDSMaskedLM] Tokenized sequence lengths: [96, 96, 96, 96]
[DataCollatorForCDSMaskedLM] Tokenized sequence lengths: [76, 76, 76, 76]
[DataCollatorForCDSMaskedLM] Tokenized sequence lengths: [530, 530, 530, 530]
[DataCollatorForCDSMaskedLM] Tokenized sequence lengths: [435, 435, 435, 435]
[DataCollatorForCDSMaskedLM] Tokenized sequence lengths: [803, 803, 803, 803]
[DataCollatorForCDSMaskedLM] Tokenized sequence lengths: [DataCollatorForCDSMaskedLM] Tokenized sequence lengths:[108, 108, 108, 108] 
[291, 291, 291, 291]
[DataCollatorForCDSMaskedLM] Tokenized sequence lengths: [381, 381, 381, 381]
[DataCollatorForCDSMaskedLM] Tokenized sequence lengths: [1024, 1024, 1024, 1024]
[DataCollatorForCDSMaskedLM] Tokenized sequence lengths: [256, 256, 256, 256]
[DataCollatorForCDSMaskedLM] Tokenized sequence lengths: [526, 526, 526, 526]
[DataCollatorForCDSMaskedLM] Tokenized sequence lengths: [93, 93, 93, 93]
[DataCollatorForCDSMaskedLM] Tokenized sequence lengths: [591, 591, 591, 591]
[DataCollatorForCDSMaskedLM] Tokenized sequence lengths: [194, 194, 194, 194]
[DataCollatorForCDSMaskedLM] Tokenized sequence lengths:[DataCollatorForCDSMaskedLM] Tokenized sequence lengths:  [306, 306, 306, 306][184, 184, 184, 184]

[DataCollatorForCDSMaskedLM] Tokenized sequence lengths: [137, 137, 137, 137]
[DataCollatorForCDSMaskedLM] Tokenized sequence lengths: [128, 128, 128, 128]
[DataCollatorForCDSMaskedLM] Tokenized sequence lengths: [1024, 1024, 1024, 1024]
[DataCollatorForCDSMaskedLM] Tokenized sequence lengths: [423, 423, 423, 423]
[DataCollatorForCDSMaskedLM] Tokenized sequence lengths: [1024, 1024, 1024, 1024]
[DataCollatorForCDSMaskedLM] Tokenized sequence lengths: [379, 379, 379, 379]
[DataCollatorForCDSMaskedLM] Tokenized sequence lengths: [378, 378, 378, 378]
[DataCollatorForCDSMaskedLM] Tokenized sequence lengths: [544, 544, 544, 544]
[DataCollatorForCDSMaskedLM] Tokenized sequence lengths: [206, 206, 206, 206]
{'loss': 6.4952, 'learning_rate': 0.0004875, 'epoch': 0.0}
[DataCollatorForCDSMaskedLM] Tokenized sequence lengths: [88, 88, 88, 88]
[DataCollatorForCDSMaskedLM] Tokenized sequence lengths: [93, 93, 93, 93]
[DataCollatorForCDSMaskedLM] Tokenized sequence lengths: [321, 321, 321, 321]
[DataCollatorForCDSMaskedLM] Tokenized sequence lengths: [288, 288, 288, 288]
[DataCollatorForCDSMaskedLM] Tokenized sequence lengths: [889, 889, 889, 889]
[DataCollatorForCDSMaskedLM] Tokenized sequence lengths: [85, 85, 85, 85]
[DataCollatorForCDSMaskedLM] Tokenized sequence lengths: [105, 105, 105, 105]
[DataCollatorForCDSMaskedLM] Tokenized sequence lengths: [1024, 1024, 1024, 1024]
[DataCollatorForCDSMaskedLM] Tokenized sequence lengths: [323, 323, 323, 323]
[DataCollatorForCDSMaskedLM] Tokenized sequence lengths: [97, 97, 97, 97]
[DataCollatorForCDSMaskedLM] Tokenized sequence lengths: [135, 135, 135, 135]
[DataCollatorForCDSMaskedLM] Tokenized sequence lengths: [192, 192, 192, 192]
[DataCollatorForCDSMaskedLM] Tokenized sequence lengths: [94, 94, 94, 94]
[DataCollatorForCDSMaskedLM] Tokenized sequence lengths: [400, 400, 400, 400]
[DataCollatorForCDSMaskedLM] Tokenized sequence lengths: [124, 124, 124, 124]
[DataCollatorForCDSMaskedLM] Tokenized sequence lengths: [106, 106, 106, 106]
[DataCollatorForCDSMaskedLM] Tokenized sequence lengths: [120, 120, 120, 120]
[DataCollatorForCDSMaskedLM] Tokenized sequence lengths: [661, 661, 661, 661]
[DataCollatorForCDSMaskedLM] Tokenized sequence lengths: [722, 722, 722, 722]
[DataCollatorForCDSMaskedLM] Tokenized sequence lengths: [182, 182, 182, 182]
[DataCollatorForCDSMaskedLM] Tokenized sequence lengths: [150, 150, 150, 150]
[DataCollatorForCDSMaskedLM] Tokenized sequence lengths: [98, 98, 98, 98]
[DataCollatorForCDSMaskedLM] Tokenized sequence lengths: [361, 361, 361, 361]
[DataCollatorForCDSMaskedLM] Tokenized sequence lengths: [203, 203, 203, 203]
[DataCollatorForCDSMaskedLM] Tokenized sequence lengths: [97, 97, 97, 97]
[DataCollatorForCDSMaskedLM] Tokenized sequence lengths: [222, 222, 222, 222]
[DataCollatorForCDSMaskedLM] Tokenized sequence lengths: [1024, 1024, 1024, 1024]
[DataCollatorForCDSMaskedLM] Tokenized sequence lengths: [91, 91, 91, 91]
[DataCollatorForCDSMaskedLM] Tokenized sequence lengths: [152, 152, 152, 152]
[DataCollatorForCDSMaskedLM] Tokenized sequence lengths: [337, 337, 337, 337]
[DataCollatorForCDSMaskedLM] Tokenized sequence lengths: [141, 141, 141, 141]
[DataCollatorForCDSMaskedLM] Tokenized sequence lengths: [320, 320, 320, 320]
[DataCollatorForCDSMaskedLM] Tokenized sequence lengths: [176, 176, 176, 176]
[DataCollatorForCDSMaskedLM] Tokenized sequence lengths: [1024, 1024, 1024, 1024]
[DataCollatorForCDSMaskedLM] Tokenized sequence lengths: [1024, 1024, 1024, 1024]
[DataCollatorForCDSMaskedLM] Tokenized sequence lengths: [889, 889, 889, 889]
[DataCollatorForCDSMaskedLM] Tokenized sequence lengths: [147, 147, 147, 147]
[DataCollatorForCDSMaskedLM] Tokenized sequence lengths: [857, 857, 857, 857]
[DataCollatorForCDSMaskedLM] Tokenized sequence lengths: [1024, 1024, 1024, 1024]
[DataCollatorForCDSMaskedLM] Tokenized sequence lengths: [835, 835, 835, 835]
{'loss': 6.4745, 'learning_rate': 0.0004916666666666666, 'epoch': 0.0}
[DataCollatorForCDSMaskedLM] Tokenized sequence lengths: [93, 93, 93, 93]
[DataCollatorForCDSMaskedLM] Tokenized sequence lengths: [96, 96, 96, 96]
[DataCollatorForCDSMaskedLM] Tokenized sequence lengths: [220, 220, 220, 220]
[DataCollatorForCDSMaskedLM] Tokenized sequence lengths: [535, 535, 535, 535]
[DataCollatorForCDSMaskedLM] Tokenized sequence lengths: [75, 75, 75, 75]
[DataCollatorForCDSMaskedLM] Tokenized sequence lengths: [227, 227, 227, 227]
[DataCollatorForCDSMaskedLM] Tokenized sequence lengths: [362, 362, 362, 362]
[DataCollatorForCDSMaskedLM] Tokenized sequence lengths: [76, 76, 76, 76]
[DataCollatorForCDSMaskedLM] Tokenized sequence lengths: [187, 187, 187, 187]
[DataCollatorForCDSMaskedLM] Tokenized sequence lengths: [143, 143, 143, 143]
[DataCollatorForCDSMaskedLM] Tokenized sequence lengths: [837, 837, 837, 837]
[DataCollatorForCDSMaskedLM] Tokenized sequence lengths: [1024, 1024, 1024, 1024]
[DataCollatorForCDSMaskedLM] Tokenized sequence lengths: [99, 99, 99, 99]
[DataCollatorForCDSMaskedLM] Tokenized sequence lengths: [1024, 1024, 1024, 1024]
[DataCollatorForCDSMaskedLM] Tokenized sequence lengths: [363, 363, 363, 363]
[DataCollatorForCDSMaskedLM] Tokenized sequence lengths: [346, 346, 346, 346]
[DataCollatorForCDSMaskedLM] Tokenized sequence lengths: [106, 106, 106, 106]
[DataCollatorForCDSMaskedLM] Tokenized sequence lengths: [1024, 1024, 1024, 1024]
[DataCollatorForCDSMaskedLM] Tokenized sequence lengths: [603, 603, 603, 603]
[DataCollatorForCDSMaskedLM] Tokenized sequence lengths: [1024, 1024, 1024, 1024]
[DataCollatorForCDSMaskedLM] Tokenized sequence lengths: [94, 94, 94, 94]
[DataCollatorForCDSMaskedLM] Tokenized sequence lengths: [83, 83, 83, 83]
[DataCollatorForCDSMaskedLM] Tokenized sequence lengths: [1024, 1024, 1024, 1024]
[DataCollatorForCDSMaskedLM] Tokenized sequence lengths: [324, 324, 324, 324]
[DataCollatorForCDSMaskedLM] Tokenized sequence lengths: [301, 301, 301, 301]
[DataCollatorForCDSMaskedLM] Tokenized sequence lengths: [352, 352, 352, 352]
[DataCollatorForCDSMaskedLM] Tokenized sequence lengths: [132, 132, 132, 132]
[DataCollatorForCDSMaskedLM] Tokenized sequence lengths: [436, 436, 436, 436]
[DataCollatorForCDSMaskedLM] Tokenized sequence lengths: [198, 198, 198, 198]
[DataCollatorForCDSMaskedLM] Tokenized sequence lengths: [297, 297, 297, 297]
[DataCollatorForCDSMaskedLM] Tokenized sequence lengths: [1024, 1024, 1024, 1024]
[DataCollatorForCDSMaskedLM] Tokenized sequence lengths: [125, 125, 125, 125]
[DataCollatorForCDSMaskedLM] Tokenized sequence lengths: [161, 161, 161, 161]
[DataCollatorForCDSMaskedLM] Tokenized sequence lengths: [898, 898, 898, 898]
[DataCollatorForCDSMaskedLM] Tokenized sequence lengths: [263, 263, 263, 263]
[DataCollatorForCDSMaskedLM] Tokenized sequence lengths: [424, 424, 424, 424]
[DataCollatorForCDSMaskedLM] Tokenized sequence lengths: [88, 88, 88, 88]
[DataCollatorForCDSMaskedLM] Tokenized sequence lengths: [156, 156, 156, 156]
[DataCollatorForCDSMaskedLM] Tokenized sequence lengths: [570, 570, 570, 570]
[DataCollatorForCDSMaskedLM] Tokenized sequence lengths: [101, 101, 101, 101]
{'loss': 6.5918, 'learning_rate': 0.0004958333333333334, 'epoch': 0.0}
[DataCollatorForCDSMaskedLM] Tokenized sequence lengths: [156, 156, 156, 156]
[DataCollatorForCDSMaskedLM] Tokenized sequence lengths: [463, 463, 463, 463]
[DataCollatorForCDSMaskedLM] Tokenized sequence lengths: [378, 378, 378, 378]
[DataCollatorForCDSMaskedLM] Tokenized sequence lengths: [1024, 1024, 1024, 1024]
[DataCollatorForCDSMaskedLM] Tokenized sequence lengths: [246, 246, 246, 246]
[DataCollatorForCDSMaskedLM] Tokenized sequence lengths: [325, 325, 325, 325]
[DataCollatorForCDSMaskedLM] Tokenized sequence lengths: [466, 466, 466, 466]
[DataCollatorForCDSMaskedLM] Tokenized sequence lengths: [1024, 1024, 1024, 1024]
[DataCollatorForCDSMaskedLM] Tokenized sequence lengths: [609, 609, 609, 609]
[DataCollatorForCDSMaskedLM] Tokenized sequence lengths: [240, 240, 240, 240]
[DataCollatorForCDSMaskedLM] Tokenized sequence lengths: [1024, 1024, 1024, 1024]
[DataCollatorForCDSMaskedLM] Tokenized sequence lengths: [94, 94, 94, 94]
[DataCollatorForCDSMaskedLM] Tokenized sequence lengths: [330, 330, 330, 330]
[DataCollatorForCDSMaskedLM] Tokenized sequence lengths: [875, 875, 875, 875]
[DataCollatorForCDSMaskedLM] Tokenized sequence lengths: [304, 304, 304, 304]
[DataCollatorForCDSMaskedLM] Tokenized sequence lengths: [1024, 1024, 1024, 1024]
[DataCollatorForCDSMaskedLM] Tokenized sequence lengths: [159, 159, 159, 159]
[DataCollatorForCDSMaskedLM] Tokenized sequence lengths: [175, 175, 175, 175]
[DataCollatorForCDSMaskedLM] Tokenized sequence lengths: [677, 677, 677, 677]
[DataCollatorForCDSMaskedLM] Tokenized sequence lengths: [379, 379, 379, 379]
[DataCollatorForCDSMaskedLM] Tokenized sequence lengths: [506, 506, 506, 506]
[DataCollatorForCDSMaskedLM] Tokenized sequence lengths: [DataCollatorForCDSMaskedLM] Tokenized sequence lengths:[264, 264, 264, 264] 
[503, 503, 503, 503]
[DataCollatorForCDSMaskedLM] Tokenized sequence lengths: [131, 131, 131, 131]
[DataCollatorForCDSMaskedLM] Tokenized sequence lengths: [607, 607, 607, 607]
[DataCollatorForCDSMaskedLM] Tokenized sequence lengths: [415, 415, 415, 415]
[DataCollatorForCDSMaskedLM] Tokenized sequence lengths: [409, 409, 409, 409]
[DataCollatorForCDSMaskedLM] Tokenized sequence lengths: [619, 619, 619, 619]
[DataCollatorForCDSMaskedLM] Tokenized sequence lengths: [124, 124, 124, 124]
[DataCollatorForCDSMaskedLM] Tokenized sequence lengths: [274, 274, 274, 274]
[DataCollatorForCDSMaskedLM] Tokenized sequence lengths: [184, 184, 184, 184]
[DataCollatorForCDSMaskedLM] Tokenized sequence lengths: [486, 486, 486, 486]
[DataCollatorForCDSMaskedLM] Tokenized sequence lengths: [112, 112, 112, 112]
[DataCollatorForCDSMaskedLM] Tokenized sequence lengths: [87, 87, 87, 87]
[DataCollatorForCDSMaskedLM] Tokenized sequence lengths: [189, 189, 189, 189]
[DataCollatorForCDSMaskedLM] Tokenized sequence lengths: [290, 290, 290, 290]
[DataCollatorForCDSMaskedLM] Tokenized sequence lengths: [74, 74, 74, 74]
[DataCollatorForCDSMaskedLM] Tokenized sequence lengths: [1024, 1024, 1024, 1024]
[DataCollatorForCDSMaskedLM] Tokenized sequence lengths: [865, 865, 865, 865]
[DataCollatorForCDSMaskedLM] Tokenized sequence lengths: [710, 710, 710, 710]
{'loss': 6.618, 'learning_rate': 0.0005, 'epoch': 0.0}
[DataCollatorForCDSMaskedLM] Tokenized sequence lengths: [87, 87, 87, 87]
[DataCollatorForCDSMaskedLM] Tokenized sequence lengths: [144, 144, 144, 144]
[DataCollatorForCDSMaskedLM] Tokenized sequence lengths: [151, 151, 151, 151]
[DataCollatorForCDSMaskedLM] Tokenized sequence lengths: [1024, 1024, 1024, 1024]
[DataCollatorForCDSMaskedLM] Tokenized sequence lengths: [101, 101, 101, 101]
[DataCollatorForCDSMaskedLM] Tokenized sequence lengths: [263, 263, 263, 263]
[DataCollatorForCDSMaskedLM] Tokenized sequence lengths: [1024, 1024, 1024, 1024]
[DataCollatorForCDSMaskedLM] Tokenized sequence lengths: [137, 137, 137, 137]
[DataCollatorForCDSMaskedLM] Tokenized sequence lengths: [226, 226, 226, 226]
[DataCollatorForCDSMaskedLM] Tokenized sequence lengths: [232, 232, 232, 232]
[DataCollatorForCDSMaskedLM] Tokenized sequence lengths: [433, 433, 433, 433]
[DataCollatorForCDSMaskedLM] Tokenized sequence lengths: [1024, 1024, 1024, 1024]
[DataCollatorForCDSMaskedLM] Tokenized sequence lengths: [191, 191, 191, 191]
[DataCollatorForCDSMaskedLM] Tokenized sequence lengths: [296, 296, 296, 296]
[DataCollatorForCDSMaskedLM] Tokenized sequence lengths: [896, 896, 896, 896]
[DataCollatorForCDSMaskedLM] Tokenized sequence lengths: [1005, 1005, 1005, 1005]
[DataCollatorForCDSMaskedLM] Tokenized sequence lengths: [271, 271, 271, 271]
[DataCollatorForCDSMaskedLM] Tokenized sequence lengths: [175, 175, 175, 175]
[DataCollatorForCDSMaskedLM] Tokenized sequence lengths: [171, 171, 171, 171]
[DataCollatorForCDSMaskedLM] Tokenized sequence lengths: [1024, 1024, 1024, 1024]
[DataCollatorForCDSMaskedLM] Tokenized sequence lengths: [160, 160, 160, 160]
[DataCollatorForCDSMaskedLM] Tokenized sequence lengths: [617, 617, 617, 617]
[DataCollatorForCDSMaskedLM] Tokenized sequence lengths: [98, 98, 98, 98]
[DataCollatorForCDSMaskedLM] Tokenized sequence lengths: [332, 332, 332, 332]
[DataCollatorForCDSMaskedLM] Tokenized sequence lengths: [331, 331, 331, 331]
[DataCollatorForCDSMaskedLM] Tokenized sequence lengths: [467, 467, 467, 467]
[DataCollatorForCDSMaskedLM] Tokenized sequence lengths: [1024, 1024, 1024, 1024]
[DataCollatorForCDSMaskedLM] Tokenized sequence lengths: [211, 211, 211, 211]
[DataCollatorForCDSMaskedLM] Tokenized sequence lengths: [119, 119, 119, 119]
[DataCollatorForCDSMaskedLM] Tokenized sequence lengths: [360, 360, 360, 360]
[DataCollatorForCDSMaskedLM] Tokenized sequence lengths: [283, 283, 283, 283]
[DataCollatorForCDSMaskedLM] Tokenized sequence lengths: [211, 211, 211, 211]
[DataCollatorForCDSMaskedLM] Tokenized sequence lengths: [207, 207, 207, 207]
[DataCollatorForCDSMaskedLM] Tokenized sequence lengths: [296, 296, 296, 296]
[DataCollatorForCDSMaskedLM] Tokenized sequence lengths: [803, 803, 803, 803]
[DataCollatorForCDSMaskedLM] Tokenized sequence lengths: [161, 161, 161, 161]
[DataCollatorForCDSMaskedLM] Tokenized sequence lengths: [275, 275, 275, 275]
[DataCollatorForCDSMaskedLM] Tokenized sequence lengths: [67, 67, 67, 67]
[DataCollatorForCDSMaskedLM] Tokenized sequence lengths: [260, 260, 260, 260]
[DataCollatorForCDSMaskedLM] Tokenized sequence lengths: [74, 74, 74, 74]
{'loss': 6.4563, 'learning_rate': 0.0004998711340206185, 'epoch': 0.0}
[DataCollatorForCDSMaskedLM] Tokenized sequence lengths: [288, 288, 288, 288]
[DataCollatorForCDSMaskedLM] Tokenized sequence lengths: [1024, 1024, 1024, 1024]
[DataCollatorForCDSMaskedLM] Tokenized sequence lengths: [924, 924, 924, 924]
[DataCollatorForCDSMaskedLM] Tokenized sequence lengths: [1024, 1024, 1024, 1024]
[DataCollatorForCDSMaskedLM] Tokenized sequence lengths: [669, 669, 669, 669]
[DataCollatorForCDSMaskedLM] Tokenized sequence lengths: [529, 529, 529, 529]
[DataCollatorForCDSMaskedLM] Tokenized sequence lengths: [199, 199, 199, 199]
[DataCollatorForCDSMaskedLM] Tokenized sequence lengths: [1024, 1024, 1024, 1024]
[DataCollatorForCDSMaskedLM] Tokenized sequence lengths: [142, 142, 142, 142]
[DataCollatorForCDSMaskedLM] Tokenized sequence lengths: [767, 767, 767, 767]
[DataCollatorForCDSMaskedLM] Tokenized sequence lengths: [120, 120, 120, 120]
[DataCollatorForCDSMaskedLM] Tokenized sequence lengths: [1024, 1024, 1024, 1024]
[DataCollatorForCDSMaskedLM] Tokenized sequence lengths: [107, 107, 107, 107]
[DataCollatorForCDSMaskedLM] Tokenized sequence lengths: [610, 610, 610, 610]
[DataCollatorForCDSMaskedLM] Tokenized sequence lengths: [585, 585, 585, 585]
[DataCollatorForCDSMaskedLM] Tokenized sequence lengths: [886, 886, 886, 886]
[DataCollatorForCDSMaskedLM] Tokenized sequence lengths: [175, 175, 175, 175]
[DataCollatorForCDSMaskedLM] Tokenized sequence lengths: [254, 254, 254, 254]
[DataCollatorForCDSMaskedLM] Tokenized sequence lengths: [127, 127, 127, 127]
[DataCollatorForCDSMaskedLM] Tokenized sequence lengths: [554, 554, 554, 554]
[DataCollatorForCDSMaskedLM] Tokenized sequence lengths: [215, 215, 215, 215]
[DataCollatorForCDSMaskedLM] Tokenized sequence lengths: [214, 214, 214, 214]
[DataCollatorForCDSMaskedLM] Tokenized sequence lengths: [1024, 1024, 1024, 1024]
[DataCollatorForCDSMaskedLM] Tokenized sequence lengths: [616, 616, 616, 616]
[DataCollatorForCDSMaskedLM] Tokenized sequence lengths: [100, 100, 100, 100]
[DataCollatorForCDSMaskedLM] Tokenized sequence lengths: [448, 448, 448, 448]
[DataCollatorForCDSMaskedLM] Tokenized sequence lengths: [483, 483, 483, 483]
[DataCollatorForCDSMaskedLM] Tokenized sequence lengths: [1024, 1024, 1024, 1024]
[DataCollatorForCDSMaskedLM] Tokenized sequence lengths: [502, 502, 502, 502]
[DataCollatorForCDSMaskedLM] Tokenized sequence lengths: [422, 422, 422, 422]
[DataCollatorForCDSMaskedLM] Tokenized sequence lengths: [86, 86, 86, 86]
[DataCollatorForCDSMaskedLM] Tokenized sequence lengths: [1024, 1024, 1024, 1024]
[DataCollatorForCDSMaskedLM] Tokenized sequence lengths: [279, 279, 279, 279]
[DataCollatorForCDSMaskedLM] Tokenized sequence lengths: [397, 397, 397, 397]
[DataCollatorForCDSMaskedLM] Tokenized sequence lengths: [697, 697, 697, 697]
[DataCollatorForCDSMaskedLM] Tokenized sequence lengths: [664, 664, 664, 664]
[DataCollatorForCDSMaskedLM] Tokenized sequence lengths: [108, 108, 108, 108]
[DataCollatorForCDSMaskedLM] Tokenized sequence lengths: [154, 154, 154, 154]
[DataCollatorForCDSMaskedLM] Tokenized sequence lengths: [447, 447, 447, 447]
[DataCollatorForCDSMaskedLM] Tokenized sequence lengths: [247, 247, 247, 247]
{'loss': 6.6091, 'learning_rate': 0.0004997422680412372, 'epoch': 0.0}
[DataCollatorForCDSMaskedLM] Tokenized sequence lengths: [288, 288, 288, 288]
[DataCollatorForCDSMaskedLM] Tokenized sequence lengths: [322, 322, 322, 322]
[DataCollatorForCDSMaskedLM] Tokenized sequence lengths: [718, 718, 718, 718]
[DataCollatorForCDSMaskedLM] Tokenized sequence lengths: [1024, 1024, 1024, 1024]
[DataCollatorForCDSMaskedLM] Tokenized sequence lengths: [263, 263, 263, 263]
[DataCollatorForCDSMaskedLM] Tokenized sequence lengths: [110, 110, 110, 110]
[DataCollatorForCDSMaskedLM] Tokenized sequence lengths: [544, 544, 544, 544]
[DataCollatorForCDSMaskedLM] Tokenized sequence lengths: [681, 681, 681, 681]
[DataCollatorForCDSMaskedLM] Tokenized sequence lengths: [388, 388, 388, 388]
[DataCollatorForCDSMaskedLM] Tokenized sequence lengths: [145, 145, 145, 145]
[DataCollatorForCDSMaskedLM] Tokenized sequence lengths: [124, 124, 124, 124]
[DataCollatorForCDSMaskedLM] Tokenized sequence lengths: [258, 258, 258, 258]
[DataCollatorForCDSMaskedLM] Tokenized sequence lengths: [732, 732, 732, 732]
[DataCollatorForCDSMaskedLM] Tokenized sequence lengths: [1024, 1024, 1024, 1024]
[DataCollatorForCDSMaskedLM] Tokenized sequence lengths: [324, 324, 324, 324]
[DataCollatorForCDSMaskedLM] Tokenized sequence lengths: [983, 983, 983, 983]
[DataCollatorForCDSMaskedLM] Tokenized sequence lengths: [271, 271, 271, 271]
[DataCollatorForCDSMaskedLM] Tokenized sequence lengths: [412, 412, 412, 412]
[DataCollatorForCDSMaskedLM] Tokenized sequence lengths: [581, 581, 581, 581]
[DataCollatorForCDSMaskedLM] Tokenized sequence lengths: [438, 438, 438, 438]
[DataCollatorForCDSMaskedLM] Tokenized sequence lengths: [134, 134, 134, 134]
[DataCollatorForCDSMaskedLM] Tokenized sequence lengths: [671, 671, 671, 671]
[DataCollatorForCDSMaskedLM] Tokenized sequence lengths: [563, 563, 563, 563]
[DataCollatorForCDSMaskedLM] Tokenized sequence lengths: [191, 191, 191, 191]
[DataCollatorForCDSMaskedLM] Tokenized sequence lengths: [300, 300, 300, 300]
[DataCollatorForCDSMaskedLM] Tokenized sequence lengths: [1024, 1024, 1024, 1024]
[DataCollatorForCDSMaskedLM] Tokenized sequence lengths: [682, 682, 682, 682]
[DataCollatorForCDSMaskedLM] Tokenized sequence lengths: [426, 426, 426, 426]
[DataCollatorForCDSMaskedLM] Tokenized sequence lengths: [128, 128, 128, 128]
[DataCollatorForCDSMaskedLM] Tokenized sequence lengths: [570, 570, 570, 570]
[DataCollatorForCDSMaskedLM] Tokenized sequence lengths: [1024, 1024, 1024, 1024]
[DataCollatorForCDSMaskedLM] Tokenized sequence lengths: [849, 849, 849, 849]
[DataCollatorForCDSMaskedLM] Tokenized sequence lengths: [497, 497, 497, 497]
[DataCollatorForCDSMaskedLM] Tokenized sequence lengths: [634, 634, 634, 634]
[DataCollatorForCDSMaskedLM] Tokenized sequence lengths: [652, 652, 652, 652]
[DataCollatorForCDSMaskedLM] Tokenized sequence lengths: [1024, 1024, 1024, 1024]
[DataCollatorForCDSMaskedLM] Tokenized sequence lengths: [1024, 1024, 1024, 1024]
[DataCollatorForCDSMaskedLM] Tokenized sequence lengths: [376, 376, 376, 376]
[DataCollatorForCDSMaskedLM] Tokenized sequence lengths: [707, 707, 707, 707]
[DataCollatorForCDSMaskedLM] Tokenized sequence lengths: [138, 138, 138, 138]
{'loss': 6.5599, 'learning_rate': 0.0004996134020618557, 'epoch': 0.0}
[DataCollatorForCDSMaskedLM] Tokenized sequence lengths: [116, 116, 116, 116]
[DataCollatorForCDSMaskedLM] Tokenized sequence lengths: [194, 194, 194, 194]
[DataCollatorForCDSMaskedLM] Tokenized sequence lengths: [761, 761, 761, 761]
[DataCollatorForCDSMaskedLM] Tokenized sequence lengths: [1024, 1024, 1024, 1024]
[DataCollatorForCDSMaskedLM] Tokenized sequence lengths: [155, 155, 155, 155]
[DataCollatorForCDSMaskedLM] Tokenized sequence lengths: [109, 109, 109, 109]
[DataCollatorForCDSMaskedLM] Tokenized sequence lengths: [62, 62, 62, 62]
[DataCollatorForCDSMaskedLM] Tokenized sequence lengths: [300, 300, 300, 300]
[DataCollatorForCDSMaskedLM] Tokenized sequence lengths: [366, 366, 366, 366]
[DataCollatorForCDSMaskedLM] Tokenized sequence lengths: [323, 323, 323, 323]
[DataCollatorForCDSMaskedLM] Tokenized sequence lengths: [134, 134, 134, 134]
[DataCollatorForCDSMaskedLM] Tokenized sequence lengths: [173, 173, 173, 173]
[DataCollatorForCDSMaskedLM] Tokenized sequence lengths: [100, 100, 100, 100]
[DataCollatorForCDSMaskedLM] Tokenized sequence lengths: [339, 339, 339, 339]
[DataCollatorForCDSMaskedLM] Tokenized sequence lengths: [439, 439, 439, 439]
[DataCollatorForCDSMaskedLM] Tokenized sequence lengths: [300, 300, 300, 300]
[DataCollatorForCDSMaskedLM] Tokenized sequence lengths: [188, 188, 188, 188]
[DataCollatorForCDSMaskedLM] Tokenized sequence lengths: [266, 266, 266, 266]
[DataCollatorForCDSMaskedLM] Tokenized sequence lengths: [402, 402, 402, 402]
[DataCollatorForCDSMaskedLM] Tokenized sequence lengths: [281, 281, 281, 281]
[DataCollatorForCDSMaskedLM] Tokenized sequence lengths: [137, 137, 137, 137]
[DataCollatorForCDSMaskedLM] Tokenized sequence lengths: [429, 429, 429, 429]
[DataCollatorForCDSMaskedLM] Tokenized sequence lengths: [219, 219, 219, 219]
[DataCollatorForCDSMaskedLM] Tokenized sequence lengths: [1024, 1024, 1024, 1024]
[DataCollatorForCDSMaskedLM] Tokenized sequence lengths: [99, 99, 99, 99]
[DataCollatorForCDSMaskedLM] Tokenized sequence lengths: [237, 237, 237, 237]
[DataCollatorForCDSMaskedLM] Tokenized sequence lengths: [212, 212, 212, 212]
[DataCollatorForCDSMaskedLM] Tokenized sequence lengths: [679, 679, 679, 679]
[DataCollatorForCDSMaskedLM] Tokenized sequence lengths: [109, 109, 109, 109]
[DataCollatorForCDSMaskedLM] Tokenized sequence lengths: [498, 498, 498, 498]
[DataCollatorForCDSMaskedLM] Tokenized sequence lengths: [1024, 1024, 1024, 1024]
[DataCollatorForCDSMaskedLM] Tokenized sequence lengths: [405, 405, 405, 405]
[DataCollatorForCDSMaskedLM] Tokenized sequence lengths: [209, 209, 209, 209]
[DataCollatorForCDSMaskedLM] Tokenized sequence lengths: [321, 321, 321, 321]
[DataCollatorForCDSMaskedLM] Tokenized sequence lengths: [479, 479, 479, 479]
[DataCollatorForCDSMaskedLM] Tokenized sequence lengths: [787, 787, 787, 787]
[DataCollatorForCDSMaskedLM] Tokenized sequence lengths: [1024, 1024, 1024, 1024]
[DataCollatorForCDSMaskedLM] Tokenized sequence lengths: [149, 149, 149, 149]
[DataCollatorForCDSMaskedLM] Tokenized sequence lengths: [441, 441, 441, 441]
[DataCollatorForCDSMaskedLM] Tokenized sequence lengths: [277, 277, 277, 277]
{'loss': 6.6875, 'learning_rate': 0.0004994845360824742, 'epoch': 0.0}
[DataCollatorForCDSMaskedLM] Tokenized sequence lengths: [301, 301, 301, 301]
[DataCollatorForCDSMaskedLM] Tokenized sequence lengths: [337, 337, 337, 337]
[DataCollatorForCDSMaskedLM] Tokenized sequence lengths: [330, 330, 330, 330]
[DataCollatorForCDSMaskedLM] Tokenized sequence lengths: [456, 456, 456, 456]
[DataCollatorForCDSMaskedLM] Tokenized sequence lengths: [98, 98, 98, 98]
[DataCollatorForCDSMaskedLM] Tokenized sequence lengths: [325, 325, 325, 325]
[DataCollatorForCDSMaskedLM] Tokenized sequence lengths: [1024, 1024, 1024, 1024]
[DataCollatorForCDSMaskedLM] Tokenized sequence lengths: [306, 306, 306, 306]
[DataCollatorForCDSMaskedLM] Tokenized sequence lengths: [587, 587, 587, 587]
[DataCollatorForCDSMaskedLM] Tokenized sequence lengths: [86, 86, 86, 86]
[DataCollatorForCDSMaskedLM] Tokenized sequence lengths: [668, 668, 668, 668]
[DataCollatorForCDSMaskedLM] Tokenized sequence lengths: [1024, 1024, 1024, 1024]
[DataCollatorForCDSMaskedLM] Tokenized sequence lengths: [365, 365, 365, 365]
[DataCollatorForCDSMaskedLM] Tokenized sequence lengths: [444, 444, 444, 444]
[DataCollatorForCDSMaskedLM] Tokenized sequence lengths: [70, 70, 70, 70]
[DataCollatorForCDSMaskedLM] Tokenized sequence lengths: [415, 415, 415, 415]
[DataCollatorForCDSMaskedLM] Tokenized sequence lengths: [86, 86, 86, 86]
[DataCollatorForCDSMaskedLM] Tokenized sequence lengths: [363, 363, 363, 363]
[DataCollatorForCDSMaskedLM] Tokenized sequence lengths: [126, 126, 126, 126]
[DataCollatorForCDSMaskedLM] Tokenized sequence lengths: [671, 671, 671, 671]
[DataCollatorForCDSMaskedLM] Tokenized sequence lengths: [93, 93, 93, 93]
[DataCollatorForCDSMaskedLM] Tokenized sequence lengths: [408, 408, 408, 408]
[DataCollatorForCDSMaskedLM] Tokenized sequence lengths: [1024, 1024, 1024, 1024]
[DataCollatorForCDSMaskedLM] Tokenized sequence lengths: [383, 383, 383, 383]
[DataCollatorForCDSMaskedLM] Tokenized sequence lengths: [871, 871, 871, 871]
[DataCollatorForCDSMaskedLM] Tokenized sequence lengths: [859, 859, 859, 859]
[DataCollatorForCDSMaskedLM] Tokenized sequence lengths: [335, 335, 335, 335]
[DataCollatorForCDSMaskedLM] Tokenized sequence lengths: [1024, 1024, 1024, 1024]
[DataCollatorForCDSMaskedLM] Tokenized sequence lengths: [142, 142, 142, 142]
[DataCollatorForCDSMaskedLM] Tokenized sequence lengths: [236, 236, 236, 236]
[DataCollatorForCDSMaskedLM] Tokenized sequence lengths: [141, 141, 141, 141]
[DataCollatorForCDSMaskedLM] Tokenized sequence lengths: [202, 202, 202, 202]
[DataCollatorForCDSMaskedLM] Tokenized sequence lengths: [133, 133, 133, 133]
[DataCollatorForCDSMaskedLM] Tokenized sequence lengths: [830, 830, 830, 830]
[DataCollatorForCDSMaskedLM] Tokenized sequence lengths: [1024, 1024, 1024, 1024]
[DataCollatorForCDSMaskedLM] Tokenized sequence lengths: [914, 914, 914, 914]
[DataCollatorForCDSMaskedLM] Tokenized sequence lengths: [141, 141, 141, 141]
[DataCollatorForCDSMaskedLM] Tokenized sequence lengths: [132, 132, 132, 132]
[DataCollatorForCDSMaskedLM] Tokenized sequence lengths: [724, 724, 724, 724]
[DataCollatorForCDSMaskedLM] Tokenized sequence lengths: [621, 621, 621, 621]
{'loss': 6.692, 'learning_rate': 0.0004993556701030927, 'epoch': 0.0}
[DataCollatorForCDSMaskedLM] Tokenized sequence lengths: [84, 84, 84, 84]
[DataCollatorForCDSMaskedLM] Tokenized sequence lengths: [324, 324, 324, 324]
[DataCollatorForCDSMaskedLM] Tokenized sequence lengths: [1024, 1024, 1024, 1024]
[DataCollatorForCDSMaskedLM] Tokenized sequence lengths: [1024, 1024, 1024, 1024]
[DataCollatorForCDSMaskedLM] Tokenized sequence lengths: [107, 107, 107, 107]
[DataCollatorForCDSMaskedLM] Tokenized sequence lengths: [286, 286, 286, 286]
[DataCollatorForCDSMaskedLM] Tokenized sequence lengths: [231, 231, 231, 231]
[DataCollatorForCDSMaskedLM] Tokenized sequence lengths: [1024, 1024, 1024, 1024]
[DataCollatorForCDSMaskedLM] Tokenized sequence lengths: [80, 80, 80, 80]
[DataCollatorForCDSMaskedLM] Tokenized sequence lengths: [175, 175, 175, 175]
[DataCollatorForCDSMaskedLM] Tokenized sequence lengths: [1024, 1024, 1024, 1024]
[DataCollatorForCDSMaskedLM] Tokenized sequence lengths: [1024, 1024, 1024, 1024]
[DataCollatorForCDSMaskedLM] Tokenized sequence lengths: [286, 286, 286, 286]
[DataCollatorForCDSMaskedLM] Tokenized sequence lengths: [511, 511, 511, 511]
[DataCollatorForCDSMaskedLM] Tokenized sequence lengths: [104, 104, 104, 104]
[DataCollatorForCDSMaskedLM] Tokenized sequence lengths: [266, 266, 266, 266]
[DataCollatorForCDSMaskedLM] Tokenized sequence lengths: [110, 110, 110, 110]
[DataCollatorForCDSMaskedLM] Tokenized sequence lengths: [430, 430, 430, 430]
[DataCollatorForCDSMaskedLM] Tokenized sequence lengths: [1024, 1024, 1024, 1024]
[DataCollatorForCDSMaskedLM] Tokenized sequence lengths: [316, 316, 316, 316]
[DataCollatorForCDSMaskedLM] Tokenized sequence lengths: [198, 198, 198, 198]
[DataCollatorForCDSMaskedLM] Tokenized sequence lengths: [339, 339, 339, 339]
[DataCollatorForCDSMaskedLM] Tokenized sequence lengths: [1024, 1024, 1024, 1024]
[DataCollatorForCDSMaskedLM] Tokenized sequence lengths: [609, 609, 609, 609]
[DataCollatorForCDSMaskedLM] Tokenized sequence lengths: [196, 196, 196, 196]
[DataCollatorForCDSMaskedLM] Tokenized sequence lengths: [624, 624, 624, 624]
[DataCollatorForCDSMaskedLM] Tokenized sequence lengths: [734, 734, 734, 734]
[DataCollatorForCDSMaskedLM] Tokenized sequence lengths: [235, 235, 235, 235]
[DataCollatorForCDSMaskedLM] Tokenized sequence lengths: [149, 149, 149, 149]
[DataCollatorForCDSMaskedLM] Tokenized sequence lengths: [304, 304, 304, 304]
[DataCollatorForCDSMaskedLM] Tokenized sequence lengths: [455, 455, 455, 455]
[DataCollatorForCDSMaskedLM] Tokenized sequence lengths: [333, 333, 333, 333]
[DataCollatorForCDSMaskedLM] Tokenized sequence lengths: [106, 106, 106, 106]
[DataCollatorForCDSMaskedLM] Tokenized sequence lengths: [296, 296, 296, 296]
[DataCollatorForCDSMaskedLM] Tokenized sequence lengths: [841, 841, 841, 841]
[DataCollatorForCDSMaskedLM] Tokenized sequence lengths: [98, 98, 98, 98]
[DataCollatorForCDSMaskedLM] Tokenized sequence lengths: [696, 696, 696, 696]
[DataCollatorForCDSMaskedLM] Tokenized sequence lengths: [871, 871, 871, 871]
[DataCollatorForCDSMaskedLM] Tokenized sequence lengths: [1024, 1024, 1024, 1024]
[DataCollatorForCDSMaskedLM] Tokenized sequence lengths: [170, 170, 170, 170]
{'loss': 6.6552, 'learning_rate': 0.0004992268041237114, 'epoch': 0.0}
[DataCollatorForCDSMaskedLM] Tokenized sequence lengths: [756, 756, 756, 756]
[DataCollatorForCDSMaskedLM] Tokenized sequence lengths: [394, 394, 394, 394]
[DataCollatorForCDSMaskedLM] Tokenized sequence lengths: [873, 873, 873, 873]
[DataCollatorForCDSMaskedLM] Tokenized sequence lengths: [846, 846, 846, 846]
[DataCollatorForCDSMaskedLM] Tokenized sequence lengths: [84, 84, 84, 84]
[DataCollatorForCDSMaskedLM] Tokenized sequence lengths: [440, 440, 440, 440]
[DataCollatorForCDSMaskedLM] Tokenized sequence lengths: [629, 629, 629, 629]
[DataCollatorForCDSMaskedLM] Tokenized sequence lengths: [473, 473, 473, 473]
[DataCollatorForCDSMaskedLM] Tokenized sequence lengths: [98, 98, 98, 98]
[DataCollatorForCDSMaskedLM] Tokenized sequence lengths: [282, 282, 282, 282]
[DataCollatorForCDSMaskedLM] Tokenized sequence lengths: [431, 431, 431, 431]
[DataCollatorForCDSMaskedLM] Tokenized sequence lengths: [155, 155, 155, 155]
[DataCollatorForCDSMaskedLM] Tokenized sequence lengths: [270, 270, 270, 270]
[DataCollatorForCDSMaskedLM] Tokenized sequence lengths: [1024, 1024, 1024, 1024]
[DataCollatorForCDSMaskedLM] Tokenized sequence lengths: [300, 300, 300, 300]
[DataCollatorForCDSMaskedLM] Tokenized sequence lengths: [1024, 1024, 1024, 1024]
[DataCollatorForCDSMaskedLM] Tokenized sequence lengths: [344, 344, 344, 344]
[DataCollatorForCDSMaskedLM] Tokenized sequence lengths: [262, 262, 262, 262]
[DataCollatorForCDSMaskedLM] Tokenized sequence lengths: [112, 112, 112, 112]
[DataCollatorForCDSMaskedLM] Tokenized sequence lengths: [106, 106, 106, 106]
[DataCollatorForCDSMaskedLM] Tokenized sequence lengths: [68, 68, 68, 68]
[DataCollatorForCDSMaskedLM] Tokenized sequence lengths: [149, 149, 149, 149]
[DataCollatorForCDSMaskedLM] Tokenized sequence lengths: [1024, 1024, 1024, 1024]
[DataCollatorForCDSMaskedLM] Tokenized sequence lengths: [326, 326, 326, 326]
[DataCollatorForCDSMaskedLM] Tokenized sequence lengths: [123, 123, 123, 123]
[DataCollatorForCDSMaskedLM] Tokenized sequence lengths: [539, 539, 539, 539]
[DataCollatorForCDSMaskedLM] Tokenized sequence lengths: [399, 399, 399, 399]
[DataCollatorForCDSMaskedLM] Tokenized sequence lengths: [674, 674, 674, 674]
[DataCollatorForCDSMaskedLM] Tokenized sequence lengths: [114, 114, 114, 114]
[DataCollatorForCDSMaskedLM] Tokenized sequence lengths: [132, 132, 132, 132]
[DataCollatorForCDSMaskedLM] Tokenized sequence lengths: [1024, 1024, 1024, 1024]
[DataCollatorForCDSMaskedLM] Tokenized sequence lengths: [243, 243, 243, 243]
[DataCollatorForCDSMaskedLM] Tokenized sequence lengths: [183, 183, 183, 183]
[DataCollatorForCDSMaskedLM] Tokenized sequence lengths: [115, 115, 115, 115]
[DataCollatorForCDSMaskedLM] Tokenized sequence lengths: [182, 182, 182, 182]
[DataCollatorForCDSMaskedLM] Tokenized sequence lengths: [405, 405, 405, 405]
[DataCollatorForCDSMaskedLM] Tokenized sequence lengths: [488, 488, 488, 488]
[DataCollatorForCDSMaskedLM] Tokenized sequence lengths: [534, 534, 534, 534]
[DataCollatorForCDSMaskedLM] Tokenized sequence lengths: [105, 105, 105, 105]
[DataCollatorForCDSMaskedLM] Tokenized sequence lengths: [332, 332, 332, 332]
{'loss': 6.6309, 'learning_rate': 0.0004990979381443299, 'epoch': 0.0}
[DataCollatorForCDSMaskedLM] Tokenized sequence lengths: [101, 101, 101, 101]
[DataCollatorForCDSMaskedLM] Tokenized sequence lengths: [146, 146, 146, 146]
[DataCollatorForCDSMaskedLM] Tokenized sequence lengths: [456, 456, 456, 456]
[DataCollatorForCDSMaskedLM] Tokenized sequence lengths: [1024, 1024, 1024, 1024]
[DataCollatorForCDSMaskedLM] Tokenized sequence lengths: [404, 404, 404, 404]
[DataCollatorForCDSMaskedLM] Tokenized sequence lengths: [1024, 1024, 1024, 1024]
[DataCollatorForCDSMaskedLM] Tokenized sequence lengths: [428, 428, 428, 428]
[DataCollatorForCDSMaskedLM] Tokenized sequence lengths: [230, 230, 230, 230]
[DataCollatorForCDSMaskedLM] Tokenized sequence lengths: [161, 161, 161, 161]
[DataCollatorForCDSMaskedLM] Tokenized sequence lengths: [158, 158, 158, 158]
[DataCollatorForCDSMaskedLM] Tokenized sequence lengths: [687, 687, 687, 687]
[DataCollatorForCDSMaskedLM] Tokenized sequence lengths: [1024, 1024, 1024, 1024]
[DataCollatorForCDSMaskedLM] Tokenized sequence lengths: [192, 192, 192, 192]
[DataCollatorForCDSMaskedLM] Tokenized sequence lengths: [342, 342, 342, 342]
[DataCollatorForCDSMaskedLM] Tokenized sequence lengths: [326, 326, 326, 326]
[DataCollatorForCDSMaskedLM] Tokenized sequence lengths: [604, 604, 604, 604]
[DataCollatorForCDSMaskedLM] Tokenized sequence lengths: [575, 575, 575, 575]
[DataCollatorForCDSMaskedLM] Tokenized sequence lengths: [313, 313, 313, 313]
[DataCollatorForCDSMaskedLM] Tokenized sequence lengths: [1024, 1024, 1024, 1024]
[DataCollatorForCDSMaskedLM] Tokenized sequence lengths: [585, 585, 585, 585]
[DataCollatorForCDSMaskedLM] Tokenized sequence lengths: [103, 103, 103, 103]
[DataCollatorForCDSMaskedLM] Tokenized sequence lengths: [85, 85, 85, 85]
[DataCollatorForCDSMaskedLM] Tokenized sequence lengths: [140, 140, 140, 140]
[DataCollatorForCDSMaskedLM] Tokenized sequence lengths: [210, 210, 210, 210]
[DataCollatorForCDSMaskedLM] Tokenized sequence lengths: [83, 83, 83, 83]
[DataCollatorForCDSMaskedLM] Tokenized sequence lengths: [659, 659, 659, 659]
[DataCollatorForCDSMaskedLM] Tokenized sequence lengths: [117, 117, 117, 117]
[DataCollatorForCDSMaskedLM] Tokenized sequence lengths: [811, 811, 811, 811]
[DataCollatorForCDSMaskedLM] Tokenized sequence lengths: [109, 109, 109, 109]
[DataCollatorForCDSMaskedLM] Tokenized sequence lengths: [506, 506, 506, 506]
[DataCollatorForCDSMaskedLM] Tokenized sequence lengths: [538, 538, 538, 538]
[DataCollatorForCDSMaskedLM] Tokenized sequence lengths: [1024, 1024, 1024, 1024]
[DataCollatorForCDSMaskedLM] Tokenized sequence lengths: [158, 158, 158, 158]
[DataCollatorForCDSMaskedLM] Tokenized sequence lengths: [730, 730, 730, 730]
[DataCollatorForCDSMaskedLM] Tokenized sequence lengths: [181, 181, 181, 181]
[DataCollatorForCDSMaskedLM] Tokenized sequence lengths: [97, 97, 97, 97]
[DataCollatorForCDSMaskedLM] Tokenized sequence lengths: [299, 299, 299, 299]
[DataCollatorForCDSMaskedLM] Tokenized sequence lengths: [268, 268, 268, 268]
[DataCollatorForCDSMaskedLM] Tokenized sequence lengths: [457, 457, 457, 457]
[DataCollatorForCDSMaskedLM] Tokenized sequence lengths: [619, 619, 619, 619]
{'loss': 6.6705, 'learning_rate': 0.0004989690721649484, 'epoch': 0.0}
[DataCollatorForCDSMaskedLM] Tokenized sequence lengths: [77, 77, 77, 77]
[DataCollatorForCDSMaskedLM] Tokenized sequence lengths: [301, 301, 301, 301]
[DataCollatorForCDSMaskedLM] Tokenized sequence lengths: [432, 432, 432, 432]
[DataCollatorForCDSMaskedLM] Tokenized sequence lengths: [841, 841, 841, 841]
[DataCollatorForCDSMaskedLM] Tokenized sequence lengths: [331, 331, 331, 331]
[DataCollatorForCDSMaskedLM] Tokenized sequence lengths: [1024, 1024, 1024, 1024]
[DataCollatorForCDSMaskedLM] Tokenized sequence lengths: [88, 88, 88, 88]
[DataCollatorForCDSMaskedLM] Tokenized sequence lengths: [330, 330, 330, 330]
[DataCollatorForCDSMaskedLM] Tokenized sequence lengths: [168, 168, 168, 168]
[DataCollatorForCDSMaskedLM] Tokenized sequence lengths: [581, 581, 581, 581]
[DataCollatorForCDSMaskedLM] Tokenized sequence lengths: [583, 583, 583, 583]
[DataCollatorForCDSMaskedLM] Tokenized sequence lengths: [802, 802, 802, 802]
[DataCollatorForCDSMaskedLM] Tokenized sequence lengths: [103, 103, 103, 103]
[DataCollatorForCDSMaskedLM] Tokenized sequence lengths: [365, 365, 365, 365]
[DataCollatorForCDSMaskedLM] Tokenized sequence lengths: [242, 242, 242, 242]
[DataCollatorForCDSMaskedLM] Tokenized sequence lengths: [540, 540, 540, 540]
[DataCollatorForCDSMaskedLM] Tokenized sequence lengths: [368, 368, 368, 368]
[DataCollatorForCDSMaskedLM] Tokenized sequence lengths: [801, 801, 801, 801]
[DataCollatorForCDSMaskedLM] Tokenized sequence lengths: [285, 285, 285, 285]
[DataCollatorForCDSMaskedLM] Tokenized sequence lengths: [648, 648, 648, 648]
[DataCollatorForCDSMaskedLM] Tokenized sequence lengths: [457, 457, 457, 457]
[DataCollatorForCDSMaskedLM] Tokenized sequence lengths: [405, 405, 405, 405]
[DataCollatorForCDSMaskedLM] Tokenized sequence lengths: [273, 273, 273, 273]
[DataCollatorForCDSMaskedLM] Tokenized sequence lengths: [237, 237, 237, 237]
[DataCollatorForCDSMaskedLM] Tokenized sequence lengths: [399, 399, 399, 399]
[DataCollatorForCDSMaskedLM] Tokenized sequence lengths: [475, 475, 475, 475]
[DataCollatorForCDSMaskedLM] Tokenized sequence lengths: [681, 681, 681, 681]
[DataCollatorForCDSMaskedLM] Tokenized sequence lengths: [572, 572, 572, 572]
[DataCollatorForCDSMaskedLM] Tokenized sequence lengths: [126, 126, 126, 126]
[DataCollatorForCDSMaskedLM] Tokenized sequence lengths: [205, 205, 205, 205]
[DataCollatorForCDSMaskedLM] Tokenized sequence lengths: [474, 474, 474, 474]
[DataCollatorForCDSMaskedLM] Tokenized sequence lengths: [724, 724, 724, 724]
[DataCollatorForCDSMaskedLM] Tokenized sequence lengths: [431, 431, 431, 431]
[DataCollatorForCDSMaskedLM] Tokenized sequence lengths: [728, 728, 728, 728]
[DataCollatorForCDSMaskedLM] Tokenized sequence lengths: [826, 826, 826, 826]
[DataCollatorForCDSMaskedLM] Tokenized sequence lengths: [475, 475, 475, 475]
[DataCollatorForCDSMaskedLM] Tokenized sequence lengths: [193, 193, 193, 193]
[DataCollatorForCDSMaskedLM] Tokenized sequence lengths: [732, 732, 732, 732]
[DataCollatorForCDSMaskedLM] Tokenized sequence lengths: [420, 420, 420, 420]
[DataCollatorForCDSMaskedLM] Tokenized sequence lengths: [658, 658, 658, 658]
{'loss': 6.5963, 'learning_rate': 0.0004988402061855671, 'epoch': 0.0}
[DataCollatorForCDSMaskedLM] Tokenized sequence lengths: [126, 126, 126, 126]
[DataCollatorForCDSMaskedLM] Tokenized sequence lengths: [65, 65, 65, 65]
[DataCollatorForCDSMaskedLM] Tokenized sequence lengths: [592, 592, 592, 592]
[DataCollatorForCDSMaskedLM] Tokenized sequence lengths: [608, 608, 608, 608]
[DataCollatorForCDSMaskedLM] Tokenized sequence lengths: [1024, 1024, 1024, 1024]
[DataCollatorForCDSMaskedLM] Tokenized sequence lengths: [796, 796, 796, 796]
[DataCollatorForCDSMaskedLM] Tokenized sequence lengths: [620, 620, 620, 620]
[DataCollatorForCDSMaskedLM] Tokenized sequence lengths: [531, 531, 531, 531]
[DataCollatorForCDSMaskedLM] Tokenized sequence lengths: [85, 85, 85, 85]
[DataCollatorForCDSMaskedLM] Tokenized sequence lengths: [88, 88, 88, 88]
[DataCollatorForCDSMaskedLM] Tokenized sequence lengths: [115, 115, 115, 115]
[DataCollatorForCDSMaskedLM] Tokenized sequence lengths: [117, 117, 117, 117]
[DataCollatorForCDSMaskedLM] Tokenized sequence lengths: [93, 93, 93, 93]
[DataCollatorForCDSMaskedLM] Tokenized sequence lengths: [184, 184, 184, 184]
[DataCollatorForCDSMaskedLM] Tokenized sequence lengths: [483, 483, 483, 483]
[DataCollatorForCDSMaskedLM] Tokenized sequence lengths: [102, 102, 102, 102]
[DataCollatorForCDSMaskedLM] Tokenized sequence lengths: [626, 626, 626, 626]
[DataCollatorForCDSMaskedLM] Tokenized sequence lengths: [105, 105, 105, 105]
[DataCollatorForCDSMaskedLM] Tokenized sequence lengths: [241, 241, 241, 241]
[DataCollatorForCDSMaskedLM] Tokenized sequence lengths: [627, 627, 627, 627]
[DataCollatorForCDSMaskedLM] Tokenized sequence lengths: [117, 117, 117, 117]
[DataCollatorForCDSMaskedLM] Tokenized sequence lengths: [438, 438, 438, 438]
[DataCollatorForCDSMaskedLM] Tokenized sequence lengths: [194, 194, 194, 194]
[DataCollatorForCDSMaskedLM] Tokenized sequence lengths: [239, 239, 239, 239]
[DataCollatorForCDSMaskedLM] Tokenized sequence lengths: [153, 153, 153, 153]
[DataCollatorForCDSMaskedLM] Tokenized sequence lengths: [226, 226, 226, 226]
[DataCollatorForCDSMaskedLM] Tokenized sequence lengths: [643, 643, 643, 643]
[DataCollatorForCDSMaskedLM] Tokenized sequence lengths: [199, 199, 199, 199]
[DataCollatorForCDSMaskedLM] Tokenized sequence lengths: [88, 88, 88, 88]
[DataCollatorForCDSMaskedLM] Tokenized sequence lengths: [279, 279, 279, 279]
[DataCollatorForCDSMaskedLM] Tokenized sequence lengths: [771, 771, 771, 771]
[DataCollatorForCDSMaskedLM] Tokenized sequence lengths: [171, 171, 171, 171]
[DataCollatorForCDSMaskedLM] Tokenized sequence lengths: [83, 83, 83, 83]
[DataCollatorForCDSMaskedLM] Tokenized sequence lengths: [547, 547, 547, 547]
[DataCollatorForCDSMaskedLM] Tokenized sequence lengths: [661, 661, 661, 661]
[DataCollatorForCDSMaskedLM] Tokenized sequence lengths: [1024, 1024, 1024, 1024]
[DataCollatorForCDSMaskedLM] Tokenized sequence lengths: [224, 224, 224, 224]
[DataCollatorForCDSMaskedLM] Tokenized sequence lengths: [477, 477, 477, 477]
[DataCollatorForCDSMaskedLM] Tokenized sequence lengths: [141, 141, 141, 141]
[DataCollatorForCDSMaskedLM] Tokenized sequence lengths: [363, 363, 363, 363]
{'loss': 6.642, 'learning_rate': 0.0004987113402061856, 'epoch': 0.0}
[DataCollatorForCDSMaskedLM] Tokenized sequence lengths: [90, 90, 90, 90]
[DataCollatorForCDSMaskedLM] Tokenized sequence lengths: [225, 225, 225, 225]
[DataCollatorForCDSMaskedLM] Tokenized sequence lengths: [515, 515, 515, 515]
[DataCollatorForCDSMaskedLM] Tokenized sequence lengths: [634, 634, 634, 634]
[DataCollatorForCDSMaskedLM] Tokenized sequence lengths: [203, 203, 203, 203]
[DataCollatorForCDSMaskedLM] Tokenized sequence lengths: [414, 414, 414, 414]
[DataCollatorForCDSMaskedLM] Tokenized sequence lengths: [819, 819, 819, 819]
[DataCollatorForCDSMaskedLM] Tokenized sequence lengths: [270, 270, 270, 270]
[DataCollatorForCDSMaskedLM] Tokenized sequence lengths: [168, 168, 168, 168]
[DataCollatorForCDSMaskedLM] Tokenized sequence lengths: [230, 230, 230, 230]
[DataCollatorForCDSMaskedLM] Tokenized sequence lengths: [369, 369, 369, 369]
[DataCollatorForCDSMaskedLM] Tokenized sequence lengths: [594, 594, 594, 594]
[DataCollatorForCDSMaskedLM] Tokenized sequence lengths: [451, 451, 451, 451]
[DataCollatorForCDSMaskedLM] Tokenized sequence lengths: [694, 694, 694, 694]
[DataCollatorForCDSMaskedLM] Tokenized sequence lengths: [1024, 1024, 1024, 1024]
[DataCollatorForCDSMaskedLM] Tokenized sequence lengths: [236, 236, 236, 236]
[DataCollatorForCDSMaskedLM] Tokenized sequence lengths: [256, 256, 256, 256]
[DataCollatorForCDSMaskedLM] Tokenized sequence lengths: [391, 391, 391, 391]
[DataCollatorForCDSMaskedLM] Tokenized sequence lengths: [541, 541, 541, 541]
[DataCollatorForCDSMaskedLM] Tokenized sequence lengths: [297, 297, 297, 297]
[DataCollatorForCDSMaskedLM] Tokenized sequence lengths: [78, 78, 78, 78]
[DataCollatorForCDSMaskedLM] Tokenized sequence lengths: [71, 71, 71, 71]
[DataCollatorForCDSMaskedLM] Tokenized sequence lengths: [490, 490, 490, 490]
[DataCollatorForCDSMaskedLM] Tokenized sequence lengths: [254, 254, 254, 254]
[DataCollatorForCDSMaskedLM] Tokenized sequence lengths: [95, 95, 95, 95]
[DataCollatorForCDSMaskedLM] Tokenized sequence lengths: [809, 809, 809, 809]
[DataCollatorForCDSMaskedLM] Tokenized sequence lengths: [227, 227, 227, 227]
[DataCollatorForCDSMaskedLM] Tokenized sequence lengths: [367, 367, 367, 367]
[DataCollatorForCDSMaskedLM] Tokenized sequence lengths: [212, 212, 212, 212]
[DataCollatorForCDSMaskedLM] Tokenized sequence lengths: [140, 140, 140, 140]
[DataCollatorForCDSMaskedLM] Tokenized sequence lengths: [88, 88, 88, 88]
[DataCollatorForCDSMaskedLM] Tokenized sequence lengths: [178, 178, 178, 178]
[DataCollatorForCDSMaskedLM] Tokenized sequence lengths: [103, 103, 103, 103]
[DataCollatorForCDSMaskedLM] Tokenized sequence lengths: [117, 117, 117, 117]
[DataCollatorForCDSMaskedLM] Tokenized sequence lengths: [91, 91, 91, 91]
[DataCollatorForCDSMaskedLM] Tokenized sequence lengths: [157, 157, 157, 157]
[DataCollatorForCDSMaskedLM] Tokenized sequence lengths: [939, 939, 939, 939]
[DataCollatorForCDSMaskedLM] Tokenized sequence lengths: [1024, 1024, 1024, 1024]
[DataCollatorForCDSMaskedLM] Tokenized sequence lengths: [1024, 1024, 1024, 1024]
[DataCollatorForCDSMaskedLM] Tokenized sequence lengths: [1024, 1024, 1024, 1024]
{'loss': 6.5507, 'learning_rate': 0.0004985824742268041, 'epoch': 0.0}
[DataCollatorForCDSMaskedLM] Tokenized sequence lengths: [DataCollatorForCDSMaskedLM] Tokenized sequence lengths:[493, 493, 493, 493] 
[127, 127, 127, 127]
[DataCollatorForCDSMaskedLM] Tokenized sequence lengths: [222, 222, 222, 222]
[DataCollatorForCDSMaskedLM] Tokenized sequence lengths: [398, 398, 398, 398]
[DataCollatorForCDSMaskedLM] Tokenized sequence lengths: [199, 199, 199, 199]
[DataCollatorForCDSMaskedLM] Tokenized sequence lengths: [126, 126, 126, 126]
[DataCollatorForCDSMaskedLM] Tokenized sequence lengths: [905, 905, 905, 905]
[DataCollatorForCDSMaskedLM] Tokenized sequence lengths: [280, 280, 280, 280]
[DataCollatorForCDSMaskedLM] Tokenized sequence lengths: [104, 104, 104, 104]
[DataCollatorForCDSMaskedLM] Tokenized sequence lengths: [405, 405, 405, 405]
[DataCollatorForCDSMaskedLM] Tokenized sequence lengths: [1024, 1024, 1024, 1024]
[DataCollatorForCDSMaskedLM] Tokenized sequence lengths: [1024, 1024, 1024, 1024]
[DataCollatorForCDSMaskedLM] Tokenized sequence lengths: [272, 272, 272, 272]
[DataCollatorForCDSMaskedLM] Tokenized sequence lengths: [1024, 1024, 1024, 1024]
[DataCollatorForCDSMaskedLM] Tokenized sequence lengths: [100, 100, 100, 100]
[DataCollatorForCDSMaskedLM] Tokenized sequence lengths: [199, 199, 199, 199]
[DataCollatorForCDSMaskedLM] Tokenized sequence lengths: [502, 502, 502, 502]
[DataCollatorForCDSMaskedLM] Tokenized sequence lengths: [147, 147, 147, 147]
[DataCollatorForCDSMaskedLM] Tokenized sequence lengths: [391, 391, 391, 391]
[DataCollatorForCDSMaskedLM] Tokenized sequence lengths: [192, 192, 192, 192]
[DataCollatorForCDSMaskedLM] Tokenized sequence lengths: [140, 140, 140, 140]
[DataCollatorForCDSMaskedLM] Tokenized sequence lengths: [711, 711, 711, 711]
[DataCollatorForCDSMaskedLM] Tokenized sequence lengths: [678, 678, 678, 678]
[DataCollatorForCDSMaskedLM] Tokenized sequence lengths: [136, 136, 136, 136]
[DataCollatorForCDSMaskedLM] Tokenized sequence lengths: [106, 106, 106, 106]
[DataCollatorForCDSMaskedLM] Tokenized sequence lengths: [326, 326, 326, 326]
[DataCollatorForCDSMaskedLM] Tokenized sequence lengths: [556, 556, 556, 556]
[DataCollatorForCDSMaskedLM] Tokenized sequence lengths: [865, 865, 865, 865]
[DataCollatorForCDSMaskedLM] Tokenized sequence lengths: [256, 256, 256, 256]
[DataCollatorForCDSMaskedLM] Tokenized sequence lengths: [481, 481, 481, 481]
[DataCollatorForCDSMaskedLM] Tokenized sequence lengths: [776, 776, 776, 776]
[DataCollatorForCDSMaskedLM] Tokenized sequence lengths: [455, 455, 455, 455]
[DataCollatorForCDSMaskedLM] Tokenized sequence lengths: [139, 139, 139, 139]
[DataCollatorForCDSMaskedLM] Tokenized sequence lengths: [434, 434, 434, 434]
[DataCollatorForCDSMaskedLM] Tokenized sequence lengths: [85, 85, 85, 85]
[DataCollatorForCDSMaskedLM] Tokenized sequence lengths: [134, 134, 134, 134]
[DataCollatorForCDSMaskedLM] Tokenized sequence lengths: [406, 406, 406, 406]
[DataCollatorForCDSMaskedLM] Tokenized sequence lengths: [426, 426, 426, 426]
[DataCollatorForCDSMaskedLM] Tokenized sequence lengths: [688, 688, 688, 688]
[DataCollatorForCDSMaskedLM] Tokenized sequence lengths: [1024, 1024, 1024, 1024]
{'loss': 6.6266, 'learning_rate': 0.0004984536082474227, 'epoch': 0.0}
[DataCollatorForCDSMaskedLM] Tokenized sequence lengths: [149, 149, 149, 149]
[DataCollatorForCDSMaskedLM] Tokenized sequence lengths: [190, 190, 190, 190]
[DataCollatorForCDSMaskedLM] Tokenized sequence lengths: [503, 503, 503, 503]
[DataCollatorForCDSMaskedLM] Tokenized sequence lengths: [1024, 1024, 1024, 1024]
[DataCollatorForCDSMaskedLM] Tokenized sequence lengths: [101, 101, 101, 101]
[DataCollatorForCDSMaskedLM] Tokenized sequence lengths: [345, 345, 345, 345]
[DataCollatorForCDSMaskedLM] Tokenized sequence lengths: [500, 500, 500, 500]
[DataCollatorForCDSMaskedLM] Tokenized sequence lengths: [980, 980, 980, 980]
[DataCollatorForCDSMaskedLM] Tokenized sequence lengths: [98, 98, 98, 98]
[DataCollatorForCDSMaskedLM] Tokenized sequence lengths: [375, 375, 375, 375]
[DataCollatorForCDSMaskedLM] Tokenized sequence lengths: [696, 696, 696, 696]
[DataCollatorForCDSMaskedLM] Tokenized sequence lengths: [803, 803, 803, 803]
[DataCollatorForCDSMaskedLM] Tokenized sequence lengths: [154, 154, 154, 154]
[DataCollatorForCDSMaskedLM] Tokenized sequence lengths: [119, 119, 119, 119]
[DataCollatorForCDSMaskedLM] Tokenized sequence lengths: [439, 439, 439, 439]
[DataCollatorForCDSMaskedLM] Tokenized sequence lengths: [572, 572, 572, 572]
[DataCollatorForCDSMaskedLM] Tokenized sequence lengths: [297, 297, 297, 297]
[DataCollatorForCDSMaskedLM] Tokenized sequence lengths: [217, 217, 217, 217]
[DataCollatorForCDSMaskedLM] Tokenized sequence lengths: [893, 893, 893, 893]
[DataCollatorForCDSMaskedLM] Tokenized sequence lengths: [102, 102, 102, 102]
[DataCollatorForCDSMaskedLM] Tokenized sequence lengths: [129, 129, 129, 129]
[DataCollatorForCDSMaskedLM] Tokenized sequence lengths: [1024, 1024, 1024, 1024]
[DataCollatorForCDSMaskedLM] Tokenized sequence lengths: [1024, 1024, 1024, 1024]
[DataCollatorForCDSMaskedLM] Tokenized sequence lengths: [1024, 1024, 1024, 1024]
[DataCollatorForCDSMaskedLM] Tokenized sequence lengths: [207, 207, 207, 207]
[DataCollatorForCDSMaskedLM] Tokenized sequence lengths: [326, 326, 326, 326]
[DataCollatorForCDSMaskedLM] Tokenized sequence lengths: [112, 112, 112, 112]
[DataCollatorForCDSMaskedLM] Tokenized sequence lengths: [483, 483, 483, 483]
[DataCollatorForCDSMaskedLM] Tokenized sequence lengths: [188, 188, 188, 188]
[DataCollatorForCDSMaskedLM] Tokenized sequence lengths: [256, 256, 256, 256]
[DataCollatorForCDSMaskedLM] Tokenized sequence lengths: [608, 608, 608, 608]
[DataCollatorForCDSMaskedLM] Tokenized sequence lengths: [105, 105, 105, 105]
[DataCollatorForCDSMaskedLM] Tokenized sequence lengths: [122, 122, 122, 122]
[DataCollatorForCDSMaskedLM] Tokenized sequence lengths: [587, 587, 587, 587]
[DataCollatorForCDSMaskedLM] Tokenized sequence lengths: [296, 296, 296, 296]
[DataCollatorForCDSMaskedLM] Tokenized sequence lengths: [457, 457, 457, 457]
[DataCollatorForCDSMaskedLM] Tokenized sequence lengths: [146, 146, 146, 146]
[DataCollatorForCDSMaskedLM] Tokenized sequence lengths: [587, 587, 587, 587]
[DataCollatorForCDSMaskedLM] Tokenized sequence lengths: [690, 690, 690, 690]
[DataCollatorForCDSMaskedLM] Tokenized sequence lengths: [116, 116, 116, 116]
{'loss': 6.6418, 'learning_rate': 0.0004983247422680413, 'epoch': 0.0}
[DataCollatorForCDSMaskedLM] Tokenized sequence lengths: [107, 107, 107, 107]
[DataCollatorForCDSMaskedLM] Tokenized sequence lengths: [239, 239, 239, 239]
[DataCollatorForCDSMaskedLM] Tokenized sequence lengths: [338, 338, 338, 338]
[DataCollatorForCDSMaskedLM] Tokenized sequence lengths: [1024, 1024, 1024, 1024]
[DataCollatorForCDSMaskedLM] Tokenized sequence lengths: [126, 126, 126, 126]
[DataCollatorForCDSMaskedLM] Tokenized sequence lengths: [167, 167, 167, 167]
[DataCollatorForCDSMaskedLM] Tokenized sequence lengths: [952, 952, 952, 952]
[DataCollatorForCDSMaskedLM] Tokenized sequence lengths: [1024, 1024, 1024, 1024]
[DataCollatorForCDSMaskedLM] Tokenized sequence lengths: [520, 520, 520, 520]
[DataCollatorForCDSMaskedLM] Tokenized sequence lengths: [140, 140, 140, 140]
[DataCollatorForCDSMaskedLM] Tokenized sequence lengths: [348, 348, 348, 348]
[DataCollatorForCDSMaskedLM] Tokenized sequence lengths: [453, 453, 453, 453]
[DataCollatorForCDSMaskedLM] Tokenized sequence lengths: [69, 69, 69, 69]
[DataCollatorForCDSMaskedLM] Tokenized sequence lengths: [241, 241, 241, 241]
[DataCollatorForCDSMaskedLM] Tokenized sequence lengths: [220, 220, 220, 220]
[DataCollatorForCDSMaskedLM] Tokenized sequence lengths: [108, 108, 108, 108]
[DataCollatorForCDSMaskedLM] Tokenized sequence lengths: [111, 111, 111, 111]
[DataCollatorForCDSMaskedLM] Tokenized sequence lengths: [127, 127, 127, 127]
[DataCollatorForCDSMaskedLM] Tokenized sequence lengths: [253, 253, 253, 253]
[DataCollatorForCDSMaskedLM] Tokenized sequence lengths: [149, 149, 149, 149]
[DataCollatorForCDSMaskedLM] Tokenized sequence lengths: [204, 204, 204, 204]
[DataCollatorForCDSMaskedLM] Tokenized sequence lengths: [226, 226, 226, 226]
[DataCollatorForCDSMaskedLM] Tokenized sequence lengths: [554, 554, 554, 554]
[DataCollatorForCDSMaskedLM] Tokenized sequence lengths: [668, 668, 668, 668]
[DataCollatorForCDSMaskedLM] Tokenized sequence lengths: [97, 97, 97, 97]
[DataCollatorForCDSMaskedLM] Tokenized sequence lengths: [547, 547, 547, 547]
[DataCollatorForCDSMaskedLM] Tokenized sequence lengths: [581, 581, 581, 581]
[DataCollatorForCDSMaskedLM] Tokenized sequence lengths: [1024, 1024, 1024, 1024]
[DataCollatorForCDSMaskedLM] Tokenized sequence lengths: [449, 449, 449, 449]
[DataCollatorForCDSMaskedLM] Tokenized sequence lengths: [610, 610, 610, 610]
[DataCollatorForCDSMaskedLM] Tokenized sequence lengths: [197, 197, 197, 197]
[DataCollatorForCDSMaskedLM] Tokenized sequence lengths: [103, 103, 103, 103]
[DataCollatorForCDSMaskedLM] Tokenized sequence lengths: [175, 175, 175, 175]
[DataCollatorForCDSMaskedLM] Tokenized sequence lengths: [183, 183, 183, 183]
[DataCollatorForCDSMaskedLM] Tokenized sequence lengths: [293, 293, 293, 293]
[DataCollatorForCDSMaskedLM] Tokenized sequence lengths: [66, 66, 66, 66]
[DataCollatorForCDSMaskedLM] Tokenized sequence lengths: [144, 144, 144, 144]
[DataCollatorForCDSMaskedLM] Tokenized sequence lengths: [306, 306, 306, 306]
[DataCollatorForCDSMaskedLM] Tokenized sequence lengths: [494, 494, 494, 494]
[DataCollatorForCDSMaskedLM] Tokenized sequence lengths: [96, 96, 96, 96]
{'loss': 6.5895, 'learning_rate': 0.0004981958762886598, 'epoch': 0.0}
[DataCollatorForCDSMaskedLM] Tokenized sequence lengths: [162, 162, 162, 162]
[DataCollatorForCDSMaskedLM] Tokenized sequence lengths: [342, 342, 342, 342]
[DataCollatorForCDSMaskedLM] Tokenized sequence lengths: [1024, 1024, 1024, 1024]
[DataCollatorForCDSMaskedLM] Tokenized sequence lengths: [1024, 1024, 1024, 1024]
[DataCollatorForCDSMaskedLM] Tokenized sequence lengths: [369, 369, 369, 369]
[DataCollatorForCDSMaskedLM] Tokenized sequence lengths: [918, 918, 918, 918]
[DataCollatorForCDSMaskedLM] Tokenized sequence lengths: [130, 130, 130, 130]
[DataCollatorForCDSMaskedLM] Tokenized sequence lengths: [197, 197, 197, 197]
[DataCollatorForCDSMaskedLM] Tokenized sequence lengths: [481, 481, 481, 481]
[DataCollatorForCDSMaskedLM] Tokenized sequence lengths: [300, 300, 300, 300]
[DataCollatorForCDSMaskedLM] Tokenized sequence lengths: [511, 511, 511, 511]
[DataCollatorForCDSMaskedLM] Tokenized sequence lengths: [523, 523, 523, 523]
[DataCollatorForCDSMaskedLM] Tokenized sequence lengths: [233, 233, 233, 233]
[DataCollatorForCDSMaskedLM] Tokenized sequence lengths: [456, 456, 456, 456]
[DataCollatorForCDSMaskedLM] Tokenized sequence lengths: [71, 71, 71, 71]
[DataCollatorForCDSMaskedLM] Tokenized sequence lengths: [1024, 1024, 1024, 1024]
[DataCollatorForCDSMaskedLM] Tokenized sequence lengths: [71, 71, 71, 71]
[DataCollatorForCDSMaskedLM] Tokenized sequence lengths: [475, 475, 475, 475]
[DataCollatorForCDSMaskedLM] Tokenized sequence lengths: [701, 701, 701, 701]
[DataCollatorForCDSMaskedLM] Tokenized sequence lengths: [1024, 1024, 1024, 1024]
[DataCollatorForCDSMaskedLM] Tokenized sequence lengths: [136, 136, 136, 136]
[DataCollatorForCDSMaskedLM] Tokenized sequence lengths: [461, 461, 461, 461]
[DataCollatorForCDSMaskedLM] Tokenized sequence lengths: [336, 336, 336, 336]
[DataCollatorForCDSMaskedLM] Tokenized sequence lengths: [479, 479, 479, 479]
[DataCollatorForCDSMaskedLM] Tokenized sequence lengths: [103, 103, 103, 103]
[DataCollatorForCDSMaskedLM] Tokenized sequence lengths: [451, 451, 451, 451]
[DataCollatorForCDSMaskedLM] Tokenized sequence lengths: [465, 465, 465, 465]
[DataCollatorForCDSMaskedLM] Tokenized sequence lengths: [389, 389, 389, 389]
[DataCollatorForCDSMaskedLM] Tokenized sequence lengths: [1024, 1024, 1024, 1024]
[DataCollatorForCDSMaskedLM] Tokenized sequence lengths: [476, 476, 476, 476]
[DataCollatorForCDSMaskedLM] Tokenized sequence lengths: [148, 148, 148, 148]
[DataCollatorForCDSMaskedLM] Tokenized sequence lengths: [204, 204, 204, 204]
[DataCollatorForCDSMaskedLM] Tokenized sequence lengths: [259, 259, 259, 259]
[DataCollatorForCDSMaskedLM] Tokenized sequence lengths: [251, 251, 251, 251]
[DataCollatorForCDSMaskedLM] Tokenized sequence lengths: [1024, 1024, 1024, 1024]
[DataCollatorForCDSMaskedLM] Tokenized sequence lengths: [824, 824, 824, 824]
[DataCollatorForCDSMaskedLM] Tokenized sequence lengths: [94, 94, 94, 94]
[DataCollatorForCDSMaskedLM] Tokenized sequence lengths: [80, 80, 80, 80]
[DataCollatorForCDSMaskedLM] Tokenized sequence lengths: [106, 106, 106, 106]
[DataCollatorForCDSMaskedLM] Tokenized sequence lengths: [1024, 1024, 1024, 1024]
{'loss': 6.689, 'learning_rate': 0.0004980670103092783, 'epoch': 0.0}
[DataCollatorForCDSMaskedLM] Tokenized sequence lengths: [112, 112, 112, 112]
[DataCollatorForCDSMaskedLM] Tokenized sequence lengths: [181, 181, 181, 181]
[DataCollatorForCDSMaskedLM] Tokenized sequence lengths: [602, 602, 602, 602]
[DataCollatorForCDSMaskedLM] Tokenized sequence lengths: [530, 530, 530, 530]
[DataCollatorForCDSMaskedLM] Tokenized sequence lengths: [293, 293, 293, 293]
[DataCollatorForCDSMaskedLM] Tokenized sequence lengths: [163, 163, 163, 163]
[DataCollatorForCDSMaskedLM] Tokenized sequence lengths: [728, 728, 728, 728]
[DataCollatorForCDSMaskedLM] Tokenized sequence lengths: [1024, 1024, 1024, 1024]
[DataCollatorForCDSMaskedLM] Tokenized sequence lengths: [1024, 1024, 1024, 1024]
[DataCollatorForCDSMaskedLM] Tokenized sequence lengths: [332, 332, 332, 332]
[DataCollatorForCDSMaskedLM] Tokenized sequence lengths: [121, 121, 121, 121]
[DataCollatorForCDSMaskedLM] Tokenized sequence lengths: [1000, 1000, 1000, 1000]
[DataCollatorForCDSMaskedLM] Tokenized sequence lengths: [154, 154, 154, 154]
[DataCollatorForCDSMaskedLM] Tokenized sequence lengths: [496, 496, 496, 496]
[DataCollatorForCDSMaskedLM] Tokenized sequence lengths: [694, 694, 694, 694]
[DataCollatorForCDSMaskedLM] Tokenized sequence lengths: [1024, 1024, 1024, 1024]
[DataCollatorForCDSMaskedLM] Tokenized sequence lengths: [127, 127, 127, 127]
[DataCollatorForCDSMaskedLM] Tokenized sequence lengths: [439, 439, 439, 439]
[DataCollatorForCDSMaskedLM] Tokenized sequence lengths: [258, 258, 258, 258]
[DataCollatorForCDSMaskedLM] Tokenized sequence lengths: [423, 423, 423, 423]
[DataCollatorForCDSMaskedLM] Tokenized sequence lengths: [275, 275, 275, 275]
[DataCollatorForCDSMaskedLM] Tokenized sequence lengths: [215, 215, 215, 215]
[DataCollatorForCDSMaskedLM] Tokenized sequence lengths: [134, 134, 134, 134]
[DataCollatorForCDSMaskedLM] Tokenized sequence lengths: [336, 336, 336, 336]
[DataCollatorForCDSMaskedLM] Tokenized sequence lengths: [321, 321, 321, 321]
[DataCollatorForCDSMaskedLM] Tokenized sequence lengths: [600, 600, 600, 600]
[DataCollatorForCDSMaskedLM] Tokenized sequence lengths: [734, 734, 734, 734]
[DataCollatorForCDSMaskedLM] Tokenized sequence lengths: [350, 350, 350, 350]
[DataCollatorForCDSMaskedLM] Tokenized sequence lengths: [375, 375, 375, 375]
[DataCollatorForCDSMaskedLM] Tokenized sequence lengths: [483, 483, 483, 483]
[DataCollatorForCDSMaskedLM] Tokenized sequence lengths: [101, 101, 101, 101]
[DataCollatorForCDSMaskedLM] Tokenized sequence lengths: [368, 368, 368, 368]
[DataCollatorForCDSMaskedLM] Tokenized sequence lengths: [301, 301, 301, 301]
[DataCollatorForCDSMaskedLM] Tokenized sequence lengths: [428, 428, 428, 428]
[DataCollatorForCDSMaskedLM] Tokenized sequence lengths: [859, 859, 859, 859]
[DataCollatorForCDSMaskedLM] Tokenized sequence lengths: [1024, 1024, 1024, 1024]
[DataCollatorForCDSMaskedLM] Tokenized sequence lengths: [101, 101, 101, 101]
[DataCollatorForCDSMaskedLM] Tokenized sequence lengths: [567, 567, 567, 567]
[DataCollatorForCDSMaskedLM] Tokenized sequence lengths: [893, 893, 893, 893]
[DataCollatorForCDSMaskedLM] Tokenized sequence lengths: [607, 607, 607, 607]
{'loss': 6.6107, 'learning_rate': 0.000497938144329897, 'epoch': 0.0}
[DataCollatorForCDSMaskedLM] Tokenized sequence lengths: [511, 511, 511, 511]
[DataCollatorForCDSMaskedLM] Tokenized sequence lengths: [325, 325, 325, 325]
[DataCollatorForCDSMaskedLM] Tokenized sequence lengths: [183, 183, 183, 183]
[DataCollatorForCDSMaskedLM] Tokenized sequence lengths: [190, 190, 190, 190]
[DataCollatorForCDSMaskedLM] Tokenized sequence lengths: [111, 111, 111, 111]
[DataCollatorForCDSMaskedLM] Tokenized sequence lengths: [270, 270, 270, 270]
[DataCollatorForCDSMaskedLM] Tokenized sequence lengths: [310, 310, 310, 310]
[DataCollatorForCDSMaskedLM] Tokenized sequence lengths: [70, 70, 70, 70]
[DataCollatorForCDSMaskedLM] Tokenized sequence lengths: [89, 89, 89, 89]
[DataCollatorForCDSMaskedLM] Tokenized sequence lengths: [1024, 1024, 1024, 1024]
[DataCollatorForCDSMaskedLM] Tokenized sequence lengths: [1024, 1024, 1024, 1024]
[DataCollatorForCDSMaskedLM] Tokenized sequence lengths: [1024, 1024, 1024, 1024]
[DataCollatorForCDSMaskedLM] Tokenized sequence lengths: [104, 104, 104, 104]
[DataCollatorForCDSMaskedLM] Tokenized sequence lengths: [70, 70, 70, 70]
[DataCollatorForCDSMaskedLM] Tokenized sequence lengths: [1024, 1024, 1024, 1024]
[DataCollatorForCDSMaskedLM] Tokenized sequence lengths: [263, 263, 263, 263]
[DataCollatorForCDSMaskedLM] Tokenized sequence lengths: [106, 106, 106, 106]
[DataCollatorForCDSMaskedLM] Tokenized sequence lengths: [785, 785, 785, 785]
[DataCollatorForCDSMaskedLM] Tokenized sequence lengths: [588, 588, 588, 588]
[DataCollatorForCDSMaskedLM] Tokenized sequence lengths: [638, 638, 638, 638]
[DataCollatorForCDSMaskedLM] Tokenized sequence lengths: [231, 231, 231, 231]
[DataCollatorForCDSMaskedLM] Tokenized sequence lengths: [416, 416, 416, 416]
[DataCollatorForCDSMaskedLM] Tokenized sequence lengths: [480, 480, 480, 480]
[DataCollatorForCDSMaskedLM] Tokenized sequence lengths: [615, 615, 615, 615]
[DataCollatorForCDSMaskedLM] Tokenized sequence lengths: [382, 382, 382, 382]
[DataCollatorForCDSMaskedLM] Tokenized sequence lengths: [238, 238, 238, 238]
[DataCollatorForCDSMaskedLM] Tokenized sequence lengths: [740, 740, 740, 740]
[DataCollatorForCDSMaskedLM] Tokenized sequence lengths: [231, 231, 231, 231]
[DataCollatorForCDSMaskedLM] Tokenized sequence lengths: [94, 94, 94, 94]
[DataCollatorForCDSMaskedLM] Tokenized sequence lengths: [306, 306, 306, 306]
[DataCollatorForCDSMaskedLM] Tokenized sequence lengths: [917, 917, 917, 917]
[DataCollatorForCDSMaskedLM] Tokenized sequence lengths: [367, 367, 367, 367]
[DataCollatorForCDSMaskedLM] Tokenized sequence lengths: [380, 380, 380, 380]
[DataCollatorForCDSMaskedLM] Tokenized sequence lengths: [633, 633, 633, 633]
[DataCollatorForCDSMaskedLM] Tokenized sequence lengths: [634, 634, 634, 634]
[DataCollatorForCDSMaskedLM] Tokenized sequence lengths: [1024, 1024, 1024, 1024]
[DataCollatorForCDSMaskedLM] Tokenized sequence lengths: [157, 157, 157, 157]
[DataCollatorForCDSMaskedLM] Tokenized sequence lengths: [153, 153, 153, 153]
[DataCollatorForCDSMaskedLM] Tokenized sequence lengths: [164, 164, 164, 164]
[DataCollatorForCDSMaskedLM] Tokenized sequence lengths: [146, 146, 146, 146]
{'loss': 6.6273, 'learning_rate': 0.0004978092783505155, 'epoch': 0.0}
[DataCollatorForCDSMaskedLM] Tokenized sequence lengths: [308, 308, 308, 308]
[DataCollatorForCDSMaskedLM] Tokenized sequence lengths: [570, 570, 570, 570]
[DataCollatorForCDSMaskedLM] Tokenized sequence lengths: [885, 885, 885, 885]
[DataCollatorForCDSMaskedLM] Tokenized sequence lengths: [1024, 1024, 1024, 1024]
[DataCollatorForCDSMaskedLM] Tokenized sequence lengths: [556, 556, 556, 556]
[DataCollatorForCDSMaskedLM] Tokenized sequence lengths: [850, 850, 850, 850]
[DataCollatorForCDSMaskedLM] Tokenized sequence lengths: [159, 159, 159, 159]
[DataCollatorForCDSMaskedLM] Tokenized sequence lengths: [638, 638, 638, 638]
[DataCollatorForCDSMaskedLM] Tokenized sequence lengths: [163, 163, 163, 163]
[DataCollatorForCDSMaskedLM] Tokenized sequence lengths: [450, 450, 450, 450]
[DataCollatorForCDSMaskedLM] Tokenized sequence lengths: [484, 484, 484, 484]
[DataCollatorForCDSMaskedLM] Tokenized sequence lengths: [1024, 1024, 1024, 1024]
[DataCollatorForCDSMaskedLM] Tokenized sequence lengths: [765, 765, 765, 765]
[DataCollatorForCDSMaskedLM] Tokenized sequence lengths: [138, 138, 138, 138]
[DataCollatorForCDSMaskedLM] Tokenized sequence lengths: [397, 397, 397, 397]
[DataCollatorForCDSMaskedLM] Tokenized sequence lengths: [1024, 1024, 1024, 1024]
[DataCollatorForCDSMaskedLM] Tokenized sequence lengths: [262, 262, 262, 262]
[DataCollatorForCDSMaskedLM] Tokenized sequence lengths: [673, 673, 673, 673]
[DataCollatorForCDSMaskedLM] Tokenized sequence lengths: [107, 107, 107, 107]
[DataCollatorForCDSMaskedLM] Tokenized sequence lengths: [388, 388, 388, 388]
[DataCollatorForCDSMaskedLM] Tokenized sequence lengths: [692, 692, 692, 692]
[DataCollatorForCDSMaskedLM] Tokenized sequence lengths: [201, 201, 201, 201]
[DataCollatorForCDSMaskedLM] Tokenized sequence lengths: [458, 458, 458, 458]
[DataCollatorForCDSMaskedLM] Tokenized sequence lengths: [1024, 1024, 1024, 1024]
[DataCollatorForCDSMaskedLM] Tokenized sequence lengths: [366, 366, 366, 366]
[DataCollatorForCDSMaskedLM] Tokenized sequence lengths: [621, 621, 621, 621]
[DataCollatorForCDSMaskedLM] Tokenized sequence lengths: [202, 202, 202, 202]
[DataCollatorForCDSMaskedLM] Tokenized sequence lengths: [237, 237, 237, 237]
[DataCollatorForCDSMaskedLM] Tokenized sequence lengths: [251, 251, 251, 251]
[DataCollatorForCDSMaskedLM] Tokenized sequence lengths: [141, 141, 141, 141]
[DataCollatorForCDSMaskedLM] Tokenized sequence lengths: [256, 256, 256, 256]
[DataCollatorForCDSMaskedLM] Tokenized sequence lengths: [112, 112, 112, 112]
[DataCollatorForCDSMaskedLM] Tokenized sequence lengths: [188, 188, 188, 188]
[DataCollatorForCDSMaskedLM] Tokenized sequence lengths: [321, 321, 321, 321]
[DataCollatorForCDSMaskedLM] Tokenized sequence lengths: [161, 161, 161, 161]
[DataCollatorForCDSMaskedLM] Tokenized sequence lengths: [383, 383, 383, 383]
[DataCollatorForCDSMaskedLM] Tokenized sequence lengths: [636, 636, 636, 636]
[DataCollatorForCDSMaskedLM] Tokenized sequence lengths: [1024, 1024, 1024, 1024]
[DataCollatorForCDSMaskedLM] Tokenized sequence lengths: [99, 99, 99, 99]
[DataCollatorForCDSMaskedLM] Tokenized sequence lengths: [1024, 1024, 1024, 1024]
{'loss': 6.6676, 'learning_rate': 0.000497680412371134, 'epoch': 0.0}
[DataCollatorForCDSMaskedLM] Tokenized sequence lengths: [122, 122, 122, 122]
[DataCollatorForCDSMaskedLM] Tokenized sequence lengths: [248, 248, 248, 248]
[DataCollatorForCDSMaskedLM] Tokenized sequence lengths: [147, 147, 147, 147]
[DataCollatorForCDSMaskedLM] Tokenized sequence lengths: [591, 591, 591, 591]
[DataCollatorForCDSMaskedLM] Tokenized sequence lengths: [102, 102, 102, 102]
[DataCollatorForCDSMaskedLM] Tokenized sequence lengths: [257, 257, 257, 257]
[DataCollatorForCDSMaskedLM] Tokenized sequence lengths: [322, 322, 322, 322]
[DataCollatorForCDSMaskedLM] Tokenized sequence lengths: [165, 165, 165, 165]
[DataCollatorForCDSMaskedLM] Tokenized sequence lengths: [306, 306, 306, 306]
[DataCollatorForCDSMaskedLM] Tokenized sequence lengths: [230, 230, 230, 230]
[DataCollatorForCDSMaskedLM] Tokenized sequence lengths: [268, 268, 268, 268]
[DataCollatorForCDSMaskedLM] Tokenized sequence lengths: [674, 674, 674, 674]
[DataCollatorForCDSMaskedLM] Tokenized sequence lengths: [96, 96, 96, 96]
[DataCollatorForCDSMaskedLM] Tokenized sequence lengths: [208, 208, 208, 208]
[DataCollatorForCDSMaskedLM] Tokenized sequence lengths: [455, 455, 455, 455]
[DataCollatorForCDSMaskedLM] Tokenized sequence lengths: [187, 187, 187, 187]
[DataCollatorForCDSMaskedLM] Tokenized sequence lengths: [492, 492, 492, 492]
[DataCollatorForCDSMaskedLM] Tokenized sequence lengths: [769, 769, 769, 769]
[DataCollatorForCDSMaskedLM] Tokenized sequence lengths: [1024, 1024, 1024, 1024]
[DataCollatorForCDSMaskedLM] Tokenized sequence lengths: [620, 620, 620, 620]
[DataCollatorForCDSMaskedLM] Tokenized sequence lengths: [160, 160, 160, 160]
[DataCollatorForCDSMaskedLM] Tokenized sequence lengths: [1024, 1024, 1024, 1024]
[DataCollatorForCDSMaskedLM] Tokenized sequence lengths: [1024, 1024, 1024, 1024]
[DataCollatorForCDSMaskedLM] Tokenized sequence lengths: [195, 195, 195, 195]
[DataCollatorForCDSMaskedLM] Tokenized sequence lengths: [720, 720, 720, 720]
[DataCollatorForCDSMaskedLM] Tokenized sequence lengths: [108, 108, 108, 108]
[DataCollatorForCDSMaskedLM] Tokenized sequence lengths: [232, 232, 232, 232]
[DataCollatorForCDSMaskedLM] Tokenized sequence lengths: [382, 382, 382, 382]
[DataCollatorForCDSMaskedLM] Tokenized sequence lengths: [153, 153, 153, 153]
[DataCollatorForCDSMaskedLM] Tokenized sequence lengths: [364, 364, 364, 364]
[DataCollatorForCDSMaskedLM] Tokenized sequence lengths: [201, 201, 201, 201]
[DataCollatorForCDSMaskedLM] Tokenized sequence lengths: [372, 372, 372, 372]
[DataCollatorForCDSMaskedLM] Tokenized sequence lengths: [104, 104, 104, 104]
[DataCollatorForCDSMaskedLM] Tokenized sequence lengths: [739, 739, 739, 739]
[DataCollatorForCDSMaskedLM] Tokenized sequence lengths: [165, 165, 165, 165]
[DataCollatorForCDSMaskedLM] Tokenized sequence lengths: [512, 512, 512, 512]
[DataCollatorForCDSMaskedLM] Tokenized sequence lengths: [73, 73, 73, 73]
[DataCollatorForCDSMaskedLM] Tokenized sequence lengths: [472, 472, 472, 472]
[DataCollatorForCDSMaskedLM] Tokenized sequence lengths: [264, 264, 264, 264]
[DataCollatorForCDSMaskedLM] Tokenized sequence lengths: [125, 125, 125, 125]
{'loss': 6.599, 'learning_rate': 0.0004975515463917526, 'epoch': 0.0}
[DataCollatorForCDSMaskedLM] Tokenized sequence lengths: [115, 115, 115, 115]
[DataCollatorForCDSMaskedLM] Tokenized sequence lengths: [150, 150, 150, 150]
[DataCollatorForCDSMaskedLM] Tokenized sequence lengths: [965, 965, 965, 965]
[DataCollatorForCDSMaskedLM] Tokenized sequence lengths: [1024, 1024, 1024, 1024]
