ERROR: Unable to locate a modulefile for 'anaconda3/2022.05'
ERROR: Unable to locate a modulefile for 'profile/deeplrn'
Loading cuda/11.8.0-none-none
  ERROR: Conflicting cuda is loaded
03/12/2026 10:50:53 - WARNING - graph_enc.src.model.run_mlm - Process rank: 1, device: cuda:1, n_gpu: 1distributed training: True, 16-bits training: False
03/12/2026 10:50:53 - WARNING - graph_enc.src.model.run_mlm - Process rank: 0, device: cuda:0, n_gpu: 1distributed training: True, 16-bits training: False
03/12/2026 10:50:53 - INFO - graph_enc.src.model.run_mlm - Training/evaluation parameters TrainingArguments(
_n_gpu=1,
adafactor=False,
adam_beta1=0.9,
adam_beta2=0.98,
adam_epsilon=1e-06,
auto_find_batch_size=False,
bf16=False,
bf16_full_eval=False,
data_seed=None,
dataloader_drop_last=False,
dataloader_num_workers=0,
dataloader_pin_memory=True,
ddp_backend=None,
ddp_bucket_cap_mb=None,
ddp_find_unused_parameters=None,
ddp_timeout=1800,
debug=[],
deepspeed=None,
disable_tqdm=False,
do_eval=True,
do_predict=False,
do_train=True,
eval_accumulation_steps=None,
eval_delay=0,
eval_steps=None,
evaluation_strategy=epoch,
fp16=False,
fp16_backend=auto,
fp16_full_eval=False,
fp16_opt_level=O1,
fsdp=[],
fsdp_config={'fsdp_min_num_params': 0, 'xla': False, 'xla_fsdp_grad_ckpt': False},
fsdp_min_num_params=0,
fsdp_transformer_layer_cls_to_wrap=None,
full_determinism=False,
gradient_accumulation_steps=1,
gradient_checkpointing=False,
greater_is_better=None,
group_by_length=False,
half_precision_backend=auto,
hub_model_id=None,
hub_private_repo=False,
hub_strategy=every_save,
hub_token=<HUB_TOKEN>,
ignore_data_skip=False,
include_inputs_for_metrics=False,
jit_mode_eval=False,
label_names=None,
label_smoothing_factor=0.0,
learning_rate=0.0005,
length_column_name=length,
load_best_model_at_end=False,
local_rank=0,
log_level=passive,
log_level_replica=warning,
log_on_each_node=True,
logging_dir=/work/tesi_fgaragnani/checkpoints/ai4bio/dnabert2_cs/runs/Mar12_10-50-53_gervasoni,
logging_first_step=True,
logging_nan_inf_filter=True,
logging_steps=10,
logging_strategy=steps,
lr_scheduler_type=linear,
max_grad_norm=1.0,
max_steps=20000,
metric_for_best_model=None,
mp_parameters=,
no_cuda=False,
num_train_epochs=3.0,
optim=adamw_hf,
optim_args=None,
output_dir=/work/tesi_fgaragnani/checkpoints/ai4bio/dnabert2_cs,
overwrite_output_dir=True,
past_index=-1,
per_device_eval_batch_size=16,
per_device_train_batch_size=16,
prediction_loss_only=False,
push_to_hub=False,
push_to_hub_model_id=None,
push_to_hub_organization=None,
push_to_hub_token=<PUSH_TO_HUB_TOKEN>,
ray_scope=last,
remove_unused_columns=True,
report_to=[],
resume_from_checkpoint=None,
run_name=/work/tesi_fgaragnani/checkpoints/ai4bio/dnabert2_cs,
save_on_each_node=False,
save_safetensors=False,
save_steps=2000,
save_strategy=steps,
save_total_limit=None,
seed=42,
sharded_ddp=[],
skip_memory_metrics=True,
tf32=None,
torch_compile=False,
torch_compile_backend=None,
torch_compile_mode=None,
torchdynamo=None,
tpu_metrics_debug=False,
tpu_num_cores=None,
use_ipex=False,
use_legacy_prediction_loop=False,
use_mps_device=False,
warmup_ratio=0.0,
warmup_steps=600,
weight_decay=1e-05,
xpu_backend=None,
)
[Info] Computed num_train_epochs=1 (steps_per_epoch=265332, effective_batch_size=32, world_size=2)
03/12/2026 10:52:05 - INFO - graph_enc.src.model.run_mlm - Vocabulary size: 4096
03/12/2026 10:52:05 - INFO - graph_enc.src.model.run_mlm - Training new model from scratch
[Info] Computed num_train_epochs=1 (steps_per_epoch=265332, effective_batch_size=32, world_size=2)
{'loss': 8.4835, 'learning_rate': 8.333333333333334e-07, 'epoch': 0.0}
{'loss': 8.3956, 'learning_rate': 8.333333333333334e-06, 'epoch': 0.0}
{'loss': 8.1767, 'learning_rate': 1.6666666666666667e-05, 'epoch': 0.0}
{'loss': 7.9546, 'learning_rate': 2.5e-05, 'epoch': 0.0}
{'loss': 7.8095, 'learning_rate': 3.3333333333333335e-05, 'epoch': 0.0}
{'loss': 7.6345, 'learning_rate': 4.1666666666666665e-05, 'epoch': 0.0}
{'loss': 7.5237, 'learning_rate': 5e-05, 'epoch': 0.0}
{'loss': 7.3221, 'learning_rate': 5.833333333333333e-05, 'epoch': 0.0}
{'loss': 7.2308, 'learning_rate': 6.666666666666667e-05, 'epoch': 0.0}
{'loss': 7.0957, 'learning_rate': 7.5e-05, 'epoch': 0.0}
{'loss': 6.9324, 'learning_rate': 8.333333333333333e-05, 'epoch': 0.0}
{'loss': 6.9502, 'learning_rate': 9.166666666666667e-05, 'epoch': 0.0}
{'loss': 6.8381, 'learning_rate': 0.0001, 'epoch': 0.0}
{'loss': 6.8016, 'learning_rate': 0.00010833333333333334, 'epoch': 0.0}
{'loss': 6.6553, 'learning_rate': 0.00011666666666666667, 'epoch': 0.0}
{'loss': 6.722, 'learning_rate': 0.000125, 'epoch': 0.0}
{'loss': 6.7053, 'learning_rate': 0.00013333333333333334, 'epoch': 0.0}
{'loss': 6.619, 'learning_rate': 0.00014166666666666668, 'epoch': 0.0}
{'loss': 6.645, 'learning_rate': 0.00015, 'epoch': 0.0}
{'loss': 6.5989, 'learning_rate': 0.00015833333333333332, 'epoch': 0.0}
{'loss': 6.6029, 'learning_rate': 0.00016666666666666666, 'epoch': 0.0}
{'loss': 6.5434, 'learning_rate': 0.000175, 'epoch': 0.0}
{'loss': 6.5329, 'learning_rate': 0.00018333333333333334, 'epoch': 0.0}
{'loss': 6.5541, 'learning_rate': 0.00019166666666666667, 'epoch': 0.0}
{'loss': 6.4974, 'learning_rate': 0.0002, 'epoch': 0.0}
{'loss': 6.4764, 'learning_rate': 0.00020833333333333335, 'epoch': 0.0}
{'loss': 6.5223, 'learning_rate': 0.00021666666666666668, 'epoch': 0.0}
{'loss': 6.4318, 'learning_rate': 0.00022500000000000002, 'epoch': 0.0}
{'loss': 6.492, 'learning_rate': 0.00023333333333333333, 'epoch': 0.0}
{'loss': 6.4932, 'learning_rate': 0.00024166666666666667, 'epoch': 0.0}
{'loss': 6.484, 'learning_rate': 0.00025, 'epoch': 0.0}
{'loss': 6.4636, 'learning_rate': 0.00025833333333333334, 'epoch': 0.0}
{'loss': 6.4443, 'learning_rate': 0.0002666666666666667, 'epoch': 0.0}
{'loss': 6.4652, 'learning_rate': 0.000275, 'epoch': 0.0}
{'loss': 6.4338, 'learning_rate': 0.00028333333333333335, 'epoch': 0.0}
{'loss': 6.4681, 'learning_rate': 0.0002916666666666667, 'epoch': 0.0}
{'loss': 6.4535, 'learning_rate': 0.0003, 'epoch': 0.0}
{'loss': 6.4423, 'learning_rate': 0.00030833333333333337, 'epoch': 0.0}
{'loss': 6.4434, 'learning_rate': 0.00031666666666666665, 'epoch': 0.0}
{'loss': 6.4467, 'learning_rate': 0.00032500000000000004, 'epoch': 0.0}
{'loss': 6.5011, 'learning_rate': 0.0003333333333333333, 'epoch': 0.0}
{'loss': 6.4376, 'learning_rate': 0.00034166666666666666, 'epoch': 0.0}
{'loss': 6.438, 'learning_rate': 0.00035, 'epoch': 0.0}
{'loss': 6.4153, 'learning_rate': 0.00035833333333333333, 'epoch': 0.0}
{'loss': 6.5462, 'learning_rate': 0.00036666666666666667, 'epoch': 0.0}
{'loss': 6.4219, 'learning_rate': 0.000375, 'epoch': 0.0}
{'loss': 6.402, 'learning_rate': 0.00038333333333333334, 'epoch': 0.0}
{'loss': 6.3672, 'learning_rate': 0.0003916666666666667, 'epoch': 0.0}
{'loss': 6.4652, 'learning_rate': 0.0004, 'epoch': 0.0}
{'loss': 6.4894, 'learning_rate': 0.00040833333333333336, 'epoch': 0.0}
{'loss': 6.4508, 'learning_rate': 0.0004166666666666667, 'epoch': 0.0}
{'loss': 6.403, 'learning_rate': 0.000425, 'epoch': 0.0}
{'loss': 6.3956, 'learning_rate': 0.00043333333333333337, 'epoch': 0.0}
{'loss': 6.4125, 'learning_rate': 0.00044166666666666665, 'epoch': 0.0}
{'loss': 6.3478, 'learning_rate': 0.00045000000000000004, 'epoch': 0.0}
{'loss': 6.3954, 'learning_rate': 0.0004583333333333333, 'epoch': 0.0}
{'loss': 6.4757, 'learning_rate': 0.00046666666666666666, 'epoch': 0.0}
{'loss': 6.4507, 'learning_rate': 0.000475, 'epoch': 0.0}
{'loss': 6.4645, 'learning_rate': 0.00048333333333333334, 'epoch': 0.0}
{'loss': 6.4732, 'learning_rate': 0.0004916666666666666, 'epoch': 0.0}
{'loss': 6.3986, 'learning_rate': 0.0005, 'epoch': 0.0}
{'loss': 6.4561, 'learning_rate': 0.0004997422680412372, 'epoch': 0.0}
{'loss': 6.4351, 'learning_rate': 0.0004994845360824742, 'epoch': 0.0}
{'loss': 6.3955, 'learning_rate': 0.0004992268041237114, 'epoch': 0.0}
{'loss': 6.4657, 'learning_rate': 0.0004989690721649484, 'epoch': 0.0}
{'loss': 6.4014, 'learning_rate': 0.0004987113402061856, 'epoch': 0.0}
{'loss': 6.4183, 'learning_rate': 0.0004984536082474227, 'epoch': 0.0}
{'loss': 6.4539, 'learning_rate': 0.0004981958762886598, 'epoch': 0.0}
{'loss': 6.5018, 'learning_rate': 0.000497938144329897, 'epoch': 0.0}
{'loss': 6.4117, 'learning_rate': 0.000497680412371134, 'epoch': 0.0}
{'loss': 6.5011, 'learning_rate': 0.0004974226804123712, 'epoch': 0.0}
{'loss': 6.3566, 'learning_rate': 0.0004971649484536083, 'epoch': 0.0}
{'loss': 6.4234, 'learning_rate': 0.0004969072164948454, 'epoch': 0.0}
{'loss': 6.4746, 'learning_rate': 0.0004966494845360825, 'epoch': 0.0}
{'loss': 6.3864, 'learning_rate': 0.0004963917525773196, 'epoch': 0.0}
{'loss': 6.3765, 'learning_rate': 0.0004961340206185567, 'epoch': 0.0}
{'loss': 6.4159, 'learning_rate': 0.0004958762886597938, 'epoch': 0.0}
{'loss': 6.4515, 'learning_rate': 0.000495618556701031, 'epoch': 0.0}
{'loss': 6.4973, 'learning_rate': 0.0004953608247422681, 'epoch': 0.0}
{'loss': 6.4112, 'learning_rate': 0.0004951030927835052, 'epoch': 0.0}
{'loss': 6.4464, 'learning_rate': 0.0004948453608247423, 'epoch': 0.0}
{'loss': 6.4023, 'learning_rate': 0.0004945876288659794, 'epoch': 0.0}
{'loss': 6.4336, 'learning_rate': 0.0004943298969072165, 'epoch': 0.0}
{'loss': 6.435, 'learning_rate': 0.0004940721649484537, 'epoch': 0.0}
{'loss': 6.433, 'learning_rate': 0.0004938144329896907, 'epoch': 0.0}
{'loss': 6.3844, 'learning_rate': 0.0004935567010309279, 'epoch': 0.0}
{'loss': 6.564, 'learning_rate': 0.0004932989690721649, 'epoch': 0.0}
{'loss': 6.4841, 'learning_rate': 0.0004930412371134021, 'epoch': 0.0}
{'loss': 6.405, 'learning_rate': 0.0004927835051546393, 'epoch': 0.0}
{'loss': 6.3881, 'learning_rate': 0.0004925257731958763, 'epoch': 0.0}
{'loss': 6.4788, 'learning_rate': 0.0004922680412371135, 'epoch': 0.0}
{'loss': 6.4911, 'learning_rate': 0.0004920103092783505, 'epoch': 0.0}
{'loss': 6.4807, 'learning_rate': 0.0004917525773195876, 'epoch': 0.0}
{'loss': 6.3625, 'learning_rate': 0.0004914948453608247, 'epoch': 0.0}
{'loss': 6.4885, 'learning_rate': 0.0004912371134020619, 'epoch': 0.0}
{'loss': 6.3868, 'learning_rate': 0.0004909793814432989, 'epoch': 0.0}
{'loss': 6.4156, 'learning_rate': 0.0004907216494845361, 'epoch': 0.0}
{'loss': 6.4696, 'learning_rate': 0.0004904639175257731, 'epoch': 0.0}
{'loss': 6.3449, 'learning_rate': 0.0004902061855670103, 'epoch': 0.0}
{'loss': 6.4222, 'learning_rate': 0.0004899484536082475, 'epoch': 0.0}
{'loss': 6.4267, 'learning_rate': 0.0004896907216494845, 'epoch': 0.0}
{'loss': 6.5848, 'learning_rate': 0.0004894329896907217, 'epoch': 0.0}
{'loss': 6.4695, 'learning_rate': 0.0004891752577319587, 'epoch': 0.0}
{'loss': 6.5519, 'learning_rate': 0.0004889175257731959, 'epoch': 0.0}
{'loss': 6.4426, 'learning_rate': 0.000488659793814433, 'epoch': 0.0}
{'loss': 6.4531, 'learning_rate': 0.0004884020618556701, 'epoch': 0.0}
{'loss': 6.4459, 'learning_rate': 0.0004881443298969072, 'epoch': 0.0}
{'loss': 6.5194, 'learning_rate': 0.00048788659793814435, 'epoch': 0.0}
{'loss': 6.5107, 'learning_rate': 0.00048762886597938145, 'epoch': 0.0}
{'loss': 6.4888, 'learning_rate': 0.00048737113402061856, 'epoch': 0.0}
{'loss': 6.4158, 'learning_rate': 0.00048711340206185566, 'epoch': 0.0}
{'loss': 6.4893, 'learning_rate': 0.00048685567010309277, 'epoch': 0.0}
{'loss': 6.4776, 'learning_rate': 0.0004865979381443299, 'epoch': 0.0}
{'loss': 6.4589, 'learning_rate': 0.00048634020618556703, 'epoch': 0.0}
{'loss': 6.5818, 'learning_rate': 0.00048608247422680413, 'epoch': 0.0}
{'loss': 6.5231, 'learning_rate': 0.00048582474226804124, 'epoch': 0.0}
{'loss': 6.546, 'learning_rate': 0.00048556701030927834, 'epoch': 0.0}
{'loss': 6.509, 'learning_rate': 0.00048530927835051545, 'epoch': 0.0}
{'loss': 6.4852, 'learning_rate': 0.0004850515463917526, 'epoch': 0.0}
{'loss': 6.4589, 'learning_rate': 0.0004847938144329897, 'epoch': 0.0}
{'loss': 6.528, 'learning_rate': 0.0004845360824742268, 'epoch': 0.0}
{'loss': 6.5365, 'learning_rate': 0.0004842783505154639, 'epoch': 0.0}
{'loss': 6.4598, 'learning_rate': 0.000484020618556701, 'epoch': 0.0}
{'loss': 6.4985, 'learning_rate': 0.0004837628865979382, 'epoch': 0.0}
{'loss': 6.4576, 'learning_rate': 0.0004835051546391753, 'epoch': 0.0}
{'loss': 6.4149, 'learning_rate': 0.0004832474226804124, 'epoch': 0.0}
{'loss': 6.5392, 'learning_rate': 0.0004829896907216495, 'epoch': 0.0}
{'loss': 6.4889, 'learning_rate': 0.0004827319587628866, 'epoch': 0.0}
{'loss': 6.5609, 'learning_rate': 0.0004824742268041237, 'epoch': 0.0}
{'loss': 6.4971, 'learning_rate': 0.00048221649484536086, 'epoch': 0.0}
{'loss': 6.5099, 'learning_rate': 0.00048195876288659796, 'epoch': 0.0}
{'loss': 6.4456, 'learning_rate': 0.00048170103092783507, 'epoch': 0.0}
{'loss': 6.4105, 'learning_rate': 0.0004814432989690722, 'epoch': 0.0}
{'loss': 6.5139, 'learning_rate': 0.0004811855670103093, 'epoch': 0.01}
{'loss': 6.5187, 'learning_rate': 0.00048092783505154644, 'epoch': 0.01}
{'loss': 6.5389, 'learning_rate': 0.00048067010309278354, 'epoch': 0.01}
{'loss': 6.3453, 'learning_rate': 0.00048041237113402065, 'epoch': 0.01}
{'loss': 6.4767, 'learning_rate': 0.00048015463917525775, 'epoch': 0.01}
{'loss': 6.6256, 'learning_rate': 0.00047989690721649485, 'epoch': 0.01}
{'loss': 6.4835, 'learning_rate': 0.000479639175257732, 'epoch': 0.01}
{'loss': 6.4174, 'learning_rate': 0.0004793814432989691, 'epoch': 0.01}
{'loss': 6.4475, 'learning_rate': 0.0004791237113402062, 'epoch': 0.01}
{'loss': 6.4188, 'learning_rate': 0.0004788659793814433, 'epoch': 0.01}
{'loss': 6.5889, 'learning_rate': 0.00047860824742268043, 'epoch': 0.01}
{'loss': 6.4043, 'learning_rate': 0.00047835051546391753, 'epoch': 0.01}
{'loss': 6.5397, 'learning_rate': 0.0004780927835051547, 'epoch': 0.01}
{'loss': 6.5137, 'learning_rate': 0.0004778350515463918, 'epoch': 0.01}
{'loss': 6.6195, 'learning_rate': 0.0004775773195876289, 'epoch': 0.01}
{'loss': 6.6493, 'learning_rate': 0.000477319587628866, 'epoch': 0.01}
{'loss': 6.4998, 'learning_rate': 0.0004770618556701031, 'epoch': 0.01}
{'loss': 6.4891, 'learning_rate': 0.00047680412371134027, 'epoch': 0.01}
{'loss': 6.4971, 'learning_rate': 0.0004765463917525773, 'epoch': 0.01}
{'loss': 6.565, 'learning_rate': 0.0004762886597938144, 'epoch': 0.01}
{'loss': 6.4997, 'learning_rate': 0.00047603092783505153, 'epoch': 0.01}
{'loss': 6.5027, 'learning_rate': 0.00047577319587628863, 'epoch': 0.01}
{'loss': 6.5389, 'learning_rate': 0.00047551546391752574, 'epoch': 0.01}
{'loss': 6.5754, 'learning_rate': 0.0004752577319587629, 'epoch': 0.01}
{'loss': 6.5251, 'learning_rate': 0.000475, 'epoch': 0.01}
{'loss': 6.5264, 'learning_rate': 0.0004747422680412371, 'epoch': 0.01}
{'loss': 6.4929, 'learning_rate': 0.0004744845360824742, 'epoch': 0.01}
{'loss': 6.5895, 'learning_rate': 0.0004742268041237113, 'epoch': 0.01}
{'loss': 6.5992, 'learning_rate': 0.00047396907216494847, 'epoch': 0.01}
{'loss': 6.5636, 'learning_rate': 0.0004737113402061856, 'epoch': 0.01}
{'loss': 6.5579, 'learning_rate': 0.0004734536082474227, 'epoch': 0.01}
{'loss': 6.5578, 'learning_rate': 0.0004731958762886598, 'epoch': 0.01}
{'loss': 6.6125, 'learning_rate': 0.0004729381443298969, 'epoch': 0.01}
{'loss': 6.5632, 'learning_rate': 0.000472680412371134, 'epoch': 0.01}
{'loss': 6.566, 'learning_rate': 0.00047242268041237115, 'epoch': 0.01}
{'loss': 6.5423, 'learning_rate': 0.00047216494845360826, 'epoch': 0.01}
{'loss': 6.5697, 'learning_rate': 0.00047190721649484536, 'epoch': 0.01}
{'loss': 6.5406, 'learning_rate': 0.00047164948453608246, 'epoch': 0.01}
{'loss': 6.6009, 'learning_rate': 0.00047139175257731957, 'epoch': 0.01}
{'loss': 6.5232, 'learning_rate': 0.0004711340206185567, 'epoch': 0.01}
{'loss': 6.5471, 'learning_rate': 0.00047087628865979383, 'epoch': 0.01}
{'loss': 6.6039, 'learning_rate': 0.00047061855670103094, 'epoch': 0.01}
{'loss': 6.5588, 'learning_rate': 0.00047036082474226804, 'epoch': 0.01}
{'loss': 6.5627, 'learning_rate': 0.00047010309278350514, 'epoch': 0.01}
{'loss': 6.6065, 'learning_rate': 0.00046984536082474225, 'epoch': 0.01}
{'loss': 6.6008, 'learning_rate': 0.0004695876288659794, 'epoch': 0.01}
{'loss': 6.5641, 'learning_rate': 0.0004693298969072165, 'epoch': 0.01}
{'loss': 6.7014, 'learning_rate': 0.0004690721649484536, 'epoch': 0.01}
{'loss': 6.5494, 'learning_rate': 0.0004688144329896907, 'epoch': 0.01}
{'loss': 6.7302, 'learning_rate': 0.0004685567010309278, 'epoch': 0.01}
{'loss': 6.6483, 'learning_rate': 0.000468298969072165, 'epoch': 0.01}
{'loss': 6.6254, 'learning_rate': 0.0004680412371134021, 'epoch': 0.01}
{'loss': 6.7509, 'learning_rate': 0.0004677835051546392, 'epoch': 0.01}
{'loss': 6.6788, 'learning_rate': 0.0004675257731958763, 'epoch': 0.01}
{'loss': 6.5154, 'learning_rate': 0.0004672680412371134, 'epoch': 0.01}
{'loss': 6.5991, 'learning_rate': 0.0004670103092783505, 'epoch': 0.01}
{'loss': 6.6131, 'learning_rate': 0.00046675257731958766, 'epoch': 0.01}
{'loss': 6.6065, 'learning_rate': 0.00046649484536082477, 'epoch': 0.01}
{'loss': 6.5788, 'learning_rate': 0.00046623711340206187, 'epoch': 0.01}
{'loss': 6.6877, 'learning_rate': 0.000465979381443299, 'epoch': 0.01}
{'loss': 6.5487, 'learning_rate': 0.0004657216494845361, 'epoch': 0.01}
{'loss': 6.5916, 'learning_rate': 0.00046546391752577324, 'epoch': 0.01}
{'loss': 6.7464, 'learning_rate': 0.00046520618556701034, 'epoch': 0.01}
{'loss': 6.5422, 'learning_rate': 0.00046494845360824745, 'epoch': 0.01}
{'loss': 6.6075, 'learning_rate': 0.00046469072164948455, 'epoch': 0.01}
{'loss': 6.5437, 'learning_rate': 0.00046443298969072166, 'epoch': 0.01}
{'loss': 6.6936, 'learning_rate': 0.0004641752577319588, 'epoch': 0.01}
{'loss': 6.6142, 'learning_rate': 0.0004639175257731959, 'epoch': 0.01}
{'loss': 6.6401, 'learning_rate': 0.000463659793814433, 'epoch': 0.01}
{'loss': 6.7889, 'learning_rate': 0.00046340206185567013, 'epoch': 0.01}
{'loss': 6.539, 'learning_rate': 0.00046314432989690723, 'epoch': 0.01}
{'loss': 6.7563, 'learning_rate': 0.00046288659793814434, 'epoch': 0.01}
{'loss': 6.7872, 'learning_rate': 0.0004626288659793815, 'epoch': 0.01}
{'loss': 6.7764, 'learning_rate': 0.0004623711340206186, 'epoch': 0.01}
{'loss': 6.664, 'learning_rate': 0.0004621134020618557, 'epoch': 0.01}
{'loss': 6.6608, 'learning_rate': 0.0004618556701030928, 'epoch': 0.01}
{'loss': 6.7792, 'learning_rate': 0.0004615979381443299, 'epoch': 0.01}
{'loss': 6.6994, 'learning_rate': 0.00046134020618556707, 'epoch': 0.01}
{'loss': 6.7089, 'learning_rate': 0.0004610824742268042, 'epoch': 0.01}
{'loss': 6.7725, 'learning_rate': 0.0004608247422680412, 'epoch': 0.01}
{'loss': 6.7164, 'learning_rate': 0.00046056701030927833, 'epoch': 0.01}
{'loss': 6.7375, 'learning_rate': 0.00046030927835051543, 'epoch': 0.01}
{'loss': 6.8451, 'learning_rate': 0.00046005154639175254, 'epoch': 0.01}
{'loss': 6.7908, 'learning_rate': 0.0004597938144329897, 'epoch': 0.01}
{'loss': 6.7794, 'learning_rate': 0.0004595360824742268, 'epoch': 0.01}
{'loss': 6.8039, 'learning_rate': 0.0004592783505154639, 'epoch': 0.01}
{'loss': 6.7658, 'learning_rate': 0.000459020618556701, 'epoch': 0.01}
{'loss': 7.0491, 'learning_rate': 0.0004587628865979381, 'epoch': 0.01}
{'loss': 6.9949, 'learning_rate': 0.0004585051546391753, 'epoch': 0.01}
{'loss': 6.8962, 'learning_rate': 0.0004582474226804124, 'epoch': 0.01}
{'loss': 6.8938, 'learning_rate': 0.0004579896907216495, 'epoch': 0.01}
{'loss': 6.8694, 'learning_rate': 0.0004577319587628866, 'epoch': 0.01}
{'loss': 7.011, 'learning_rate': 0.0004574742268041237, 'epoch': 0.01}
{'loss': 6.9789, 'learning_rate': 0.0004572164948453608, 'epoch': 0.01}
{'loss': 6.9819, 'learning_rate': 0.00045695876288659795, 'epoch': 0.01}
{'loss': 6.9296, 'learning_rate': 0.00045670103092783506, 'epoch': 0.01}
{'loss': 6.9597, 'learning_rate': 0.00045644329896907216, 'epoch': 0.01}
{'loss': 6.9606, 'learning_rate': 0.00045618556701030927, 'epoch': 0.01}
{'loss': 6.9388, 'learning_rate': 0.00045592783505154637, 'epoch': 0.01}
{'loss': 6.9458, 'learning_rate': 0.00045567010309278353, 'epoch': 0.01}
{'loss': 6.9435, 'learning_rate': 0.00045541237113402063, 'epoch': 0.01}
{'loss': 6.9356, 'learning_rate': 0.00045515463917525774, 'epoch': 0.01}
{'loss': 6.9144, 'learning_rate': 0.00045489690721649484, 'epoch': 0.01}
{'loss': 6.9645, 'learning_rate': 0.00045463917525773195, 'epoch': 0.01}
{'loss': 7.0292, 'learning_rate': 0.00045438144329896905, 'epoch': 0.01}
{'loss': 6.9707, 'learning_rate': 0.0004541237113402062, 'epoch': 0.01}
{'loss': 6.9625, 'learning_rate': 0.0004538659793814433, 'epoch': 0.01}
{'loss': 6.9399, 'learning_rate': 0.0004536082474226804, 'epoch': 0.01}
{'loss': 6.9566, 'learning_rate': 0.0004533505154639175, 'epoch': 0.01}
{'loss': 6.9377, 'learning_rate': 0.00045309278350515463, 'epoch': 0.01}
{'loss': 6.8574, 'learning_rate': 0.0004528350515463918, 'epoch': 0.01}
{'loss': 6.9728, 'learning_rate': 0.0004525773195876289, 'epoch': 0.01}
{'loss': 7.0139, 'learning_rate': 0.000452319587628866, 'epoch': 0.01}
{'loss': 6.9293, 'learning_rate': 0.0004520618556701031, 'epoch': 0.01}
{'loss': 6.9687, 'learning_rate': 0.0004518041237113402, 'epoch': 0.01}
{'loss': 6.9914, 'learning_rate': 0.00045154639175257736, 'epoch': 0.01}
{'loss': 6.9377, 'learning_rate': 0.00045128865979381447, 'epoch': 0.01}
{'loss': 6.9496, 'learning_rate': 0.00045103092783505157, 'epoch': 0.01}
{'loss': 6.9489, 'learning_rate': 0.0004507731958762887, 'epoch': 0.01}
{'loss': 6.9367, 'learning_rate': 0.0004505154639175258, 'epoch': 0.01}
{'loss': 6.9587, 'learning_rate': 0.0004502577319587629, 'epoch': 0.01}
{'loss': 6.9472, 'learning_rate': 0.00045000000000000004, 'epoch': 0.01}
{'loss': 6.9717, 'learning_rate': 0.00044974226804123715, 'epoch': 0.01}
{'loss': 6.9581, 'learning_rate': 0.00044948453608247425, 'epoch': 0.01}
{'loss': 6.9611, 'learning_rate': 0.00044922680412371135, 'epoch': 0.01}
{'loss': 6.9275, 'learning_rate': 0.00044896907216494846, 'epoch': 0.01}
{'loss': 6.9195, 'learning_rate': 0.0004487113402061856, 'epoch': 0.01}
{'loss': 6.9654, 'learning_rate': 0.0004484536082474227, 'epoch': 0.01}
{'loss': 6.9376, 'learning_rate': 0.0004481958762886598, 'epoch': 0.01}
{'loss': 6.946, 'learning_rate': 0.00044793814432989693, 'epoch': 0.01}
{'loss': 6.9707, 'learning_rate': 0.00044768041237113404, 'epoch': 0.01}
{'loss': 6.9208, 'learning_rate': 0.00044742268041237114, 'epoch': 0.01}
{'loss': 6.9227, 'learning_rate': 0.0004471649484536083, 'epoch': 0.01}
{'loss': 6.948, 'learning_rate': 0.0004469072164948454, 'epoch': 0.01}
{'loss': 6.91, 'learning_rate': 0.0004466494845360825, 'epoch': 0.01}
{'loss': 6.9925, 'learning_rate': 0.0004463917525773196, 'epoch': 0.01}
{'loss': 6.9508, 'learning_rate': 0.0004461340206185567, 'epoch': 0.01}
{'loss': 6.9567, 'learning_rate': 0.0004458762886597939, 'epoch': 0.01}
{'loss': 6.9416, 'learning_rate': 0.000445618556701031, 'epoch': 0.01}
{'loss': 6.944, 'learning_rate': 0.0004453608247422681, 'epoch': 0.01}
{'loss': 6.9163, 'learning_rate': 0.00044510309278350513, 'epoch': 0.01}
{'loss': 6.9464, 'learning_rate': 0.00044484536082474224, 'epoch': 0.01}
{'loss': 6.9842, 'learning_rate': 0.00044458762886597934, 'epoch': 0.01}
{'loss': 6.9417, 'learning_rate': 0.0004443298969072165, 'epoch': 0.01}
{'loss': 6.9555, 'learning_rate': 0.0004440721649484536, 'epoch': 0.01}
{'loss': 6.9279, 'learning_rate': 0.0004438144329896907, 'epoch': 0.01}
{'loss': 6.9724, 'learning_rate': 0.0004435567010309278, 'epoch': 0.01}
{'loss': 6.9458, 'learning_rate': 0.0004432989690721649, 'epoch': 0.01}
{'loss': 6.9788, 'learning_rate': 0.0004430412371134021, 'epoch': 0.01}
{'loss': 6.9423, 'learning_rate': 0.0004427835051546392, 'epoch': 0.01}
{'loss': 6.9786, 'learning_rate': 0.0004425257731958763, 'epoch': 0.01}
{'loss': 6.8896, 'learning_rate': 0.0004422680412371134, 'epoch': 0.01}
{'loss': 6.9292, 'learning_rate': 0.0004420103092783505, 'epoch': 0.01}
{'loss': 6.9136, 'learning_rate': 0.0004417525773195876, 'epoch': 0.01}
{'loss': 6.9936, 'learning_rate': 0.00044149484536082476, 'epoch': 0.01}
{'loss': 6.9561, 'learning_rate': 0.00044123711340206186, 'epoch': 0.01}
{'loss': 6.8998, 'learning_rate': 0.00044097938144329896, 'epoch': 0.01}
{'loss': 6.9892, 'learning_rate': 0.00044072164948453607, 'epoch': 0.01}
{'loss': 6.9193, 'learning_rate': 0.0004404639175257732, 'epoch': 0.01}
{'loss': 6.9399, 'learning_rate': 0.00044020618556701033, 'epoch': 0.01}
{'loss': 6.9243, 'learning_rate': 0.00043994845360824744, 'epoch': 0.01}
{'loss': 6.9376, 'learning_rate': 0.00043969072164948454, 'epoch': 0.01}
{'loss': 6.9445, 'learning_rate': 0.00043943298969072165, 'epoch': 0.01}
{'loss': 6.9678, 'learning_rate': 0.00043917525773195875, 'epoch': 0.01}
{'loss': 6.9797, 'learning_rate': 0.00043891752577319585, 'epoch': 0.01}
{'loss': 6.9859, 'learning_rate': 0.000438659793814433, 'epoch': 0.01}
{'loss': 6.98, 'learning_rate': 0.0004384020618556701, 'epoch': 0.01}
{'loss': 6.9643, 'learning_rate': 0.0004381443298969072, 'epoch': 0.01}
{'loss': 6.9654, 'learning_rate': 0.0004378865979381443, 'epoch': 0.01}
{'loss': 6.9394, 'learning_rate': 0.00043762886597938143, 'epoch': 0.01}
{'loss': 6.9545, 'learning_rate': 0.0004373711340206186, 'epoch': 0.01}
{'loss': 6.966, 'learning_rate': 0.0004371134020618557, 'epoch': 0.01}
{'loss': 6.9162, 'learning_rate': 0.0004368556701030928, 'epoch': 0.01}
{'loss': 6.9313, 'learning_rate': 0.0004365979381443299, 'epoch': 0.01}
{'loss': 6.9735, 'learning_rate': 0.000436340206185567, 'epoch': 0.01}
{'loss': 6.9561, 'learning_rate': 0.00043608247422680416, 'epoch': 0.01}
{'loss': 6.9611, 'learning_rate': 0.00043582474226804127, 'epoch': 0.01}
{'loss': 6.89, 'learning_rate': 0.0004355670103092784, 'epoch': 0.01}
{'loss': 6.9769, 'learning_rate': 0.0004353092783505155, 'epoch': 0.01}
{'loss': 6.9223, 'learning_rate': 0.0004350515463917526, 'epoch': 0.01}
{'loss': 6.942, 'learning_rate': 0.0004347938144329897, 'epoch': 0.01}
{'loss': 6.9555, 'learning_rate': 0.00043453608247422684, 'epoch': 0.01}
{'loss': 6.9565, 'learning_rate': 0.00043427835051546395, 'epoch': 0.01}
{'loss': 6.9459, 'learning_rate': 0.00043402061855670105, 'epoch': 0.01}
{'loss': 6.9035, 'learning_rate': 0.00043376288659793816, 'epoch': 0.01}
{'loss': 6.9436, 'learning_rate': 0.00043350515463917526, 'epoch': 0.01}
{'loss': 6.9402, 'learning_rate': 0.0004332474226804124, 'epoch': 0.01}
{'loss': 6.9375, 'learning_rate': 0.0004329896907216495, 'epoch': 0.01}
{'loss': 6.9326, 'learning_rate': 0.00043273195876288663, 'epoch': 0.01}
{'loss': 6.9307, 'learning_rate': 0.00043247422680412373, 'epoch': 0.01}
{'loss': 6.9198, 'learning_rate': 0.00043221649484536084, 'epoch': 0.01}
{'loss': 6.9244, 'learning_rate': 0.00043195876288659794, 'epoch': 0.01}
{'loss': 6.9257, 'learning_rate': 0.0004317010309278351, 'epoch': 0.01}
{'loss': 6.9298, 'learning_rate': 0.0004314432989690722, 'epoch': 0.01}
{'loss': 6.933, 'learning_rate': 0.0004311855670103093, 'epoch': 0.01}
{'loss': 6.9117, 'learning_rate': 0.0004309278350515464, 'epoch': 0.01}
{'loss': 6.9353, 'learning_rate': 0.0004306701030927835, 'epoch': 0.01}
{'loss': 6.92, 'learning_rate': 0.0004304123711340207, 'epoch': 0.01}
{'loss': 6.9286, 'learning_rate': 0.0004301546391752578, 'epoch': 0.01}
{'loss': 6.9599, 'learning_rate': 0.0004298969072164949, 'epoch': 0.01}
{'loss': 6.9054, 'learning_rate': 0.00042963917525773194, 'epoch': 0.01}
{'loss': 6.9457, 'learning_rate': 0.00042938144329896904, 'epoch': 0.01}
{'loss': 6.9317, 'learning_rate': 0.00042912371134020614, 'epoch': 0.01}
{'loss': 6.8946, 'learning_rate': 0.0004288659793814433, 'epoch': 0.01}
{'loss': 6.9451, 'learning_rate': 0.0004286082474226804, 'epoch': 0.01}
{'loss': 6.9193, 'learning_rate': 0.0004283505154639175, 'epoch': 0.01}
{'loss': 6.9476, 'learning_rate': 0.0004280927835051546, 'epoch': 0.01}
{'loss': 6.9317, 'learning_rate': 0.0004278350515463917, 'epoch': 0.01}
{'loss': 6.9729, 'learning_rate': 0.0004275773195876289, 'epoch': 0.01}
{'loss': 6.9006, 'learning_rate': 0.000427319587628866, 'epoch': 0.01}
{'loss': 6.912, 'learning_rate': 0.0004270618556701031, 'epoch': 0.01}
{'loss': 6.9482, 'learning_rate': 0.0004268041237113402, 'epoch': 0.01}
{'loss': 6.9218, 'learning_rate': 0.0004265463917525773, 'epoch': 0.01}
{'loss': 6.9822, 'learning_rate': 0.0004262886597938144, 'epoch': 0.01}
{'loss': 6.9049, 'learning_rate': 0.00042603092783505156, 'epoch': 0.01}
{'loss': 6.95, 'learning_rate': 0.00042577319587628866, 'epoch': 0.01}
{'loss': 6.8978, 'learning_rate': 0.00042551546391752577, 'epoch': 0.01}
{'loss': 6.8858, 'learning_rate': 0.00042525773195876287, 'epoch': 0.01}
{'loss': 6.93, 'learning_rate': 0.000425, 'epoch': 0.01}
{'loss': 6.9048, 'learning_rate': 0.00042474226804123713, 'epoch': 0.01}
{'loss': 6.9048, 'learning_rate': 0.00042448453608247424, 'epoch': 0.01}
{'loss': 6.961, 'learning_rate': 0.00042422680412371134, 'epoch': 0.01}
{'loss': 6.8914, 'learning_rate': 0.00042396907216494845, 'epoch': 0.01}
{'loss': 6.9045, 'learning_rate': 0.00042371134020618555, 'epoch': 0.01}
{'loss': 6.957, 'learning_rate': 0.00042345360824742266, 'epoch': 0.01}
{'loss': 6.9769, 'learning_rate': 0.0004231958762886598, 'epoch': 0.01}
{'loss': 6.9577, 'learning_rate': 0.0004229381443298969, 'epoch': 0.01}
{'loss': 6.908, 'learning_rate': 0.000422680412371134, 'epoch': 0.01}
{'loss': 6.9818, 'learning_rate': 0.00042242268041237113, 'epoch': 0.01}
{'loss': 6.938, 'learning_rate': 0.00042216494845360823, 'epoch': 0.01}
{'loss': 6.9139, 'learning_rate': 0.0004219072164948454, 'epoch': 0.01}
{'loss': 6.9222, 'learning_rate': 0.0004216494845360825, 'epoch': 0.01}
{'loss': 7.0007, 'learning_rate': 0.0004213917525773196, 'epoch': 0.01}
{'loss': 6.9216, 'learning_rate': 0.0004211340206185567, 'epoch': 0.01}
{'loss': 6.8998, 'learning_rate': 0.0004208762886597938, 'epoch': 0.01}
{'loss': 6.8986, 'learning_rate': 0.00042061855670103097, 'epoch': 0.01}
{'loss': 6.9468, 'learning_rate': 0.00042036082474226807, 'epoch': 0.01}
{'loss': 6.9596, 'learning_rate': 0.0004201030927835052, 'epoch': 0.01}
{'loss': 6.972, 'learning_rate': 0.0004198453608247423, 'epoch': 0.01}
{'loss': 6.9786, 'learning_rate': 0.0004195876288659794, 'epoch': 0.01}
{'loss': 6.887, 'learning_rate': 0.0004193298969072165, 'epoch': 0.01}
{'loss': 6.944, 'learning_rate': 0.00041907216494845365, 'epoch': 0.01}
{'loss': 6.9161, 'learning_rate': 0.00041881443298969075, 'epoch': 0.01}
{'loss': 6.9964, 'learning_rate': 0.00041855670103092786, 'epoch': 0.01}
{'loss': 6.9764, 'learning_rate': 0.00041829896907216496, 'epoch': 0.01}
{'loss': 6.9919, 'learning_rate': 0.00041804123711340206, 'epoch': 0.01}
{'loss': 6.9463, 'learning_rate': 0.0004177835051546392, 'epoch': 0.01}
{'loss': 6.9118, 'learning_rate': 0.00041752577319587633, 'epoch': 0.01}
{'loss': 6.9294, 'learning_rate': 0.00041726804123711343, 'epoch': 0.01}
{'loss': 6.9633, 'learning_rate': 0.00041701030927835054, 'epoch': 0.01}
{'loss': 6.9543, 'learning_rate': 0.00041675257731958764, 'epoch': 0.01}
{'loss': 6.8766, 'learning_rate': 0.00041649484536082474, 'epoch': 0.01}
{'loss': 6.9604, 'learning_rate': 0.0004162371134020619, 'epoch': 0.01}
{'loss': 6.9089, 'learning_rate': 0.000415979381443299, 'epoch': 0.01}
{'loss': 6.9668, 'learning_rate': 0.0004157216494845361, 'epoch': 0.01}
{'loss': 6.9138, 'learning_rate': 0.0004154639175257732, 'epoch': 0.01}
{'loss': 6.9507, 'learning_rate': 0.0004152061855670103, 'epoch': 0.01}
{'loss': 6.9536, 'learning_rate': 0.0004149484536082475, 'epoch': 0.01}
{'loss': 6.9147, 'learning_rate': 0.0004146907216494846, 'epoch': 0.01}
{'loss': 6.9962, 'learning_rate': 0.0004144329896907217, 'epoch': 0.01}
{'loss': 6.9644, 'learning_rate': 0.0004141752577319588, 'epoch': 0.01}
{'loss': 6.9437, 'learning_rate': 0.00041391752577319584, 'epoch': 0.01}
{'loss': 6.9676, 'learning_rate': 0.00041365979381443295, 'epoch': 0.01}
{'loss': 6.951, 'learning_rate': 0.0004134020618556701, 'epoch': 0.01}
{'loss': 6.9273, 'learning_rate': 0.0004131443298969072, 'epoch': 0.01}
{'loss': 6.9561, 'learning_rate': 0.0004128865979381443, 'epoch': 0.02}
{'loss': 6.9593, 'learning_rate': 0.0004126288659793814, 'epoch': 0.02}
{'loss': 6.9269, 'learning_rate': 0.0004123711340206185, 'epoch': 0.02}
{'loss': 6.9052, 'learning_rate': 0.0004121134020618557, 'epoch': 0.02}
{'loss': 6.9167, 'learning_rate': 0.0004118556701030928, 'epoch': 0.02}
{'loss': 6.9884, 'learning_rate': 0.0004115979381443299, 'epoch': 0.02}
{'loss': 6.968, 'learning_rate': 0.000411340206185567, 'epoch': 0.02}
{'loss': 6.9851, 'learning_rate': 0.0004110824742268041, 'epoch': 0.02}
{'loss': 6.9046, 'learning_rate': 0.0004108247422680412, 'epoch': 0.02}
{'loss': 6.993, 'learning_rate': 0.00041056701030927836, 'epoch': 0.02}
{'loss': 6.9407, 'learning_rate': 0.00041030927835051547, 'epoch': 0.02}
{'loss': 6.954, 'learning_rate': 0.00041005154639175257, 'epoch': 0.02}
{'loss': 6.9244, 'learning_rate': 0.0004097938144329897, 'epoch': 0.02}
{'loss': 6.9751, 'learning_rate': 0.0004095360824742268, 'epoch': 0.02}
{'loss': 6.9414, 'learning_rate': 0.00040927835051546394, 'epoch': 0.02}
{'loss': 6.9465, 'learning_rate': 0.00040902061855670104, 'epoch': 0.02}
{'loss': 6.9214, 'learning_rate': 0.00040876288659793815, 'epoch': 0.02}
{'loss': 6.9909, 'learning_rate': 0.00040850515463917525, 'epoch': 0.02}
{'loss': 6.9719, 'learning_rate': 0.00040824742268041235, 'epoch': 0.02}
{'loss': 6.9336, 'learning_rate': 0.0004079896907216495, 'epoch': 0.02}
{'loss': 7.019, 'learning_rate': 0.0004077319587628866, 'epoch': 0.02}
{'loss': 6.9596, 'learning_rate': 0.0004074742268041237, 'epoch': 0.02}
{'loss': 6.9512, 'learning_rate': 0.0004072164948453608, 'epoch': 0.02}
{'loss': 6.9263, 'learning_rate': 0.00040695876288659793, 'epoch': 0.02}
{'loss': 6.9809, 'learning_rate': 0.00040670103092783504, 'epoch': 0.02}
{'loss': 6.9436, 'learning_rate': 0.0004064432989690722, 'epoch': 0.02}
{'loss': 6.9492, 'learning_rate': 0.0004061855670103093, 'epoch': 0.02}
{'loss': 6.952, 'learning_rate': 0.0004059278350515464, 'epoch': 0.02}
{'loss': 6.98, 'learning_rate': 0.0004056701030927835, 'epoch': 0.02}
{'loss': 6.9961, 'learning_rate': 0.0004054123711340206, 'epoch': 0.02}
{'loss': 6.9195, 'learning_rate': 0.00040515463917525777, 'epoch': 0.02}
{'loss': 6.9075, 'learning_rate': 0.0004048969072164949, 'epoch': 0.02}
{'loss': 7.0037, 'learning_rate': 0.000404639175257732, 'epoch': 0.02}
{'loss': 6.9475, 'learning_rate': 0.0004043814432989691, 'epoch': 0.02}
{'loss': 6.9311, 'learning_rate': 0.0004041237113402062, 'epoch': 0.02}
{'loss': 6.9451, 'learning_rate': 0.0004038659793814433, 'epoch': 0.02}
{'loss': 6.9312, 'learning_rate': 0.00040360824742268045, 'epoch': 0.02}
{'loss': 6.9481, 'learning_rate': 0.00040335051546391755, 'epoch': 0.02}
{'loss': 6.9178, 'learning_rate': 0.00040309278350515466, 'epoch': 0.02}
{'loss': 6.9454, 'learning_rate': 0.00040283505154639176, 'epoch': 0.02}
{'loss': 6.8985, 'learning_rate': 0.00040257731958762887, 'epoch': 0.02}
{'loss': 6.9283, 'learning_rate': 0.000402319587628866, 'epoch': 0.02}
{'loss': 6.8867, 'learning_rate': 0.00040206185567010313, 'epoch': 0.02}
{'loss': 6.9483, 'learning_rate': 0.00040180412371134023, 'epoch': 0.02}
{'loss': 6.9247, 'learning_rate': 0.00040154639175257734, 'epoch': 0.02}
{'loss': 6.9382, 'learning_rate': 0.00040128865979381444, 'epoch': 0.02}
{'loss': 6.9597, 'learning_rate': 0.00040103092783505155, 'epoch': 0.02}
{'loss': 6.8883, 'learning_rate': 0.0004007731958762887, 'epoch': 0.02}
{'loss': 6.9745, 'learning_rate': 0.0004005154639175258, 'epoch': 0.02}
{'loss': 6.9087, 'learning_rate': 0.0004002577319587629, 'epoch': 0.02}
{'loss': 6.9221, 'learning_rate': 0.0004, 'epoch': 0.02}
{'loss': 6.938, 'learning_rate': 0.0003997422680412371, 'epoch': 0.02}
{'loss': 6.9442, 'learning_rate': 0.0003994845360824743, 'epoch': 0.02}
{'loss': 6.9434, 'learning_rate': 0.0003992268041237114, 'epoch': 0.02}
{'loss': 6.9486, 'learning_rate': 0.0003989690721649485, 'epoch': 0.02}
{'loss': 6.989, 'learning_rate': 0.0003987113402061856, 'epoch': 0.02}
{'loss': 6.9543, 'learning_rate': 0.0003984536082474227, 'epoch': 0.02}
{'loss': 6.9282, 'learning_rate': 0.00039819587628865975, 'epoch': 0.02}
{'loss': 6.9063, 'learning_rate': 0.0003979381443298969, 'epoch': 0.02}
{'loss': 6.9576, 'learning_rate': 0.000397680412371134, 'epoch': 0.02}
{'loss': 6.9644, 'learning_rate': 0.0003974226804123711, 'epoch': 0.02}
{'loss': 6.9454, 'learning_rate': 0.0003971649484536082, 'epoch': 0.02}
{'loss': 6.9467, 'learning_rate': 0.0003969072164948453, 'epoch': 0.02}
{'loss': 6.9814, 'learning_rate': 0.0003966494845360825, 'epoch': 0.02}
{'loss': 6.9164, 'learning_rate': 0.0003963917525773196, 'epoch': 0.02}
{'loss': 7.0226, 'learning_rate': 0.0003961340206185567, 'epoch': 0.02}
{'loss': 6.9247, 'learning_rate': 0.0003958762886597938, 'epoch': 0.02}
{'loss': 6.9453, 'learning_rate': 0.0003956185567010309, 'epoch': 0.02}
{'loss': 6.8877, 'learning_rate': 0.000395360824742268, 'epoch': 0.02}
{'loss': 6.9129, 'learning_rate': 0.00039510309278350516, 'epoch': 0.02}
{'loss': 6.903, 'learning_rate': 0.00039484536082474227, 'epoch': 0.02}
{'loss': 6.9019, 'learning_rate': 0.0003945876288659794, 'epoch': 0.02}
{'loss': 6.9917, 'learning_rate': 0.0003943298969072165, 'epoch': 0.02}
{'loss': 6.923, 'learning_rate': 0.0003940721649484536, 'epoch': 0.02}
{'loss': 6.9549, 'learning_rate': 0.00039381443298969074, 'epoch': 0.02}
{'loss': 6.9671, 'learning_rate': 0.00039355670103092784, 'epoch': 0.02}
{'loss': 6.9354, 'learning_rate': 0.00039329896907216495, 'epoch': 0.02}
{'loss': 6.934, 'learning_rate': 0.00039304123711340205, 'epoch': 0.02}
{'loss': 6.9137, 'learning_rate': 0.00039278350515463916, 'epoch': 0.02}
{'loss': 6.8844, 'learning_rate': 0.0003925257731958763, 'epoch': 0.02}
{'loss': 6.9637, 'learning_rate': 0.0003922680412371134, 'epoch': 0.02}
{'loss': 6.9688, 'learning_rate': 0.0003920103092783505, 'epoch': 0.02}
{'loss': 6.9061, 'learning_rate': 0.00039175257731958763, 'epoch': 0.02}
{'loss': 6.9577, 'learning_rate': 0.00039149484536082473, 'epoch': 0.02}
{'loss': 6.9708, 'learning_rate': 0.00039123711340206184, 'epoch': 0.02}
{'loss': 6.9217, 'learning_rate': 0.000390979381443299, 'epoch': 0.02}
{'loss': 6.9508, 'learning_rate': 0.0003907216494845361, 'epoch': 0.02}
{'loss': 6.9491, 'learning_rate': 0.0003904639175257732, 'epoch': 0.02}
{'loss': 6.9828, 'learning_rate': 0.0003902061855670103, 'epoch': 0.02}
{'loss': 6.9592, 'learning_rate': 0.0003899484536082474, 'epoch': 0.02}
{'loss': 6.9275, 'learning_rate': 0.00038969072164948457, 'epoch': 0.02}
{'loss': 6.9389, 'learning_rate': 0.0003894329896907217, 'epoch': 0.02}
{'loss': 7.0138, 'learning_rate': 0.0003891752577319588, 'epoch': 0.02}
{'loss': 6.918, 'learning_rate': 0.0003889175257731959, 'epoch': 0.02}
{'loss': 6.885, 'learning_rate': 0.000388659793814433, 'epoch': 0.02}
{'loss': 6.8882, 'learning_rate': 0.0003884020618556701, 'epoch': 0.02}
{'loss': 6.9694, 'learning_rate': 0.00038814432989690725, 'epoch': 0.02}
{'loss': 6.9624, 'learning_rate': 0.00038788659793814436, 'epoch': 0.02}
{'loss': 6.9052, 'learning_rate': 0.00038762886597938146, 'epoch': 0.02}
{'loss': 6.943, 'learning_rate': 0.00038737113402061857, 'epoch': 0.02}
{'loss': 6.9533, 'learning_rate': 0.00038711340206185567, 'epoch': 0.02}
{'loss': 6.9726, 'learning_rate': 0.00038685567010309283, 'epoch': 0.02}
{'loss': 6.9423, 'learning_rate': 0.00038659793814432993, 'epoch': 0.02}
{'loss': 6.9609, 'learning_rate': 0.00038634020618556704, 'epoch': 0.02}
{'loss': 6.909, 'learning_rate': 0.00038608247422680414, 'epoch': 0.02}
{'loss': 6.9188, 'learning_rate': 0.00038582474226804125, 'epoch': 0.02}
{'loss': 6.958, 'learning_rate': 0.00038556701030927835, 'epoch': 0.02}
{'loss': 6.9483, 'learning_rate': 0.0003853092783505155, 'epoch': 0.02}
{'loss': 6.9139, 'learning_rate': 0.0003850515463917526, 'epoch': 0.02}
{'loss': 6.9295, 'learning_rate': 0.0003847938144329897, 'epoch': 0.02}
{'loss': 6.9193, 'learning_rate': 0.0003845360824742268, 'epoch': 0.02}
{'loss': 6.9721, 'learning_rate': 0.0003842783505154639, 'epoch': 0.02}
{'loss': 6.9365, 'learning_rate': 0.0003840206185567011, 'epoch': 0.02}
{'loss': 6.8708, 'learning_rate': 0.0003837628865979382, 'epoch': 0.02}
{'loss': 6.9487, 'learning_rate': 0.0003835051546391753, 'epoch': 0.02}
{'loss': 6.9087, 'learning_rate': 0.0003832474226804124, 'epoch': 0.02}
{'loss': 6.9553, 'learning_rate': 0.0003829896907216495, 'epoch': 0.02}
{'loss': 6.9513, 'learning_rate': 0.00038273195876288655, 'epoch': 0.02}
{'loss': 6.9612, 'learning_rate': 0.0003824742268041237, 'epoch': 0.02}
{'loss': 6.8731, 'learning_rate': 0.0003822164948453608, 'epoch': 0.02}
{'loss': 7.0095, 'learning_rate': 0.0003819587628865979, 'epoch': 0.02}
{'loss': 6.9501, 'learning_rate': 0.000381701030927835, 'epoch': 0.02}
{'loss': 6.9708, 'learning_rate': 0.00038144329896907213, 'epoch': 0.02}
{'loss': 6.9819, 'learning_rate': 0.0003811855670103093, 'epoch': 0.02}
{'loss': 6.9434, 'learning_rate': 0.0003809278350515464, 'epoch': 0.02}
{'loss': 6.9777, 'learning_rate': 0.0003806701030927835, 'epoch': 0.02}
{'loss': 6.9539, 'learning_rate': 0.0003804123711340206, 'epoch': 0.02}
{'loss': 6.9969, 'learning_rate': 0.0003801546391752577, 'epoch': 0.02}
{'loss': 6.9314, 'learning_rate': 0.00037989690721649486, 'epoch': 0.02}
{'loss': 6.9833, 'learning_rate': 0.00037963917525773197, 'epoch': 0.02}
{'loss': 6.9338, 'learning_rate': 0.00037938144329896907, 'epoch': 0.02}
{'loss': 6.9446, 'learning_rate': 0.0003791237113402062, 'epoch': 0.02}
{'loss': 6.9517, 'learning_rate': 0.0003788659793814433, 'epoch': 0.02}
{'loss': 6.9531, 'learning_rate': 0.0003786082474226804, 'epoch': 0.02}
{'loss': 6.9166, 'learning_rate': 0.00037835051546391754, 'epoch': 0.02}
{'loss': 6.9133, 'learning_rate': 0.00037809278350515465, 'epoch': 0.02}
{'loss': 6.9386, 'learning_rate': 0.00037783505154639175, 'epoch': 0.02}
{'loss': 6.9191, 'learning_rate': 0.00037757731958762886, 'epoch': 0.02}
{'loss': 6.9202, 'learning_rate': 0.00037731958762886596, 'epoch': 0.02}
{'loss': 6.9208, 'learning_rate': 0.0003770618556701031, 'epoch': 0.02}
{'loss': 6.9666, 'learning_rate': 0.0003768041237113402, 'epoch': 0.02}
{'loss': 6.9513, 'learning_rate': 0.00037654639175257733, 'epoch': 0.02}
{'loss': 6.8737, 'learning_rate': 0.00037628865979381443, 'epoch': 0.02}
{'loss': 6.9466, 'learning_rate': 0.00037603092783505154, 'epoch': 0.02}
{'loss': 6.9113, 'learning_rate': 0.00037577319587628864, 'epoch': 0.02}
{'loss': 6.9439, 'learning_rate': 0.0003755154639175258, 'epoch': 0.02}
{'loss': 6.924, 'learning_rate': 0.0003752577319587629, 'epoch': 0.02}
{'loss': 6.9903, 'learning_rate': 0.000375, 'epoch': 0.02}
{'loss': 6.9128, 'learning_rate': 0.0003747422680412371, 'epoch': 0.02}
{'loss': 6.9408, 'learning_rate': 0.0003744845360824742, 'epoch': 0.02}
{'loss': 6.9379, 'learning_rate': 0.0003742268041237114, 'epoch': 0.02}
{'loss': 6.9311, 'learning_rate': 0.0003739690721649485, 'epoch': 0.02}
{'loss': 6.9668, 'learning_rate': 0.0003737113402061856, 'epoch': 0.02}
{'loss': 6.9261, 'learning_rate': 0.0003734536082474227, 'epoch': 0.02}
{'loss': 6.8928, 'learning_rate': 0.0003731958762886598, 'epoch': 0.02}
{'loss': 6.9322, 'learning_rate': 0.0003729381443298969, 'epoch': 0.02}
{'loss': 6.9094, 'learning_rate': 0.00037268041237113406, 'epoch': 0.02}
{'loss': 6.9765, 'learning_rate': 0.00037242268041237116, 'epoch': 0.02}
{'loss': 6.9143, 'learning_rate': 0.00037216494845360826, 'epoch': 0.02}
{'loss': 6.9665, 'learning_rate': 0.00037190721649484537, 'epoch': 0.02}
{'loss': 6.9545, 'learning_rate': 0.00037164948453608247, 'epoch': 0.02}
{'loss': 6.8819, 'learning_rate': 0.00037139175257731963, 'epoch': 0.02}
{'loss': 6.945, 'learning_rate': 0.00037113402061855674, 'epoch': 0.02}
{'loss': 6.8785, 'learning_rate': 0.00037087628865979384, 'epoch': 0.02}
{'loss': 6.89, 'learning_rate': 0.00037061855670103094, 'epoch': 0.02}
{'loss': 6.9043, 'learning_rate': 0.00037036082474226805, 'epoch': 0.02}
{'loss': 6.9246, 'learning_rate': 0.00037010309278350515, 'epoch': 0.02}
{'loss': 6.9457, 'learning_rate': 0.0003698453608247423, 'epoch': 0.02}
{'loss': 6.8903, 'learning_rate': 0.0003695876288659794, 'epoch': 0.02}
{'loss': 6.9489, 'learning_rate': 0.0003693298969072165, 'epoch': 0.02}
{'loss': 6.935, 'learning_rate': 0.0003690721649484536, 'epoch': 0.02}
{'loss': 6.9849, 'learning_rate': 0.00036881443298969073, 'epoch': 0.02}
{'loss': 6.9723, 'learning_rate': 0.0003685567010309279, 'epoch': 0.02}
{'loss': 6.9613, 'learning_rate': 0.000368298969072165, 'epoch': 0.02}
{'loss': 6.9618, 'learning_rate': 0.0003680412371134021, 'epoch': 0.02}
{'loss': 6.9355, 'learning_rate': 0.0003677835051546392, 'epoch': 0.02}
{'loss': 6.9665, 'learning_rate': 0.0003675257731958763, 'epoch': 0.02}
{'loss': 6.9578, 'learning_rate': 0.00036726804123711346, 'epoch': 0.02}
{'loss': 6.9322, 'learning_rate': 0.0003670103092783505, 'epoch': 0.02}
{'loss': 6.8927, 'learning_rate': 0.0003667525773195876, 'epoch': 0.02}
{'loss': 6.9075, 'learning_rate': 0.0003664948453608247, 'epoch': 0.02}
{'loss': 6.9746, 'learning_rate': 0.0003662371134020618, 'epoch': 0.02}
{'loss': 6.9424, 'learning_rate': 0.00036597938144329893, 'epoch': 0.02}
{'loss': 6.8928, 'learning_rate': 0.0003657216494845361, 'epoch': 0.02}
{'loss': 6.9202, 'learning_rate': 0.0003654639175257732, 'epoch': 0.02}
{'loss': 6.9436, 'learning_rate': 0.0003652061855670103, 'epoch': 0.02}
{'loss': 6.9417, 'learning_rate': 0.0003649484536082474, 'epoch': 0.02}
{'loss': 6.9571, 'learning_rate': 0.0003646907216494845, 'epoch': 0.02}
{'loss': 6.9509, 'learning_rate': 0.00036443298969072167, 'epoch': 0.02}
{'loss': 6.9073, 'learning_rate': 0.00036417525773195877, 'epoch': 0.02}
{'loss': 6.9241, 'learning_rate': 0.0003639175257731959, 'epoch': 0.02}
{'loss': 6.9458, 'learning_rate': 0.000363659793814433, 'epoch': 0.02}
{'loss': 6.9145, 'learning_rate': 0.0003634020618556701, 'epoch': 0.02}
{'loss': 6.9638, 'learning_rate': 0.0003631443298969072, 'epoch': 0.02}
{'loss': 6.9522, 'learning_rate': 0.00036288659793814435, 'epoch': 0.02}
{'loss': 6.9775, 'learning_rate': 0.00036262886597938145, 'epoch': 0.02}
{'loss': 6.9906, 'learning_rate': 0.00036237113402061855, 'epoch': 0.02}
{'loss': 6.9606, 'learning_rate': 0.00036211340206185566, 'epoch': 0.02}
{'loss': 6.908, 'learning_rate': 0.00036185567010309276, 'epoch': 0.02}
{'loss': 6.8969, 'learning_rate': 0.0003615979381443299, 'epoch': 0.02}
{'loss': 6.9228, 'learning_rate': 0.000361340206185567, 'epoch': 0.02}
{'loss': 6.9578, 'learning_rate': 0.00036108247422680413, 'epoch': 0.02}
{'loss': 6.9117, 'learning_rate': 0.00036082474226804123, 'epoch': 0.02}
{'loss': 6.9428, 'learning_rate': 0.00036056701030927834, 'epoch': 0.02}
{'loss': 6.932, 'learning_rate': 0.00036030927835051544, 'epoch': 0.02}
{'loss': 6.9419, 'learning_rate': 0.0003600515463917526, 'epoch': 0.02}
{'loss': 6.9526, 'learning_rate': 0.0003597938144329897, 'epoch': 0.02}
{'loss': 6.9265, 'learning_rate': 0.0003595360824742268, 'epoch': 0.02}
{'loss': 6.9453, 'learning_rate': 0.0003592783505154639, 'epoch': 0.02}
{'loss': 6.9365, 'learning_rate': 0.000359020618556701, 'epoch': 0.02}
{'loss': 6.954, 'learning_rate': 0.0003587628865979382, 'epoch': 0.02}
{'loss': 6.916, 'learning_rate': 0.0003585051546391753, 'epoch': 0.02}
{'loss': 6.9118, 'learning_rate': 0.0003582474226804124, 'epoch': 0.02}
{'loss': 6.9792, 'learning_rate': 0.0003579896907216495, 'epoch': 0.02}
{'loss': 6.9512, 'learning_rate': 0.0003577319587628866, 'epoch': 0.02}
{'loss': 6.9182, 'learning_rate': 0.0003574742268041237, 'epoch': 0.02}
{'loss': 6.96, 'learning_rate': 0.00035721649484536086, 'epoch': 0.02}
{'loss': 6.8997, 'learning_rate': 0.00035695876288659796, 'epoch': 0.02}
{'loss': 6.9497, 'learning_rate': 0.00035670103092783507, 'epoch': 0.02}
{'loss': 6.9265, 'learning_rate': 0.00035644329896907217, 'epoch': 0.02}
{'loss': 6.9509, 'learning_rate': 0.0003561855670103093, 'epoch': 0.02}
{'loss': 6.9123, 'learning_rate': 0.00035592783505154643, 'epoch': 0.02}
{'loss': 6.9493, 'learning_rate': 0.00035567010309278354, 'epoch': 0.02}
{'loss': 6.9415, 'learning_rate': 0.00035541237113402064, 'epoch': 0.02}
{'loss': 6.9609, 'learning_rate': 0.00035515463917525775, 'epoch': 0.02}
{'loss': 6.8842, 'learning_rate': 0.00035489690721649485, 'epoch': 0.02}
{'loss': 6.9147, 'learning_rate': 0.000354639175257732, 'epoch': 0.02}
{'loss': 6.9387, 'learning_rate': 0.0003543814432989691, 'epoch': 0.02}
{'loss': 6.9205, 'learning_rate': 0.0003541237113402062, 'epoch': 0.02}
{'loss': 6.9488, 'learning_rate': 0.0003538659793814433, 'epoch': 0.02}
{'loss': 6.9151, 'learning_rate': 0.00035360824742268043, 'epoch': 0.02}
{'loss': 6.9374, 'learning_rate': 0.00035335051546391753, 'epoch': 0.02}
{'loss': 6.9264, 'learning_rate': 0.0003530927835051547, 'epoch': 0.02}
{'loss': 6.9263, 'learning_rate': 0.0003528350515463918, 'epoch': 0.02}
{'loss': 6.9343, 'learning_rate': 0.0003525773195876289, 'epoch': 0.02}
{'loss': 6.9168, 'learning_rate': 0.000352319587628866, 'epoch': 0.02}
{'loss': 6.9719, 'learning_rate': 0.0003520618556701031, 'epoch': 0.02}
{'loss': 6.9295, 'learning_rate': 0.00035180412371134027, 'epoch': 0.02}
{'loss': 6.9398, 'learning_rate': 0.0003515463917525773, 'epoch': 0.02}
{'loss': 6.9115, 'learning_rate': 0.0003512886597938144, 'epoch': 0.02}
{'loss': 6.9032, 'learning_rate': 0.0003510309278350515, 'epoch': 0.02}
{'loss': 6.9458, 'learning_rate': 0.00035077319587628863, 'epoch': 0.02}
{'loss': 6.9264, 'learning_rate': 0.00035051546391752573, 'epoch': 0.02}
{'loss': 6.9144, 'learning_rate': 0.0003502577319587629, 'epoch': 0.02}
{'loss': 6.9898, 'learning_rate': 0.00035, 'epoch': 0.02}
{'loss': 6.9955, 'learning_rate': 0.0003497422680412371, 'epoch': 0.02}
{'loss': 6.9565, 'learning_rate': 0.0003494845360824742, 'epoch': 0.02}
{'loss': 7.0152, 'learning_rate': 0.0003492268041237113, 'epoch': 0.02}
{'loss': 7.0057, 'learning_rate': 0.00034896907216494847, 'epoch': 0.02}
{'loss': 6.9906, 'learning_rate': 0.00034871134020618557, 'epoch': 0.02}
{'loss': 6.9104, 'learning_rate': 0.0003484536082474227, 'epoch': 0.02}
{'loss': 6.9448, 'learning_rate': 0.0003481958762886598, 'epoch': 0.02}
{'loss': 6.9219, 'learning_rate': 0.0003479381443298969, 'epoch': 0.02}
{'loss': 6.912, 'learning_rate': 0.000347680412371134, 'epoch': 0.02}
{'loss': 6.8923, 'learning_rate': 0.00034742268041237115, 'epoch': 0.02}
{'loss': 6.9734, 'learning_rate': 0.00034716494845360825, 'epoch': 0.02}
{'loss': 6.9314, 'learning_rate': 0.00034690721649484536, 'epoch': 0.02}
{'loss': 6.9136, 'learning_rate': 0.00034664948453608246, 'epoch': 0.02}
{'loss': 6.9462, 'learning_rate': 0.00034639175257731957, 'epoch': 0.02}
{'loss': 6.9558, 'learning_rate': 0.0003461340206185567, 'epoch': 0.02}
{'loss': 6.9607, 'learning_rate': 0.00034587628865979383, 'epoch': 0.02}
{'loss': 6.9527, 'learning_rate': 0.00034561855670103093, 'epoch': 0.02}
{'loss': 6.9423, 'learning_rate': 0.00034536082474226804, 'epoch': 0.02}
{'loss': 6.9359, 'learning_rate': 0.00034510309278350514, 'epoch': 0.02}
{'loss': 6.9041, 'learning_rate': 0.00034484536082474225, 'epoch': 0.02}
{'loss': 6.8981, 'learning_rate': 0.0003445876288659794, 'epoch': 0.02}
{'loss': 6.935, 'learning_rate': 0.0003443298969072165, 'epoch': 0.03}
{'loss': 6.8928, 'learning_rate': 0.0003440721649484536, 'epoch': 0.03}
{'loss': 6.9271, 'learning_rate': 0.0003438144329896907, 'epoch': 0.03}
{'loss': 6.9251, 'learning_rate': 0.0003435567010309278, 'epoch': 0.03}
{'loss': 6.9238, 'learning_rate': 0.000343298969072165, 'epoch': 0.03}
{'loss': 6.9334, 'learning_rate': 0.0003430412371134021, 'epoch': 0.03}
{'loss': 6.9624, 'learning_rate': 0.0003427835051546392, 'epoch': 0.03}
{'loss': 6.8744, 'learning_rate': 0.0003425257731958763, 'epoch': 0.03}
{'loss': 6.9242, 'learning_rate': 0.0003422680412371134, 'epoch': 0.03}
{'loss': 6.9798, 'learning_rate': 0.0003420103092783505, 'epoch': 0.03}
{'loss': 6.9294, 'learning_rate': 0.00034175257731958766, 'epoch': 0.03}
{'loss': 6.953, 'learning_rate': 0.00034149484536082477, 'epoch': 0.03}
{'loss': 6.9038, 'learning_rate': 0.00034123711340206187, 'epoch': 0.03}
{'loss': 6.9206, 'learning_rate': 0.000340979381443299, 'epoch': 0.03}
{'loss': 6.9772, 'learning_rate': 0.0003407216494845361, 'epoch': 0.03}
{'loss': 6.9249, 'learning_rate': 0.00034046391752577324, 'epoch': 0.03}
{'loss': 6.9395, 'learning_rate': 0.00034020618556701034, 'epoch': 0.03}
{'loss': 6.9441, 'learning_rate': 0.00033994845360824745, 'epoch': 0.03}
{'loss': 6.9397, 'learning_rate': 0.00033969072164948455, 'epoch': 0.03}
{'loss': 6.9652, 'learning_rate': 0.00033943298969072165, 'epoch': 0.03}
{'loss': 6.9474, 'learning_rate': 0.0003391752577319588, 'epoch': 0.03}
{'loss': 6.9917, 'learning_rate': 0.0003389175257731959, 'epoch': 0.03}
{'loss': 6.9562, 'learning_rate': 0.000338659793814433, 'epoch': 0.03}
{'loss': 6.9289, 'learning_rate': 0.0003384020618556701, 'epoch': 0.03}
{'loss': 6.8479, 'learning_rate': 0.00033814432989690723, 'epoch': 0.03}
{'loss': 6.9919, 'learning_rate': 0.00033788659793814433, 'epoch': 0.03}
{'loss': 6.9612, 'learning_rate': 0.0003376288659793815, 'epoch': 0.03}
{'loss': 6.9468, 'learning_rate': 0.0003373711340206186, 'epoch': 0.03}
{'loss': 6.9228, 'learning_rate': 0.0003371134020618557, 'epoch': 0.03}
{'loss': 6.9086, 'learning_rate': 0.0003368556701030928, 'epoch': 0.03}
{'loss': 6.9588, 'learning_rate': 0.0003365979381443299, 'epoch': 0.03}
{'loss': 6.9001, 'learning_rate': 0.00033634020618556707, 'epoch': 0.03}
{'loss': 6.8793, 'learning_rate': 0.0003360824742268042, 'epoch': 0.03}
{'loss': 6.9472, 'learning_rate': 0.0003358247422680412, 'epoch': 0.03}
{'loss': 6.9681, 'learning_rate': 0.00033556701030927833, 'epoch': 0.03}
{'loss': 6.9422, 'learning_rate': 0.00033530927835051543, 'epoch': 0.03}
{'loss': 7.0011, 'learning_rate': 0.00033505154639175254, 'epoch': 0.03}
{'loss': 6.8833, 'learning_rate': 0.0003347938144329897, 'epoch': 0.03}
{'loss': 6.8944, 'learning_rate': 0.0003345360824742268, 'epoch': 0.03}
{'loss': 6.9112, 'learning_rate': 0.0003342783505154639, 'epoch': 0.03}
{'loss': 6.8866, 'learning_rate': 0.000334020618556701, 'epoch': 0.03}
{'loss': 6.9008, 'learning_rate': 0.0003337628865979381, 'epoch': 0.03}
{'loss': 6.9123, 'learning_rate': 0.00033350515463917527, 'epoch': 0.03}
{'loss': 6.9155, 'learning_rate': 0.0003332474226804124, 'epoch': 0.03}
{'loss': 6.838, 'learning_rate': 0.0003329896907216495, 'epoch': 0.03}
{'loss': 6.9465, 'learning_rate': 0.0003327319587628866, 'epoch': 0.03}
{'loss': 6.9341, 'learning_rate': 0.0003324742268041237, 'epoch': 0.03}
{'loss': 6.9806, 'learning_rate': 0.0003322164948453608, 'epoch': 0.03}
{'loss': 6.9282, 'learning_rate': 0.00033195876288659795, 'epoch': 0.03}
{'loss': 6.9209, 'learning_rate': 0.00033170103092783506, 'epoch': 0.03}
{'loss': 6.9351, 'learning_rate': 0.00033144329896907216, 'epoch': 0.03}
{'loss': 6.9079, 'learning_rate': 0.00033118556701030926, 'epoch': 0.03}
{'loss': 6.9969, 'learning_rate': 0.00033092783505154637, 'epoch': 0.03}
{'loss': 6.9222, 'learning_rate': 0.0003306701030927835, 'epoch': 0.03}
{'loss': 6.9244, 'learning_rate': 0.00033041237113402063, 'epoch': 0.03}
{'loss': 6.9352, 'learning_rate': 0.00033015463917525774, 'epoch': 0.03}
{'loss': 6.8984, 'learning_rate': 0.00032989690721649484, 'epoch': 0.03}
{'loss': 6.9459, 'learning_rate': 0.00032963917525773194, 'epoch': 0.03}
{'loss': 6.9241, 'learning_rate': 0.00032938144329896905, 'epoch': 0.03}
{'loss': 6.9263, 'learning_rate': 0.0003291237113402062, 'epoch': 0.03}
{'loss': 6.9984, 'learning_rate': 0.0003288659793814433, 'epoch': 0.03}
{'loss': 6.9308, 'learning_rate': 0.0003286082474226804, 'epoch': 0.03}
{'loss': 6.9395, 'learning_rate': 0.0003283505154639175, 'epoch': 0.03}
{'loss': 6.9542, 'learning_rate': 0.0003280927835051546, 'epoch': 0.03}
{'loss': 6.9938, 'learning_rate': 0.0003278350515463918, 'epoch': 0.03}
{'loss': 6.9719, 'learning_rate': 0.0003275773195876289, 'epoch': 0.03}
{'loss': 6.9192, 'learning_rate': 0.000327319587628866, 'epoch': 0.03}
{'loss': 6.9579, 'learning_rate': 0.0003270618556701031, 'epoch': 0.03}
{'loss': 6.955, 'learning_rate': 0.0003268041237113402, 'epoch': 0.03}
{'loss': 6.9309, 'learning_rate': 0.00032654639175257736, 'epoch': 0.03}
{'loss': 6.9141, 'learning_rate': 0.00032628865979381446, 'epoch': 0.03}
{'loss': 6.9766, 'learning_rate': 0.00032603092783505157, 'epoch': 0.03}
{'loss': 6.9351, 'learning_rate': 0.00032577319587628867, 'epoch': 0.03}
{'loss': 6.9639, 'learning_rate': 0.0003255154639175258, 'epoch': 0.03}
{'loss': 6.9809, 'learning_rate': 0.0003252577319587629, 'epoch': 0.03}
{'loss': 6.9355, 'learning_rate': 0.00032500000000000004, 'epoch': 0.03}
{'loss': 6.9813, 'learning_rate': 0.00032474226804123714, 'epoch': 0.03}
{'loss': 6.8818, 'learning_rate': 0.00032448453608247425, 'epoch': 0.03}
{'loss': 6.9277, 'learning_rate': 0.00032422680412371135, 'epoch': 0.03}
{'loss': 6.9164, 'learning_rate': 0.00032396907216494846, 'epoch': 0.03}
{'loss': 6.9359, 'learning_rate': 0.0003237113402061856, 'epoch': 0.03}
{'loss': 6.9486, 'learning_rate': 0.0003234536082474227, 'epoch': 0.03}
{'loss': 6.9002, 'learning_rate': 0.0003231958762886598, 'epoch': 0.03}
{'loss': 6.9024, 'learning_rate': 0.00032293814432989693, 'epoch': 0.03}
{'loss': 6.9562, 'learning_rate': 0.00032268041237113403, 'epoch': 0.03}
{'loss': 6.9071, 'learning_rate': 0.00032242268041237114, 'epoch': 0.03}
{'loss': 6.8769, 'learning_rate': 0.0003221649484536083, 'epoch': 0.03}
{'loss': 6.8545, 'learning_rate': 0.0003219072164948454, 'epoch': 0.03}
{'loss': 6.9486, 'learning_rate': 0.0003216494845360825, 'epoch': 0.03}
{'loss': 6.9186, 'learning_rate': 0.0003213917525773196, 'epoch': 0.03}
{'loss': 6.9213, 'learning_rate': 0.0003211340206185567, 'epoch': 0.03}
{'loss': 6.9261, 'learning_rate': 0.00032087628865979387, 'epoch': 0.03}
{'loss': 6.869, 'learning_rate': 0.000320618556701031, 'epoch': 0.03}
{'loss': 6.8697, 'learning_rate': 0.0003203608247422681, 'epoch': 0.03}
{'loss': 6.9407, 'learning_rate': 0.00032010309278350513, 'epoch': 0.03}
{'loss': 6.8883, 'learning_rate': 0.00031984536082474223, 'epoch': 0.03}
{'loss': 6.9306, 'learning_rate': 0.00031958762886597934, 'epoch': 0.03}
{'loss': 6.8799, 'learning_rate': 0.0003193298969072165, 'epoch': 0.03}
{'loss': 6.9235, 'learning_rate': 0.0003190721649484536, 'epoch': 0.03}
{'loss': 6.8761, 'learning_rate': 0.0003188144329896907, 'epoch': 0.03}
{'loss': 6.9306, 'learning_rate': 0.0003185567010309278, 'epoch': 0.03}
{'loss': 6.9642, 'learning_rate': 0.0003182989690721649, 'epoch': 0.03}
{'loss': 6.9249, 'learning_rate': 0.0003180412371134021, 'epoch': 0.03}
{'loss': 6.9243, 'learning_rate': 0.0003177835051546392, 'epoch': 0.03}
{'loss': 6.9066, 'learning_rate': 0.0003175257731958763, 'epoch': 0.03}
{'loss': 6.9746, 'learning_rate': 0.0003172680412371134, 'epoch': 0.03}
{'loss': 6.9963, 'learning_rate': 0.0003170103092783505, 'epoch': 0.03}
{'loss': 6.9744, 'learning_rate': 0.0003167525773195876, 'epoch': 0.03}
{'loss': 6.9234, 'learning_rate': 0.00031649484536082475, 'epoch': 0.03}
{'loss': 6.9371, 'learning_rate': 0.00031623711340206186, 'epoch': 0.03}
{'loss': 7.0002, 'learning_rate': 0.00031597938144329896, 'epoch': 0.03}
{'loss': 6.8888, 'learning_rate': 0.00031572164948453607, 'epoch': 0.03}
{'loss': 6.8991, 'learning_rate': 0.00031546391752577317, 'epoch': 0.03}
{'loss': 6.9719, 'learning_rate': 0.00031520618556701033, 'epoch': 0.03}
{'loss': 6.9281, 'learning_rate': 0.00031494845360824743, 'epoch': 0.03}
{'loss': 6.9063, 'learning_rate': 0.00031469072164948454, 'epoch': 0.03}
{'loss': 6.9627, 'learning_rate': 0.00031443298969072164, 'epoch': 0.03}
{'loss': 6.926, 'learning_rate': 0.00031417525773195875, 'epoch': 0.03}
{'loss': 6.9219, 'learning_rate': 0.00031391752577319585, 'epoch': 0.03}
{'loss': 6.9108, 'learning_rate': 0.000313659793814433, 'epoch': 0.03}
{'loss': 6.8744, 'learning_rate': 0.0003134020618556701, 'epoch': 0.03}
{'loss': 6.9612, 'learning_rate': 0.0003131443298969072, 'epoch': 0.03}
{'loss': 6.9304, 'learning_rate': 0.0003128865979381443, 'epoch': 0.03}
{'loss': 6.9554, 'learning_rate': 0.00031262886597938143, 'epoch': 0.03}
{'loss': 6.9193, 'learning_rate': 0.0003123711340206186, 'epoch': 0.03}
{'loss': 7.0058, 'learning_rate': 0.0003121134020618557, 'epoch': 0.03}
{'loss': 6.8921, 'learning_rate': 0.0003118556701030928, 'epoch': 0.03}
{'loss': 6.9187, 'learning_rate': 0.0003115979381443299, 'epoch': 0.03}
{'loss': 6.9504, 'learning_rate': 0.000311340206185567, 'epoch': 0.03}
{'loss': 6.9495, 'learning_rate': 0.00031108247422680416, 'epoch': 0.03}
{'loss': 6.9296, 'learning_rate': 0.00031082474226804127, 'epoch': 0.03}
{'loss': 6.9355, 'learning_rate': 0.00031056701030927837, 'epoch': 0.03}
{'loss': 6.9598, 'learning_rate': 0.0003103092783505155, 'epoch': 0.03}
{'loss': 6.9722, 'learning_rate': 0.0003100515463917526, 'epoch': 0.03}
{'loss': 6.9719, 'learning_rate': 0.0003097938144329897, 'epoch': 0.03}
{'loss': 7.0045, 'learning_rate': 0.00030953608247422684, 'epoch': 0.03}
{'loss': 6.9461, 'learning_rate': 0.00030927835051546395, 'epoch': 0.03}
{'loss': 6.9278, 'learning_rate': 0.00030902061855670105, 'epoch': 0.03}
{'loss': 6.9099, 'learning_rate': 0.00030876288659793816, 'epoch': 0.03}
{'loss': 6.9922, 'learning_rate': 0.00030850515463917526, 'epoch': 0.03}
{'loss': 6.948, 'learning_rate': 0.0003082474226804124, 'epoch': 0.03}
{'loss': 6.9639, 'learning_rate': 0.0003079896907216495, 'epoch': 0.03}
{'loss': 6.9261, 'learning_rate': 0.0003077319587628866, 'epoch': 0.03}
{'loss': 6.9155, 'learning_rate': 0.00030747422680412373, 'epoch': 0.03}
{'loss': 6.9533, 'learning_rate': 0.00030721649484536084, 'epoch': 0.03}
{'loss': 6.8767, 'learning_rate': 0.00030695876288659794, 'epoch': 0.03}
{'loss': 6.951, 'learning_rate': 0.0003067010309278351, 'epoch': 0.03}
{'loss': 6.9482, 'learning_rate': 0.0003064432989690722, 'epoch': 0.03}
{'loss': 6.9584, 'learning_rate': 0.0003061855670103093, 'epoch': 0.03}
{'loss': 6.8983, 'learning_rate': 0.0003059278350515464, 'epoch': 0.03}
{'loss': 6.8801, 'learning_rate': 0.0003056701030927835, 'epoch': 0.03}
{'loss': 6.9058, 'learning_rate': 0.0003054123711340207, 'epoch': 0.03}
{'loss': 6.9661, 'learning_rate': 0.0003051546391752578, 'epoch': 0.03}
{'loss': 6.9462, 'learning_rate': 0.0003048969072164949, 'epoch': 0.03}
{'loss': 6.9619, 'learning_rate': 0.00030463917525773193, 'epoch': 0.03}
{'loss': 6.9565, 'learning_rate': 0.00030438144329896904, 'epoch': 0.03}
{'loss': 6.9157, 'learning_rate': 0.00030412371134020614, 'epoch': 0.03}
{'loss': 6.9239, 'learning_rate': 0.0003038659793814433, 'epoch': 0.03}
{'loss': 6.9274, 'learning_rate': 0.0003036082474226804, 'epoch': 0.03}
{'loss': 6.9793, 'learning_rate': 0.0003033505154639175, 'epoch': 0.03}
{'loss': 6.9309, 'learning_rate': 0.0003030927835051546, 'epoch': 0.03}
{'loss': 6.9405, 'learning_rate': 0.0003028350515463917, 'epoch': 0.03}
{'loss': 6.9489, 'learning_rate': 0.0003025773195876289, 'epoch': 0.03}
{'loss': 6.9286, 'learning_rate': 0.000302319587628866, 'epoch': 0.03}
{'loss': 6.9245, 'learning_rate': 0.0003020618556701031, 'epoch': 0.03}
{'loss': 6.9008, 'learning_rate': 0.0003018041237113402, 'epoch': 0.03}
{'loss': 6.9043, 'learning_rate': 0.0003015463917525773, 'epoch': 0.03}
{'loss': 6.9171, 'learning_rate': 0.0003012886597938144, 'epoch': 0.03}
{'loss': 6.8789, 'learning_rate': 0.00030103092783505156, 'epoch': 0.03}
{'loss': 6.9154, 'learning_rate': 0.00030077319587628866, 'epoch': 0.03}
{'loss': 6.9025, 'learning_rate': 0.00030051546391752577, 'epoch': 0.03}
{'loss': 6.9568, 'learning_rate': 0.00030025773195876287, 'epoch': 0.03}
{'loss': 6.9421, 'learning_rate': 0.0003, 'epoch': 0.03}
{'loss': 6.8902, 'learning_rate': 0.00029974226804123713, 'epoch': 0.03}
{'loss': 6.921, 'learning_rate': 0.00029948453608247424, 'epoch': 0.03}
{'loss': 6.9526, 'learning_rate': 0.00029922680412371134, 'epoch': 0.03}
{'loss': 6.9576, 'learning_rate': 0.00029896907216494845, 'epoch': 0.03}
{'loss': 6.9764, 'learning_rate': 0.00029871134020618555, 'epoch': 0.03}
{'loss': 6.9571, 'learning_rate': 0.00029845360824742265, 'epoch': 0.03}
{'loss': 6.8976, 'learning_rate': 0.0002981958762886598, 'epoch': 0.03}
{'loss': 6.8612, 'learning_rate': 0.0002979381443298969, 'epoch': 0.03}
{'loss': 6.8997, 'learning_rate': 0.000297680412371134, 'epoch': 0.03}
{'loss': 6.9177, 'learning_rate': 0.0002974226804123711, 'epoch': 0.03}
{'loss': 6.9105, 'learning_rate': 0.00029716494845360823, 'epoch': 0.03}
{'loss': 6.9253, 'learning_rate': 0.0002969072164948454, 'epoch': 0.03}
{'loss': 6.9387, 'learning_rate': 0.0002966494845360825, 'epoch': 0.03}
{'loss': 6.8971, 'learning_rate': 0.0002963917525773196, 'epoch': 0.03}
{'loss': 6.9371, 'learning_rate': 0.0002961340206185567, 'epoch': 0.03}
{'loss': 6.8842, 'learning_rate': 0.0002958762886597938, 'epoch': 0.03}
{'loss': 6.9208, 'learning_rate': 0.00029561855670103096, 'epoch': 0.03}
{'loss': 6.9286, 'learning_rate': 0.00029536082474226807, 'epoch': 0.03}
{'loss': 6.9263, 'learning_rate': 0.0002951030927835052, 'epoch': 0.03}
{'loss': 6.9231, 'learning_rate': 0.0002948453608247423, 'epoch': 0.03}
{'loss': 6.9437, 'learning_rate': 0.0002945876288659794, 'epoch': 0.03}
{'loss': 6.9474, 'learning_rate': 0.0002943298969072165, 'epoch': 0.03}
{'loss': 6.9546, 'learning_rate': 0.00029407216494845364, 'epoch': 0.03}
{'loss': 6.9292, 'learning_rate': 0.00029381443298969075, 'epoch': 0.03}
{'loss': 6.9532, 'learning_rate': 0.00029355670103092785, 'epoch': 0.03}
{'loss': 6.9176, 'learning_rate': 0.00029329896907216496, 'epoch': 0.03}
{'loss': 6.9348, 'learning_rate': 0.00029304123711340206, 'epoch': 0.03}
{'loss': 6.9554, 'learning_rate': 0.0002927835051546392, 'epoch': 0.03}
{'loss': 6.9232, 'learning_rate': 0.0002925257731958763, 'epoch': 0.03}
{'loss': 6.9182, 'learning_rate': 0.00029226804123711343, 'epoch': 0.03}
{'loss': 6.9021, 'learning_rate': 0.00029201030927835053, 'epoch': 0.03}
{'loss': 6.9572, 'learning_rate': 0.00029175257731958764, 'epoch': 0.03}
{'loss': 6.9501, 'learning_rate': 0.00029149484536082474, 'epoch': 0.03}
{'loss': 6.9352, 'learning_rate': 0.0002912371134020619, 'epoch': 0.03}
{'loss': 6.9454, 'learning_rate': 0.000290979381443299, 'epoch': 0.03}
{'loss': 6.9456, 'learning_rate': 0.0002907216494845361, 'epoch': 0.03}
{'loss': 6.9449, 'learning_rate': 0.0002904639175257732, 'epoch': 0.03}
{'loss': 6.9382, 'learning_rate': 0.0002902061855670103, 'epoch': 0.03}
{'loss': 6.893, 'learning_rate': 0.0002899484536082475, 'epoch': 0.03}
{'loss': 6.9307, 'learning_rate': 0.0002896907216494846, 'epoch': 0.03}
{'loss': 7.003, 'learning_rate': 0.0002894329896907217, 'epoch': 0.03}
{'loss': 6.9591, 'learning_rate': 0.0002891752577319588, 'epoch': 0.03}
{'loss': 6.9568, 'learning_rate': 0.00028891752577319584, 'epoch': 0.03}
{'loss': 6.9091, 'learning_rate': 0.00028865979381443294, 'epoch': 0.03}
{'loss': 6.9593, 'learning_rate': 0.0002884020618556701, 'epoch': 0.03}
{'loss': 6.8946, 'learning_rate': 0.0002881443298969072, 'epoch': 0.03}
{'loss': 6.8984, 'learning_rate': 0.0002878865979381443, 'epoch': 0.03}
{'loss': 6.9372, 'learning_rate': 0.0002876288659793814, 'epoch': 0.03}
{'loss': 6.9689, 'learning_rate': 0.0002873711340206185, 'epoch': 0.03}
{'loss': 6.9422, 'learning_rate': 0.0002871134020618557, 'epoch': 0.03}
{'loss': 6.9475, 'learning_rate': 0.0002868556701030928, 'epoch': 0.03}
{'loss': 6.8967, 'learning_rate': 0.0002865979381443299, 'epoch': 0.03}
{'loss': 6.8937, 'learning_rate': 0.000286340206185567, 'epoch': 0.03}
{'loss': 6.8539, 'learning_rate': 0.0002860824742268041, 'epoch': 0.03}
{'loss': 6.9722, 'learning_rate': 0.0002858247422680412, 'epoch': 0.03}
{'loss': 6.9397, 'learning_rate': 0.00028556701030927836, 'epoch': 0.03}
{'loss': 6.9516, 'learning_rate': 0.00028530927835051546, 'epoch': 0.03}
{'loss': 6.951, 'learning_rate': 0.00028505154639175257, 'epoch': 0.03}
{'loss': 6.8725, 'learning_rate': 0.00028479381443298967, 'epoch': 0.03}
{'loss': 6.9927, 'learning_rate': 0.0002845360824742268, 'epoch': 0.03}
{'loss': 6.9701, 'learning_rate': 0.00028427835051546393, 'epoch': 0.03}
{'loss': 6.9362, 'learning_rate': 0.00028402061855670104, 'epoch': 0.03}
{'loss': 6.9268, 'learning_rate': 0.00028376288659793814, 'epoch': 0.03}
{'loss': 6.893, 'learning_rate': 0.00028350515463917525, 'epoch': 0.03}
{'loss': 6.9355, 'learning_rate': 0.00028324742268041235, 'epoch': 0.03}
{'loss': 6.9388, 'learning_rate': 0.0002829896907216495, 'epoch': 0.03}
{'loss': 6.8882, 'learning_rate': 0.0002827319587628866, 'epoch': 0.03}
{'loss': 6.9314, 'learning_rate': 0.0002824742268041237, 'epoch': 0.03}
{'loss': 6.9494, 'learning_rate': 0.0002822164948453608, 'epoch': 0.03}
{'loss': 6.9319, 'learning_rate': 0.00028195876288659793, 'epoch': 0.03}
{'loss': 6.9461, 'learning_rate': 0.00028170103092783503, 'epoch': 0.03}
{'loss': 6.94, 'learning_rate': 0.0002814432989690722, 'epoch': 0.03}
{'loss': 6.914, 'learning_rate': 0.0002811855670103093, 'epoch': 0.03}
{'loss': 6.9786, 'learning_rate': 0.0002809278350515464, 'epoch': 0.03}
{'loss': 6.9528, 'learning_rate': 0.0002806701030927835, 'epoch': 0.03}
{'loss': 6.9077, 'learning_rate': 0.0002804123711340206, 'epoch': 0.03}
{'loss': 7.0114, 'learning_rate': 0.00028015463917525777, 'epoch': 0.03}
{'loss': 6.9904, 'learning_rate': 0.00027989690721649487, 'epoch': 0.03}
{'loss': 6.9193, 'learning_rate': 0.000279639175257732, 'epoch': 0.03}
{'loss': 6.9521, 'learning_rate': 0.0002793814432989691, 'epoch': 0.03}
{'loss': 6.9446, 'learning_rate': 0.0002791237113402062, 'epoch': 0.03}
{'loss': 6.9682, 'learning_rate': 0.0002788659793814433, 'epoch': 0.03}
{'loss': 6.9702, 'learning_rate': 0.00027860824742268045, 'epoch': 0.03}
{'loss': 6.9509, 'learning_rate': 0.00027835051546391755, 'epoch': 0.03}
{'loss': 6.9263, 'learning_rate': 0.00027809278350515466, 'epoch': 0.03}
{'loss': 6.9876, 'learning_rate': 0.00027783505154639176, 'epoch': 0.03}
{'loss': 6.9404, 'learning_rate': 0.00027757731958762886, 'epoch': 0.03}
{'loss': 6.9076, 'learning_rate': 0.000277319587628866, 'epoch': 0.03}
{'loss': 6.8877, 'learning_rate': 0.00027706185567010313, 'epoch': 0.03}
{'loss': 6.9269, 'learning_rate': 0.00027680412371134023, 'epoch': 0.03}
{'loss': 6.9589, 'learning_rate': 0.00027654639175257734, 'epoch': 0.03}
{'loss': 6.9587, 'learning_rate': 0.00027628865979381444, 'epoch': 0.03}
{'loss': 6.9261, 'learning_rate': 0.00027603092783505154, 'epoch': 0.04}
{'loss': 6.9435, 'learning_rate': 0.0002757731958762887, 'epoch': 0.04}
{'loss': 6.9195, 'learning_rate': 0.0002755154639175258, 'epoch': 0.04}
{'loss': 6.9871, 'learning_rate': 0.0002752577319587629, 'epoch': 0.04}
{'loss': 6.8936, 'learning_rate': 0.000275, 'epoch': 0.04}
{'loss': 6.936, 'learning_rate': 0.0002747422680412371, 'epoch': 0.04}
{'loss': 6.9545, 'learning_rate': 0.0002744845360824743, 'epoch': 0.04}
{'loss': 6.9281, 'learning_rate': 0.0002742268041237114, 'epoch': 0.04}
{'loss': 6.9761, 'learning_rate': 0.0002739690721649485, 'epoch': 0.04}
{'loss': 6.9568, 'learning_rate': 0.0002737113402061856, 'epoch': 0.04}
{'loss': 6.9256, 'learning_rate': 0.0002734536082474227, 'epoch': 0.04}
{'loss': 6.9074, 'learning_rate': 0.00027319587628865975, 'epoch': 0.04}
{'loss': 6.9892, 'learning_rate': 0.0002729381443298969, 'epoch': 0.04}
{'loss': 6.9032, 'learning_rate': 0.000272680412371134, 'epoch': 0.04}
{'loss': 6.9421, 'learning_rate': 0.0002724226804123711, 'epoch': 0.04}
{'loss': 6.902, 'learning_rate': 0.0002721649484536082, 'epoch': 0.04}
{'loss': 6.8959, 'learning_rate': 0.0002719072164948453, 'epoch': 0.04}
{'loss': 6.9628, 'learning_rate': 0.0002716494845360825, 'epoch': 0.04}
{'loss': 6.8986, 'learning_rate': 0.0002713917525773196, 'epoch': 0.04}
{'loss': 6.9182, 'learning_rate': 0.0002711340206185567, 'epoch': 0.04}
{'loss': 6.9172, 'learning_rate': 0.0002708762886597938, 'epoch': 0.04}
{'loss': 6.9055, 'learning_rate': 0.0002706185567010309, 'epoch': 0.04}
{'loss': 6.9404, 'learning_rate': 0.000270360824742268, 'epoch': 0.04}
{'loss': 6.9429, 'learning_rate': 0.00027010309278350516, 'epoch': 0.04}
{'loss': 6.8986, 'learning_rate': 0.00026984536082474227, 'epoch': 0.04}
{'loss': 6.9365, 'learning_rate': 0.00026958762886597937, 'epoch': 0.04}
{'loss': 6.9225, 'learning_rate': 0.0002693298969072165, 'epoch': 0.04}
{'loss': 6.9864, 'learning_rate': 0.0002690721649484536, 'epoch': 0.04}
{'loss': 6.9361, 'learning_rate': 0.00026881443298969074, 'epoch': 0.04}
{'loss': 6.9244, 'learning_rate': 0.00026855670103092784, 'epoch': 0.04}
{'loss': 6.9153, 'learning_rate': 0.00026829896907216495, 'epoch': 0.04}
{'loss': 6.9171, 'learning_rate': 0.00026804123711340205, 'epoch': 0.04}
{'loss': 6.8735, 'learning_rate': 0.00026778350515463916, 'epoch': 0.04}
{'loss': 6.9373, 'learning_rate': 0.0002675257731958763, 'epoch': 0.04}
{'loss': 6.9281, 'learning_rate': 0.0002672680412371134, 'epoch': 0.04}
{'loss': 6.9132, 'learning_rate': 0.0002670103092783505, 'epoch': 0.04}
{'loss': 6.88, 'learning_rate': 0.0002667525773195876, 'epoch': 0.04}
{'loss': 6.8873, 'learning_rate': 0.00026649484536082473, 'epoch': 0.04}
{'loss': 6.9574, 'learning_rate': 0.00026623711340206184, 'epoch': 0.04}
{'loss': 6.9009, 'learning_rate': 0.000265979381443299, 'epoch': 0.04}
{'loss': 6.9334, 'learning_rate': 0.0002657216494845361, 'epoch': 0.04}
{'loss': 6.951, 'learning_rate': 0.0002654639175257732, 'epoch': 0.04}
{'loss': 6.9188, 'learning_rate': 0.0002652061855670103, 'epoch': 0.04}
{'loss': 6.9433, 'learning_rate': 0.0002649484536082474, 'epoch': 0.04}
{'loss': 6.9175, 'learning_rate': 0.00026469072164948457, 'epoch': 0.04}
{'loss': 6.9185, 'learning_rate': 0.0002644329896907217, 'epoch': 0.04}
{'loss': 6.9169, 'learning_rate': 0.0002641752577319588, 'epoch': 0.04}
{'loss': 6.904, 'learning_rate': 0.0002639175257731959, 'epoch': 0.04}
{'loss': 6.9532, 'learning_rate': 0.000263659793814433, 'epoch': 0.04}
{'loss': 6.9186, 'learning_rate': 0.0002634020618556701, 'epoch': 0.04}
{'loss': 6.9339, 'learning_rate': 0.00026314432989690725, 'epoch': 0.04}
{'loss': 6.9156, 'learning_rate': 0.00026288659793814435, 'epoch': 0.04}
{'loss': 6.929, 'learning_rate': 0.00026262886597938146, 'epoch': 0.04}
{'loss': 6.9892, 'learning_rate': 0.00026237113402061856, 'epoch': 0.04}
{'loss': 6.892, 'learning_rate': 0.00026211340206185567, 'epoch': 0.04}
{'loss': 6.9056, 'learning_rate': 0.0002618556701030928, 'epoch': 0.04}
{'loss': 6.9282, 'learning_rate': 0.00026159793814432993, 'epoch': 0.04}
{'loss': 6.9092, 'learning_rate': 0.00026134020618556703, 'epoch': 0.04}
{'loss': 6.9735, 'learning_rate': 0.00026108247422680414, 'epoch': 0.04}
{'loss': 6.926, 'learning_rate': 0.00026082474226804124, 'epoch': 0.04}
{'loss': 6.9623, 'learning_rate': 0.00026056701030927835, 'epoch': 0.04}
{'loss': 6.9516, 'learning_rate': 0.0002603092783505155, 'epoch': 0.04}
{'loss': 6.8987, 'learning_rate': 0.0002600515463917526, 'epoch': 0.04}
{'loss': 6.9681, 'learning_rate': 0.0002597938144329897, 'epoch': 0.04}
{'loss': 6.951, 'learning_rate': 0.0002595360824742268, 'epoch': 0.04}
{'loss': 6.9758, 'learning_rate': 0.0002592783505154639, 'epoch': 0.04}
{'loss': 6.9398, 'learning_rate': 0.0002590206185567011, 'epoch': 0.04}
{'loss': 6.94, 'learning_rate': 0.0002587628865979382, 'epoch': 0.04}
{'loss': 6.9167, 'learning_rate': 0.0002585051546391753, 'epoch': 0.04}
{'loss': 6.9259, 'learning_rate': 0.0002582474226804124, 'epoch': 0.04}
{'loss': 6.9899, 'learning_rate': 0.0002579896907216495, 'epoch': 0.04}
{'loss': 6.8911, 'learning_rate': 0.00025773195876288655, 'epoch': 0.04}
{'loss': 6.997, 'learning_rate': 0.0002574742268041237, 'epoch': 0.04}
{'loss': 6.9436, 'learning_rate': 0.0002572164948453608, 'epoch': 0.04}
{'loss': 6.9243, 'learning_rate': 0.0002569587628865979, 'epoch': 0.04}
{'loss': 6.9172, 'learning_rate': 0.000256701030927835, 'epoch': 0.04}
{'loss': 6.919, 'learning_rate': 0.0002564432989690721, 'epoch': 0.04}
{'loss': 6.9765, 'learning_rate': 0.0002561855670103093, 'epoch': 0.04}
{'loss': 6.8894, 'learning_rate': 0.0002559278350515464, 'epoch': 0.04}
{'loss': 6.9279, 'learning_rate': 0.0002556701030927835, 'epoch': 0.04}
{'loss': 6.915, 'learning_rate': 0.0002554123711340206, 'epoch': 0.04}
{'loss': 6.9452, 'learning_rate': 0.0002551546391752577, 'epoch': 0.04}
{'loss': 6.9171, 'learning_rate': 0.00025489690721649486, 'epoch': 0.04}
{'loss': 6.9751, 'learning_rate': 0.00025463917525773196, 'epoch': 0.04}
{'loss': 6.9028, 'learning_rate': 0.00025438144329896907, 'epoch': 0.04}
{'loss': 6.981, 'learning_rate': 0.0002541237113402062, 'epoch': 0.04}
{'loss': 6.9547, 'learning_rate': 0.0002538659793814433, 'epoch': 0.04}
{'loss': 6.9541, 'learning_rate': 0.0002536082474226804, 'epoch': 0.04}
{'loss': 6.9656, 'learning_rate': 0.00025335051546391754, 'epoch': 0.04}
{'loss': 6.8968, 'learning_rate': 0.00025309278350515464, 'epoch': 0.04}
{'loss': 6.9074, 'learning_rate': 0.00025283505154639175, 'epoch': 0.04}
{'loss': 6.9441, 'learning_rate': 0.00025257731958762885, 'epoch': 0.04}
{'loss': 6.9351, 'learning_rate': 0.00025231958762886596, 'epoch': 0.04}
{'loss': 6.8939, 'learning_rate': 0.0002520618556701031, 'epoch': 0.04}
{'loss': 6.9329, 'learning_rate': 0.0002518041237113402, 'epoch': 0.04}
{'loss': 6.9049, 'learning_rate': 0.0002515463917525773, 'epoch': 0.04}
{'loss': 6.9464, 'learning_rate': 0.00025128865979381443, 'epoch': 0.04}
{'loss': 6.9308, 'learning_rate': 0.00025103092783505153, 'epoch': 0.04}
{'loss': 6.8741, 'learning_rate': 0.00025077319587628864, 'epoch': 0.04}
{'loss': 6.9189, 'learning_rate': 0.0002505154639175258, 'epoch': 0.04}
{'loss': 6.9573, 'learning_rate': 0.0002502577319587629, 'epoch': 0.04}
{'loss': 6.9553, 'learning_rate': 0.00025, 'epoch': 0.04}
{'loss': 6.962, 'learning_rate': 0.0002497422680412371, 'epoch': 0.04}
{'loss': 6.988, 'learning_rate': 0.0002494845360824742, 'epoch': 0.04}
{'loss': 6.9275, 'learning_rate': 0.00024922680412371137, 'epoch': 0.04}
{'loss': 6.9048, 'learning_rate': 0.0002489690721649485, 'epoch': 0.04}
{'loss': 6.9217, 'learning_rate': 0.0002487113402061856, 'epoch': 0.04}
{'loss': 6.9268, 'learning_rate': 0.0002484536082474227, 'epoch': 0.04}
{'loss': 6.9392, 'learning_rate': 0.0002481958762886598, 'epoch': 0.04}
{'loss': 6.9484, 'learning_rate': 0.0002479381443298969, 'epoch': 0.04}
{'loss': 6.9392, 'learning_rate': 0.00024768041237113405, 'epoch': 0.04}
{'loss': 6.8891, 'learning_rate': 0.00024742268041237116, 'epoch': 0.04}
{'loss': 6.899, 'learning_rate': 0.00024716494845360826, 'epoch': 0.04}
{'loss': 6.9252, 'learning_rate': 0.00024690721649484537, 'epoch': 0.04}
{'loss': 6.9602, 'learning_rate': 0.00024664948453608247, 'epoch': 0.04}
{'loss': 6.9601, 'learning_rate': 0.00024639175257731963, 'epoch': 0.04}
{'loss': 6.9424, 'learning_rate': 0.00024613402061855673, 'epoch': 0.04}
{'loss': 6.9121, 'learning_rate': 0.0002458762886597938, 'epoch': 0.04}
{'loss': 6.9636, 'learning_rate': 0.00024561855670103094, 'epoch': 0.04}
{'loss': 6.9115, 'learning_rate': 0.00024536082474226805, 'epoch': 0.04}
{'loss': 6.9171, 'learning_rate': 0.00024510309278350515, 'epoch': 0.04}
{'loss': 6.9208, 'learning_rate': 0.00024484536082474225, 'epoch': 0.04}
{'loss': 6.9278, 'learning_rate': 0.00024458762886597936, 'epoch': 0.04}
{'loss': 6.9438, 'learning_rate': 0.0002443298969072165, 'epoch': 0.04}
{'loss': 6.8733, 'learning_rate': 0.0002440721649484536, 'epoch': 0.04}
{'loss': 6.929, 'learning_rate': 0.00024381443298969073, 'epoch': 0.04}
{'loss': 6.9113, 'learning_rate': 0.00024355670103092783, 'epoch': 0.04}
{'loss': 6.8882, 'learning_rate': 0.00024329896907216496, 'epoch': 0.04}
{'loss': 6.9363, 'learning_rate': 0.00024304123711340207, 'epoch': 0.04}
{'loss': 6.9333, 'learning_rate': 0.00024278350515463917, 'epoch': 0.04}
{'loss': 6.9271, 'learning_rate': 0.0002425257731958763, 'epoch': 0.04}
{'loss': 6.9688, 'learning_rate': 0.0002422680412371134, 'epoch': 0.04}
{'loss': 6.9208, 'learning_rate': 0.0002420103092783505, 'epoch': 0.04}
{'loss': 6.8958, 'learning_rate': 0.00024175257731958764, 'epoch': 0.04}
{'loss': 6.9236, 'learning_rate': 0.00024149484536082475, 'epoch': 0.04}
{'loss': 7.0129, 'learning_rate': 0.00024123711340206185, 'epoch': 0.04}
{'loss': 6.9561, 'learning_rate': 0.00024097938144329898, 'epoch': 0.04}
{'loss': 6.8893, 'learning_rate': 0.0002407216494845361, 'epoch': 0.04}
{'loss': 6.9554, 'learning_rate': 0.00024046391752577322, 'epoch': 0.04}
{'loss': 6.9264, 'learning_rate': 0.00024020618556701032, 'epoch': 0.04}
{'loss': 6.9124, 'learning_rate': 0.00023994845360824743, 'epoch': 0.04}
{'loss': 6.925, 'learning_rate': 0.00023969072164948456, 'epoch': 0.04}
{'loss': 6.9789, 'learning_rate': 0.00023943298969072166, 'epoch': 0.04}
{'loss': 6.9715, 'learning_rate': 0.00023917525773195877, 'epoch': 0.04}
{'loss': 6.9757, 'learning_rate': 0.0002389175257731959, 'epoch': 0.04}
{'loss': 6.9462, 'learning_rate': 0.000238659793814433, 'epoch': 0.04}
{'loss': 6.9234, 'learning_rate': 0.00023840206185567013, 'epoch': 0.04}
{'loss': 6.9363, 'learning_rate': 0.0002381443298969072, 'epoch': 0.04}
{'loss': 6.9455, 'learning_rate': 0.00023788659793814432, 'epoch': 0.04}
{'loss': 6.9623, 'learning_rate': 0.00023762886597938145, 'epoch': 0.04}
{'loss': 6.9302, 'learning_rate': 0.00023737113402061855, 'epoch': 0.04}
{'loss': 6.949, 'learning_rate': 0.00023711340206185566, 'epoch': 0.04}
{'loss': 6.9896, 'learning_rate': 0.0002368556701030928, 'epoch': 0.04}
{'loss': 6.9565, 'learning_rate': 0.0002365979381443299, 'epoch': 0.04}
{'loss': 6.9476, 'learning_rate': 0.000236340206185567, 'epoch': 0.04}
{'loss': 6.932, 'learning_rate': 0.00023608247422680413, 'epoch': 0.04}
{'loss': 6.892, 'learning_rate': 0.00023582474226804123, 'epoch': 0.04}
{'loss': 6.9703, 'learning_rate': 0.00023556701030927836, 'epoch': 0.04}
{'loss': 6.9071, 'learning_rate': 0.00023530927835051547, 'epoch': 0.04}
{'loss': 6.9572, 'learning_rate': 0.00023505154639175257, 'epoch': 0.04}
{'loss': 6.903, 'learning_rate': 0.0002347938144329897, 'epoch': 0.04}
{'loss': 6.9788, 'learning_rate': 0.0002345360824742268, 'epoch': 0.04}
{'loss': 6.9505, 'learning_rate': 0.0002342783505154639, 'epoch': 0.04}
{'loss': 6.9278, 'learning_rate': 0.00023402061855670104, 'epoch': 0.04}
{'loss': 6.9428, 'learning_rate': 0.00023376288659793815, 'epoch': 0.04}
{'loss': 6.8592, 'learning_rate': 0.00023350515463917525, 'epoch': 0.04}
{'loss': 6.8946, 'learning_rate': 0.00023324742268041238, 'epoch': 0.04}
{'loss': 6.9026, 'learning_rate': 0.0002329896907216495, 'epoch': 0.04}
{'loss': 6.9516, 'learning_rate': 0.00023273195876288662, 'epoch': 0.04}
{'loss': 6.9094, 'learning_rate': 0.00023247422680412372, 'epoch': 0.04}
{'loss': 6.9009, 'learning_rate': 0.00023221649484536083, 'epoch': 0.04}
{'loss': 6.9513, 'learning_rate': 0.00023195876288659796, 'epoch': 0.04}
{'loss': 6.8832, 'learning_rate': 0.00023170103092783506, 'epoch': 0.04}
{'loss': 6.8956, 'learning_rate': 0.00023144329896907217, 'epoch': 0.04}
{'loss': 6.9603, 'learning_rate': 0.0002311855670103093, 'epoch': 0.04}
{'loss': 6.945, 'learning_rate': 0.0002309278350515464, 'epoch': 0.04}
{'loss': 6.9094, 'learning_rate': 0.00023067010309278354, 'epoch': 0.04}
{'loss': 6.9549, 'learning_rate': 0.0002304123711340206, 'epoch': 0.04}
{'loss': 6.9418, 'learning_rate': 0.00023015463917525772, 'epoch': 0.04}
{'loss': 6.9683, 'learning_rate': 0.00022989690721649485, 'epoch': 0.04}
{'loss': 6.9495, 'learning_rate': 0.00022963917525773195, 'epoch': 0.04}
{'loss': 6.9367, 'learning_rate': 0.00022938144329896906, 'epoch': 0.04}
{'loss': 6.9257, 'learning_rate': 0.0002291237113402062, 'epoch': 0.04}
{'loss': 6.9219, 'learning_rate': 0.0002288659793814433, 'epoch': 0.04}
{'loss': 6.9006, 'learning_rate': 0.0002286082474226804, 'epoch': 0.04}
{'loss': 6.932, 'learning_rate': 0.00022835051546391753, 'epoch': 0.04}
{'loss': 6.9264, 'learning_rate': 0.00022809278350515463, 'epoch': 0.04}
{'loss': 6.9179, 'learning_rate': 0.00022783505154639176, 'epoch': 0.04}
{'loss': 6.9824, 'learning_rate': 0.00022757731958762887, 'epoch': 0.04}
{'loss': 6.9344, 'learning_rate': 0.00022731958762886597, 'epoch': 0.04}
{'loss': 6.9328, 'learning_rate': 0.0002270618556701031, 'epoch': 0.04}
{'loss': 6.9206, 'learning_rate': 0.0002268041237113402, 'epoch': 0.04}
{'loss': 6.8942, 'learning_rate': 0.00022654639175257731, 'epoch': 0.04}
{'loss': 6.9004, 'learning_rate': 0.00022628865979381445, 'epoch': 0.04}
{'loss': 6.9857, 'learning_rate': 0.00022603092783505155, 'epoch': 0.04}
{'loss': 6.9995, 'learning_rate': 0.00022577319587628868, 'epoch': 0.04}
{'loss': 6.9351, 'learning_rate': 0.00022551546391752579, 'epoch': 0.04}
{'loss': 6.9103, 'learning_rate': 0.0002252577319587629, 'epoch': 0.04}
{'loss': 7.0143, 'learning_rate': 0.00022500000000000002, 'epoch': 0.04}
{'loss': 6.9618, 'learning_rate': 0.00022474226804123713, 'epoch': 0.04}
{'loss': 6.8688, 'learning_rate': 0.00022448453608247423, 'epoch': 0.04}
{'loss': 6.9288, 'learning_rate': 0.00022422680412371136, 'epoch': 0.04}
{'loss': 6.982, 'learning_rate': 0.00022396907216494847, 'epoch': 0.04}
{'loss': 6.9395, 'learning_rate': 0.00022371134020618557, 'epoch': 0.04}
{'loss': 6.9439, 'learning_rate': 0.0002234536082474227, 'epoch': 0.04}
{'loss': 6.9473, 'learning_rate': 0.0002231958762886598, 'epoch': 0.04}
{'loss': 6.9075, 'learning_rate': 0.00022293814432989694, 'epoch': 0.04}
{'loss': 6.9056, 'learning_rate': 0.00022268041237113404, 'epoch': 0.04}
{'loss': 6.9686, 'learning_rate': 0.00022242268041237112, 'epoch': 0.04}
{'loss': 6.95, 'learning_rate': 0.00022216494845360825, 'epoch': 0.04}
{'loss': 6.9339, 'learning_rate': 0.00022190721649484535, 'epoch': 0.04}
{'loss': 6.916, 'learning_rate': 0.00022164948453608246, 'epoch': 0.04}
{'loss': 6.9423, 'learning_rate': 0.0002213917525773196, 'epoch': 0.04}
{'loss': 6.9146, 'learning_rate': 0.0002211340206185567, 'epoch': 0.04}
{'loss': 6.9523, 'learning_rate': 0.0002208762886597938, 'epoch': 0.04}
{'loss': 6.9272, 'learning_rate': 0.00022061855670103093, 'epoch': 0.04}
{'loss': 6.948, 'learning_rate': 0.00022036082474226803, 'epoch': 0.04}
{'loss': 6.881, 'learning_rate': 0.00022010309278350517, 'epoch': 0.04}
{'loss': 6.9228, 'learning_rate': 0.00021984536082474227, 'epoch': 0.04}
{'loss': 6.9261, 'learning_rate': 0.00021958762886597937, 'epoch': 0.04}
{'loss': 6.9695, 'learning_rate': 0.0002193298969072165, 'epoch': 0.04}
{'loss': 6.9197, 'learning_rate': 0.0002190721649484536, 'epoch': 0.04}
{'loss': 6.904, 'learning_rate': 0.00021881443298969071, 'epoch': 0.04}
{'loss': 6.9554, 'learning_rate': 0.00021855670103092785, 'epoch': 0.04}
{'loss': 6.9001, 'learning_rate': 0.00021829896907216495, 'epoch': 0.04}
{'loss': 6.9933, 'learning_rate': 0.00021804123711340208, 'epoch': 0.04}
{'loss': 6.9306, 'learning_rate': 0.0002177835051546392, 'epoch': 0.04}
{'loss': 6.8988, 'learning_rate': 0.0002175257731958763, 'epoch': 0.04}
{'loss': 6.9625, 'learning_rate': 0.00021726804123711342, 'epoch': 0.04}
{'loss': 6.9422, 'learning_rate': 0.00021701030927835053, 'epoch': 0.04}
{'loss': 6.9564, 'learning_rate': 0.00021675257731958763, 'epoch': 0.04}
{'loss': 6.8643, 'learning_rate': 0.00021649484536082476, 'epoch': 0.04}
{'loss': 6.9491, 'learning_rate': 0.00021623711340206187, 'epoch': 0.04}
{'loss': 6.9509, 'learning_rate': 0.00021597938144329897, 'epoch': 0.04}
{'loss': 6.9367, 'learning_rate': 0.0002157216494845361, 'epoch': 0.04}
{'loss': 6.8791, 'learning_rate': 0.0002154639175257732, 'epoch': 0.04}
{'loss': 6.9286, 'learning_rate': 0.00021520618556701034, 'epoch': 0.04}
{'loss': 6.9681, 'learning_rate': 0.00021494845360824744, 'epoch': 0.04}
{'loss': 6.9185, 'learning_rate': 0.00021469072164948452, 'epoch': 0.04}
{'loss': 6.9281, 'learning_rate': 0.00021443298969072165, 'epoch': 0.04}
{'loss': 6.9126, 'learning_rate': 0.00021417525773195876, 'epoch': 0.04}
{'loss': 6.9004, 'learning_rate': 0.00021391752577319586, 'epoch': 0.04}
{'loss': 6.8751, 'learning_rate': 0.000213659793814433, 'epoch': 0.04}
{'loss': 6.9306, 'learning_rate': 0.0002134020618556701, 'epoch': 0.04}
{'loss': 6.934, 'learning_rate': 0.0002131443298969072, 'epoch': 0.04}
{'loss': 6.938, 'learning_rate': 0.00021288659793814433, 'epoch': 0.04}
{'loss': 6.9321, 'learning_rate': 0.00021262886597938144, 'epoch': 0.04}
{'loss': 6.8861, 'learning_rate': 0.00021237113402061857, 'epoch': 0.04}
{'loss': 6.9709, 'learning_rate': 0.00021211340206185567, 'epoch': 0.04}
{'loss': 6.9484, 'learning_rate': 0.00021185567010309278, 'epoch': 0.04}
{'loss': 6.8857, 'learning_rate': 0.0002115979381443299, 'epoch': 0.04}
{'loss': 6.9744, 'learning_rate': 0.000211340206185567, 'epoch': 0.04}
{'loss': 6.9526, 'learning_rate': 0.00021108247422680412, 'epoch': 0.04}
{'loss': 6.9371, 'learning_rate': 0.00021082474226804125, 'epoch': 0.04}
{'loss': 6.8961, 'learning_rate': 0.00021056701030927835, 'epoch': 0.04}
{'loss': 6.9587, 'learning_rate': 0.00021030927835051548, 'epoch': 0.04}
{'loss': 6.8832, 'learning_rate': 0.0002100515463917526, 'epoch': 0.04}
{'loss': 6.8467, 'learning_rate': 0.0002097938144329897, 'epoch': 0.04}
{'loss': 6.9313, 'learning_rate': 0.00020953608247422682, 'epoch': 0.04}
{'loss': 6.9438, 'learning_rate': 0.00020927835051546393, 'epoch': 0.04}
{'loss': 6.9579, 'learning_rate': 0.00020902061855670103, 'epoch': 0.04}
{'loss': 6.9221, 'learning_rate': 0.00020876288659793816, 'epoch': 0.04}
{'loss': 6.9849, 'learning_rate': 0.00020850515463917527, 'epoch': 0.04}
{'loss': 6.8877, 'learning_rate': 0.00020824742268041237, 'epoch': 0.04}
{'loss': 6.9214, 'learning_rate': 0.0002079896907216495, 'epoch': 0.04}
{'loss': 6.9188, 'learning_rate': 0.0002077319587628866, 'epoch': 0.05}
{'loss': 6.9037, 'learning_rate': 0.00020747422680412374, 'epoch': 0.05}
{'loss': 6.9753, 'learning_rate': 0.00020721649484536084, 'epoch': 0.05}
{'loss': 6.9341, 'learning_rate': 0.00020695876288659792, 'epoch': 0.05}
{'loss': 6.91, 'learning_rate': 0.00020670103092783505, 'epoch': 0.05}
{'loss': 6.9399, 'learning_rate': 0.00020644329896907216, 'epoch': 0.05}
{'loss': 6.941, 'learning_rate': 0.00020618556701030926, 'epoch': 0.05}
{'loss': 6.9339, 'learning_rate': 0.0002059278350515464, 'epoch': 0.05}
{'loss': 6.9365, 'learning_rate': 0.0002056701030927835, 'epoch': 0.05}
{'loss': 6.9193, 'learning_rate': 0.0002054123711340206, 'epoch': 0.05}
{'loss': 6.9335, 'learning_rate': 0.00020515463917525773, 'epoch': 0.05}
{'loss': 6.956, 'learning_rate': 0.00020489690721649484, 'epoch': 0.05}
{'loss': 6.9507, 'learning_rate': 0.00020463917525773197, 'epoch': 0.05}
{'loss': 6.9448, 'learning_rate': 0.00020438144329896907, 'epoch': 0.05}
{'loss': 6.8835, 'learning_rate': 0.00020412371134020618, 'epoch': 0.05}
{'loss': 6.9941, 'learning_rate': 0.0002038659793814433, 'epoch': 0.05}
{'loss': 6.9477, 'learning_rate': 0.0002036082474226804, 'epoch': 0.05}
{'loss': 6.9109, 'learning_rate': 0.00020335051546391752, 'epoch': 0.05}
{'loss': 6.877, 'learning_rate': 0.00020309278350515465, 'epoch': 0.05}
{'loss': 6.9391, 'learning_rate': 0.00020283505154639175, 'epoch': 0.05}
{'loss': 6.9426, 'learning_rate': 0.00020257731958762888, 'epoch': 0.05}
{'loss': 6.8798, 'learning_rate': 0.000202319587628866, 'epoch': 0.05}
{'loss': 6.8585, 'learning_rate': 0.0002020618556701031, 'epoch': 0.05}
{'loss': 6.936, 'learning_rate': 0.00020180412371134022, 'epoch': 0.05}
{'loss': 6.9083, 'learning_rate': 0.00020154639175257733, 'epoch': 0.05}
{'loss': 6.943, 'learning_rate': 0.00020128865979381443, 'epoch': 0.05}
{'loss': 6.9015, 'learning_rate': 0.00020103092783505157, 'epoch': 0.05}
{'loss': 6.9297, 'learning_rate': 0.00020077319587628867, 'epoch': 0.05}
{'loss': 6.9398, 'learning_rate': 0.00020051546391752577, 'epoch': 0.05}
{'loss': 6.8662, 'learning_rate': 0.0002002577319587629, 'epoch': 0.05}
{'loss': 6.8917, 'learning_rate': 0.0002, 'epoch': 0.05}
{'loss': 6.9233, 'learning_rate': 0.00019974226804123714, 'epoch': 0.05}
{'loss': 6.9419, 'learning_rate': 0.00019948453608247425, 'epoch': 0.05}
{'loss': 6.917, 'learning_rate': 0.00019922680412371135, 'epoch': 0.05}
{'loss': 6.911, 'learning_rate': 0.00019896907216494845, 'epoch': 0.05}
{'loss': 6.9003, 'learning_rate': 0.00019871134020618556, 'epoch': 0.05}
{'loss': 6.9975, 'learning_rate': 0.00019845360824742266, 'epoch': 0.05}
{'loss': 6.9413, 'learning_rate': 0.0001981958762886598, 'epoch': 0.05}
{'loss': 6.9357, 'learning_rate': 0.0001979381443298969, 'epoch': 0.05}
{'loss': 6.8788, 'learning_rate': 0.000197680412371134, 'epoch': 0.05}
{'loss': 6.9459, 'learning_rate': 0.00019742268041237113, 'epoch': 0.05}
{'loss': 6.9111, 'learning_rate': 0.00019716494845360824, 'epoch': 0.05}
{'loss': 6.9932, 'learning_rate': 0.00019690721649484537, 'epoch': 0.05}
{'loss': 6.898, 'learning_rate': 0.00019664948453608247, 'epoch': 0.05}
{'loss': 6.8923, 'learning_rate': 0.00019639175257731958, 'epoch': 0.05}
{'loss': 6.905, 'learning_rate': 0.0001961340206185567, 'epoch': 0.05}
{'loss': 6.9473, 'learning_rate': 0.00019587628865979381, 'epoch': 0.05}
{'loss': 6.9512, 'learning_rate': 0.00019561855670103092, 'epoch': 0.05}
{'loss': 6.9071, 'learning_rate': 0.00019536082474226805, 'epoch': 0.05}
{'loss': 6.9041, 'learning_rate': 0.00019510309278350515, 'epoch': 0.05}
{'loss': 6.9298, 'learning_rate': 0.00019484536082474229, 'epoch': 0.05}
{'loss': 6.9501, 'learning_rate': 0.0001945876288659794, 'epoch': 0.05}
{'loss': 6.948, 'learning_rate': 0.0001943298969072165, 'epoch': 0.05}
{'loss': 6.9563, 'learning_rate': 0.00019407216494845363, 'epoch': 0.05}
{'loss': 6.9399, 'learning_rate': 0.00019381443298969073, 'epoch': 0.05}
{'loss': 7.0045, 'learning_rate': 0.00019355670103092784, 'epoch': 0.05}
{'loss': 6.9517, 'learning_rate': 0.00019329896907216497, 'epoch': 0.05}
{'loss': 6.9087, 'learning_rate': 0.00019304123711340207, 'epoch': 0.05}
{'loss': 6.9391, 'learning_rate': 0.00019278350515463918, 'epoch': 0.05}
{'loss': 6.8798, 'learning_rate': 0.0001925257731958763, 'epoch': 0.05}
{'loss': 6.9502, 'learning_rate': 0.0001922680412371134, 'epoch': 0.05}
{'loss': 6.9749, 'learning_rate': 0.00019201030927835054, 'epoch': 0.05}
{'loss': 6.8824, 'learning_rate': 0.00019175257731958765, 'epoch': 0.05}
{'loss': 6.9298, 'learning_rate': 0.00019149484536082475, 'epoch': 0.05}
{'loss': 6.9534, 'learning_rate': 0.00019123711340206186, 'epoch': 0.05}
{'loss': 6.93, 'learning_rate': 0.00019097938144329896, 'epoch': 0.05}
{'loss': 6.8742, 'learning_rate': 0.00019072164948453606, 'epoch': 0.05}
{'loss': 6.9256, 'learning_rate': 0.0001904639175257732, 'epoch': 0.05}
{'loss': 6.9147, 'learning_rate': 0.0001902061855670103, 'epoch': 0.05}
{'loss': 6.937, 'learning_rate': 0.00018994845360824743, 'epoch': 0.05}
{'loss': 6.961, 'learning_rate': 0.00018969072164948454, 'epoch': 0.05}
{'loss': 6.9544, 'learning_rate': 0.00018943298969072164, 'epoch': 0.05}
{'loss': 6.9214, 'learning_rate': 0.00018917525773195877, 'epoch': 0.05}
{'loss': 6.9367, 'learning_rate': 0.00018891752577319588, 'epoch': 0.05}
{'loss': 6.9319, 'learning_rate': 0.00018865979381443298, 'epoch': 0.05}
{'loss': 6.9521, 'learning_rate': 0.0001884020618556701, 'epoch': 0.05}
{'loss': 6.886, 'learning_rate': 0.00018814432989690722, 'epoch': 0.05}
{'loss': 6.9622, 'learning_rate': 0.00018788659793814432, 'epoch': 0.05}
{'loss': 6.8803, 'learning_rate': 0.00018762886597938145, 'epoch': 0.05}
{'loss': 6.8645, 'learning_rate': 0.00018737113402061856, 'epoch': 0.05}
{'loss': 6.9492, 'learning_rate': 0.0001871134020618557, 'epoch': 0.05}
{'loss': 6.9585, 'learning_rate': 0.0001868556701030928, 'epoch': 0.05}
{'loss': 6.9128, 'learning_rate': 0.0001865979381443299, 'epoch': 0.05}
{'loss': 6.8951, 'learning_rate': 0.00018634020618556703, 'epoch': 0.05}
{'loss': 6.9578, 'learning_rate': 0.00018608247422680413, 'epoch': 0.05}
{'loss': 6.9536, 'learning_rate': 0.00018582474226804124, 'epoch': 0.05}
{'loss': 6.9918, 'learning_rate': 0.00018556701030927837, 'epoch': 0.05}
{'loss': 6.9108, 'learning_rate': 0.00018530927835051547, 'epoch': 0.05}
{'loss': 6.9026, 'learning_rate': 0.00018505154639175258, 'epoch': 0.05}
{'loss': 6.9391, 'learning_rate': 0.0001847938144329897, 'epoch': 0.05}
{'loss': 6.9309, 'learning_rate': 0.0001845360824742268, 'epoch': 0.05}
{'loss': 6.9446, 'learning_rate': 0.00018427835051546394, 'epoch': 0.05}
{'loss': 6.9396, 'learning_rate': 0.00018402061855670105, 'epoch': 0.05}
{'loss': 6.9185, 'learning_rate': 0.00018376288659793815, 'epoch': 0.05}
{'loss': 6.9817, 'learning_rate': 0.00018350515463917526, 'epoch': 0.05}
{'loss': 6.8791, 'learning_rate': 0.00018324742268041236, 'epoch': 0.05}
{'loss': 6.9336, 'learning_rate': 0.00018298969072164947, 'epoch': 0.05}
{'loss': 6.9826, 'learning_rate': 0.0001827319587628866, 'epoch': 0.05}
{'loss': 6.9731, 'learning_rate': 0.0001824742268041237, 'epoch': 0.05}
{'loss': 6.9053, 'learning_rate': 0.00018221649484536083, 'epoch': 0.05}
{'loss': 6.955, 'learning_rate': 0.00018195876288659794, 'epoch': 0.05}
{'loss': 6.9061, 'learning_rate': 0.00018170103092783504, 'epoch': 0.05}
{'loss': 6.8927, 'learning_rate': 0.00018144329896907217, 'epoch': 0.05}
{'loss': 6.954, 'learning_rate': 0.00018118556701030928, 'epoch': 0.05}
{'loss': 6.9672, 'learning_rate': 0.00018092783505154638, 'epoch': 0.05}
{'loss': 6.9447, 'learning_rate': 0.0001806701030927835, 'epoch': 0.05}
{'loss': 6.942, 'learning_rate': 0.00018041237113402062, 'epoch': 0.05}
{'loss': 6.9323, 'learning_rate': 0.00018015463917525772, 'epoch': 0.05}
{'loss': 6.9151, 'learning_rate': 0.00017989690721649485, 'epoch': 0.05}
{'loss': 6.9692, 'learning_rate': 0.00017963917525773196, 'epoch': 0.05}
{'loss': 6.9294, 'learning_rate': 0.0001793814432989691, 'epoch': 0.05}
{'loss': 6.9198, 'learning_rate': 0.0001791237113402062, 'epoch': 0.05}
{'loss': 6.9129, 'learning_rate': 0.0001788659793814433, 'epoch': 0.05}
{'loss': 6.9073, 'learning_rate': 0.00017860824742268043, 'epoch': 0.05}
{'loss': 6.941, 'learning_rate': 0.00017835051546391753, 'epoch': 0.05}
{'loss': 6.8993, 'learning_rate': 0.00017809278350515464, 'epoch': 0.05}
{'loss': 6.9107, 'learning_rate': 0.00017783505154639177, 'epoch': 0.05}
{'loss': 6.9635, 'learning_rate': 0.00017757731958762887, 'epoch': 0.05}
{'loss': 6.9191, 'learning_rate': 0.000177319587628866, 'epoch': 0.05}
{'loss': 6.9428, 'learning_rate': 0.0001770618556701031, 'epoch': 0.05}
{'loss': 6.9354, 'learning_rate': 0.00017680412371134021, 'epoch': 0.05}
{'loss': 6.938, 'learning_rate': 0.00017654639175257735, 'epoch': 0.05}
{'loss': 6.9694, 'learning_rate': 0.00017628865979381445, 'epoch': 0.05}
{'loss': 6.9151, 'learning_rate': 0.00017603092783505155, 'epoch': 0.05}
{'loss': 6.9012, 'learning_rate': 0.00017577319587628866, 'epoch': 0.05}
{'loss': 6.9093, 'learning_rate': 0.00017551546391752576, 'epoch': 0.05}
{'loss': 6.9112, 'learning_rate': 0.00017525773195876287, 'epoch': 0.05}
{'loss': 6.8709, 'learning_rate': 0.000175, 'epoch': 0.05}
{'loss': 6.8642, 'learning_rate': 0.0001747422680412371, 'epoch': 0.05}
{'loss': 6.9011, 'learning_rate': 0.00017448453608247423, 'epoch': 0.05}
{'loss': 6.9161, 'learning_rate': 0.00017422680412371134, 'epoch': 0.05}
{'loss': 6.9289, 'learning_rate': 0.00017396907216494844, 'epoch': 0.05}
{'loss': 6.8986, 'learning_rate': 0.00017371134020618557, 'epoch': 0.05}
{'loss': 6.9479, 'learning_rate': 0.00017345360824742268, 'epoch': 0.05}
{'loss': 6.916, 'learning_rate': 0.00017319587628865978, 'epoch': 0.05}
{'loss': 6.9799, 'learning_rate': 0.00017293814432989691, 'epoch': 0.05}
{'loss': 6.9042, 'learning_rate': 0.00017268041237113402, 'epoch': 0.05}
{'loss': 6.9317, 'learning_rate': 0.00017242268041237112, 'epoch': 0.05}
{'loss': 6.8931, 'learning_rate': 0.00017216494845360825, 'epoch': 0.05}
{'loss': 6.9466, 'learning_rate': 0.00017190721649484536, 'epoch': 0.05}
{'loss': 6.9183, 'learning_rate': 0.0001716494845360825, 'epoch': 0.05}
{'loss': 6.9726, 'learning_rate': 0.0001713917525773196, 'epoch': 0.05}
{'loss': 6.9632, 'learning_rate': 0.0001711340206185567, 'epoch': 0.05}
{'loss': 6.892, 'learning_rate': 0.00017087628865979383, 'epoch': 0.05}
{'loss': 6.9326, 'learning_rate': 0.00017061855670103093, 'epoch': 0.05}
{'loss': 6.9411, 'learning_rate': 0.00017036082474226804, 'epoch': 0.05}
{'loss': 6.8914, 'learning_rate': 0.00017010309278350517, 'epoch': 0.05}
{'loss': 6.9233, 'learning_rate': 0.00016984536082474227, 'epoch': 0.05}
{'loss': 6.9605, 'learning_rate': 0.0001695876288659794, 'epoch': 0.05}
{'loss': 6.8795, 'learning_rate': 0.0001693298969072165, 'epoch': 0.05}
{'loss': 6.9428, 'learning_rate': 0.00016907216494845361, 'epoch': 0.05}
{'loss': 6.9391, 'learning_rate': 0.00016881443298969075, 'epoch': 0.05}
{'loss': 6.9467, 'learning_rate': 0.00016855670103092785, 'epoch': 0.05}
{'loss': 6.9608, 'learning_rate': 0.00016829896907216496, 'epoch': 0.05}
{'loss': 6.8623, 'learning_rate': 0.0001680412371134021, 'epoch': 0.05}
{'loss': 6.9138, 'learning_rate': 0.00016778350515463916, 'epoch': 0.05}
{'loss': 6.8864, 'learning_rate': 0.00016752577319587627, 'epoch': 0.05}
{'loss': 6.9605, 'learning_rate': 0.0001672680412371134, 'epoch': 0.05}
{'loss': 6.9579, 'learning_rate': 0.0001670103092783505, 'epoch': 0.05}
{'loss': 6.9062, 'learning_rate': 0.00016675257731958764, 'epoch': 0.05}
{'loss': 6.9624, 'learning_rate': 0.00016649484536082474, 'epoch': 0.05}
{'loss': 6.9365, 'learning_rate': 0.00016623711340206184, 'epoch': 0.05}
{'loss': 6.9275, 'learning_rate': 0.00016597938144329898, 'epoch': 0.05}
{'loss': 6.8992, 'learning_rate': 0.00016572164948453608, 'epoch': 0.05}
{'loss': 6.9407, 'learning_rate': 0.00016546391752577318, 'epoch': 0.05}
{'loss': 7.0043, 'learning_rate': 0.00016520618556701032, 'epoch': 0.05}
{'loss': 6.8939, 'learning_rate': 0.00016494845360824742, 'epoch': 0.05}
{'loss': 6.9585, 'learning_rate': 0.00016469072164948452, 'epoch': 0.05}
{'loss': 6.9505, 'learning_rate': 0.00016443298969072166, 'epoch': 0.05}
{'loss': 6.9391, 'learning_rate': 0.00016417525773195876, 'epoch': 0.05}
{'loss': 6.9608, 'learning_rate': 0.0001639175257731959, 'epoch': 0.05}
{'loss': 6.9621, 'learning_rate': 0.000163659793814433, 'epoch': 0.05}
{'loss': 6.9116, 'learning_rate': 0.0001634020618556701, 'epoch': 0.05}
{'loss': 6.9584, 'learning_rate': 0.00016314432989690723, 'epoch': 0.05}
{'loss': 6.9349, 'learning_rate': 0.00016288659793814434, 'epoch': 0.05}
{'loss': 6.9348, 'learning_rate': 0.00016262886597938144, 'epoch': 0.05}
{'loss': 6.8869, 'learning_rate': 0.00016237113402061857, 'epoch': 0.05}
{'loss': 6.9237, 'learning_rate': 0.00016211340206185568, 'epoch': 0.05}
{'loss': 6.9654, 'learning_rate': 0.0001618556701030928, 'epoch': 0.05}
{'loss': 6.8907, 'learning_rate': 0.0001615979381443299, 'epoch': 0.05}
{'loss': 6.8947, 'learning_rate': 0.00016134020618556702, 'epoch': 0.05}
{'loss': 6.9523, 'learning_rate': 0.00016108247422680415, 'epoch': 0.05}
{'loss': 6.9516, 'learning_rate': 0.00016082474226804125, 'epoch': 0.05}
{'loss': 6.9284, 'learning_rate': 0.00016056701030927836, 'epoch': 0.05}
{'loss': 6.9395, 'learning_rate': 0.0001603092783505155, 'epoch': 0.05}
{'loss': 6.9421, 'learning_rate': 0.00016005154639175257, 'epoch': 0.05}
{'loss': 6.918, 'learning_rate': 0.00015979381443298967, 'epoch': 0.05}
{'loss': 6.9388, 'learning_rate': 0.0001595360824742268, 'epoch': 0.05}
{'loss': 6.9522, 'learning_rate': 0.0001592783505154639, 'epoch': 0.05}
{'loss': 6.9548, 'learning_rate': 0.00015902061855670104, 'epoch': 0.05}
{'loss': 6.9379, 'learning_rate': 0.00015876288659793814, 'epoch': 0.05}
{'loss': 6.92, 'learning_rate': 0.00015850515463917525, 'epoch': 0.05}
{'loss': 6.9476, 'learning_rate': 0.00015824742268041238, 'epoch': 0.05}
{'loss': 6.907, 'learning_rate': 0.00015798969072164948, 'epoch': 0.05}
{'loss': 6.9271, 'learning_rate': 0.00015773195876288659, 'epoch': 0.05}
{'loss': 6.9657, 'learning_rate': 0.00015747422680412372, 'epoch': 0.05}
{'loss': 6.9061, 'learning_rate': 0.00015721649484536082, 'epoch': 0.05}
{'loss': 6.8843, 'learning_rate': 0.00015695876288659793, 'epoch': 0.05}
{'loss': 6.9841, 'learning_rate': 0.00015670103092783506, 'epoch': 0.05}
{'loss': 6.8864, 'learning_rate': 0.00015644329896907216, 'epoch': 0.05}
{'loss': 6.9269, 'learning_rate': 0.0001561855670103093, 'epoch': 0.05}
{'loss': 6.9114, 'learning_rate': 0.0001559278350515464, 'epoch': 0.05}
{'loss': 6.934, 'learning_rate': 0.0001556701030927835, 'epoch': 0.05}
{'loss': 6.9825, 'learning_rate': 0.00015541237113402063, 'epoch': 0.05}
{'loss': 6.9979, 'learning_rate': 0.00015515463917525774, 'epoch': 0.05}
{'loss': 6.8709, 'learning_rate': 0.00015489690721649484, 'epoch': 0.05}
{'loss': 6.9301, 'learning_rate': 0.00015463917525773197, 'epoch': 0.05}
{'loss': 6.9777, 'learning_rate': 0.00015438144329896908, 'epoch': 0.05}
{'loss': 6.9748, 'learning_rate': 0.0001541237113402062, 'epoch': 0.05}
{'loss': 6.9237, 'learning_rate': 0.0001538659793814433, 'epoch': 0.05}
{'loss': 6.9336, 'learning_rate': 0.00015360824742268042, 'epoch': 0.05}
{'loss': 7.0006, 'learning_rate': 0.00015335051546391755, 'epoch': 0.05}
{'loss': 6.9205, 'learning_rate': 0.00015309278350515465, 'epoch': 0.05}
{'loss': 6.8826, 'learning_rate': 0.00015283505154639176, 'epoch': 0.05}
{'loss': 6.8989, 'learning_rate': 0.0001525773195876289, 'epoch': 0.05}
{'loss': 6.942, 'learning_rate': 0.00015231958762886597, 'epoch': 0.05}
{'loss': 6.9041, 'learning_rate': 0.00015206185567010307, 'epoch': 0.05}
{'loss': 6.9247, 'learning_rate': 0.0001518041237113402, 'epoch': 0.05}
{'loss': 6.893, 'learning_rate': 0.0001515463917525773, 'epoch': 0.05}
{'loss': 6.9386, 'learning_rate': 0.00015128865979381444, 'epoch': 0.05}
{'loss': 6.9479, 'learning_rate': 0.00015103092783505154, 'epoch': 0.05}
{'loss': 6.9265, 'learning_rate': 0.00015077319587628865, 'epoch': 0.05}
{'loss': 6.9036, 'learning_rate': 0.00015051546391752578, 'epoch': 0.05}
{'loss': 6.9369, 'learning_rate': 0.00015025773195876288, 'epoch': 0.05}
{'loss': 6.9442, 'learning_rate': 0.00015, 'epoch': 0.05}
{'loss': 6.9621, 'learning_rate': 0.00014974226804123712, 'epoch': 0.05}
{'loss': 6.9383, 'learning_rate': 0.00014948453608247422, 'epoch': 0.05}
{'loss': 6.9315, 'learning_rate': 0.00014922680412371133, 'epoch': 0.05}
{'loss': 6.9069, 'learning_rate': 0.00014896907216494846, 'epoch': 0.05}
{'loss': 6.9073, 'learning_rate': 0.00014871134020618556, 'epoch': 0.05}
{'loss': 6.9314, 'learning_rate': 0.0001484536082474227, 'epoch': 0.05}
{'loss': 6.9373, 'learning_rate': 0.0001481958762886598, 'epoch': 0.05}
{'loss': 6.9503, 'learning_rate': 0.0001479381443298969, 'epoch': 0.05}
{'loss': 6.8759, 'learning_rate': 0.00014768041237113403, 'epoch': 0.05}
{'loss': 6.8918, 'learning_rate': 0.00014742268041237114, 'epoch': 0.05}
{'loss': 6.9298, 'learning_rate': 0.00014716494845360824, 'epoch': 0.05}
{'loss': 6.932, 'learning_rate': 0.00014690721649484537, 'epoch': 0.05}
{'loss': 6.8808, 'learning_rate': 0.00014664948453608248, 'epoch': 0.05}
{'loss': 6.912, 'learning_rate': 0.0001463917525773196, 'epoch': 0.05}
{'loss': 6.9767, 'learning_rate': 0.00014613402061855671, 'epoch': 0.05}
{'loss': 6.9136, 'learning_rate': 0.00014587628865979382, 'epoch': 0.05}
{'loss': 6.9078, 'learning_rate': 0.00014561855670103095, 'epoch': 0.05}
{'loss': 6.952, 'learning_rate': 0.00014536082474226805, 'epoch': 0.05}
{'loss': 6.9278, 'learning_rate': 0.00014510309278350516, 'epoch': 0.05}
{'loss': 6.9621, 'learning_rate': 0.0001448453608247423, 'epoch': 0.05}
{'loss': 6.9477, 'learning_rate': 0.0001445876288659794, 'epoch': 0.05}
{'loss': 6.9283, 'learning_rate': 0.00014432989690721647, 'epoch': 0.05}
{'loss': 6.9196, 'learning_rate': 0.0001440721649484536, 'epoch': 0.05}
{'loss': 6.9337, 'learning_rate': 0.0001438144329896907, 'epoch': 0.05}
{'loss': 6.9049, 'learning_rate': 0.00014355670103092784, 'epoch': 0.05}
{'loss': 6.9455, 'learning_rate': 0.00014329896907216494, 'epoch': 0.05}
{'loss': 6.9571, 'learning_rate': 0.00014304123711340205, 'epoch': 0.05}
{'loss': 6.9091, 'learning_rate': 0.00014278350515463918, 'epoch': 0.05}
{'loss': 6.959, 'learning_rate': 0.00014252577319587628, 'epoch': 0.05}
{'loss': 6.937, 'learning_rate': 0.0001422680412371134, 'epoch': 0.05}
{'loss': 6.9275, 'learning_rate': 0.00014201030927835052, 'epoch': 0.05}
{'loss': 6.9662, 'learning_rate': 0.00014175257731958762, 'epoch': 0.05}
{'loss': 6.949, 'learning_rate': 0.00014149484536082476, 'epoch': 0.05}
{'loss': 6.9242, 'learning_rate': 0.00014123711340206186, 'epoch': 0.05}
{'loss': 6.9185, 'learning_rate': 0.00014097938144329896, 'epoch': 0.05}
{'loss': 6.9104, 'learning_rate': 0.0001407216494845361, 'epoch': 0.05}
{'loss': 6.9583, 'learning_rate': 0.0001404639175257732, 'epoch': 0.05}
{'loss': 6.9455, 'learning_rate': 0.0001402061855670103, 'epoch': 0.05}
{'loss': 6.8883, 'learning_rate': 0.00013994845360824744, 'epoch': 0.05}
{'loss': 6.9065, 'learning_rate': 0.00013969072164948454, 'epoch': 0.05}
{'loss': 6.9683, 'learning_rate': 0.00013943298969072164, 'epoch': 0.05}
{'loss': 6.9021, 'learning_rate': 0.00013917525773195878, 'epoch': 0.06}
{'loss': 6.877, 'learning_rate': 0.00013891752577319588, 'epoch': 0.06}
{'loss': 6.9602, 'learning_rate': 0.000138659793814433, 'epoch': 0.06}
{'loss': 6.9555, 'learning_rate': 0.00013840206185567012, 'epoch': 0.06}
{'loss': 6.8633, 'learning_rate': 0.00013814432989690722, 'epoch': 0.06}
{'loss': 6.9181, 'learning_rate': 0.00013788659793814435, 'epoch': 0.06}
{'loss': 6.9004, 'learning_rate': 0.00013762886597938146, 'epoch': 0.06}
{'loss': 6.8829, 'learning_rate': 0.00013737113402061856, 'epoch': 0.06}
{'loss': 6.9866, 'learning_rate': 0.0001371134020618557, 'epoch': 0.06}
{'loss': 6.8819, 'learning_rate': 0.0001368556701030928, 'epoch': 0.06}
{'loss': 6.9295, 'learning_rate': 0.00013659793814432987, 'epoch': 0.06}
{'loss': 6.94, 'learning_rate': 0.000136340206185567, 'epoch': 0.06}
{'loss': 6.9733, 'learning_rate': 0.0001360824742268041, 'epoch': 0.06}
{'loss': 6.9778, 'learning_rate': 0.00013582474226804124, 'epoch': 0.06}
{'loss': 6.9165, 'learning_rate': 0.00013556701030927835, 'epoch': 0.06}
{'loss': 7.0046, 'learning_rate': 0.00013530927835051545, 'epoch': 0.06}
{'loss': 6.967, 'learning_rate': 0.00013505154639175258, 'epoch': 0.06}
{'loss': 6.9144, 'learning_rate': 0.00013479381443298969, 'epoch': 0.06}
{'loss': 6.9407, 'learning_rate': 0.0001345360824742268, 'epoch': 0.06}
{'loss': 6.9492, 'learning_rate': 0.00013427835051546392, 'epoch': 0.06}
{'loss': 6.9488, 'learning_rate': 0.00013402061855670103, 'epoch': 0.06}
{'loss': 6.9497, 'learning_rate': 0.00013376288659793816, 'epoch': 0.06}
{'loss': 6.966, 'learning_rate': 0.00013350515463917526, 'epoch': 0.06}
{'loss': 6.9457, 'learning_rate': 0.00013324742268041237, 'epoch': 0.06}
{'loss': 6.9043, 'learning_rate': 0.0001329896907216495, 'epoch': 0.06}
{'loss': 6.9087, 'learning_rate': 0.0001327319587628866, 'epoch': 0.06}
{'loss': 6.9184, 'learning_rate': 0.0001324742268041237, 'epoch': 0.06}
{'loss': 6.9618, 'learning_rate': 0.00013221649484536084, 'epoch': 0.06}
{'loss': 6.9178, 'learning_rate': 0.00013195876288659794, 'epoch': 0.06}
{'loss': 6.935, 'learning_rate': 0.00013170103092783505, 'epoch': 0.06}
{'loss': 6.9648, 'learning_rate': 0.00013144329896907218, 'epoch': 0.06}
{'loss': 6.8989, 'learning_rate': 0.00013118556701030928, 'epoch': 0.06}
{'loss': 6.9652, 'learning_rate': 0.0001309278350515464, 'epoch': 0.06}
{'loss': 6.9253, 'learning_rate': 0.00013067010309278352, 'epoch': 0.06}
{'loss': 6.9102, 'learning_rate': 0.00013041237113402062, 'epoch': 0.06}
{'loss': 6.9578, 'learning_rate': 0.00013015463917525775, 'epoch': 0.06}
{'loss': 6.9768, 'learning_rate': 0.00012989690721649486, 'epoch': 0.06}
{'loss': 6.9436, 'learning_rate': 0.00012963917525773196, 'epoch': 0.06}
{'loss': 6.9362, 'learning_rate': 0.0001293814432989691, 'epoch': 0.06}
{'loss': 6.9442, 'learning_rate': 0.0001291237113402062, 'epoch': 0.06}
{'loss': 6.9523, 'learning_rate': 0.00012886597938144327, 'epoch': 0.06}
{'loss': 6.9554, 'learning_rate': 0.0001286082474226804, 'epoch': 0.06}
{'loss': 6.8872, 'learning_rate': 0.0001283505154639175, 'epoch': 0.06}
{'loss': 6.936, 'learning_rate': 0.00012809278350515464, 'epoch': 0.06}
{'loss': 6.9193, 'learning_rate': 0.00012783505154639175, 'epoch': 0.06}
{'loss': 6.9137, 'learning_rate': 0.00012757731958762885, 'epoch': 0.06}
{'loss': 6.9597, 'learning_rate': 0.00012731958762886598, 'epoch': 0.06}
{'loss': 6.8962, 'learning_rate': 0.0001270618556701031, 'epoch': 0.06}
{'loss': 6.8801, 'learning_rate': 0.0001268041237113402, 'epoch': 0.06}
{'loss': 6.9275, 'learning_rate': 0.00012654639175257732, 'epoch': 0.06}
{'loss': 6.9217, 'learning_rate': 0.00012628865979381443, 'epoch': 0.06}
{'loss': 6.9094, 'learning_rate': 0.00012603092783505156, 'epoch': 0.06}
{'loss': 6.8816, 'learning_rate': 0.00012577319587628866, 'epoch': 0.06}
{'loss': 6.9127, 'learning_rate': 0.00012551546391752577, 'epoch': 0.06}
{'loss': 6.9502, 'learning_rate': 0.0001252577319587629, 'epoch': 0.06}
{'loss': 6.9329, 'learning_rate': 0.000125, 'epoch': 0.06}
{'loss': 6.9455, 'learning_rate': 0.0001247422680412371, 'epoch': 0.06}
{'loss': 6.9148, 'learning_rate': 0.00012448453608247424, 'epoch': 0.06}
{'loss': 6.9284, 'learning_rate': 0.00012422680412371134, 'epoch': 0.06}
{'loss': 6.903, 'learning_rate': 0.00012396907216494845, 'epoch': 0.06}
{'loss': 6.8958, 'learning_rate': 0.00012371134020618558, 'epoch': 0.06}
{'loss': 6.9234, 'learning_rate': 0.00012345360824742268, 'epoch': 0.06}
{'loss': 6.9311, 'learning_rate': 0.00012319587628865981, 'epoch': 0.06}
{'loss': 6.9472, 'learning_rate': 0.0001229381443298969, 'epoch': 0.06}
{'loss': 6.9299, 'learning_rate': 0.00012268041237113402, 'epoch': 0.06}
{'loss': 6.9399, 'learning_rate': 0.00012242268041237113, 'epoch': 0.06}
{'loss': 6.9409, 'learning_rate': 0.00012216494845360826, 'epoch': 0.06}
{'loss': 6.9532, 'learning_rate': 0.00012190721649484536, 'epoch': 0.06}
{'loss': 6.9556, 'learning_rate': 0.00012164948453608248, 'epoch': 0.06}
{'loss': 6.944, 'learning_rate': 0.00012139175257731959, 'epoch': 0.06}
{'loss': 6.8901, 'learning_rate': 0.0001211340206185567, 'epoch': 0.06}
{'loss': 6.9715, 'learning_rate': 0.00012087628865979382, 'epoch': 0.06}
{'loss': 6.9254, 'learning_rate': 0.00012061855670103093, 'epoch': 0.06}
{'loss': 6.9102, 'learning_rate': 0.00012036082474226804, 'epoch': 0.06}
{'loss': 6.9485, 'learning_rate': 0.00012010309278350516, 'epoch': 0.06}
{'loss': 6.8894, 'learning_rate': 0.00011984536082474228, 'epoch': 0.06}
{'loss': 6.9139, 'learning_rate': 0.00011958762886597938, 'epoch': 0.06}
{'loss': 6.866, 'learning_rate': 0.0001193298969072165, 'epoch': 0.06}
{'loss': 6.8975, 'learning_rate': 0.0001190721649484536, 'epoch': 0.06}
{'loss': 6.9268, 'learning_rate': 0.00011881443298969072, 'epoch': 0.06}
{'loss': 6.8847, 'learning_rate': 0.00011855670103092783, 'epoch': 0.06}
{'loss': 6.9102, 'learning_rate': 0.00011829896907216495, 'epoch': 0.06}
{'loss': 6.9791, 'learning_rate': 0.00011804123711340206, 'epoch': 0.06}
{'loss': 6.8699, 'learning_rate': 0.00011778350515463918, 'epoch': 0.06}
{'loss': 6.912, 'learning_rate': 0.00011752577319587629, 'epoch': 0.06}
{'loss': 6.9261, 'learning_rate': 0.0001172680412371134, 'epoch': 0.06}
{'loss': 6.9321, 'learning_rate': 0.00011701030927835052, 'epoch': 0.06}
{'loss': 6.9671, 'learning_rate': 0.00011675257731958763, 'epoch': 0.06}
{'loss': 7.0091, 'learning_rate': 0.00011649484536082474, 'epoch': 0.06}
{'loss': 6.9008, 'learning_rate': 0.00011623711340206186, 'epoch': 0.06}
{'loss': 6.948, 'learning_rate': 0.00011597938144329898, 'epoch': 0.06}
{'loss': 6.9412, 'learning_rate': 0.00011572164948453608, 'epoch': 0.06}
{'loss': 6.9611, 'learning_rate': 0.0001154639175257732, 'epoch': 0.06}
{'loss': 6.9154, 'learning_rate': 0.0001152061855670103, 'epoch': 0.06}
{'loss': 6.9545, 'learning_rate': 0.00011494845360824742, 'epoch': 0.06}
{'loss': 6.9503, 'learning_rate': 0.00011469072164948453, 'epoch': 0.06}
{'loss': 6.8855, 'learning_rate': 0.00011443298969072165, 'epoch': 0.06}
{'loss': 6.9365, 'learning_rate': 0.00011417525773195876, 'epoch': 0.06}
{'loss': 6.965, 'learning_rate': 0.00011391752577319588, 'epoch': 0.06}
{'loss': 6.9534, 'learning_rate': 0.00011365979381443299, 'epoch': 0.06}
{'loss': 6.9418, 'learning_rate': 0.0001134020618556701, 'epoch': 0.06}
{'loss': 6.9025, 'learning_rate': 0.00011314432989690722, 'epoch': 0.06}
{'loss': 6.885, 'learning_rate': 0.00011288659793814434, 'epoch': 0.06}
{'loss': 6.9338, 'learning_rate': 0.00011262886597938144, 'epoch': 0.06}
{'loss': 6.9663, 'learning_rate': 0.00011237113402061856, 'epoch': 0.06}
{'loss': 6.9929, 'learning_rate': 0.00011211340206185568, 'epoch': 0.06}
{'loss': 6.9122, 'learning_rate': 0.00011185567010309278, 'epoch': 0.06}
{'loss': 6.8921, 'learning_rate': 0.0001115979381443299, 'epoch': 0.06}
{'loss': 6.8722, 'learning_rate': 0.00011134020618556702, 'epoch': 0.06}
{'loss': 6.9414, 'learning_rate': 0.00011108247422680413, 'epoch': 0.06}
{'loss': 6.9239, 'learning_rate': 0.00011082474226804123, 'epoch': 0.06}
{'loss': 6.9188, 'learning_rate': 0.00011056701030927835, 'epoch': 0.06}
{'loss': 6.9759, 'learning_rate': 0.00011030927835051547, 'epoch': 0.06}
{'loss': 6.9129, 'learning_rate': 0.00011005154639175258, 'epoch': 0.06}
{'loss': 6.8937, 'learning_rate': 0.00010979381443298969, 'epoch': 0.06}
{'loss': 6.892, 'learning_rate': 0.0001095360824742268, 'epoch': 0.06}
{'loss': 6.9469, 'learning_rate': 0.00010927835051546392, 'epoch': 0.06}
{'loss': 6.9526, 'learning_rate': 0.00010902061855670104, 'epoch': 0.06}
{'loss': 6.9645, 'learning_rate': 0.00010876288659793815, 'epoch': 0.06}
{'loss': 6.943, 'learning_rate': 0.00010850515463917526, 'epoch': 0.06}
{'loss': 6.9459, 'learning_rate': 0.00010824742268041238, 'epoch': 0.06}
{'loss': 6.9216, 'learning_rate': 0.00010798969072164949, 'epoch': 0.06}
{'loss': 6.9713, 'learning_rate': 0.0001077319587628866, 'epoch': 0.06}
{'loss': 6.91, 'learning_rate': 0.00010747422680412372, 'epoch': 0.06}
{'loss': 6.9219, 'learning_rate': 0.00010721649484536083, 'epoch': 0.06}
{'loss': 6.9318, 'learning_rate': 0.00010695876288659793, 'epoch': 0.06}
{'loss': 6.9508, 'learning_rate': 0.00010670103092783505, 'epoch': 0.06}
{'loss': 6.9669, 'learning_rate': 0.00010644329896907217, 'epoch': 0.06}
{'loss': 6.9213, 'learning_rate': 0.00010618556701030928, 'epoch': 0.06}
{'loss': 6.9164, 'learning_rate': 0.00010592783505154639, 'epoch': 0.06}
{'loss': 6.9202, 'learning_rate': 0.0001056701030927835, 'epoch': 0.06}
{'loss': 6.919, 'learning_rate': 0.00010541237113402062, 'epoch': 0.06}
{'loss': 6.9108, 'learning_rate': 0.00010515463917525774, 'epoch': 0.06}
{'loss': 6.9715, 'learning_rate': 0.00010489690721649485, 'epoch': 0.06}
{'loss': 6.9503, 'learning_rate': 0.00010463917525773196, 'epoch': 0.06}
{'loss': 6.9271, 'learning_rate': 0.00010438144329896908, 'epoch': 0.06}
{'loss': 6.9115, 'learning_rate': 0.00010412371134020619, 'epoch': 0.06}
{'loss': 6.9555, 'learning_rate': 0.0001038659793814433, 'epoch': 0.06}
{'loss': 6.9449, 'learning_rate': 0.00010360824742268042, 'epoch': 0.06}
{'loss': 6.9409, 'learning_rate': 0.00010335051546391753, 'epoch': 0.06}
{'loss': 6.9491, 'learning_rate': 0.00010309278350515463, 'epoch': 0.06}
{'loss': 6.9578, 'learning_rate': 0.00010283505154639175, 'epoch': 0.06}
{'loss': 6.9183, 'learning_rate': 0.00010257731958762887, 'epoch': 0.06}
{'loss': 6.9408, 'learning_rate': 0.00010231958762886598, 'epoch': 0.06}
{'loss': 6.9459, 'learning_rate': 0.00010206185567010309, 'epoch': 0.06}
{'loss': 6.9502, 'learning_rate': 0.0001018041237113402, 'epoch': 0.06}
{'loss': 6.9143, 'learning_rate': 0.00010154639175257732, 'epoch': 0.06}
{'loss': 6.9481, 'learning_rate': 0.00010128865979381444, 'epoch': 0.06}
{'loss': 6.8893, 'learning_rate': 0.00010103092783505155, 'epoch': 0.06}
{'loss': 6.9451, 'learning_rate': 0.00010077319587628866, 'epoch': 0.06}
{'loss': 6.9331, 'learning_rate': 0.00010051546391752578, 'epoch': 0.06}
{'loss': 6.9121, 'learning_rate': 0.00010025773195876289, 'epoch': 0.06}
{'loss': 6.886, 'learning_rate': 0.0001, 'epoch': 0.06}
{'loss': 6.9724, 'learning_rate': 9.974226804123712e-05, 'epoch': 0.06}
{'loss': 6.9298, 'learning_rate': 9.948453608247423e-05, 'epoch': 0.06}
{'loss': 6.9285, 'learning_rate': 9.922680412371133e-05, 'epoch': 0.06}
{'loss': 6.9349, 'learning_rate': 9.896907216494845e-05, 'epoch': 0.06}
{'loss': 6.9157, 'learning_rate': 9.871134020618557e-05, 'epoch': 0.06}
{'loss': 6.9319, 'learning_rate': 9.845360824742269e-05, 'epoch': 0.06}
{'loss': 6.9208, 'learning_rate': 9.819587628865979e-05, 'epoch': 0.06}
{'loss': 6.927, 'learning_rate': 9.793814432989691e-05, 'epoch': 0.06}
{'loss': 6.9657, 'learning_rate': 9.768041237113403e-05, 'epoch': 0.06}
{'loss': 6.9725, 'learning_rate': 9.742268041237114e-05, 'epoch': 0.06}
{'loss': 6.9311, 'learning_rate': 9.716494845360825e-05, 'epoch': 0.06}
{'loss': 6.9601, 'learning_rate': 9.690721649484537e-05, 'epoch': 0.06}
{'loss': 6.923, 'learning_rate': 9.664948453608248e-05, 'epoch': 0.06}
{'loss': 6.9163, 'learning_rate': 9.639175257731959e-05, 'epoch': 0.06}
{'loss': 6.9264, 'learning_rate': 9.61340206185567e-05, 'epoch': 0.06}
{'loss': 6.9028, 'learning_rate': 9.587628865979382e-05, 'epoch': 0.06}
{'loss': 6.9182, 'learning_rate': 9.561855670103093e-05, 'epoch': 0.06}
{'loss': 6.8754, 'learning_rate': 9.536082474226803e-05, 'epoch': 0.06}
{'loss': 6.8866, 'learning_rate': 9.510309278350515e-05, 'epoch': 0.06}
{'loss': 6.8659, 'learning_rate': 9.484536082474227e-05, 'epoch': 0.06}
{'loss': 6.9034, 'learning_rate': 9.458762886597939e-05, 'epoch': 0.06}
{'loss': 6.9032, 'learning_rate': 9.432989690721649e-05, 'epoch': 0.06}
{'loss': 6.9766, 'learning_rate': 9.407216494845361e-05, 'epoch': 0.06}
{'loss': 6.9071, 'learning_rate': 9.381443298969073e-05, 'epoch': 0.06}
{'loss': 6.9363, 'learning_rate': 9.355670103092784e-05, 'epoch': 0.06}
{'loss': 6.9342, 'learning_rate': 9.329896907216495e-05, 'epoch': 0.06}
{'loss': 6.8978, 'learning_rate': 9.304123711340207e-05, 'epoch': 0.06}
{'loss': 6.961, 'learning_rate': 9.278350515463918e-05, 'epoch': 0.06}
{'loss': 6.9705, 'learning_rate': 9.252577319587629e-05, 'epoch': 0.06}
{'loss': 6.9578, 'learning_rate': 9.22680412371134e-05, 'epoch': 0.06}
{'loss': 6.9373, 'learning_rate': 9.201030927835052e-05, 'epoch': 0.06}
{'loss': 6.8693, 'learning_rate': 9.175257731958763e-05, 'epoch': 0.06}
{'loss': 6.9252, 'learning_rate': 9.149484536082473e-05, 'epoch': 0.06}
{'loss': 6.9308, 'learning_rate': 9.123711340206185e-05, 'epoch': 0.06}
{'loss': 6.9041, 'learning_rate': 9.097938144329897e-05, 'epoch': 0.06}
{'loss': 6.9161, 'learning_rate': 9.072164948453609e-05, 'epoch': 0.06}
{'loss': 6.9867, 'learning_rate': 9.046391752577319e-05, 'epoch': 0.06}
{'loss': 6.9417, 'learning_rate': 9.020618556701031e-05, 'epoch': 0.06}
{'loss': 6.8846, 'learning_rate': 8.994845360824743e-05, 'epoch': 0.06}
{'loss': 6.9189, 'learning_rate': 8.969072164948454e-05, 'epoch': 0.06}
{'loss': 6.9526, 'learning_rate': 8.943298969072165e-05, 'epoch': 0.06}
{'loss': 6.8978, 'learning_rate': 8.917525773195877e-05, 'epoch': 0.06}
{'loss': 6.9657, 'learning_rate': 8.891752577319588e-05, 'epoch': 0.06}
{'loss': 6.9369, 'learning_rate': 8.8659793814433e-05, 'epoch': 0.06}
{'loss': 6.9643, 'learning_rate': 8.840206185567011e-05, 'epoch': 0.06}
{'loss': 6.9091, 'learning_rate': 8.814432989690722e-05, 'epoch': 0.06}
{'loss': 6.8983, 'learning_rate': 8.788659793814433e-05, 'epoch': 0.06}
{'loss': 6.9638, 'learning_rate': 8.762886597938143e-05, 'epoch': 0.06}
{'loss': 6.8941, 'learning_rate': 8.737113402061855e-05, 'epoch': 0.06}
{'loss': 6.9464, 'learning_rate': 8.711340206185567e-05, 'epoch': 0.06}
{'loss': 6.9105, 'learning_rate': 8.685567010309279e-05, 'epoch': 0.06}
{'loss': 6.9163, 'learning_rate': 8.659793814432989e-05, 'epoch': 0.06}
{'loss': 6.9019, 'learning_rate': 8.634020618556701e-05, 'epoch': 0.06}
{'loss': 6.9676, 'learning_rate': 8.608247422680413e-05, 'epoch': 0.06}
{'loss': 6.9103, 'learning_rate': 8.582474226804125e-05, 'epoch': 0.06}
{'loss': 6.9432, 'learning_rate': 8.556701030927835e-05, 'epoch': 0.06}
{'loss': 6.9866, 'learning_rate': 8.530927835051547e-05, 'epoch': 0.06}
{'loss': 6.9578, 'learning_rate': 8.505154639175259e-05, 'epoch': 0.06}
{'loss': 6.8898, 'learning_rate': 8.47938144329897e-05, 'epoch': 0.06}
{'loss': 6.9597, 'learning_rate': 8.453608247422681e-05, 'epoch': 0.06}
{'loss': 6.8577, 'learning_rate': 8.427835051546393e-05, 'epoch': 0.06}
{'loss': 6.9334, 'learning_rate': 8.402061855670104e-05, 'epoch': 0.06}
{'loss': 6.8911, 'learning_rate': 8.376288659793813e-05, 'epoch': 0.06}
{'loss': 6.8944, 'learning_rate': 8.350515463917525e-05, 'epoch': 0.06}
{'loss': 6.9241, 'learning_rate': 8.324742268041237e-05, 'epoch': 0.06}
{'loss': 6.9678, 'learning_rate': 8.298969072164949e-05, 'epoch': 0.06}
{'loss': 6.9177, 'learning_rate': 8.273195876288659e-05, 'epoch': 0.06}
{'loss': 6.908, 'learning_rate': 8.247422680412371e-05, 'epoch': 0.06}
{'loss': 6.9023, 'learning_rate': 8.221649484536083e-05, 'epoch': 0.06}
{'loss': 6.9252, 'learning_rate': 8.195876288659795e-05, 'epoch': 0.06}
{'loss': 6.9904, 'learning_rate': 8.170103092783505e-05, 'epoch': 0.06}
{'loss': 6.9089, 'learning_rate': 8.144329896907217e-05, 'epoch': 0.06}
{'loss': 6.9496, 'learning_rate': 8.118556701030929e-05, 'epoch': 0.06}
{'loss': 6.9703, 'learning_rate': 8.09278350515464e-05, 'epoch': 0.06}
{'loss': 6.8887, 'learning_rate': 8.067010309278351e-05, 'epoch': 0.06}
{'loss': 6.9741, 'learning_rate': 8.041237113402063e-05, 'epoch': 0.06}
{'loss': 6.901, 'learning_rate': 8.015463917525774e-05, 'epoch': 0.06}
{'loss': 6.938, 'learning_rate': 7.989690721649483e-05, 'epoch': 0.06}
{'loss': 6.8943, 'learning_rate': 7.963917525773195e-05, 'epoch': 0.06}
{'loss': 6.9221, 'learning_rate': 7.938144329896907e-05, 'epoch': 0.06}
{'loss': 6.9106, 'learning_rate': 7.912371134020619e-05, 'epoch': 0.06}
{'loss': 6.9275, 'learning_rate': 7.886597938144329e-05, 'epoch': 0.06}
{'loss': 6.9087, 'learning_rate': 7.860824742268041e-05, 'epoch': 0.06}
{'loss': 6.9367, 'learning_rate': 7.835051546391753e-05, 'epoch': 0.06}
{'loss': 6.9046, 'learning_rate': 7.809278350515465e-05, 'epoch': 0.06}
{'loss': 6.9008, 'learning_rate': 7.783505154639175e-05, 'epoch': 0.06}
{'loss': 6.8349, 'learning_rate': 7.757731958762887e-05, 'epoch': 0.06}
{'loss': 6.9245, 'learning_rate': 7.731958762886599e-05, 'epoch': 0.06}
{'loss': 6.9469, 'learning_rate': 7.70618556701031e-05, 'epoch': 0.06}
{'loss': 6.9243, 'learning_rate': 7.680412371134021e-05, 'epoch': 0.06}
{'loss': 6.9148, 'learning_rate': 7.654639175257733e-05, 'epoch': 0.06}
{'loss': 6.8676, 'learning_rate': 7.628865979381444e-05, 'epoch': 0.06}
{'loss': 6.8823, 'learning_rate': 7.603092783505154e-05, 'epoch': 0.06}
{'loss': 6.8521, 'learning_rate': 7.577319587628865e-05, 'epoch': 0.06}
{'loss': 6.9359, 'learning_rate': 7.551546391752577e-05, 'epoch': 0.06}
{'loss': 6.9819, 'learning_rate': 7.525773195876289e-05, 'epoch': 0.06}
{'loss': 6.9255, 'learning_rate': 7.5e-05, 'epoch': 0.06}
{'loss': 6.9617, 'learning_rate': 7.474226804123711e-05, 'epoch': 0.06}
{'loss': 6.9127, 'learning_rate': 7.448453608247423e-05, 'epoch': 0.06}
{'loss': 6.9794, 'learning_rate': 7.422680412371135e-05, 'epoch': 0.06}
{'loss': 6.92, 'learning_rate': 7.396907216494845e-05, 'epoch': 0.06}
{'loss': 6.913, 'learning_rate': 7.371134020618557e-05, 'epoch': 0.06}
{'loss': 6.902, 'learning_rate': 7.345360824742269e-05, 'epoch': 0.06}
{'loss': 6.938, 'learning_rate': 7.31958762886598e-05, 'epoch': 0.06}
{'loss': 6.9433, 'learning_rate': 7.293814432989691e-05, 'epoch': 0.06}
{'loss': 6.959, 'learning_rate': 7.268041237113403e-05, 'epoch': 0.06}
{'loss': 6.9406, 'learning_rate': 7.242268041237115e-05, 'epoch': 0.06}
{'loss': 6.9189, 'learning_rate': 7.216494845360824e-05, 'epoch': 0.06}
{'loss': 6.9409, 'learning_rate': 7.190721649484535e-05, 'epoch': 0.06}
{'loss': 6.8994, 'learning_rate': 7.164948453608247e-05, 'epoch': 0.06}
{'loss': 6.97, 'learning_rate': 7.139175257731959e-05, 'epoch': 0.06}
{'loss': 6.968, 'learning_rate': 7.11340206185567e-05, 'epoch': 0.06}
{'loss': 6.9321, 'learning_rate': 7.087628865979381e-05, 'epoch': 0.07}
{'loss': 6.9519, 'learning_rate': 7.061855670103093e-05, 'epoch': 0.07}
{'loss': 6.9508, 'learning_rate': 7.036082474226805e-05, 'epoch': 0.07}
{'loss': 6.8848, 'learning_rate': 7.010309278350515e-05, 'epoch': 0.07}
{'loss': 6.9203, 'learning_rate': 6.984536082474227e-05, 'epoch': 0.07}
{'loss': 6.9648, 'learning_rate': 6.958762886597939e-05, 'epoch': 0.07}
{'loss': 6.927, 'learning_rate': 6.93298969072165e-05, 'epoch': 0.07}
{'loss': 6.9643, 'learning_rate': 6.907216494845361e-05, 'epoch': 0.07}
{'loss': 6.9073, 'learning_rate': 6.881443298969073e-05, 'epoch': 0.07}
{'loss': 6.9707, 'learning_rate': 6.855670103092785e-05, 'epoch': 0.07}
{'loss': 6.9497, 'learning_rate': 6.829896907216494e-05, 'epoch': 0.07}
{'loss': 6.9469, 'learning_rate': 6.804123711340205e-05, 'epoch': 0.07}
{'loss': 6.8987, 'learning_rate': 6.778350515463917e-05, 'epoch': 0.07}
{'loss': 6.9478, 'learning_rate': 6.752577319587629e-05, 'epoch': 0.07}
{'loss': 6.895, 'learning_rate': 6.72680412371134e-05, 'epoch': 0.07}
{'loss': 6.9379, 'learning_rate': 6.701030927835051e-05, 'epoch': 0.07}
{'loss': 6.9102, 'learning_rate': 6.675257731958763e-05, 'epoch': 0.07}
{'loss': 6.9096, 'learning_rate': 6.649484536082475e-05, 'epoch': 0.07}
{'loss': 6.9703, 'learning_rate': 6.623711340206185e-05, 'epoch': 0.07}
{'loss': 6.8914, 'learning_rate': 6.597938144329897e-05, 'epoch': 0.07}
{'loss': 6.9358, 'learning_rate': 6.572164948453609e-05, 'epoch': 0.07}
{'loss': 6.9251, 'learning_rate': 6.54639175257732e-05, 'epoch': 0.07}
{'loss': 6.9777, 'learning_rate': 6.520618556701031e-05, 'epoch': 0.07}
{'loss': 6.9385, 'learning_rate': 6.494845360824743e-05, 'epoch': 0.07}
{'loss': 6.9162, 'learning_rate': 6.469072164948455e-05, 'epoch': 0.07}
{'loss': 6.9574, 'learning_rate': 6.443298969072164e-05, 'epoch': 0.07}
{'loss': 6.884, 'learning_rate': 6.417525773195876e-05, 'epoch': 0.07}
{'loss': 6.9338, 'learning_rate': 6.391752577319587e-05, 'epoch': 0.07}
{'loss': 6.9251, 'learning_rate': 6.365979381443299e-05, 'epoch': 0.07}
{'loss': 6.9226, 'learning_rate': 6.34020618556701e-05, 'epoch': 0.07}
{'loss': 6.9499, 'learning_rate': 6.314432989690721e-05, 'epoch': 0.07}
{'loss': 6.9325, 'learning_rate': 6.288659793814433e-05, 'epoch': 0.07}
{'loss': 6.917, 'learning_rate': 6.262886597938145e-05, 'epoch': 0.07}
{'loss': 6.9221, 'learning_rate': 6.237113402061855e-05, 'epoch': 0.07}
{'loss': 6.9274, 'learning_rate': 6.211340206185567e-05, 'epoch': 0.07}
{'loss': 6.9706, 'learning_rate': 6.185567010309279e-05, 'epoch': 0.07}
{'loss': 6.9043, 'learning_rate': 6.159793814432991e-05, 'epoch': 0.07}
{'loss': 6.8895, 'learning_rate': 6.134020618556701e-05, 'epoch': 0.07}
{'loss': 6.8765, 'learning_rate': 6.108247422680413e-05, 'epoch': 0.07}
{'loss': 6.9198, 'learning_rate': 6.082474226804124e-05, 'epoch': 0.07}
{'loss': 6.9391, 'learning_rate': 6.056701030927835e-05, 'epoch': 0.07}
{'loss': 6.8965, 'learning_rate': 6.030927835051546e-05, 'epoch': 0.07}
{'loss': 6.9764, 'learning_rate': 6.005154639175258e-05, 'epoch': 0.07}
{'loss': 6.9669, 'learning_rate': 5.979381443298969e-05, 'epoch': 0.07}
{'loss': 6.8711, 'learning_rate': 5.95360824742268e-05, 'epoch': 0.07}
{'loss': 6.9301, 'learning_rate': 5.9278350515463914e-05, 'epoch': 0.07}
{'loss': 6.9385, 'learning_rate': 5.902061855670103e-05, 'epoch': 0.07}
{'loss': 6.9191, 'learning_rate': 5.876288659793814e-05, 'epoch': 0.07}
{'loss': 6.9535, 'learning_rate': 5.850515463917526e-05, 'epoch': 0.07}
{'loss': 6.9032, 'learning_rate': 5.824742268041237e-05, 'epoch': 0.07}
{'loss': 6.9634, 'learning_rate': 5.798969072164949e-05, 'epoch': 0.07}
{'loss': 6.9417, 'learning_rate': 5.77319587628866e-05, 'epoch': 0.07}
{'loss': 6.9141, 'learning_rate': 5.747422680412371e-05, 'epoch': 0.07}
{'loss': 6.908, 'learning_rate': 5.721649484536082e-05, 'epoch': 0.07}
{'loss': 6.9324, 'learning_rate': 5.695876288659794e-05, 'epoch': 0.07}
{'loss': 6.9045, 'learning_rate': 5.670103092783505e-05, 'epoch': 0.07}
{'loss': 6.9216, 'learning_rate': 5.644329896907217e-05, 'epoch': 0.07}
{'loss': 6.9089, 'learning_rate': 5.618556701030928e-05, 'epoch': 0.07}
{'loss': 6.937, 'learning_rate': 5.592783505154639e-05, 'epoch': 0.07}
{'loss': 6.9227, 'learning_rate': 5.567010309278351e-05, 'epoch': 0.07}
{'loss': 6.8646, 'learning_rate': 5.5412371134020615e-05, 'epoch': 0.07}
{'loss': 6.9333, 'learning_rate': 5.515463917525773e-05, 'epoch': 0.07}
{'loss': 6.92, 'learning_rate': 5.4896907216494844e-05, 'epoch': 0.07}
{'loss': 6.9125, 'learning_rate': 5.463917525773196e-05, 'epoch': 0.07}
{'loss': 6.9453, 'learning_rate': 5.438144329896907e-05, 'epoch': 0.07}
{'loss': 6.964, 'learning_rate': 5.412371134020619e-05, 'epoch': 0.07}
{'loss': 6.9262, 'learning_rate': 5.38659793814433e-05, 'epoch': 0.07}
{'loss': 6.8931, 'learning_rate': 5.360824742268041e-05, 'epoch': 0.07}
{'loss': 6.9061, 'learning_rate': 5.3350515463917524e-05, 'epoch': 0.07}
{'loss': 6.9707, 'learning_rate': 5.309278350515464e-05, 'epoch': 0.07}
{'loss': 6.9623, 'learning_rate': 5.283505154639175e-05, 'epoch': 0.07}
{'loss': 6.9178, 'learning_rate': 5.257731958762887e-05, 'epoch': 0.07}
{'loss': 6.9217, 'learning_rate': 5.231958762886598e-05, 'epoch': 0.07}
{'loss': 6.9419, 'learning_rate': 5.206185567010309e-05, 'epoch': 0.07}
{'loss': 6.8976, 'learning_rate': 5.180412371134021e-05, 'epoch': 0.07}
{'loss': 6.9057, 'learning_rate': 5.1546391752577315e-05, 'epoch': 0.07}
{'loss': 6.8948, 'learning_rate': 5.128865979381443e-05, 'epoch': 0.07}
{'loss': 6.8978, 'learning_rate': 5.1030927835051544e-05, 'epoch': 0.07}
{'loss': 6.9011, 'learning_rate': 5.077319587628866e-05, 'epoch': 0.07}
{'loss': 6.9073, 'learning_rate': 5.051546391752577e-05, 'epoch': 0.07}
{'loss': 6.9531, 'learning_rate': 5.025773195876289e-05, 'epoch': 0.07}
{'loss': 6.9359, 'learning_rate': 5e-05, 'epoch': 0.07}
{'loss': 6.9525, 'learning_rate': 4.9742268041237114e-05, 'epoch': 0.07}
{'loss': 6.869, 'learning_rate': 4.9484536082474225e-05, 'epoch': 0.07}
{'loss': 6.8994, 'learning_rate': 4.922680412371134e-05, 'epoch': 0.07}
{'loss': 6.9471, 'learning_rate': 4.8969072164948454e-05, 'epoch': 0.07}
{'loss': 6.906, 'learning_rate': 4.871134020618557e-05, 'epoch': 0.07}
{'loss': 6.917, 'learning_rate': 4.845360824742268e-05, 'epoch': 0.07}
{'loss': 6.8874, 'learning_rate': 4.8195876288659794e-05, 'epoch': 0.07}
{'loss': 6.9214, 'learning_rate': 4.793814432989691e-05, 'epoch': 0.07}
{'loss': 6.9119, 'learning_rate': 4.7680412371134016e-05, 'epoch': 0.07}
{'loss': 6.9009, 'learning_rate': 4.7422680412371134e-05, 'epoch': 0.07}
{'loss': 6.9339, 'learning_rate': 4.7164948453608245e-05, 'epoch': 0.07}
{'loss': 6.9302, 'learning_rate': 4.690721649484536e-05, 'epoch': 0.07}
{'loss': 6.9207, 'learning_rate': 4.6649484536082474e-05, 'epoch': 0.07}
{'loss': 6.9862, 'learning_rate': 4.639175257731959e-05, 'epoch': 0.07}
{'loss': 6.958, 'learning_rate': 4.61340206185567e-05, 'epoch': 0.07}
{'loss': 6.9217, 'learning_rate': 4.5876288659793814e-05, 'epoch': 0.07}
{'loss': 6.9015, 'learning_rate': 4.5618556701030925e-05, 'epoch': 0.07}
{'loss': 6.9113, 'learning_rate': 4.536082474226804e-05, 'epoch': 0.07}
{'loss': 6.8837, 'learning_rate': 4.5103092783505154e-05, 'epoch': 0.07}
{'loss': 6.8966, 'learning_rate': 4.484536082474227e-05, 'epoch': 0.07}
{'loss': 6.9509, 'learning_rate': 4.458762886597938e-05, 'epoch': 0.07}
{'loss': 6.9287, 'learning_rate': 4.43298969072165e-05, 'epoch': 0.07}
{'loss': 6.979, 'learning_rate': 4.407216494845361e-05, 'epoch': 0.07}
{'loss': 6.9071, 'learning_rate': 4.381443298969072e-05, 'epoch': 0.07}
{'loss': 6.9218, 'learning_rate': 4.3556701030927835e-05, 'epoch': 0.07}
{'loss': 6.9323, 'learning_rate': 4.3298969072164946e-05, 'epoch': 0.07}
{'loss': 6.9522, 'learning_rate': 4.3041237113402064e-05, 'epoch': 0.07}
{'loss': 6.9464, 'learning_rate': 4.2783505154639175e-05, 'epoch': 0.07}
{'loss': 6.9164, 'learning_rate': 4.252577319587629e-05, 'epoch': 0.07}
{'loss': 6.8917, 'learning_rate': 4.2268041237113404e-05, 'epoch': 0.07}
{'loss': 6.9054, 'learning_rate': 4.201030927835052e-05, 'epoch': 0.07}
{'loss': 6.9084, 'learning_rate': 4.1752577319587626e-05, 'epoch': 0.07}
{'loss': 6.8915, 'learning_rate': 4.1494845360824744e-05, 'epoch': 0.07}
{'loss': 6.9472, 'learning_rate': 4.1237113402061855e-05, 'epoch': 0.07}
{'loss': 6.9323, 'learning_rate': 4.097938144329897e-05, 'epoch': 0.07}
{'loss': 6.9446, 'learning_rate': 4.0721649484536084e-05, 'epoch': 0.07}
{'loss': 6.8567, 'learning_rate': 4.04639175257732e-05, 'epoch': 0.07}
{'loss': 6.9577, 'learning_rate': 4.020618556701031e-05, 'epoch': 0.07}
{'loss': 6.9251, 'learning_rate': 3.994845360824742e-05, 'epoch': 0.07}
{'loss': 6.9162, 'learning_rate': 3.9690721649484535e-05, 'epoch': 0.07}
{'loss': 6.9193, 'learning_rate': 3.9432989690721646e-05, 'epoch': 0.07}
{'loss': 6.9173, 'learning_rate': 3.9175257731958764e-05, 'epoch': 0.07}
{'loss': 6.9136, 'learning_rate': 3.8917525773195875e-05, 'epoch': 0.07}
{'loss': 6.915, 'learning_rate': 3.865979381443299e-05, 'epoch': 0.07}
{'loss': 6.8986, 'learning_rate': 3.8402061855670104e-05, 'epoch': 0.07}
{'loss': 6.9334, 'learning_rate': 3.814432989690722e-05, 'epoch': 0.07}
{'loss': 6.9791, 'learning_rate': 3.788659793814433e-05, 'epoch': 0.07}
{'loss': 6.9807, 'learning_rate': 3.7628865979381445e-05, 'epoch': 0.07}
{'loss': 6.9258, 'learning_rate': 3.7371134020618556e-05, 'epoch': 0.07}
{'loss': 6.9508, 'learning_rate': 3.7113402061855674e-05, 'epoch': 0.07}
{'loss': 6.933, 'learning_rate': 3.6855670103092785e-05, 'epoch': 0.07}
{'loss': 6.9034, 'learning_rate': 3.65979381443299e-05, 'epoch': 0.07}
{'loss': 6.9619, 'learning_rate': 3.6340206185567014e-05, 'epoch': 0.07}
{'loss': 6.9106, 'learning_rate': 3.608247422680412e-05, 'epoch': 0.07}
{'loss': 6.9395, 'learning_rate': 3.5824742268041236e-05, 'epoch': 0.07}
{'loss': 6.8915, 'learning_rate': 3.556701030927835e-05, 'epoch': 0.07}
{'loss': 6.936, 'learning_rate': 3.5309278350515465e-05, 'epoch': 0.07}
{'loss': 6.9402, 'learning_rate': 3.5051546391752576e-05, 'epoch': 0.07}
{'loss': 6.918, 'learning_rate': 3.4793814432989694e-05, 'epoch': 0.07}
{'loss': 6.9179, 'learning_rate': 3.4536082474226805e-05, 'epoch': 0.07}
{'loss': 6.9385, 'learning_rate': 3.427835051546392e-05, 'epoch': 0.07}
{'loss': 6.999, 'learning_rate': 3.402061855670103e-05, 'epoch': 0.07}
{'loss': 6.9259, 'learning_rate': 3.3762886597938145e-05, 'epoch': 0.07}
{'loss': 6.9618, 'learning_rate': 3.3505154639175256e-05, 'epoch': 0.07}
{'loss': 6.9535, 'learning_rate': 3.3247422680412374e-05, 'epoch': 0.07}
{'loss': 6.9323, 'learning_rate': 3.2989690721649485e-05, 'epoch': 0.07}
{'loss': 6.9139, 'learning_rate': 3.27319587628866e-05, 'epoch': 0.07}
{'loss': 6.9368, 'learning_rate': 3.2474226804123714e-05, 'epoch': 0.07}
{'loss': 6.872, 'learning_rate': 3.221649484536082e-05, 'epoch': 0.07}
{'loss': 6.8924, 'learning_rate': 3.1958762886597937e-05, 'epoch': 0.07}
{'loss': 6.919, 'learning_rate': 3.170103092783505e-05, 'epoch': 0.07}
{'loss': 6.8621, 'learning_rate': 3.1443298969072166e-05, 'epoch': 0.07}
{'loss': 6.8742, 'learning_rate': 3.118556701030928e-05, 'epoch': 0.07}
{'loss': 6.8813, 'learning_rate': 3.0927835051546395e-05, 'epoch': 0.07}
{'loss': 6.8925, 'learning_rate': 3.0670103092783506e-05, 'epoch': 0.07}
{'loss': 6.8912, 'learning_rate': 3.041237113402062e-05, 'epoch': 0.07}
{'loss': 6.9178, 'learning_rate': 3.015463917525773e-05, 'epoch': 0.07}
{'loss': 6.9803, 'learning_rate': 2.9896907216494846e-05, 'epoch': 0.07}
{'loss': 6.9703, 'learning_rate': 2.9639175257731957e-05, 'epoch': 0.07}
{'loss': 6.9431, 'learning_rate': 2.938144329896907e-05, 'epoch': 0.07}
{'loss': 6.9422, 'learning_rate': 2.9123711340206186e-05, 'epoch': 0.07}
{'loss': 6.9247, 'learning_rate': 2.88659793814433e-05, 'epoch': 0.07}
{'loss': 6.8846, 'learning_rate': 2.860824742268041e-05, 'epoch': 0.07}
{'loss': 6.9635, 'learning_rate': 2.8350515463917526e-05, 'epoch': 0.07}
{'loss': 6.8931, 'learning_rate': 2.809278350515464e-05, 'epoch': 0.07}
{'loss': 6.933, 'learning_rate': 2.7835051546391755e-05, 'epoch': 0.07}
{'loss': 6.9212, 'learning_rate': 2.7577319587628866e-05, 'epoch': 0.07}
{'loss': 6.9231, 'learning_rate': 2.731958762886598e-05, 'epoch': 0.07}
{'loss': 6.919, 'learning_rate': 2.7061855670103095e-05, 'epoch': 0.07}
{'loss': 6.9518, 'learning_rate': 2.6804123711340206e-05, 'epoch': 0.07}
{'loss': 6.9644, 'learning_rate': 2.654639175257732e-05, 'epoch': 0.07}
{'loss': 6.8988, 'learning_rate': 2.6288659793814435e-05, 'epoch': 0.07}
{'loss': 6.9351, 'learning_rate': 2.6030927835051547e-05, 'epoch': 0.07}
{'loss': 6.941, 'learning_rate': 2.5773195876288658e-05, 'epoch': 0.07}
{'loss': 6.9931, 'learning_rate': 2.5515463917525772e-05, 'epoch': 0.07}
{'loss': 6.9468, 'learning_rate': 2.5257731958762887e-05, 'epoch': 0.07}
{'loss': 6.9114, 'learning_rate': 2.5e-05, 'epoch': 0.07}
{'loss': 7.0082, 'learning_rate': 2.4742268041237112e-05, 'epoch': 0.07}
{'loss': 6.9225, 'learning_rate': 2.4484536082474227e-05, 'epoch': 0.07}
{'loss': 7.0098, 'learning_rate': 2.422680412371134e-05, 'epoch': 0.07}
{'loss': 6.9914, 'learning_rate': 2.3969072164948456e-05, 'epoch': 0.07}
{'loss': 6.9225, 'learning_rate': 2.3711340206185567e-05, 'epoch': 0.07}
{'loss': 6.8665, 'learning_rate': 2.345360824742268e-05, 'epoch': 0.07}
{'loss': 6.9643, 'learning_rate': 2.3195876288659796e-05, 'epoch': 0.07}
{'loss': 6.9217, 'learning_rate': 2.2938144329896907e-05, 'epoch': 0.07}
{'loss': 6.9575, 'learning_rate': 2.268041237113402e-05, 'epoch': 0.07}
{'loss': 6.9678, 'learning_rate': 2.2422680412371136e-05, 'epoch': 0.07}
{'loss': 6.9735, 'learning_rate': 2.216494845360825e-05, 'epoch': 0.07}
{'loss': 6.9111, 'learning_rate': 2.190721649484536e-05, 'epoch': 0.07}
{'loss': 6.9271, 'learning_rate': 2.1649484536082473e-05, 'epoch': 0.07}
{'loss': 6.9102, 'learning_rate': 2.1391752577319587e-05, 'epoch': 0.07}
{'loss': 6.894, 'learning_rate': 2.1134020618556702e-05, 'epoch': 0.07}
{'loss': 6.9662, 'learning_rate': 2.0876288659793813e-05, 'epoch': 0.07}
{'loss': 6.9336, 'learning_rate': 2.0618556701030927e-05, 'epoch': 0.07}
{'loss': 6.9415, 'learning_rate': 2.0360824742268042e-05, 'epoch': 0.07}
{'loss': 6.9515, 'learning_rate': 2.0103092783505157e-05, 'epoch': 0.07}
{'loss': 6.9168, 'learning_rate': 1.9845360824742268e-05, 'epoch': 0.07}
{'loss': 6.8896, 'learning_rate': 1.9587628865979382e-05, 'epoch': 0.07}
{'loss': 6.8527, 'learning_rate': 1.9329896907216497e-05, 'epoch': 0.07}
{'loss': 6.9265, 'learning_rate': 1.907216494845361e-05, 'epoch': 0.07}
{'loss': 6.9427, 'learning_rate': 1.8814432989690722e-05, 'epoch': 0.07}
{'loss': 6.9121, 'learning_rate': 1.8556701030927837e-05, 'epoch': 0.07}
{'loss': 6.9334, 'learning_rate': 1.829896907216495e-05, 'epoch': 0.07}
{'loss': 6.9698, 'learning_rate': 1.804123711340206e-05, 'epoch': 0.07}
{'loss': 6.9259, 'learning_rate': 1.7783505154639174e-05, 'epoch': 0.07}
{'loss': 6.9673, 'learning_rate': 1.7525773195876288e-05, 'epoch': 0.07}
{'loss': 6.9435, 'learning_rate': 1.7268041237113403e-05, 'epoch': 0.07}
{'loss': 6.9511, 'learning_rate': 1.7010309278350514e-05, 'epoch': 0.07}
{'loss': 6.8909, 'learning_rate': 1.6752577319587628e-05, 'epoch': 0.07}
{'loss': 6.8721, 'learning_rate': 1.6494845360824743e-05, 'epoch': 0.07}
{'loss': 6.9234, 'learning_rate': 1.6237113402061857e-05, 'epoch': 0.07}
{'loss': 6.9281, 'learning_rate': 1.5979381443298968e-05, 'epoch': 0.07}
{'loss': 6.8653, 'learning_rate': 1.5721649484536083e-05, 'epoch': 0.07}
{'loss': 6.9229, 'learning_rate': 1.5463917525773197e-05, 'epoch': 0.07}
{'loss': 6.9045, 'learning_rate': 1.520618556701031e-05, 'epoch': 0.07}
{'loss': 6.9322, 'learning_rate': 1.4948453608247423e-05, 'epoch': 0.07}
{'loss': 6.9281, 'learning_rate': 1.4690721649484536e-05, 'epoch': 0.07}
{'loss': 6.8754, 'learning_rate': 1.443298969072165e-05, 'epoch': 0.07}
{'loss': 6.8762, 'learning_rate': 1.4175257731958763e-05, 'epoch': 0.07}
{'loss': 6.9852, 'learning_rate': 1.3917525773195878e-05, 'epoch': 0.07}
{'loss': 6.9126, 'learning_rate': 1.365979381443299e-05, 'epoch': 0.07}
{'loss': 6.9545, 'learning_rate': 1.3402061855670103e-05, 'epoch': 0.07}
{'loss': 6.9226, 'learning_rate': 1.3144329896907218e-05, 'epoch': 0.07}
{'loss': 6.9701, 'learning_rate': 1.2886597938144329e-05, 'epoch': 0.07}
{'loss': 6.8986, 'learning_rate': 1.2628865979381443e-05, 'epoch': 0.07}
{'loss': 6.9281, 'learning_rate': 1.2371134020618556e-05, 'epoch': 0.07}
{'loss': 6.8802, 'learning_rate': 1.211340206185567e-05, 'epoch': 0.07}
{'loss': 6.8945, 'learning_rate': 1.1855670103092783e-05, 'epoch': 0.07}
{'loss': 6.9304, 'learning_rate': 1.1597938144329898e-05, 'epoch': 0.07}
{'loss': 6.8995, 'learning_rate': 1.134020618556701e-05, 'epoch': 0.07}
{'loss': 6.9616, 'learning_rate': 1.1082474226804125e-05, 'epoch': 0.07}
{'loss': 6.925, 'learning_rate': 1.0824742268041236e-05, 'epoch': 0.07}
{'loss': 6.8787, 'learning_rate': 1.0567010309278351e-05, 'epoch': 0.07}
{'loss': 6.8909, 'learning_rate': 1.0309278350515464e-05, 'epoch': 0.07}
{'loss': 6.9197, 'learning_rate': 1.0051546391752578e-05, 'epoch': 0.07}
{'loss': 6.8911, 'learning_rate': 9.793814432989691e-06, 'epoch': 0.07}
{'loss': 6.9203, 'learning_rate': 9.536082474226806e-06, 'epoch': 0.07}
{'loss': 6.966, 'learning_rate': 9.278350515463918e-06, 'epoch': 0.07}
{'loss': 6.9851, 'learning_rate': 9.02061855670103e-06, 'epoch': 0.07}
{'loss': 6.9325, 'learning_rate': 8.762886597938144e-06, 'epoch': 0.07}
{'loss': 6.9537, 'learning_rate': 8.505154639175257e-06, 'epoch': 0.07}
{'loss': 6.9713, 'learning_rate': 8.247422680412371e-06, 'epoch': 0.07}
{'loss': 6.9526, 'learning_rate': 7.989690721649484e-06, 'epoch': 0.07}
{'loss': 6.9756, 'learning_rate': 7.731958762886599e-06, 'epoch': 0.07}
{'loss': 6.9294, 'learning_rate': 7.4742268041237115e-06, 'epoch': 0.07}
{'loss': 6.9199, 'learning_rate': 7.216494845360825e-06, 'epoch': 0.07}
{'loss': 6.9141, 'learning_rate': 6.958762886597939e-06, 'epoch': 0.07}
{'loss': 6.9913, 'learning_rate': 6.701030927835052e-06, 'epoch': 0.07}
{'loss': 6.8766, 'learning_rate': 6.443298969072164e-06, 'epoch': 0.07}
{'loss': 6.9466, 'learning_rate': 6.185567010309278e-06, 'epoch': 0.07}
{'loss': 6.9188, 'learning_rate': 5.927835051546392e-06, 'epoch': 0.07}
{'loss': 6.9611, 'learning_rate': 5.670103092783505e-06, 'epoch': 0.07}
{'loss': 6.9215, 'learning_rate': 5.412371134020618e-06, 'epoch': 0.07}
{'loss': 6.9599, 'learning_rate': 5.154639175257732e-06, 'epoch': 0.07}
{'loss': 6.9431, 'learning_rate': 4.8969072164948455e-06, 'epoch': 0.07}
{'loss': 6.9865, 'learning_rate': 4.639175257731959e-06, 'epoch': 0.07}
{'loss': 6.8994, 'learning_rate': 4.381443298969072e-06, 'epoch': 0.07}
{'loss': 6.9371, 'learning_rate': 4.123711340206186e-06, 'epoch': 0.07}
{'loss': 6.9209, 'learning_rate': 3.865979381443299e-06, 'epoch': 0.07}
{'loss': 6.9485, 'learning_rate': 3.6082474226804126e-06, 'epoch': 0.07}
{'loss': 6.951, 'learning_rate': 3.350515463917526e-06, 'epoch': 0.07}
{'loss': 6.8996, 'learning_rate': 3.092783505154639e-06, 'epoch': 0.07}
{'loss': 6.9056, 'learning_rate': 2.8350515463917527e-06, 'epoch': 0.07}
{'loss': 6.9476, 'learning_rate': 2.577319587628866e-06, 'epoch': 0.08}
{'loss': 6.9504, 'learning_rate': 2.3195876288659796e-06, 'epoch': 0.08}
{'loss': 6.9054, 'learning_rate': 2.061855670103093e-06, 'epoch': 0.08}
{'loss': 6.9169, 'learning_rate': 1.8041237113402063e-06, 'epoch': 0.08}
{'loss': 6.9372, 'learning_rate': 1.5463917525773195e-06, 'epoch': 0.08}
{'loss': 6.9578, 'learning_rate': 1.288659793814433e-06, 'epoch': 0.08}
{'loss': 6.9378, 'learning_rate': 1.0309278350515464e-06, 'epoch': 0.08}
{'loss': 6.908, 'learning_rate': 7.731958762886598e-07, 'epoch': 0.08}
{'loss': 6.9233, 'learning_rate': 5.154639175257732e-07, 'epoch': 0.08}
{'loss': 6.9989, 'learning_rate': 2.577319587628866e-07, 'epoch': 0.08}
{'loss': 7.0217, 'learning_rate': 0.0, 'epoch': 0.08}
{'eval_loss': 6.971312999725342, 'eval_accuracy': 0.00989679626727256, 'eval_runtime': 1414.9038, 'eval_samples_per_second': 313.44, 'eval_steps_per_second': 9.795, 'epoch': 0.08}
{'train_runtime': 12375.983, 'train_samples_per_second': 51.713, 'train_steps_per_second': 1.616, 'train_loss': 6.894564333152771, 'epoch': 0.08}
***** train metrics *****
  epoch                    =       0.08
  train_loss               =     6.8946
  train_runtime            = 3:26:15.98
  train_samples            =    8490613
  train_samples_per_second =     51.713
  train_steps_per_second   =      1.616
03/12/2026 14:18:27 - INFO - graph_enc.src.model.run_mlm - *** Evaluate ***
***** eval metrics *****
  epoch                   =       0.08
  eval_accuracy           =     0.0099
  eval_loss               =     6.9712
  eval_runtime            = 0:22:56.09
  eval_samples            =     443488
  eval_samples_per_second =     322.28
  eval_steps_per_second   =     10.071
  perplexity              =  1065.5163
